shift,pair_02,pair_03,pair_04,pair_05,pair_06,pair_07,pair_08,pair_09,pair_10,pair_11,pair_12,pair_13,pair_14,pair_15,pair_16,pair_17,pair_18,pair_19,pair_20,pair_21
-180,217.47209119796753,220.0616849064827,217.47209119796753,220.0616849064827,217.85930579900742,215.65368103981018,217.97935962677002,217.14231777191162,216.94490146636963,216.78297621011734,216.82194250822067,216.2563378214836,216.11952930688858,217.8704570531845,216.37904596328735,218.34455293416977,217.55311822891235,216.32779014110565,216.66498148441315,216.2729155421257
-179,217.3478363752365,219.98973232507706,217.3478363752365,219.98973232507706,217.74246895313263,215.5740213394165,217.93210488557816,217.0837047100067,216.9171445965767,216.71543687582016,216.7558792233467,216.22803729772568,216.09396290779114,217.7989986538887,216.33560407161713,218.3240532875061,217.46917927265167,216.22318428754807,216.59602290391922,216.2367598414421
-178,217.2239465713501,219.92211383581161,217.2239465713501,219.92211383581161,217.63288605213165,215.49556320905685,217.88486844301224,217.01959151029587,216.88692396879196,216.6501790881157,216.68599396944046,216.20351248979568,216.06810438632965,217.73252367973328,216.2918255329132,218.296213388443,217.38745695352554,216.140172123909,216.5315448641777,216.2015125155449
-177,217.1018809080124,219.85985749959946,217.1018809080124,219.85985749959946,217.5327666401863,215.42040014266968,217.83758652210236,216.94773983955383,216.8508340716362,216.58790165185928,216.61194610595703,216.17921388149261,216.04110157489777,217.66936898231506,216.24692690372467,218.26199024915695,217.31088012456894,216.0804033279419,216.47478449344635,216.1643364429474
-176,216.98314756155014,219.80333125591278,216.98314756155014,219.80333125591278,217.4436373114586,215.34993171691895,217.79171788692474,216.86975991725922,216.80742686986923,216.52955627441406,216.53421580791473,216.15439772605896,216.012761592865,217.60894060134888,216.20078307390213,218.22129786014557,217.24139833450317,216.0441376566887,216.42988860607147,216.12286031246185
-175,216.86914491653442,219.75402438640594,216.86914491653442,219.75402438640594,217.36803448200226,215.28762662410736,217.74994337558746,216.786840736866,216.75537079572678,216.47529274225235,216.45253878831863,216.12985235452652,215.98186254501343,217.55086106061935,216.1550733447075,218.17482805252075,217.17966336011887,216.030668258667,216.3982536792755,216.07714092731476
-174,216.7631288766861,219.71213102340698,216.7631288766861,219.71213102340698,217.30704599618912,215.2339564561844,217.71512830257416,216.70657229423523,216.69637155532837,216.42407912015915,216.36642158031464,216.10465532541275,215.9474060535431,217.4933649301529,216.11050111055374,218.12220931053162,217.12560272216797,216.03812330961227,216.3778311610222,216.02862364053726
-173,216.66796278953552,219.67726784944534,216.66796278953552,219.67726784944534,217.25989997386932,215.18958336114883,217.68888252973557,216.63517874479294,216.6334969997406,216.37455093860626,216.2775737643242,216.0797460079193,215.9086008667946,217.43522131443024,216.06783366203308,218.06294858455658,217.07887423038483,216.06577908992767,216.36534321308136,215.976806640625
-172,216.58549922704697,219.64867889881134,216.58549922704697,219.64867889881134,217.2253310084343,215.15460187196732,217.67189526557922,216.57487523555756,216.5700128674507,216.32741802930832,216.18890458345413,216.0550501346588,215.86564016342163,217.375265955925,216.0280853509903,217.99866753816605,217.03790533542633,216.11069256067276,216.35604083538055,215.9200683236122
-171,216.51878881454468,219.62563961744308,216.51878881454468,219.62563961744308,217.2017798423767,215.12853837013245,217.66453117132187,216.52630984783173,216.5088016986847,216.28179264068604,216.10305482149124,216.02946025133133,215.81848710775375,217.31215924024582,215.99165177345276,217.93278682231903,217.00019401311874,216.16918540000916,216.34531468153,215.85635954141617
-170,216.47009700536728,219.60785537958145,216.47009700536728,219.60785537958145,217.1869394183159,215.1098816394806,217.66614764928818,216.48629873991013,216.4513310790062,216.23700827360153,216.0227164030075,216.00296431779861,215.768257021904,217.24475795030594,215.95885294675827,217.86903584003448,216.96239495277405,216.23782271146774,216.33027482032776,215.7840657234192
-169,216.43874472379684,219.59521275758743,216.43874472379684,219.59521275758743,217.17696839571,215.09693574905396,217.6751999258995,216.45049399137497,216.39889228343964,216.19278639554977,215.95034855604172,215.9755855202675,215.71588319540024,217.17288786172867,215.93084847927094,217.80978244543076,216.92132711410522,216.31166446208954,216.3088943362236,215.70319819450378
-168,216.42431157827377,219.58677738904953,216.42431157827377,219.58677738904953,217.16772985458374,215.0877988934517,217.68846565485,216.41549348831177,216.35155296325684,216.14849889278412,215.88806807994843,215.94665694236755,215.6608973145485,217.09812146425247,215.90825444459915,217.75763660669327,216.87522423267365,216.38524186611176,216.27998280525208,215.61485451459885
-167,216.4265006184578,219.58250504732132,216.4265006184578,219.58250504732132,217.15688914060593,215.08011400699615,217.70253044366837,216.37812566757202,216.30843949317932,216.10446041822433,215.83671462535858,215.91571897268295,215.6034545302391,217.02254778146744,215.89110749959946,217.71384972333908,216.82387375831604,216.45465397834778,216.24499428272247,215.5212922692299
-166,216.4441056251526,219.5818237066269,216.4441056251526,219.5818237066269,217.14375567436218,215.07395201921463,217.7138957977295,216.3367640376091,216.26772546768188,216.06182956695557,215.79643285274506,215.88250529766083,215.54472321271896,216.9482901096344,215.87954431772232,217.67952674627304,216.76710265874863,216.51675295829773,216.20444071292877,215.42569136619568
-165,216.4740651845932,219.58347553014755,216.4740651845932,219.58347553014755,217.12911182641983,215.06908732652664,217.7203185558319,216.295103430748,216.2268022298813,216.02195703983307,215.76696115732193,215.84613943099976,215.4863715171814,216.87749552726746,215.87196493148804,217.65432971715927,216.70572704076767,216.56882005929947,216.16060280799866,215.330747961998
-164,216.51269537210464,219.58544784784317,216.51269537210464,219.58544784784317,217.11422395706177,215.06535774469376,217.72172689437866,216.25692474842072,216.1837615966797,215.98624050617218,215.74873048067093,215.80765175819397,215.43164813518524,216.81257283687592,215.86759454011917,217.63688415288925,216.64144152402878,216.61000168323517,216.11793118715286,215.24020236730576
-163,216.55724775791168,219.58619606494904,216.55724775791168,219.58619606494904,217.09972220659256,215.0621657371521,217.71774119138718,216.22306895256042,216.1374072432518,215.95517563819885,215.7412006855011,215.76679414510727,215.38437348604202,216.75360709428787,215.86552387475967,217.62503862380981,216.57638901472092,216.64122247695923,216.0802012681961,215.15578252077103
-162,216.60570758581161,219.58463662862778,216.60570758581161,219.58463662862778,217.0851210951805,215.0576936006546,217.7087008357048,216.19394087791443,216.08882647752762,215.92899525165558,215.74326610565186,215.72292125225067,215.34532231092453,216.70061075687408,215.86540973186493,217.61643201112747,216.5140256881714,216.66283524036407,216.04880791902542,215.0800096988678
-161,216.65519511699677,219.57999920845032,216.65519511699677,219.57999920845032,217.070183634758,215.0497509241104,217.69596368074417,216.16642624139786,216.03898334503174,215.90827280282974,215.75401890277863,215.67686867713928,215.31522339582443,216.6535068154335,215.867345392704,217.6089728474617,216.45769906044006,216.67406171560287,216.02440935373306,215.01432037353516
-160,216.70188629627228,219.57237362861633,216.70188629627228,219.57237362861633,217.0542813539505,215.03836852312088,217.68129575252533,216.1391417980194,215.98928892612457,215.89423042535782,215.77332013845444,215.63008761405945,215.29546689987183,216.61181324720383,215.8704891204834,217.60092812776566,216.40947484970093,216.67586386203766,216.00670927762985,214.9604538679123
-159,216.74275189638138,219.56221294403076,216.74275189638138,219.56221294403076,217.03717970848083,215.0242835879326,217.66655677556992,216.11245220899582,215.941865503788,215.88590025901794,215.80089265108109,215.58501172065735,215.2862445116043,216.5755010843277,215.8745869398117,217.58999979496002,216.371142745018,216.66914129257202,215.99529856443405,214.9199355840683
-158,216.77691614627838,219.54988223314285,216.77691614627838,219.54988223314285,217.0183511376381,215.0086526274681,217.6531361937523,216.08629369735718,215.89708709716797,215.8822101354599,215.83602368831635,215.54438108205795,215.28693336248398,216.5446960926056,215.87890988588333,217.57444244623184,216.34252220392227,216.65473437309265,215.989543735981,214.89303928613663
-157,216.8042129278183,219.5357432961464,216.8042129278183,219.5357432961464,216.9972887635231,214.99142390489578,217.64151483774185,216.06177908182144,215.85500764846802,215.8821318745613,215.87602299451828,215.51141774654388,215.29630708694458,216.51905864477158,215.88265478610992,217.55344253778458,216.32194727659225,216.63407146930695,215.9884153008461,214.87953466176987
-156,216.8234263062477,219.52033710479736,216.8234263062477,219.52033710479736,216.97303366661072,214.9714069366455,217.63171917200089,216.0396402478218,215.8160062432289,215.88477283716202,215.91750812530518,215.48917824029922,215.31319189071655,216.49803590774536,215.88434141874313,217.52776873111725,216.3065796494484,216.6086373925209,215.9922038912773,214.87943470478058
-155,216.83355444669724,219.503946185112,216.83355444669724,219.503946185112,216.94539004564285,214.94784194231033,217.62382805347443,216.02194541692734,215.78052949905396,215.88820499181747,215.95852118730545,215.47907131910324,215.33566653728485,216.48174691200256,215.88501703739166,217.49840635061264,216.294407248497,216.58079206943512,216.00042778253555,214.8913972377777
-154,216.83501452207565,219.48760586977005,216.83501452207565,219.48760586977005,216.9149364233017,214.92122119665146,217.61808717250824,216.00960791110992,215.74848729372025,215.89041376113892,215.99683213233948,215.4814972281456,215.36199980974197,216.47030448913574,215.8832528591156,217.4658367037773,216.2837483882904,216.55345350503922,216.01153963804245,214.91304504871368
-153,216.82970762252808,219.47171467542648,216.82970762252808,219.47171467542648,216.88210767507553,214.89256209135056,217.61446046829224,216.0030825138092,215.71996754407883,215.8902091383934,216.02943044900894,215.4958552122116,215.38907837867737,216.46384024620056,215.87754201889038,217.43098562955856,216.27383369207382,216.52932554483414,216.02285784482956,214.94195050001144
-152,216.81922328472137,219.45560210943222,216.81922328472137,219.45560210943222,216.8478175997734,214.86311608552933,217.6121438741684,216.00155490636826,215.69471752643585,215.886658847332,216.05447447299957,215.5209773182869,215.4138194322586,216.46273881196976,215.86799782514572,217.39440250396729,216.26454800367355,216.50896203517914,216.03248983621597,214.9759960770607
-151,216.8052675127983,219.4384652376175,216.8052675127983,219.4384652376175,216.81320643424988,214.83367931842804,217.61014717817307,216.00394248962402,215.67322528362274,215.87965595722198,216.07126301527023,215.55493634939194,215.43424767255783,216.46721374988556,215.85499560832977,217.35681825876236,216.2567701935768,216.49243539571762,216.03961223363876,215.0131903886795
-150,216.7888262271881,219.42015475034714,216.7888262271881,219.42015475034714,216.7796955704689,214.80503952503204,217.60758084058762,216.0088700056076,215.6571717262268,215.86976397037506,216.07967936992645,215.59538233280182,215.44949865341187,216.47751307487488,215.83823144435883,217.3192237019539,216.25237613916397,216.479909658432,216.0446561574936,215.0525080561638
-149,216.77002596855164,219.4006821513176,216.77002596855164,219.4006821513176,216.74897581338882,214.7775957584381,217.6031140089035,216.01463174819946,215.64797043800354,215.85810214281082,216.08029717206955,215.6396746635437,215.46081972122192,216.49342584609985,215.81793653964996,217.28335064649582,216.25329619646072,216.4712187051773,216.048545897007,215.092844247818
-148,216.74988466501236,219.38052892684937,216.74988466501236,219.38052892684937,216.72333312034607,214.75104665756226,217.5956388115883,216.0208666920662,215.6464677453041,215.84695225954056,216.07443922758102,215.6848942041397,215.471635222435,216.51396548748016,215.79526656866074,217.2510296702385,216.2607449889183,216.46538144350052,216.05236411094666,215.131973862648
-147,216.7303454875946,219.3602288365364,216.7303454875946,219.3602288365364,216.70416235923767,214.72588139772415,217.58430367708206,216.0275962948799,215.65269261598587,215.8391214609146,216.06356811523438,215.7280871272087,215.48360377550125,216.5377048254013,215.77102905511856,217.22411596775055,216.27507025003433,216.46172046661377,216.0588103532791,215.1678545475006
-146,216.71299493312836,219.34009182453156,216.71299493312836,219.34009182453156,216.69154047966003,214.70325195789337,217.56813651323318,216.03389793634415,215.66655737161636,215.83665972948074,216.0491293668747,215.76586335897446,215.4969623684883,216.56300747394562,215.7473767399788,217.2038912177086,216.29602712392807,216.45968014001846,216.06943506002426,215.1999173760414
-145,216.6999124288559,219.32058262825012,216.6999124288559,219.32058262825012,216.68498247861862,214.68566697835922,217.54674541950226,216.0385286808014,215.68770557641983,215.84059810638428,216.03295332193375,215.7951339483261,215.51222211122513,216.587646484375,215.72524243593216,217.1908986568451,216.32291448116302,216.45823150873184,216.08462989330292,215.22698616981506
-144,216.6923444867134,219.30190151929855,216.6923444867134,219.30190151929855,216.68344259262085,214.67641586065292,217.52030730247498,216.0407565832138,215.71556574106216,215.8502608537674,216.01693314313889,215.81371492147446,215.5304102897644,216.6100733280182,215.7046554684639,217.18488955497742,216.35444271564484,216.4556743502617,216.10420030355453,215.2486235499382
-143,216.6909372806549,219.28459239006042,216.6909372806549,219.28459239006042,216.68558859825134,214.67776864767075,217.48996323347092,216.0404091477394,215.74853706359863,215.86452758312225,216.00330865383148,215.82011550664902,215.5528137087822,216.62949913740158,215.68559473752975,217.18461215496063,216.38869059085846,216.44945919513702,216.12716114521027,215.26527100801468
-142,216.69549095630646,219.26911532878876,216.69549095630646,219.26911532878876,216.69080764055252,214.69095355272293,217.45761770009995,216.03750556707382,215.78452372550964,215.8823897242546,215.9941519498825,215.81364476680756,215.5795332789421,216.6459755897522,215.6678717136383,217.1881068944931,216.4227482676506,216.43776512145996,216.1524522304535,215.2772383093834
-141,216.7051738500595,219.25662904977798,216.7051738500595,219.25662904977798,216.69859009981155,214.7155401110649,217.42564624547958,216.03285783529282,215.8215730190277,215.90367156267166,215.9897876381874,215.79528188705444,215.61083382368088,216.65909093618393,215.65110337734222,217.19383335113525,216.4533450603485,216.42010992765427,216.17831778526306,215.28553688526154
-140,216.71907621622086,219.2482609152794,216.71907621622086,219.2482609152794,216.70800441503525,214.7493490576744,217.39616322517395,216.02816808223724,215.8588788509369,215.9283053278923,215.98984771966934,215.76620346307755,215.6462560892105,216.66903072595596,215.63440150022507,217.20029413700104,216.47762191295624,216.39814347028732,216.20258903503418,215.29152464866638
-139,216.73686623573303,219.24454021453857,216.73686623573303,219.24454021453857,216.71929216384888,214.78975945711136,217.36998575925827,216.02476304769516,215.89595311880112,215.95700734853745,215.99336862564087,215.7284471988678,215.68589824438095,216.67699301242828,215.61702221632004,217.2067016363144,216.49435359239578,216.37350368499756,216.22354477643967,215.29631251096725
-138,216.75785928964615,219.2454497218132,216.75785928964615,219.2454497218132,216.73233526945114,214.83407354354858,217.3470237851143,216.0232605934143,215.93138402700424,215.990325152874,215.9991112947464,215.6844426393509,215.7292766571045,216.6839325428009,215.59828573465347,217.21252328157425,216.50379675626755,216.347591817379,216.24061977863312,215.30065655708313
-137,216.78134059906006,219.2504591345787,216.78134059906006,219.2504591345787,216.7471678853035,214.8795719742775,217.32685965299606,216.02354764938354,215.9638175368309,216.02774000167847,216.00576388835907,215.63683998584747,215.77538168430328,216.6912482380867,215.57712930440903,217.21712923049927,216.50712764263153,216.32133853435516,216.25401431322098,215.3051876425743
-136,216.8064008951187,219.25879949331284,216.8064008951187,219.25879949331284,216.7631278038025,214.92399901151657,217.30893129110336,216.02550899982452,215.9920666217804,216.0678426027298,216.0121802687645,215.58869498968124,215.82271933555603,216.70031797885895,215.5523300766945,217.22005170583725,216.5060931444168,216.29496586322784,216.26350098848343,215.31012630462646
-135,216.83192241191864,219.2699527144432,216.83192241191864,219.2699527144432,216.77969127893448,214.9666456580162,217.29171341657639,216.028737783432,216.01496702432632,216.10865312814713,216.01814877986908,215.5417878627777,215.86911362409592,216.71167874336243,215.52337616682053,217.2210835814476,216.5020071864128,216.26813024282455,216.26887661218643,215.31520706415176
-134,216.85666024684906,219.28337228298187,216.85666024684906,219.28337228298187,216.79635113477707,215.00752437114716,217.2740808725357,216.03241831064224,216.0318142771721,216.1488995552063,216.0240631699562,215.49743223190308,215.9127378463745,216.72588527202606,215.49072700738907,217.22010624408722,216.49607849121094,216.24039763212204,216.27049350738525,215.3201920390129
-133,216.87980890274048,219.29865044355392,216.87980890274048,219.29865044355392,216.81248205900192,215.04655027389526,217.25522929430008,216.03547579050064,216.04255241155624,216.1884977221489,216.03076666593552,215.4567944407463,215.95291244983673,216.74327725172043,215.4553330540657,217.21740126609802,216.4896022081375,216.21163129806519,216.26854610443115,215.32619106769562
-132,216.9004966020584,219.31516027450562,216.9004966020584,219.31516027450562,216.82718217372894,215.08322697877884,217.23495548963547,216.0371498465538,216.0476251244545,216.22750335931778,216.0380626320839,215.419955432415,215.98832827806473,216.76308923959732,215.41896986961365,217.2139173746109,216.48400616645813,216.18204486370087,216.26305842399597,215.33498203754425
-131,216.9186600446701,219.33210057020187,216.9186600446701,219.33210057020187,216.83986580371857,215.11694437265396,217.21387785673141,216.03655815124512,216.04788744449615,216.26495057344437,216.04575145244598,215.38760590553284,216.0183299779892,216.78400963544846,215.38430494070053,217.21045577526093,216.4808350801468,216.15165269374847,216.25456714630127,215.34706324338913
-130,216.93484145402908,219.34868609905243,216.93484145402908,219.34868609905243,216.85068207979202,215.1472287774086,217.19327414035797,216.0330210328102,216.04446005821228,216.30013996362686,216.05333405733109,215.36014664173126,216.04310983419418,216.80433839559555,215.3540941476822,217.2073568701744,216.48139226436615,216.12131494283676,216.24330109357834,215.36063224077225
-129,216.94984209537506,219.36407101154327,216.94984209537506,219.36407101154327,216.86139583587646,215.17366313934326,217.17421489953995,216.02648037672043,216.03815513849258,216.33221405744553,216.06050902605057,215.3377736210823,216.06335455179214,216.82208222150803,215.33021825551987,217.20487195253372,216.48637837171555,216.09281206130981,216.22912752628326,215.37454116344452
-128,216.96403110027313,219.3774790763855,216.96403110027313,219.3774790763855,216.8737018108368,215.19561725854874,217.157928109169,216.0179443359375,216.0287790298462,216.36060482263565,216.06679886579514,215.32080209255219,216.0798840522766,216.83543944358826,215.31389373540878,217.20322984457016,216.4959717988968,216.0681390762329,216.21240603923798,215.3873175382614
-127,216.9770432114601,219.38834273815155,216.9770432114601,219.38834273815155,216.88857156038284,215.212511241436,217.14588576555252,216.00887352228165,216.01614958047867,216.38486582040787,216.07124030590057,215.30958199501038,216.09362334012985,216.84348767995834,215.30619913339615,217.20272809267044,216.51033872365952,216.04878383874893,216.1940187215805,215.39873081445694
-126,216.98846381902695,219.39665538072586,216.98846381902695,219.39665538072586,216.9071408510208,215.22437453269958,217.13944685459137,216.00073367357254,216.00028556585312,216.40532851219177,216.07331103086472,215.30498683452606,216.10577648878098,216.84559005498886,215.30719256401062,217.20373964309692,216.5295468568802,216.03599154949188,216.17542791366577,215.40783727169037
-125,216.9983924627304,219.4026974439621,216.9983924627304,219.4026974439621,216.9296439886093,215.23118549585342,217.13936865329742,215.9950486421585,215.98161554336548,216.4218927025795,216.07334703207016,215.30775839090347,216.1169916987419,216.84170001745224,215.31634664535522,217.206969499588,216.5530259013176,216.03001654148102,216.15838885307312,215.41316556930542
-124,217.00657761096954,219.40683960914612,217.00657761096954,219.40683960914612,216.95544165372849,215.2330899834633,217.14561796188354,215.99320936203003,215.96094471216202,216.43430304527283,216.0720688700676,215.31860256195068,216.1275361776352,216.83275747299194,215.33269649744034,217.21270233392715,216.58002853393555,216.0306352376938,216.1448037624359,215.41357630491257
-123,217.0123506784439,219.4096792936325,217.0123506784439,219.4096792936325,216.98300909996033,215.2302889227867,217.15786451101303,215.99636721611023,215.93956875801086,216.44237953424454,216.0710221529007,215.33794051408768,216.13760250806808,216.8204430937767,215.35425716638565,217.22088342905045,216.60984671115875,216.03673207759857,216.13655334711075,215.4084147810936
-122,217.01506626605988,219.4114425778389,217.01506626605988,219.4114425778389,217.0110689997673,215.22417151927948,217.17576664686203,216.00433897972107,215.91877055168152,216.44609433412552,216.07241278886795,215.3655417561531,216.14746749401093,216.80634880065918,215.37921833992004,217.23136311769485,216.64198619127274,216.04670721292496,216.13483691215515,215.39789992570877
-121,217.01417326927185,219.41253489255905,217.01417326927185,219.41253489255905,217.03832519054413,215.2167984843254,217.19902223348618,216.0165075659752,215.89980167150497,216.44553065299988,216.07830560207367,215.40060871839523,216.1572384238243,216.7923823595047,215.40611630678177,217.24374574422836,216.6758395433426,216.05981427431107,216.14043080806732,215.38229703903198
-120,217.0102807879448,219.4133059978485,217.0102807879448,219.4133059978485,217.06370544433594,215.2106575369835,217.2274084687233,216.03204917907715,215.8839875459671,216.44062280654907,216.09007531404495,215.44164663553238,216.1674457192421,216.78091102838516,215.43369007110596,217.25717931985855,216.71088671684265,216.0750377178192,216.15338015556335,215.36242830753326
-119,217.00418281555176,219.41423124074936,217.00418281555176,219.41423124074936,217.08607000112534,215.20896768569946,217.25983083248138,216.0495355129242,215.8722734451294,216.4317786693573,216.1081966161728,215.48684775829315,216.1790241599083,216.77358204126358,215.46052038669586,217.27052235603333,216.74686759710312,216.0912864804268,216.17328870296478,215.34068423509598
-118,216.99637180566788,219.415884912014,216.99637180566788,219.415884912014,217.1051368713379,215.21357160806656,217.29506254196167,216.0666851401329,215.86562651395798,216.41911137104034,216.13215845823288,215.5344684123993,216.19216722249985,216.77144545316696,215.48504745960236,217.28284406661987,216.78336429595947,216.10752141475677,216.1994618177414,215.3189793229103
-117,216.98751562833786,219.41903221607208,216.98751562833786,219.41903221607208,217.12147331237793,215.225182056427,217.33171546459198,216.08132874965668,215.86437267065048,216.4031935930252,216.16038650274277,215.582688331604,216.20709735155106,216.77534598112106,215.50583428144455,217.29390513896942,216.81943476200104,216.12411749362946,216.23101514577866,215.29883754253387
-116,216.97845882177353,219.42439877986908,216.97845882177353,219.42439877986908,217.13606548309326,215.24347484111786,217.36881816387177,216.09201806783676,215.86819106340408,216.38496732711792,216.19040912389755,215.62965482473373,216.2243953347206,216.78543680906296,215.522391974926,217.3033459186554,216.85425293445587,216.14110028743744,216.26705998182297,215.28151559829712
-115,216.96999901533127,219.43241161108017,216.96999901533127,219.43241161108017,217.15034472942352,215.2678626179695,217.4049470424652,216.09652030467987,215.8761686682701,216.3659844994545,216.21979302167892,215.6737111210823,216.24431735277176,216.80173873901367,215.5344517827034,217.31103801727295,216.8868807554245,216.15819543600082,216.30662322044373,215.26720190048218
-114,216.96283376216888,219.44290006160736,216.96283376216888,219.44290006160736,217.16572904586792,215.29794466495514,217.43875795602798,216.09362721443176,215.88689416646957,216.3478474020958,216.24754637479782,215.71351873874664,216.26713293790817,216.82417505979538,215.54196447134018,217.3168928027153,216.91648322343826,216.17470586299896,216.34873700141907,215.2557075023651
-113,216.95700174570084,219.45536041259766,216.95700174570084,219.45536041259766,217.18317699432373,215.3332023024559,217.4689655303955,216.08314383029938,215.89888125658035,216.33220648765564,216.27321296930313,215.7480109333992,216.29254388809204,216.85224598646164,215.54606157541275,217.3203303217888,216.94237345457077,216.19026654958725,216.39265513420105,215.24697452783585
-112,216.95239865779877,219.4687695503235,216.95239865779877,219.4687695503235,217.20346021652222,215.37291741371155,217.49417918920517,216.06512582302094,215.91102731227875,216.32069039344788,216.29612976312637,215.77632200717926,216.32016146183014,216.8852962255478,215.54908555746078,217.32056230306625,216.9635912179947,216.2047867178917,216.43754917383194,215.24045103788376
-111,216.94890677928925,219.48165982961655,216.94890677928925,219.48165982961655,217.22652262449265,215.4156774878502,217.51340210437775,216.04006999731064,215.9231477379799,216.3141759634018,216.31577515602112,215.79783630371094,216.34928792715073,216.92254960536957,215.55258560180664,217.31752508878708,216.9791145324707,216.2187455892563,216.48264634609222,215.23526453971863
-110,216.9463055729866,219.4931629896164,216.9463055729866,219.4931629896164,217.25116556882858,215.4598137140274,217.52633011341095,216.00934678316116,215.93606477975845,216.3127252459526,216.331214427948,215.81219744682312,216.37863755226135,216.9625307917595,215.55771601200104,217.31202948093414,216.98876583576202,216.2321633696556,216.52708345651627,215.23236060142517
-109,216.94382762908936,219.50313222408295,216.94382762908936,219.50313222408295,217.27617233991623,215.50323677062988,217.53377401828766,215.97480714321136,215.95095133781433,216.31538772583008,216.34131050109863,215.8195248246193,216.4072128534317,217.00370228290558,215.56568491458893,217.30514979362488,216.99326592683792,216.24518203735352,216.57002764940262,215.2332193851471
-108,216.94084656238556,219.51135516166687,216.94084656238556,219.51135516166687,217.29985982179642,215.54429936408997,217.53716498613358,215.9382650256157,215.96787935495377,216.32066822052002,216.34485322237015,215.82002007961273,216.43411260843277,217.0448597073555,215.57707011699677,217.29849922657013,216.99313133955002,216.25825476646423,216.61122125387192,215.23777079582214
-107,216.93642550706863,219.5177012681961,216.93642550706863,219.5177012681961,217.32084518671036,215.58196836709976,217.53824883699417,215.90193623304367,215.9860953092575,216.32677507400513,216.341374874115,215.81489676237106,216.45842403173447,217.0846471786499,215.5925145149231,217.29428279399872,216.9887888431549,216.27194714546204,216.6506947875023,215.24548482894897
-106,216.92931365966797,219.52224111557007,216.92931365966797,219.52224111557007,217.338050365448,215.6149559020996,217.53888815641403,215.86819303035736,216.00500619411469,216.3329232931137,216.33154076337814,215.80605041980743,216.47918117046356,217.12153685092926,215.61252856254578,217.29416316747665,216.98116505146027,216.28707045316696,216.68822038173676,215.25584346055984
-105,216.9194172024727,219.52545827627182,216.9194172024727,219.52545827627182,217.35075050592422,215.6419916152954,217.54105538129807,215.8391277194023,216.02449697256088,216.33878886699677,216.31723880767822,215.7954824566841,216.49481403827667,217.1542979478836,215.6372913122177,217.2986746430397,216.97088235616684,216.3049152493477,216.72290682792664,215.26926892995834
-104,216.90721601247787,219.52771908044815,216.90721601247787,219.52771908044815,217.3585081100464,215.6621999144554,217.54604083299637,215.81663393974304,216.04432046413422,216.3439764380455,216.30027967691422,215.78524839878082,216.50404876470566,217.18237018585205,215.66676020622253,217.30763983726501,216.9587618112564,216.32663702964783,216.75397247076035,215.28630882501602
-103,216.8933064341545,219.5293294787407,216.8933064341545,219.5293294787407,217.36099994182587,215.67545664310455,217.55465126037598,215.80148941278458,216.06381410360336,216.34846889972687,216.28211534023285,215.77697652578354,216.5062301158905,217.20544517040253,215.70055270195007,217.3201429247856,216.9460944533348,216.35286605358124,216.78084576129913,215.30684161186218
-102,216.87853908538818,219.53095388412476,216.87853908538818,219.53095388412476,217.35830301046371,215.68226546049118,217.56706655025482,215.79356443881989,216.08302462100983,216.35199904441833,216.26421773433685,215.77112555503845,216.5016667842865,217.22319847345352,215.7372471690178,217.3353882431984,216.93384957313538,216.38362628221512,216.80359023809433,215.3298532962799
-101,216.8634501695633,219.53356993198395,216.8634501695633,219.53356993198395,217.3506788611412,215.6840277314186,217.58327972888947,215.79136592149734,216.10175949335098,216.35405629873276,216.24750465154648,215.76733976602554,216.49109482765198,217.23649883270264,215.77441293001175,217.35320842266083,216.92235082387924,216.41905987262726,216.82231575250626,215.3540204167366
-100,216.8478637933731,219.5374013185501,216.8478637933731,219.5374013185501,217.33915269374847,215.68269836902618,217.60261577367783,215.79413747787476,216.11871165037155,216.35495054721832,216.23193168640137,215.76540517807007,216.4758185148239,217.2460470199585,215.8103228211403,217.37296509742737,216.91199380159378,216.45875591039658,216.83700186014175,215.37847340106964
-99,216.8317540884018,219.54271346330643,216.8317540884018,219.54271346330643,217.32486075162888,215.679847240448,217.62388902902603,215.80266904830933,216.13202702999115,216.3554220199585,216.2176468372345,215.76398885250092,216.45680487155914,217.2525778412819,215.84522837400436,217.39372962713242,216.90294075012207,216.50124728679657,216.8483802676201,215.40273648500443
-98,216.81625986099243,219.54953688383102,216.81625986099243,219.54953688383102,217.30872482061386,215.67727851867676,217.64579039812088,215.81749385595322,216.13985937833786,216.35640007257462,216.20530688762665,215.76193475723267,216.43502968549728,217.25678497552872,215.87895911931992,217.41442340612411,216.89592212438583,216.54443216323853,216.85791623592377,215.42609333992004
-97,216.80269348621368,219.55773854255676,216.80269348621368,219.55773854255676,217.2912866473198,215.67737764120102,217.66683441400528,215.83916008472443,216.1418333053589,216.3587131500244,216.1957153081894,215.75829696655273,216.41102266311646,217.25896722078323,215.91049772500992,217.43456065654755,216.8923580646515,216.58698320388794,216.86705023050308,215.44740813970566
-96,216.79184520244598,219.56713116168976,216.79184520244598,219.56713116168976,217.27299255132675,215.68195205926895,217.68575221300125,215.86663407087326,216.13872480392456,216.36300247907639,216.18994879722595,215.7521926164627,216.385413646698,217.25970607995987,215.93920588493347,217.453542470932,216.89348185062408,216.6277335882187,216.87693029642105,215.46677386760712
-95,216.78451973199844,219.5774757862091,216.78451973199844,219.5774757862091,217.25445878505707,215.69151026010513,217.701409637928,215.89905565977097,216.1316865682602,216.36928814649582,216.18861281871796,215.74323225021362,216.35935866832733,217.25968354940414,215.96387892961502,217.47069895267487,216.8997581601143,216.66495072841644,216.88791620731354,215.48476588726044
-94,216.78118699789047,219.58861583471298,216.78118699789047,219.58861583471298,217.23642528057098,215.7062196135521,217.7129802107811,215.9351315498352,216.1221769452095,216.37763583660126,216.19184654951096,215.73167634010315,216.3343552350998,217.25946521759033,215.98398476839066,217.4852836728096,216.91135239601135,216.6970173716545,216.8997504711151,215.50062656402588
-93,216.78212332725525,219.60057055950165,216.78212332725525,219.60057055950165,217.21998131275177,215.72504538297653,217.7196288704872,215.973170876503,216.11231637001038,216.38826328516006,216.19956076145172,215.71821439266205,216.3118376135826,217.25924843549728,215.99959707260132,217.49677330255508,216.9281049966812,216.72280699014664,216.9114606976509,215.5131384730339
-92,216.78712159395218,219.6132840514183,216.78712159395218,219.6132840514183,217.20685464143753,215.74668610095978,217.72106510400772,216.01160496473312,216.1038013100624,216.4010100364685,216.2115514278412,215.7033816576004,216.29322677850723,217.2590572834015,216.01039028167725,217.5050738453865,216.949620783329,216.74216389656067,216.9221219420433,215.52126854658127
-91,216.79509264230728,219.62667280435562,216.79509264230728,219.62667280435562,217.1986129283905,215.76972448825836,217.71847361326218,216.0491287112236,216.0975193977356,216.41538679599762,216.2275374531746,215.6881651878357,216.27904444932938,217.25941061973572,216.01648968458176,217.51041626930237,216.97485768795013,216.75514340400696,216.93122535943985,215.52402061223984
-90,216.80465745925903,219.64035272598267,216.80465745925903,219.64035272598267,217.19548857212067,215.79273068904877,217.71318167448044,216.0848661661148,216.09405344724655,216.43096554279327,216.247090280056,215.67361813783646,216.26850789785385,217.2610918879509,216.01846265792847,217.51346129179,217.0024290084839,216.76165544986725,216.93825340270996,215.52102303504944
-89,216.81455045938492,219.65371841192245,216.81455045938492,219.65371841192245,217.19693398475647,215.8146619796753,217.7064745426178,216.11773246526718,216.0930570960045,216.44738215208054,216.26918351650238,215.6610251069069,216.2607125043869,217.26465046405792,216.01702439785004,217.51516950130463,217.03059840202332,216.76190942525864,216.94286215305328,215.51277166604996
-88,216.82393944263458,219.66633599996567,216.82393944263458,219.66633599996567,217.20211774110794,215.83508050441742,217.69982808828354,216.14709615707397,216.09361231327057,216.46435832977295,216.2925009727478,215.65176910161972,216.25487172603607,217.27034825086594,216.0130106806755,217.51636904478073,217.05751878023148,216.75610667467117,216.9448605775833,215.49978858232498
-87,216.83262825012207,219.6776806116104,216.83262825012207,219.6776806116104,217.21034979820251,215.85398828983307,217.694337785244,216.17238754034042,216.09470957517624,216.48184436559677,216.31584644317627,215.6470491886139,216.2498506307602,217.27810883522034,216.0074803829193,217.51788181066513,217.08104699850082,216.74489361047745,216.94411659240723,215.4833106994629
-86,216.84082919359207,219.68693697452545,216.84082919359207,219.68693697452545,217.22069543600082,215.87129962444305,217.69090735912323,216.1933941245079,216.09540158510208,216.49949204921722,216.33817982673645,215.647625207901,216.24400788545609,217.287373483181,216.00117754936218,217.52058273553848,217.0990018248558,216.72957068681717,216.9403321146965,215.46559298038483
-85,216.84879338741302,219.6931113600731,216.84879338741302,219.6931113600731,217.23185712099075,215.8868824839592,217.69032949209213,216.2096860408783,216.09521335363388,216.51660132408142,216.3584331870079,215.65335881710052,216.23588424921036,217.2970021367073,215.99450552463531,217.52528524398804,217.10975682735443,216.7115028500557,216.9334414601326,215.44873505830765
-84,216.85651993751526,219.69525331258774,216.85651993751526,219.69525331258774,217.2426444888115,215.9006524682045,217.69308525323868,216.22139286994934,216.09375137090683,216.53286731243134,216.37643736600876,215.66360187530518,216.22492241859436,217.3062083721161,215.98748540878296,217.53245097398758,217.11212891340256,216.6922756433487,216.92328280210495,215.43484151363373
-83,216.86465680599213,219.69266313314438,216.86465680599213,219.69266313314438,217.25241762399673,215.91255897283554,217.69898223876953,216.22915828227997,216.0912026166916,216.54815930128098,216.39237296581268,215.6774433851242,216.21067893505096,217.31441497802734,215.98001354932785,217.54233354330063,217.10559129714966,216.6735361814499,216.9100986123085,215.42494994401932
-82,216.87379610538483,219.68485009670258,216.87379610538483,219.68485009670258,217.2609065771103,215.92272847890854,217.70652437210083,216.23401927947998,216.0876289010048,216.56187224388123,216.40721303224564,215.69364482164383,216.19324028491974,217.32145768404007,215.97216135263443,217.55522042512894,217.09100449085236,216.6569510102272,216.89454013109207,215.41999500989914
-81,216.88453394174576,219.6717598438263,216.88453394174576,219.6717598438263,217.26830863952637,215.93113827705383,217.71389323472977,216.23662215471268,216.0831663608551,216.57349997758865,216.42248117923737,215.7109472155571,216.17348194122314,217.32716780900955,215.96395552158356,217.57142424583435,217.06971102952957,216.64410036802292,216.877536714077,215.4198608994484
-80,216.89746236801147,219.6540271639824,216.89746236801147,219.6540271639824,217.27501958608627,215.93793535232544,217.71936362981796,216.2377644777298,216.07796025276184,216.58314156532288,216.43951869010925,215.72854954004288,216.15295374393463,217.33098977804184,215.9549656510353,217.59121084213257,217.04329699277878,216.63658261299133,216.86002188920975,215.42351645231247
-79,216.91299372911453,219.63278484344482,216.91299372911453,219.63278484344482,217.2816662788391,215.94309043884277,217.72147399187088,216.23809134960175,216.072403550148,216.59111219644547,216.45892441272736,215.7460452914238,216.13337260484695,217.33233094215393,215.9445095062256,217.61490046977997,217.01334184408188,216.63527977466583,216.84258311986923,215.42961049079895
-78,216.93130308389664,219.6092619895935,216.93130308389664,219.6092619895935,217.2885754108429,215.9464973807335,217.71892619132996,216.2378706932068,216.06748485565186,216.59758085012436,216.48077976703644,215.76300698518753,216.11610561609268,217.3306896686554,215.93206107616425,217.64274674654007,216.98171311616898,216.64049941301346,216.82569766044617,215.43649351596832
-77,216.9524001479149,219.58460527658463,216.9524001479149,219.58460527658463,217.29584395885468,215.94791173934937,217.71108067035675,216.2375723719597,216.06418389081955,216.60288041830063,216.50482469797134,215.77875447273254,216.10179609060287,217.3255499601364,215.9173548221588,217.67499059438705,216.950310587883,216.6516507267952,216.80922120809555,215.44286113977432
-76,216.97595137357712,219.55998158454895,216.97595137357712,219.55998158454895,217.30327028036118,215.94752794504166,217.6979924440384,216.23783898353577,216.06308913230896,216.60739588737488,216.53053039312363,215.79270577430725,216.09069561958313,217.31673043966293,215.9007202386856,217.7114233970642,216.92088443040848,216.6672089099884,216.7924720644951,215.44791120290756
-75,217.00130885839462,219.53642147779465,217.00130885839462,219.53642147779465,217.3107506632805,215.9456286430359,217.68042761087418,216.23907124996185,216.06425404548645,216.61129814386368,216.55695569515228,215.80441880226135,216.08283257484436,217.30423551797867,215.88296222686768,217.75107336044312,216.8947166800499,216.68525570631027,216.77490609884262,215.4507598876953
-74,217.02757269144058,219.51502585411072,217.02757269144058,219.51502585411072,217.3187667131424,215.94280928373337,217.65984892845154,216.2412223815918,216.06760877370834,216.61478888988495,216.58321779966354,215.81366688013077,216.0779201388359,217.28816139698029,215.8651818037033,217.79267978668213,216.87290650606155,216.70397281646729,216.75642430782318,215.4508752822876
-73,217.05385172367096,219.4969270825386,217.05385172367096,219.4969270825386,217.32807952165604,215.9400498867035,217.63798236846924,216.24405020475388,216.07324224710464,216.61780685186386,216.60785335302353,215.81996250152588,216.0757429599762,217.26904278993607,215.84872883558273,217.83448898792267,216.85605078935623,216.72197836637497,216.73716855049133,215.44770365953445
-72,217.07899791002274,219.48325580358505,217.07899791002274,219.48325580358505,217.3394341468811,215.93799459934235,217.61700052022934,216.24708676338196,216.0811755657196,216.61997246742249,216.6295313835144,215.82293838262558,216.0765504837036,217.24771612882614,215.83460766077042,217.8749978542328,216.8443454504013,216.73823481798172,216.717429459095,215.44106131792068
-71,217.10163742303848,219.47461557388306,217.10163742303848,219.47461557388306,217.3530992269516,215.93697667121887,217.59908944368362,216.24984288215637,216.09172141551971,216.6206824183464,216.64752840995789,215.8227504491806,216.08054661750793,217.22514081001282,215.82344579696655,217.9128462076187,216.8378160595894,216.7518020272255,216.6976842880249,215.43132328987122
-70,217.12090754508972,219.47105425596237,217.12090754508972,219.47105425596237,217.3690841794014,215.93723613023758,217.58594810962677,216.25173592567444,216.1050567626953,216.61891680955887,216.66145884990692,215.81959927082062,216.08779752254486,217.20262724161148,215.81556290388107,217.94669026136398,216.8359723687172,216.76165276765823,216.67843008041382,215.41930663585663
-69,217.1370525956154,219.47232455015182,217.1370525956154,219.47232455015182,217.38708752393723,215.93847686052322,217.57863581180573,216.25219082832336,216.12114369869232,216.6138373017311,216.67095458507538,215.81374555826187,216.09816920757294,217.1815246939659,215.8112456202507,217.97532653808594,216.83797919750214,216.76665383577347,216.66037273406982,215.40528064966202
-68,217.15073734521866,219.477918446064,217.15073734521866,219.477918446064,217.40641862154007,215.94007915258408,217.5777689218521,216.25073039531708,216.13977718353271,216.60481786727905,216.67557567358017,215.8054432272911,216.11137837171555,217.16305404901505,215.8110207915306,217.99793350696564,216.84274291992188,216.76610958576202,216.64420926570892,215.3892610669136
-67,217.16263961791992,219.48712891340256,217.16263961791992,219.48712891340256,217.42633897066116,215.94126969575882,217.58366626501083,216.24708765745163,216.1602145433426,216.5917071700096,216.67556273937225,215.79495787620544,216.12712520360947,217.14855080842972,215.8159412741661,218.0138435959816,216.84926503896713,216.7599794268608,216.63023322820663,215.3714748620987
-66,217.17351114749908,219.49903482198715,217.17351114749908,219.49903482198715,217.44641244411469,215.94176560640335,217.59631460905075,216.24142223596573,216.18170231580734,216.5747851729393,216.67162662744522,215.7829167842865,216.14505797624588,217.13904255628586,215.82699704170227,218.02291119098663,216.85641157627106,216.74895918369293,216.61890506744385,215.35208147764206
-65,217.18409270048141,219.5125725865364,217.18409270048141,219.5125725865364,217.46633780002594,215.94209545850754,217.6155070066452,216.23427820205688,216.20337772369385,216.55459213256836,216.66435182094574,215.77012187242508,216.16504454612732,217.13506770133972,215.84502112865448,218.02552562952042,216.863139629364,216.73431676626205,216.61096614599228,215.330888569355
-64,217.19462305307388,219.52688497304916,217.19462305307388,219.52688497304916,217.4859435558319,215.9429071545601,217.6407635807991,216.2265477180481,216.2244849205017,216.5318174958229,216.6543899178505,215.7569500207901,216.18670535087585,217.1367267370224,215.87035900354385,218.02257424592972,216.86903470754623,216.71747344732285,216.60702008008957,215.30790901184082
-63,217.2050467133522,219.5410144329071,217.2050467133522,219.5410144329071,217.50534427165985,215.94466042518616,217.67141836881638,216.21940976381302,216.2440996170044,216.50755435228348,216.6425160765648,215.74356651306152,216.20982295274734,217.14362585544586,215.9030545949936,218.01514226198196,216.87409192323685,216.6995614171028,216.6072525382042,215.28371322155
-62,217.21517497301102,219.55412203073502,217.21517497301102,219.55412203073502,217.5246084332466,215.9471516609192,217.70619332790375,216.2138813138008,216.2615031003952,216.48289555311203,216.62965565919876,215.72997552156448,216.23408710956573,217.1551280617714,215.9424757361412,218.00425672531128,216.87853956222534,216.6814956665039,216.6114154458046,215.25829952955246
-61,217.2252443432808,219.56583708524704,217.2252443432808,219.56583708524704,217.54364359378815,215.950110912323,217.7435063123703,216.21105456352234,216.27610647678375,216.458966255188,216.61673307418823,215.7156543135643,216.25891083478928,217.17027801275253,215.98724353313446,217.99116897583008,216.8825559616089,216.66413885354996,216.61885011196136,215.23156017065048
-60,217.23572784662247,219.57599586248398,217.23572784662247,219.57599586248398,217.56241422891617,215.95328098535538,217.78197067975998,216.21197706460953,216.28726440668106,216.43685126304626,216.60456037521362,215.69994062185287,216.28369307518005,217.18775367736816,216.03525513410568,217.9768843650818,216.8862338066101,216.64812421798706,216.62868535518646,215.20346957445145
-59,217.24685245752335,219.584406375885,217.24685245752335,219.584406375885,217.58086150884628,215.95632076263428,217.82047998905182,216.21714770793915,216.2941370010376,216.41747814416885,216.59406769275665,215.68281656503677,216.30785191059113,217.20631062984467,216.0843324661255,217.96223241090775,216.88968402147293,216.63388353586197,216.63984775543213,215.17401069402695
-58,217.25870221853256,219.59089308977127,217.25870221853256,219.59089308977127,217.59885478019714,215.95910811424255,217.8580841422081,216.2265601158142,216.29586005210876,216.40164202451706,216.58614015579224,215.66450828313828,216.3308728337288,217.2247769832611,216.13215291500092,217.94789826869965,216.8926295042038,216.62200731039047,216.6511845588684,215.14321130514145
-57,217.27137088775635,219.59551870822906,217.27137088775635,219.59551870822906,217.6164477467537,215.96167141199112,217.89409798383713,216.24007934331894,216.29171514511108,216.389981508255,216.5815071463585,215.6454300880432,216.3523131608963,217.2420835494995,216.1764678955078,217.9344676733017,216.89461362361908,216.61299294233322,216.66164803504944,215.11101692914963
-56,217.28467291593552,219.59853392839432,217.28467291593552,219.59853392839432,217.63355404138565,215.96406096220016,217.92795193195343,216.25756973028183,216.2814348936081,216.38306415081024,216.58056569099426,215.626560151577,216.37152069807053,217.2576504945755,216.2156627178192,217.92237067222595,216.89552277326584,216.60670739412308,216.67034554481506,215.07780760526657
-55,217.2977654337883,219.60014933347702,217.2977654337883,219.60014933347702,217.64967012405396,215.96666729450226,217.95888602733612,216.2782112956047,216.26553440093994,216.3811423778534,216.58344274759293,215.60930758714676,216.38776594400406,217.2711718082428,216.2481507062912,217.9118052124977,216.89548289775848,216.60264921188354,216.6771092414856,215.04382461309433
-54,217.3095901608467,219.60059368610382,217.3095901608467,219.60059368610382,217.66421622037888,215.97020477056503,217.986532330513,216.3005627989769,216.24534755945206,216.3837776184082,216.58963924646378,215.5951582789421,216.40078163146973,217.28257083892822,216.272844851017,217.9027504324913,216.8951377272606,216.60014921426773,216.68214416503906,215.00967973470688
-53,217.31893587112427,219.60003679990768,217.31893587112427,219.60003679990768,217.67680668830872,215.9750782251358,218.01072829961777,216.32281655073166,216.2226658463478,216.3902159333229,216.59835958480835,215.58554768562317,216.41055035591125,217.29196923971176,216.28928184509277,217.8953572511673,216.89490568637848,216.5990229845047,216.68552738428116,214.9763343334198
-52,217.32449638843536,219.59881222248077,217.32449638843536,219.59881222248077,217.68719106912613,215.98174625635147,218.0315307378769,216.3430427312851,216.19943857192993,216.39954352378845,216.60881251096725,215.58151310682297,216.41760224103928,217.29938584566116,216.29751074314117,217.88930815458298,216.895145714283,216.59902167320251,216.68720895051956,214.94503104686737
-51,217.32532173395157,219.59719920158386,217.32532173395157,219.59719920158386,217.6955115199089,215.99067962169647,218.04905539751053,216.35955250263214,216.17745780944824,216.41094154119492,216.61989015340805,215.58337438106537,216.42292672395706,217.30439388751984,216.29759067296982,217.88391780853271,216.89610093832016,216.5998871922493,216.68717271089554,214.91735762357712
-50,217.32093691825867,219.59528690576553,217.32093691825867,219.59528690576553,217.7019920349121,216.00206983089447,218.06351381540298,216.3709192276001,216.1583142876625,216.42367947101593,216.6302427649498,215.59101992845535,216.42741852998734,217.30631631612778,216.28981584310532,217.8786500096321,216.89821434020996,216.6015197634697,216.6855726838112,214.89469134807587
-49,217.3114114999771,219.59299981594086,217.3114114999771,219.59299981594086,217.70693862438202,216.01581120491028,218.07494622468948,216.37628883123398,216.14342254400253,216.43708789348602,216.63869673013687,215.60374057292938,216.43177050352097,217.30440479516983,216.27508008480072,217.87284004688263,216.90198826789856,216.603746175766,216.68258732557297,214.8783194422722
-48,217.2969279885292,219.5899996161461,217.2969279885292,219.5899996161461,217.710657954216,216.031420648098,218.08324092626572,216.37514436244965,216.13388681411743,216.45038944482803,216.64429771900177,215.6206937432289,216.43628895282745,217.29833495616913,216.25454157590866,217.8659412264824,216.90779620409012,216.60647040605545,216.67872792482376,214.8689912557602
-47,217.2780659198761,219.5859602689743,217.2780659198761,219.5859602689743,217.71341383457184,216.04864358901978,218.08818995952606,216.367311835289,216.1306478381157,216.46295356750488,216.64646524190903,215.64077323675156,216.44068956375122,217.2881679534912,216.22927683591843,217.8577725291252,216.91563099622726,216.60979014635086,216.67451971769333,214.8673385977745
-46,217.2557224035263,219.5805389881134,217.2557224035263,219.5805389881134,217.71511417627335,216.06717157363892,218.0894889831543,216.35316115617752,216.1340525150299,216.47448813915253,216.64496821165085,215.66281980276108,216.44452768564224,217.2744010090828,216.20012444257736,217.84821927547455,216.92537611722946,216.61390906572342,216.6703233718872,214.87337458133698
-45,217.23099440336227,219.57359910011292,217.23099440336227,219.57359910011292,217.7156133055687,216.08682942390442,218.08689123392105,216.33349704742432,216.14358162879944,216.48471981287003,216.63990592956543,215.68560302257538,216.4473496079445,217.25751096010208,216.16798347234726,217.83720403909683,216.9366653561592,216.61873000860214,216.66619777679443,214.8868089914322
-44,217.2050678730011,219.56516355276108,217.2050678730011,219.56516355276108,217.71474373340607,216.1076677441597,218.08042639493942,216.30980199575424,216.15820479393005,216.49331241846085,216.6314279437065,215.70791202783585,216.4485729932785,217.23814791440964,216.13378351926804,217.82460820674896,216.94914323091507,216.6237597465515,216.6624231338501,214.90698546171188
-43,217.17889761924744,219.55539405345917,217.17889761924744,219.55539405345917,217.711996614933,216.12951129674911,218.0700615644455,216.28355807065964,216.17642855644226,216.49987256526947,216.61995249986649,215.72872853279114,216.4477532505989,217.21716076135635,216.0980984568596,217.81034409999847,216.96217960119247,216.6281732916832,216.65935015678406,214.93259394168854
-42,217.15317571163177,219.54467844963074,217.15317571163177,219.54467844963074,217.7065801024437,216.151990711689,218.05600941181183,216.25641632080078,216.19676971435547,216.50427478551865,216.606092274189,215.7473452091217,216.44467264413834,217.19537311792374,216.0616706609726,217.7943416237831,216.97502779960632,216.6311270594597,216.6571683883667,214.96242362260818
-41,217.12836575508118,219.53332686424255,217.12836575508118,219.53332686424255,217.69791597127914,216.17414450645447,218.03916811943054,216.22980082035065,216.21802085638046,216.50649106502533,216.59068685770035,215.7637237906456,216.43897438049316,217.1736782193184,216.0251812338829,217.77658504247665,216.9871768951416,216.63193583488464,216.65576654672623,214.9952883720398
-40,217.1046267747879,219.52162688970566,217.1046267747879,219.52162688970566,217.68584245443344,216.1947266459465,218.02049988508224,216.20461136102676,216.23928517103195,216.50652533769608,216.57469135522842,215.7785404920578,216.4304501414299,217.1528993844986,215.9893860220909,217.75692117214203,216.99797010421753,216.63027131557465,216.65500509738922,215.02983784675598
-39,217.08216834068298,219.5099201798439,217.08216834068298,219.5099201798439,217.67036706209183,216.212564766407,218.00071704387665,216.18167513608932,216.26003068685532,216.50448328256607,216.55915582180023,215.7926983833313,216.41902351379395,217.13379573822021,215.95507764816284,217.73527717590332,217.00671076774597,216.62661057710648,216.6547679901123,215.0647332072258
-38,217.0613471865654,219.4984620809555,217.0613471865654,219.4984620809555,217.65181070566177,216.22642236948013,217.98086255788803,216.16184037923813,216.279865026474,216.50025480985641,216.54476189613342,215.80697757005692,216.4050693511963,217.11669671535492,215.92275297641754,217.71180772781372,217.0126017332077,216.62165743112564,216.65477734804153,215.0988254547119
-37,217.04257434606552,219.48785591125488,217.04257434606552,219.48785591125488,217.63058066368103,216.23505532741547,217.96174305677414,216.14560520648956,216.29855525493622,216.4936465024948,216.5318198800087,215.82184851169586,216.38908368349075,217.10125088691711,215.8927863240242,217.68663078546524,217.01510214805603,216.61580103635788,216.65502339601517,215.13090008497238
-36,217.02566933631897,219.47871738672256,217.02566933631897,219.47871738672256,217.60707569122314,216.2374951839447,217.9438608288765,216.13317012786865,216.316079556942,216.4843333363533,216.5203520655632,215.83745163679123,216.37157022953033,217.08707678318024,215.86547803878784,217.6599242091179,217.0141919851303,216.6095340847969,216.65565460920334,215.15975803136826
-35,217.01060116291046,219.47135245800018,217.01060116291046,219.47135245800018,217.58182281255722,216.23313015699387,217.92756390571594,216.12446105480194,216.33271396160126,216.47197264432907,216.51023715734482,215.8532947897911,216.353196144104,217.07358115911484,215.84121072292328,217.63198226690292,217.0100429058075,216.6033490896225,216.65685015916824,215.18466514348984
-34,216.99723267555237,219.46594017744064,216.99723267555237,219.46594017744064,217.5553481578827,216.22155916690826,217.91299378871918,216.11941665410995,216.3485003709793,216.45638382434845,216.50146996974945,215.86839699745178,216.33450096845627,217.0601435303688,215.8205714225769,217.60325318574905,217.00273770093918,216.5977059006691,216.65872114896774,215.20531803369522
-33,216.98525393009186,219.46260529756546,216.98525393009186,219.46260529756546,217.52821999788284,216.2029640674591,217.90023058652878,216.11783528327942,216.36340636014938,216.43742334842682,216.49400305747986,215.88180178403854,216.31609505414963,217.04625242948532,215.80420982837677,217.5745410323143,216.9921322464943,216.59284621477127,216.66094362735748,215.2214561700821
-32,216.97423261404037,219.46133625507355,216.97423261404037,219.46133625507355,217.5011504292488,216.17779111862183,217.88897961378098,216.11926102638245,216.37700617313385,216.41542160511017,216.48793387413025,215.8922928571701,216.29867911338806,217.0316739678383,215.79242956638336,217.546639919281,216.97799795866013,216.5889321565628,216.66333216428757,215.23333191871643
-31,216.96375161409378,219.46201461553574,216.96375161409378,219.46201461553574,217.4749087691307,216.1466298699379,217.87864822149277,216.1231148838997,216.3887860774994,216.39092487096786,216.48334699869156,215.89879029989243,216.283134162426,217.0166456103325,215.7851089835167,217.5203937292099,216.9603347182274,216.5859972834587,216.66566491127014,215.2415053844452
-30,216.95348596572876,219.46442872285843,216.95348596572876,219.46442872285843,217.45026928186417,216.11022925376892,217.8687190413475,216.12878149747849,216.3982183933258,216.36480820178986,216.4802958369255,215.90021586418152,216.27001678943634,217.00162822008133,215.78175848722458,217.4964651465416,216.93938159942627,216.58417284488678,216.6679920554161,215.24654948711395
-29,216.9428967833519,219.46817111968994,216.9428967833519,219.46817111968994,217.4279333949089,216.06926560401917,217.85885840654373,216.13558787107468,216.4048273563385,216.3382112979889,216.47866660356522,215.8954530954361,216.25945508480072,216.98727387189865,215.78192675113678,217.4754536151886,216.91568684577942,216.58327621221542,216.67031449079514,215.24918365478516
-28,216.9318550825119,219.47281974554062,216.9318550825119,219.47281974554062,217.408344745636,216.02457284927368,217.848768055439,216.14299988746643,216.4083270430565,216.31203323602676,216.47823667526245,215.88393080234528,216.25130665302277,216.97454714775085,215.7854408621788,217.4576495885849,216.8901858329773,216.58300614356995,216.67257183790207,215.25022321939468
-27,216.92012399435043,219.47795659303665,216.92012399435043,219.47795659303665,217.39165753126144,215.97690612077713,217.8379868865013,216.15060651302338,216.40847665071487,216.28718370199203,216.47871536016464,215.86559814214706,216.24539017677307,216.96437567472458,215.79219788312912,217.44290387630463,216.86379104852676,216.58297634124756,216.674538731575,215.25042206048965
-26,216.9075629711151,219.48320752382278,216.9075629711151,219.48320752382278,217.37767672538757,215.92708879709244,217.8259682059288,216.15809154510498,216.40492767095566,216.26450830698013,216.47986394166946,215.84071791172028,216.24115949869156,216.95727336406708,215.80170834064484,217.4308875799179,216.83756303787231,216.58250278234482,216.67578411102295,215.25005078315735
-25,216.89422035217285,219.48840361833572,216.89422035217285,219.48840361833572,217.36585968732834,215.8761892914772,217.81241953372955,216.16535180807114,216.39780312776566,216.24436539411545,216.48149532079697,215.81013572216034,216.23814249038696,216.95339798927307,215.81302571296692,217.421237885952,216.8124451637268,216.5809851884842,216.67585653066635,215.24917429685593
-24,216.88002425432205,219.49351692199707,216.88002425432205,219.49351692199707,217.35553723573685,215.82513803243637,217.79722368717194,216.1723055243492,216.387451171875,216.22693687677383,216.48360043764114,215.7749903202057,216.23597544431686,216.95246821641922,215.8248497247696,217.41385185718536,216.7890418767929,216.57806557416916,216.67434930801392,215.24779587984085
-23,216.86504518985748,219.4983847141266,216.86504518985748,219.4983847141266,217.34607142210007,215.77469897270203,217.78046172857285,216.17892932891846,216.37430638074875,216.21234649419785,216.4860572218895,215.73662149906158,216.23418813943863,216.95392847061157,215.83581227064133,217.40877360105515,216.76779627799988,216.5737287402153,216.67113196849823,215.24566960334778
-22,216.84952437877655,219.50300478935242,216.84952437877655,219.50300478935242,217.33677345514297,215.72548925876617,217.76258593797684,216.18508833646774,216.3592607975006,216.20072823762894,216.48853945732117,215.6961687207222,216.23237800598145,216.95696198940277,215.84473359584808,217.40622717142105,216.7491609454155,216.56817823648453,216.66632717847824,215.24283742904663
-21,216.83349829912186,219.5074478983879,216.83349829912186,219.5074478983879,217.32740825414658,215.67824202775955,217.74451577663422,216.190465092659,216.3432884812355,216.19210934638977,216.4906148314476,215.65503799915314,216.23027104139328,216.96062338352203,215.85048067569733,217.40646117925644,216.73301070928574,216.56171709299088,216.66018503904343,215.2390348315239
-20,216.81687581539154,219.5116821527481,216.81687581539154,219.5116821527481,217.31823027133942,215.63343793153763,217.72719889879227,216.1944825053215,216.32723587751389,216.18660628795624,216.49191838502884,215.61434960365295,216.22756671905518,216.96411681175232,215.8520096540451,217.4093651175499,216.71907377243042,216.5546754002571,216.65301620960236,215.23438280820847
-19,216.79958444833755,219.51573622226715,216.79958444833755,219.51573622226715,217.3096050620079,215.59129852056503,217.7117784023285,216.19662594795227,216.31180083751678,216.18421345949173,216.49196976423264,215.57511627674103,216.22406488656998,216.96686738729477,215.84872430562973,217.41462570428848,216.70728462934494,216.54734146595,216.64520210027695,215.2291721701622
-18,216.78156650066376,219.51942056417465,216.78156650066376,219.51942056417465,217.3018347620964,215.55225110054016,217.6991639137268,216.19618809223175,216.29761350154877,216.18492048978806,216.49028700590134,215.53820776939392,216.21954762935638,216.96854746341705,215.84063285589218,217.42177486419678,216.69749945402145,216.53993093967438,216.63711005449295,215.2231808900833
-17,216.7626571059227,219.5224764943123,216.7626571059227,219.5224764943123,217.2949149608612,215.51653879880905,217.6899235844612,216.19275122880936,216.285118162632,216.1885638833046,216.48620104789734,215.50410240888596,216.2139024734497,216.96914166212082,215.82834511995316,217.4304394721985,216.68965196609497,216.5325447320938,216.62884378433228,215.21637988090515
-16,216.74287271499634,219.5245190858841,216.74287271499634,219.5245190858841,217.28873896598816,215.48446583747864,217.6841726899147,216.1862115263939,216.27468246221542,216.1945172548294,216.47942578792572,215.47288942337036,216.207075715065,216.96900820732117,215.81314152479172,217.4403424859047,216.68358647823334,216.52504587173462,216.62058055400848,215.20928806066513
-15,216.7223603129387,219.52504974603653,216.7223603129387,219.52504974603653,217.2829902768135,215.4563809633255,217.68177497386932,216.1767876148224,216.2665377855301,216.20215952396393,216.46987503767014,215.44450390338898,216.19851100444794,216.9686107635498,215.7963929772377,217.45150011777878,216.67943918704987,216.5170238018036,216.61248433589935,215.20265424251556
-14,216.70133590698242,219.52366834878922,216.70133590698242,219.52366834878922,217.27752161026,215.43262350559235,217.68244749307632,216.16489589214325,216.26079148054123,216.21112793684006,216.4579240679741,215.41876101493835,216.18823486566544,216.96833342313766,215.7796429991722,217.4639828801155,216.67728507518768,216.50824338197708,216.60483771562576,215.19737827777863
-13,216.68018347024918,219.5201364159584,216.68018347024918,219.5201364159584,217.27231287956238,215.41350042819977,217.6856667995453,216.15124291181564,216.25751584768295,216.22140860557556,216.44400960206985,215.3954086303711,216.17645740509033,216.96856784820557,215.76438546180725,217.47793924808502,216.6770316362381,216.4983593225479,216.59800624847412,215.1941458582878
-12,216.65942472219467,219.5144630074501,216.65942472219467,219.5144630074501,217.26748448610306,215.3991783261299,217.6908739209175,216.1365932226181,216.2564902305603,216.23317348957062,216.4286121726036,215.3745238184929,216.16357070207596,216.9694061279297,215.75178706645966,217.49348545074463,216.6783363223076,216.487009704113,216.5923017859459,215.19368267059326
-11,216.64004069566727,219.50689268112183,216.64004069566727,219.50689268112183,217.26319605112076,215.38985747098923,217.69742357730865,216.12184357643127,216.25743263959885,216.24669921398163,216.41254901885986,215.35664945840836,216.1501081585884,216.97111010551453,215.74278855323792,217.51066035032272,216.6808831691742,216.47428995370865,216.58789443969727,215.19661885499954
-10,216.62317371368408,219.49789184331894,216.62317371368408,219.49789184331894,217.25966095924377,215.38586908578873,217.70470905303955,216.10775184631348,216.2601283788681,216.26236921548843,216.39654833078384,215.3424535393715,216.1368432044983,216.97382682561874,215.73834764957428,217.5295850634575,216.6844318509102,216.46066057682037,216.5849979519844,215.20362675189972
-9,216.6099294424057,219.48821026086807,216.6099294424057,219.48821026086807,217.257450401783,215.38762986660004,217.71256190538406,216.09514915943146,216.26446723937988,216.28056514263153,216.3811832666397,215.33278208971024,216.12453162670135,216.9775314927101,215.73932510614395,217.55029833316803,216.68876832723618,216.44704258441925,216.5834664106369,215.21499860286713
-8,216.60144013166428,219.47865635156631,216.60144013166428,219.47865635156631,217.257650077343,215.39573162794113,217.72141003608704,216.08540534973145,216.27066153287888,216.30187648534775,216.36714458465576,215.32859593629837,216.1141840815544,216.98254364728928,215.74657428264618,217.57268106937408,216.69390469789505,216.4346911907196,216.58339804410934,215.23107254505157
-7,216.59855049848557,219.47035664319992,216.59855049848557,219.47035664319992,217.2615105509758,215.41093355417252,217.73182129859924,216.07989084720612,216.27946269512177,216.3270645737648,216.3553414940834,215.33079731464386,216.10687041282654,216.98963379859924,215.76101553440094,217.59668684005737,216.70037096738815,216.42549073696136,216.58513474464417,215.25221973657608
-6,216.60189759731293,219.46463948488235,216.60189759731293,219.46463948488235,217.27052414417267,215.43431913852692,217.74485355615616,216.08000016212463,216.2920771241188,216.35701894760132,216.34717804193497,215.34040653705597,216.10399109125137,217.00010627508163,215.78367692232132,217.62257838249207,216.70912647247314,216.42152851819992,216.58957332372665,215.27907925844193
-5,216.61225587129593,219.46289294958115,216.61225587129593,219.46289294958115,217.28626519441605,215.46726924180984,217.76189976930618,216.08752870559692,216.31027430295944,216.3927976489067,216.34429562091827,215.35870510339737,216.10688734054565,217.01548755168915,215.81592339277267,217.6510379910469,216.72176045179367,216.42492640018463,216.59820449352264,215.31276208162308
-4,216.63045579195023,219.46662819385529,216.63045579195023,219.46662819385529,217.3104636669159,215.51152580976486,217.78457629680634,216.1043791770935,216.33626061677933,216.43553739786148,216.34885853528976,215.38710099458694,216.11691111326218,217.0376809835434,215.859336912632,217.6831283569336,216.7402685880661,216.4377762079239,216.61290311813354,215.35497730970383
-3,216.657837331295,219.47735387086868,216.657837331295,219.47735387086868,217.34507310390472,215.56900596618652,217.81476497650146,216.13284313678741,216.3725346326828,216.48659074306488,216.3635152578354,215.42767989635468,216.13567566871643,217.0687757730484,215.91505843400955,217.7203398346901,216.7668957710266,216.46218049526215,216.63608080148697,215.4077941775322
-2,216.6963034272194,219.4968123435974,216.6963034272194,219.4968123435974,217.3919575214386,215.64169871807098,217.85474437475204,216.1756483912468,216.4218755364418,216.5478047132492,216.39133608341217,215.4830167889595,216.1652085185051,217.11123847961426,215.98447811603546,217.76474577188492,216.80400615930557,216.50028932094574,216.67048752307892,215.47374045848846
-1,216.74843382835388,219.52692902088165,216.74843382835388,219.52692902088165,217.45305174589157,215.73145347833633,217.90711241960526,216.2357822060585,216.4873759150505,216.62162899971008,216.4354281425476,215.5568779706955,216.20833611488342,217.16777908802032,216.06925332546234,217.81904566287994,216.854487657547,216.55440521240234,216.71970391273499,215.55554056167603
0,216.81762498617172,219.57007384300232,216.81762498617172,219.57007384300232,217.5302835702896,215.84072256088257,217.97463929653168,216.31671905517578,216.5726569890976,216.71101957559586,216.49941843748093,215.6538845896721,216.26866579055786,217.24135410785675,216.17162251472473,217.88649713993073,216.92212575674057,216.6270541548729,216.78788965940475,215.65654158592224
1,216.92437386512756,219.6360712647438,216.92437386512756,219.6360712647438,217.64768487215042,215.98658448457718,218.07122433185577,216.43624591827393,216.6974440217018,216.8368625640869,216.60414612293243,215.79100489616394,216.37065666913986,217.34783643484116,216.3088328242302,217.9779595732689,217.02321630716324,216.73978054523468,216.8896051645279,215.7911740541458
2,217.0551279783249,219.71979266405106,217.0551279783249,219.71979266405106,217.7857003211975,216.1579338312149,218.18802922964096,216.58298683166504,216.8485192656517,216.98280775547028,216.73528760671616,215.96109294891357,216.49702215194702,217.47652554512024,216.46994346380234,218.0897275209427,217.14851695299149,216.87693583965302,217.0180351138115,215.95215421915054
3,217.21469473838806,219.8241953253746,217.21469473838806,219.8241953253746,217.9474390745163,216.35783004760742,218.32860100269318,216.76123535633087,217.0296666622162,217.1533699631691,216.89690560102463,216.16883766651154,216.65309298038483,217.6315461397171,216.6592137813568,218.22614443302155,217.30289590358734,217.04188257455826,217.1780377626419,216.14426910877228
4,217.40829575061798,219.95239168405533,217.40829575061798,219.95239168405533,218.1366861462593,216.5898317694664,218.49699223041534,216.9755815267563,217.24445694684982,217.3535287976265,217.0938094854355,216.4186828136444,216.8446288704872,217.817273914814,216.88138008117676,218.39169454574585,217.4914255142212,217.2386953830719,217.37457245588303,216.3721531033516
5,217.64084887504578,220.1074919104576,217.64084887504578,220.1074919104576,218.3575439453125,216.85812216997147,218.69701528549194,217.23070526123047,217.4962983727455,217.58844774961472,217.33081364631653,216.71433568000793,217.07750922441483,218.0383003950119,217.14127695560455,218.59044086933136,217.71907550096512,217.4720811843872,217.61232805252075,216.64041584730148
6,217.9167440533638,220.29228883981705,217.9167440533638,220.29228883981705,218.61377102136612,217.16698104143143,218.9326856136322,217.53080588579178,217.78848576545715,217.86300492286682,217.61256366968155,217.0584181547165,217.356938123703,218.29878997802734,217.44355326890945,218.82613688707352,217.9902687072754,217.74706089496613,217.89570021629333,216.95341062545776
7,218.23968821763992,220.5090800523758,218.23968821763992,220.5090800523758,218.90862488746643,217.52036434412003,219.2073374390602,217.87917000055313,218.12363803386688,218.18157851696014,217.94281446933746,217.4524468779564,217.68712091445923,218.602374792099,217.79224491119385,219.10205298662186,218.30845826864243,218.068256855011,218.22769260406494,217.31482982635498
8,218.6116762161255,220.75908160209656,218.6116762161255,220.75908160209656,219.2444308400154,217.92104023694992,219.52303117513657,218.277501642704,218.50338751077652,218.54688358306885,218.32374691963196,217.89644134044647,218.07066482305527,218.95120614767075,218.18990409374237,219.41993880271912,218.67563301324844,218.43895268440247,218.6097011566162,217.72719222307205
9,219.0327104330063,221.04190224409103,219.0327104330063,221.04190224409103,219.6217069029808,218.37023371458054,219.88043177127838,218.72546535730362,218.92781388759613,218.95938515663147,218.75513583421707,218.38840997219086,218.50795978307724,219.3457013964653,218.63693857192993,219.78016024827957,219.09161001443863,218.86006689071655,219.0405940413475,218.19066840410233
10,219.49989193677902,221.35512310266495,219.49989193677902,221.35512310266495,220.03822767734528,218.8664983510971,220.27755397558212,219.22030967473984,219.39453387260437,219.41716438531876,219.2341747879982,218.92387741804123,218.99650084972382,219.78352999687195,219.13122421503067,220.1806674003601,219.55323141813278,219.32960945367813,219.51656526327133,218.70283871889114
11,220.0070972442627,221.69400811195374,220.0070972442627,221.69400811195374,220.48887586593628,219.4050362110138,220.70942622423172,219.75583213567734,219.8982993364334,219.91477984189987,219.75501304864883,219.49537867307663,219.529636323452,220.25907784700394,219.66695272922516,220.61656820774078,220.0541377067566,219.84201174974442,220.03069120645523,219.25781840085983
12,220.54440826177597,222.05122834444046,220.54440826177597,222.05122834444046,220.96515971422195,219.9767016172409,221.16760575771332,220.32180207967758,220.4300832748413,220.44288730621338,220.30809515714645,220.09202605485916,220.0967516899109,220.76275086402893,220.2339773774147,221.07952201366425,220.58418303728104,220.38751238584518,220.5725781917572,219.84538173675537
13,221.09811341762543,222.41673558950424,221.09811341762543,222.41673558950424,221.4548231959343,220.5672144293785,221.6399222612381,220.90382879972458,220.9765836596489,220.98791581392288,220.87936866283417,220.6992283463478,220.68255990743637,221.28117060661316,220.8178278207779,221.55712985992432,221.1290978193283,220.95212829113007,221.12824273109436,220.45068383216858
14,221.65059131383896,222.77791756391525,221.65059131383896,222.77791756391525,221.9418250322342,221.15675735473633,222.11054199934006,221.48310536146164,221.5202020406723,221.53196531534195,221.45002335309982,221.29844468832016,221.2672639489174,221.7971762418747,221.3991973400116,222.03277093172073,221.6708886027336,221.5170436501503,221.67990070581436,221.05376487970352
15,222.1798740029335,223.11976581811905,222.1798740029335,223.11976581811905,222.40637600421906,221.72045171260834,222.56000274419785,222.03628754615784,222.03942930698395,222.05309051275253,221.99676370620728,221.8670871257782,221.82675808668137,222.28971415758133,221.9545095562935,222.4861272573471,222.18771070241928,222.05890083312988,222.20600187778473,221.62984037399292
16,222.6607567667961,223.42571437358856,222.6607567667961,223.42571437358856,222.8255569934845,222.2293220758438,222.96621119976044,222.5360872745514,222.5094896554947,222.5259429216385,222.49258559942245,222.37901389598846,222.33333557844162,222.73466962575912,222.45655077695847,222.89399242401123,222.6542930006981,222.55061662197113,222.68166315555573,222.1501081585884
17,223.0661215186119,223.67854791879654,223.0661215186119,223.67854791879654,223.17477691173553,222.6524876356125,223.30577093362808,222.95343643426895,222.90380001068115,222.92305076122284,222.90867245197296,222.8060205578804,222.7576334476471,223.10652083158493,222.8762698173523,223.23195779323578,223.04372000694275,222.96281284093857,223.08016526699066,222.5831909775734
18,223.36872774362564,223.86181366443634,223.36872774362564,223.86181366443634,223.4301586151123,222.96002787351608,223.55614429712296,223.2599167227745,223.19640469551086,223.21743404865265,223.2169902920723,223.12025099992752,223.07140904664993,223.38034516572952,223.1852902173996,223.47685086727142,223.32978409528732,223.2665609717369,223.37544989585876,222.8982993364334
19,223.5448397397995,223.96180778741837,223.5448397397995,223.96180778741837,223.5718148946762,223.12746208906174,223.69868522882462,223.43181890249252,223.3654869198799,223.38617712259293,223.3940069079399,223.29789531230927,223.25116276741028,223.53555661439896,223.35966688394547,223.6097447872162,223.49065786600113,223.43730080127716,223.54546040296555,223.0697459578514
20,223.57890129089355,223.96998006105423,223.57890129089355,223.96998006105423,223.587267100811,223.13988363742828,223.721617937088,223.4545681476593,223.39730775356293,223.41433107852936,223.42476320266724,223.32353299856186,223.2823679447174,223.55924940109253,223.3843868970871,223.6190209388733,223.5130273103714,223.4593237042427,223.57594639062881,223.0819182395935
21,223.46745693683624,223.88495641946793,223.46745693683624,223.88495641946793,223.47448629140854,222.99569302797318,223.62293964624405,223.3263281583786,223.2891787290573,223.29815512895584,223.3065207004547,223.19379633665085,223.16305059194565,223.44901776313782,223.2567881345749,223.50301218032837,223.3950275182724,223.32959753274918,223.46380335092545,222.93316012620926
22,223.2199934720993,223.71310883760452,223.2199934720993,223.71310883760452,223.24247473478317,222.70725482702255,223.41089534759521,223.05840533971786,223.0503966808319,223.04633277654648,223.04973059892654,222.91865456104279,222.9044005870819,223.21358847618103,222.98708027601242,223.2704223394394,223.14645022153854,223.05852925777435,223.21822625398636,222.63613712787628
23,222.8565193414688,223.46725451946259,222.8565193414688,223.46725451946259,222.90897816419601,222.29798662662506,223.10203003883362,222.67226976156235,222.6997812986374,222.67774331569672,222.67518639564514,222.51857554912567,222.52810019254684,222.87091159820557,222.5960373878479,222.9383847117424,222.7867170572281,222.6673263311386,222.85846906900406,222.21466225385666
24,222.4035410284996,223.16407710313797,222.4035410284996,223.16407710313797,222.4971633553505,221.79761052131653,222.7178049683571,222.19518572092056,222.26201510429382,222.21761655807495,222.2098435163498,222.02037847042084,222.06214690208435,222.4446121454239,222.11091250181198,222.52921909093857,222.34106981754303,222.18392169475555,222.40996861457825,221.6985832452774
25,221.89007586240768,222.82174175977707,221.89007586240768,222.82174175977707,222.03225600719452,221.2379356622696,222.28153944015503,221.6562135219574,221.76404070854187,221.6938435435295,221.68306756019592,221.4533457159996,221.5365509390831,221.96040576696396,221.5612862110138,222.06739395856857,221.83699715137482,221.63879907131195,221.90045583248138,221.119111597538
26,221.34436482191086,222.4580672979355,221.34436482191086,222.4580672979355,221.5388724207878,220.6495652794838,221.816042304039,221.08273243904114,221.23208260536194,221.13416695594788,221.1232773065567,220.84613019227982,220.98026490211487,221.443294942379,220.97590512037277,221.57683807611465,221.30147176980972,221.06174087524414,221.35712105035782,220.50597417354584
27,220.79160606861115,222.08902752399445,220.79160606861115,222.08902752399445,221.03908652067184,220.05920934677124,221.3417103290558,220.49871742725372,220.68952083587646,220.563694357872,220.55572628974915,220.22437518835068,220.41889083385468,220.91585105657578,220.3806876540184,221.0790215730667,220.7586106657982,220.47941493988037,220.8044634461403,219.885757625103
28,220.25276464223862,221.72801327705383,220.25276464223862,221.72801327705383,220.55131089687347,219.48859947919846,220.87586027383804,219.92419397830963,220.1559979915619,220.00342333316803,220.00143712759018,219.60980129241943,219.8734409213066,220.3972635269165,219.79730170965195,220.59196823835373,220.22864991426468,219.91383528709412,220.26295566558838,219.2804850935936
29,219.74389904737473,221.38577246665955,219.74389904737473,221.38577246665955,220.08995461463928,218.9541345834732,220.43185847997665,219.3752373456955,219.64680516719818,219.4698085784912,219.4768641591072,219.01949912309647,219.3598244190216,219.9028723835945,219.2428327202797,220.1297560930252,219.7275567650795,219.38191103935242,219.748696744442,218.70740616321564
30,219.27641677856445,221.07001078128815,219.27641677856445,221.07001078128815,219.6651764512062,218.4669851064682,220.01928567886353,218.8638820052147,219.17285507917404,218.97486805915833,218.99380320310593,218.4660964012146,218.8888058066368,219.44397324323654,218.7298020720482,219.70231145620346,219.2671621441841,218.89565408229828,219.27343851327896,218.17882961034775
31,218.85739547014236,220.7856968641281,218.85739547014236,220.7856968641281,219.283405482769,218.03322863578796,219.64426696300507,218.39834797382355,218.74110090732574,218.5265964269638,218.55975210666656,217.95824950933456,218.46673846244812,219.02804619073868,218.26635813713074,219.31581753492355,218.85544967651367,218.46257895231247,218.84513062238693,217.7025495171547
32,218.4899474978447,220.53536939620972,218.4899474978447,220.53536939620972,218.94768089056015,217.6547947525978,219.31006425619125,217.9833281636238,218.35521984100342,218.1295046210289,218.17847311496735,217.5012965798378,218.09620535373688,218.6590674519539,217.85659831762314,218.97303515672684,218.49648076295853,218.08632111549377,218.46826803684235,217.28228276968002
33,218.17379587888718,220.31939685344696,218.17379587888718,220.31939685344696,218.65811049938202,217.33026403188705,219.0176014304161,217.62011975049973,218.01589047908783,217.78508400917053,217.8505461215973,217.0975512266159,217.77682054042816,218.33805990219116,217.50134080648422,218.67413729429245,218.19081056118011,217.76696294546127,218.14390224218369,216.91824275255203
34,217.90637636184692,220.13650155067444,217.90637636184692,220.13650155067444,218.41272908449173,217.05582147836685,218.76574623584747,217.30749064683914,217.7211319208145,217.49248784780502,217.57412558794022,216.7470486164093,217.5059757232666,218.06380784511566,217.19913870096207,218.4174736738205,217.9366609454155,217.5018731355667,217.8706961274147,216.60811460018158
35,217.68342584371567,219.9845848083496,217.68342584371567,219.9845848083496,218.20790553092957,216.82603234052658,218.55196696519852,217.04207110404968,217.46789628267288,217.2490866780281,217.3455971479416,216.44790077209473,217.2792809009552,217.8335156440735,216.9466124176979,218.20028775930405,217.7303528189659,217.2862892150879,217.64527809619904,216.3481376171112
36,217.49988508224487,219.86113506555557,217.49988508224487,219.86113506555557,218.03899443149567,216.63494604825974,218.37271070480347,216.81899005174637,217.2523426413536,217.05088359117508,217.16003161668777,216.19678801298141,217.09109580516815,217.64318376779556,216.7389087677002,218.0189652442932,217.56665855646133,217.11398047208786,217.46251767873764,216.13321685791016
37,217.35012364387512,219.76346397399902,217.35012364387512,219.76346397399902,217.9010562300682,216.4768344759941,218.22411477565765,216.63311171531677,217.07059556245804,216.89300018548965,217.01204311847687,215.98933744430542,216.9358433485031,217.48847407102585,216.5702024102211,217.86952769756317,217.4395923614502,216.97785395383835,217.31639832258224,215.9579582810402
38,217.22837662696838,219.68870168924332,217.22837662696838,219.68870168924332,217.78950345516205,216.34668147563934,218.10231804847717,216.47890669107437,216.91833287477493,216.7702350616455,216.89612931013107,215.8208947777748,216.80855453014374,217.36492282152176,216.43457186222076,217.74795258045197,217.3428264260292,216.8711603283882,217.20067083835602,215.8165072798729
39,217.12918037176132,219.6339808702469,217.12918037176132,219.6339808702469,217.70020842552185,216.2401965856552,218.0036682486534,216.35168254375458,216.79136967658997,216.67710959911346,216.8069144487381,215.68660748004913,216.70460432767868,217.26816868782043,216.32630801200867,217.6502935886383,217.26990294456482,216.78798764944077,217.10947066545486,215.70319551229477
40,217.04836702346802,219.59657055139542,217.04836702346802,219.59657055139542,217.62967211008072,216.15360176563263,217.92437762022018,216.24717795848846,216.68636012077332,216.6081379055977,216.739355802536,215.58156836032867,216.61992341279984,217.19402092695236,216.24044835567474,217.57280242443085,217.2148031592369,216.72331827878952,217.037755548954,215.61270302534103
41,216.98210352659225,219.57393395900726,216.98210352659225,219.57393395900726,217.57524347305298,216.08361327648163,217.8610058426857,216.16173249483109,216.59987491369247,216.558664560318,216.68881863355637,215.50105583667755,216.5510642528534,217.13883250951767,216.17289578914642,217.51244002580643,217.17196190357208,216.67331236600876,216.98132354021072,215.54011589288712
42,216.92694753408432,219.563740670681,216.92694753408432,219.563740670681,217.53494948148727,216.02725714445114,217.81076496839523,216.09214574098587,216.528726041317,216.52411675453186,216.65131217241287,215.4403760433197,216.49500745534897,217.0991936326027,216.12023651599884,217.46656948328018,217.13647800683975,216.6352429986,216.9368752837181,215.48126810789108
43,216.88024258613586,219.56381982564926,216.88024258613586,219.56381982564926,217.5071057677269,215.9819484949112,217.77134031057358,216.03596484661102,216.4701719880104,216.50017833709717,216.62330728769302,215.39530956745148,216.44963163137436,217.07244604825974,216.07944732904434,217.4329710006714,217.10435861349106,216.60703819990158,216.90190887451172,215.43277788162231
44,216.84043109416962,219.57211464643478,216.84043109416962,219.57211464643478,217.49042040109634,215.94528621435165,217.7407864332199,215.99149191379547,216.42186570167542,216.48348951339722,216.60170686244965,215.36227321624756,216.41343182325363,217.05647313594818,216.04839700460434,217.40988290309906,217.0724526643753,216.5870863199234,216.87460100650787,215.39191907644272
45,216.80682456493378,219.58643072843552,216.80682456493378,219.58643072843552,217.4836653470993,215.9150064587593,217.71751421689987,215.95727628469467,216.38160318136215,216.47156685590744,216.5838544368744,215.33880972862244,216.3856451511383,217.0491762161255,216.0249718427658,217.39583098888397,217.03855806589127,216.57380592823029,216.8536598086357,215.35656678676605
46,216.77902179956436,219.60434836149216,216.77902179956436,219.60434836149216,217.48547065258026,215.88915437459946,217.69980591535568,215.93217533826828,216.34749978780746,216.4629466533661,216.5678310394287,215.32340747117996,216.3654778599739,217.04864019155502,216.00763177871704,217.38967043161392,217.00147569179535,216.56523060798645,216.8381209373474,215.32551312446594
47,216.75666272640228,219.62358236312866,216.75666272640228,219.62358236312866,217.49432373046875,215.86621618270874,217.68600690364838,215.915167927742,216.31807285547256,216.4568020105362,216.55245560407639,215.31502163410187,216.3520631790161,217.0528845191002,215.99504095315933,217.39020389318466,216.96095710992813,216.55949425697327,216.82718515396118,215.29761856794357
48,216.7397221326828,219.64218229055405,216.7397221326828,219.64218229055405,217.50842171907425,215.8452029824257,217.67478585243225,215.90546941757202,216.29262673854828,216.45287710428238,216.5371354818344,215.31259900331497,216.34438282251358,217.06022667884827,215.9859076142311,217.39603835344315,216.9171980023384,216.55527478456497,216.82004988193512,215.2719810605049
49,216.7278054356575,219.65857243537903,216.7278054356575,219.65857243537903,217.52589511871338,215.82583266496658,217.66506683826447,215.90233939886093,216.2709139585495,216.4514480829239,216.5217873454094,215.31490671634674,216.34116852283478,217.0693569779396,215.97911900281906,217.40551960468292,216.870991230011,216.55200642347336,216.81581151485443,215.24772334098816
50,216.7205017209053,219.67135125398636,216.7205017209053,219.67135125398636,217.54471176862717,215.80818283557892,217.65609967708588,215.90494495630264,216.25255399942398,216.45263540744781,216.50694024562836,215.32096022367477,216.34097009897232,217.07900708913803,215.97406643629074,217.4169983267784,216.8234236240387,216.54945254325867,216.81352603435516,215.22413206100464
51,216.7172976732254,219.67941957712173,216.7172976732254,219.67941957712173,217.56297534704208,215.79266738891602,217.6474266052246,215.91243571043015,216.23744440078735,216.45649188756943,216.49328219890594,215.3300518989563,216.34250622987747,217.08787113428116,215.97023558616638,217.4287849664688,216.77592676877975,216.5478732585907,216.81216484308243,215.201173722744
52,216.71733874082565,219.68186777830124,216.71733874082565,219.68186777830124,217.5788937807083,215.77984249591827,217.63893884420395,215.92405050992966,216.2253166437149,216.4622963666916,216.48159462213516,215.34168338775635,216.34378331899643,217.09485131502151,215.96732658147812,217.43942433595657,216.72984778881073,216.5474888086319,216.81103646755219,215.17900663614273
53,216.71967285871506,219.67838805913925,216.71967285871506,219.67838805913925,217.5913486480713,215.77040368318558,217.63104569911957,215.9389130473137,216.21603840589523,216.468516767025,216.47271823883057,215.35538613796234,216.3433129787445,217.09930777549744,215.96517872810364,217.44752073287964,216.68662732839584,216.54841232299805,216.80946171283722,215.15810370445251
54,216.72362768650055,219.66918450593948,216.72362768650055,219.66918450593948,217.5999090075493,215.76514732837677,217.62442284822464,215.95627284049988,216.2097129225731,216.47322976589203,216.46723866462708,215.3709952235222,216.34010845422745,217.10081565380096,215.96326541900635,217.45194280147552,216.6475545167923,216.55074632167816,216.80710917711258,215.13915956020355
55,216.72849816083908,219.65464800596237,216.72849816083908,219.65464800596237,217.6045325398445,215.76442849636078,217.61996179819107,215.97571194171906,216.2065588235855,216.47471219301224,216.46534776687622,215.38836479187012,216.3334988951683,217.09952002763748,215.9613694548607,217.45185941457748,216.61351358890533,216.55469661951065,216.80407214164734,215.1225848197937
56,216.73396790027618,219.63545525074005,216.73396790027618,219.63545525074005,217.60573416948318,215.76833188533783,217.61846578121185,215.99683076143265,216.20705556869507,216.47157180309296,216.4666445851326,215.4072299003601,216.32300305366516,217.09575390815735,215.95925110578537,217.4469575881958,216.58473682403564,216.56065088510513,216.80073326826096,215.10869246721268
57,216.7399372458458,219.61243402957916,216.7399372458458,219.61243402957916,217.60417592525482,215.77722519636154,217.62059319019318,216.01897364854813,216.21170091629028,216.46306973695755,216.4698168039322,215.42740881443024,216.3083364367485,217.0897827744484,215.95627838373184,217.43739986419678,216.56127905845642,216.56925493478775,216.79767954349518,215.09727573394775
58,216.7465735077858,219.58647960424423,216.7465735077858,219.58647960424423,217.60061329603195,215.79179465770721,217.62672019004822,216.0411497950554,216.22104555368423,216.44933116436005,216.4734344482422,215.4488639831543,216.28983610868454,217.08180457353592,215.95194518566132,217.42399960756302,216.54314196109772,216.5810598731041,216.79530256986618,215.08770149946213
59,216.75383841991425,219.55837631225586,216.75383841991425,219.55837631225586,217.59573715925217,215.81254160404205,217.63694137334824,216.0618742108345,216.23521411418915,216.43091654777527,216.47661286592484,215.47140336036682,216.26811915636063,217.07229340076447,215.94576066732407,217.40772956609726,216.52999925613403,216.59622204303741,216.79395920038223,215.0791727900505
60,216.7614751458168,219.5288674235344,216.7614751458168,219.5288674235344,217.59024161100388,215.8395618200302,217.65114784240723,216.07943254709244,216.25329720973969,216.40893924236298,216.47865718603134,215.4949653148651,216.24404472112656,217.06167471408844,215.93759471178055,217.3897197842598,216.52142441272736,216.61376821994781,216.79410630464554,215.07070696353912
61,216.7692170739174,219.49852895736694,216.7692170739174,219.49852895736694,217.5846522450447,215.87270760536194,217.66903334856033,216.092630982399,216.27363806962967,216.38486677408218,216.47932481765747,215.51918613910675,216.21859008073807,217.05005657672882,215.92732745409012,217.37126886844635,216.51682645082474,216.63218599557877,216.7954478263855,215.0614013671875
62,216.77662074565887,219.46800005435944,216.77662074565887,219.46800005435944,217.5795914530754,215.91129797697067,217.69036483764648,216.10099518299103,216.29437279701233,216.36038821935654,216.47916847467422,215.54343008995056,216.19287663698196,217.03767704963684,215.91499435901642,217.35387575626373,216.51548570394516,216.64978235960007,216.7971757054329,215.05070132017136
63,216.78306478261948,219.43805903196335,216.78306478261948,219.43805903196335,217.57567048072815,215.95395535230637,217.71472871303558,216.10461109876633,216.3133509159088,216.33729815483093,216.47888040542603,215.56716042757034,216.16852539777756,217.02465200424194,215.90068799257278,217.33884686231613,216.51668256521225,216.66515743732452,216.79817003011703,215.03836220502853
64,216.7880425453186,219.4094780087471,216.7880425453186,219.4094780087471,217.57333779335022,215.9990133047104,217.7414509654045,216.10375863313675,216.32848864793777,216.31669664382935,216.47939729690552,215.58970826864243,216.14746594429016,217.01115453243256,215.88481897115707,217.32723516225815,216.51974833011627,216.6771406531334,216.79778689146042,215.02438986301422
65,216.79121178388596,219.38292211294174,216.79121178388596,219.38292211294174,217.57301670312881,216.04430603981018,217.77009588479996,216.0991707444191,216.3383527994156,216.29933643341064,216.48149526119232,215.61041116714478,216.13142508268356,216.99742752313614,215.86790496110916,217.31997591257095,216.5241144299507,216.6845117211342,216.7953650355339,215.00883054733276
66,216.7928403019905,219.35903096199036,216.7928403019905,219.35903096199036,217.57493448257446,216.08744663000107,217.80001020431519,216.09189265966415,216.34210884571075,216.28568762540817,216.48557275533676,215.62875121831894,216.12151831388474,216.9838147163391,215.85052984952927,217.3176293373108,216.52956491708755,216.6866448521614,216.79048013687134,214.99185985326767
67,216.7933485507965,219.33829003572464,216.7933485507965,219.33829003572464,217.57912904024124,216.12643814086914,217.83022624254227,216.08315533399582,216.3394141793251,216.2757151722908,216.49154180288315,215.64388728141785,216.11799138784409,216.97049361467361,215.83356964588165,217.32033717632294,216.53591883182526,216.683198928833,216.78323048353195,214.97342759370804
68,216.79313719272614,219.32100874185562,216.79313719272614,219.32100874185562,217.58576744794846,216.1596903204918,217.8596722483635,216.07451993227005,216.33044058084488,216.2691577076912,216.4993360042572,215.6548808813095,216.12098145484924,216.95755887031555,215.81806790828705,217.3276927471161,216.5428735613823,216.67424535751343,216.77422606945038,214.9535629749298
69,216.79245334863663,219.30739057064056,216.79245334863663,219.30739057064056,217.59509229660034,216.1859370470047,217.8873674273491,216.06742131710052,216.31536728143692,216.26600694656372,216.5085173845291,215.66089767217636,216.1303824186325,216.94444423913956,215.80510818958282,217.33909034729004,216.54997581243515,216.66050279140472,216.76423609256744,214.93209773302078
70,216.79113894701004,219.29761976003647,216.79113894701004,219.29761976003647,217.607082426548,216.20410245656967,217.91247606277466,216.06315523386002,216.294575214386,216.2658667564392,216.5185422897339,215.66115552186966,216.14562726020813,216.93077558279037,215.79554843902588,217.35381245613098,216.55666083097458,216.64282298088074,216.75413304567337,214.90903812646866
71,216.78886502981186,219.2918404340744,216.78886502981186,219.2918404340744,217.62087213993073,216.2134153842926,217.93473422527313,216.06238555908203,216.26885986328125,216.26807117462158,216.52870804071426,215.65527880191803,216.16597270965576,216.91698223352432,215.7903187274933,217.37111777067184,216.5625942349434,216.62248903512955,216.74471628665924,214.88381999731064
72,216.78534752130508,219.28989106416702,216.78534752130508,219.28989106416702,217.63538086414337,216.21368378400803,217.9542686343193,216.06521141529083,216.23950177431107,216.2719533443451,216.5387322306633,215.64329278469086,216.19057458639145,216.90350967645645,215.79017639160156,217.3905886411667,216.5676234960556,216.6013658642769,216.7365038394928,214.85606521368027
73,216.78079813718796,219.2914547920227,216.78079813718796,219.2914547920227,217.6495178937912,216.20491003990173,217.97130370140076,216.0714082121849,216.20811945199966,216.2765120267868,216.54858446121216,215.62569952011108,216.21823507547379,216.89078432321548,215.79554742574692,217.41176956892014,216.57160657644272,216.58098286390305,216.72960078716278,214.82482933998108
74,216.77549600601196,219.29586708545685,216.77549600601196,219.29586708545685,217.6616788506508,216.18757212162018,217.9861922264099,216.08040511608124,216.17618542909622,216.28065991401672,216.55803364515305,215.60310858488083,216.24742275476456,216.87917786836624,215.80642890930176,217.4341385960579,216.57420581579208,216.56223154067993,216.7238552570343,214.78945261240005
75,216.76945662498474,219.3023379445076,216.76945662498474,219.3023379445076,217.67020577192307,216.16257095336914,217.99930548667908,216.09180188179016,216.1451711654663,216.28366869688034,216.56662929058075,215.57625007629395,216.27675241231918,216.86903762817383,215.8223916888237,217.4569736123085,216.5751013159752,216.5455697774887,216.71884405612946,214.75003665685654
76,216.76294493675232,219.30981546640396,216.76294493675232,219.30981546640396,217.6738556623459,216.1310457587242,218.0110757946968,216.1054522395134,216.11636167764664,216.28504413366318,216.57400792837143,215.5461922287941,216.30533480644226,216.86058300733566,215.842404961586,217.47969710826874,216.5741869211197,216.5310999751091,216.71365922689438,214.70741987228394
77,216.75648081302643,219.31728041172028,216.75648081302643,219.31728041172028,217.67211204767227,216.09423798322678,218.0214120745659,216.12098681926727,216.09077137708664,216.28434300422668,216.57980024814606,215.51391065120697,216.33273041248322,216.85382908582687,215.86565446853638,217.50175231695175,216.57134127616882,216.51897007226944,216.70718264579773,214.66277569532394
78,216.75081324577332,219.32432478666306,216.75081324577332,219.32432478666306,217.6651846766472,216.05389535427094,218.02974194288254,216.13787895441055,216.0694438815117,216.28119999170303,216.58359557390213,215.48020070791245,216.35866582393646,216.8488913178444,215.89066541194916,217.52262139320374,216.56638073921204,216.50955212116241,216.6986648440361,214.61788421869278
79,216.74697428941727,219.33086556196213,216.74697428941727,219.33086556196213,217.65356814861298,216.0120394229889,218.03543555736542,216.1555882692337,216.05350637435913,216.27545738220215,216.58495372533798,215.4463548064232,216.383121073246,216.8458555340767,215.9160805940628,217.54203915596008,216.55927443504333,216.5028499364853,216.6875033378601,214.57521837949753
80,216.74605131149292,219.33701586723328,216.74605131149292,219.33701586723328,217.63767755031586,215.97033196687698,218.0376454591751,216.1734220981598,216.04372668266296,216.2673982977867,216.5837705731392,215.41362196207047,216.4062014222145,216.8445199728012,215.94057965278625,217.55985856056213,216.55026185512543,216.49927949905396,216.67339277267456,214.53767973184586
81,216.7492551803589,219.34282106161118,216.7492551803589,219.34282106161118,217.61846959590912,215.9302669763565,218.0360847711563,216.18999218940735,216.04041653871536,216.25762557983398,216.58021116256714,215.382608294487,216.42803901433945,216.8450344800949,215.9627566933632,217.57570374011993,216.5396060347557,216.49956327676773,216.65663301944733,214.50732278823853
82,216.75741356611252,219.3482596874237,216.75741356611252,219.3482596874237,217.59712064266205,215.89367926120758,218.0307114124298,216.20416712760925,216.04293876886368,216.24671787023544,216.57466280460358,215.35342997312546,216.44883745908737,216.8472140431404,215.9819129705429,217.58915853500366,216.52785140275955,216.5041401386261,216.63829791545868,214.48580437898636
83,216.7703229188919,219.3530941605568,216.7703229188919,219.3530941605568,217.57478606700897,215.86233013868332,218.02109098434448,216.21505850553513,216.05078393220901,216.23516315221786,216.5679696202278,215.32643789052963,216.46846371889114,216.85087102651596,215.99756795167923,217.59969520568848,216.51580107212067,216.512251496315,216.62013798952103,214.47448199987411
84,216.78705990314484,219.35715264081955,216.78705990314484,219.35715264081955,217.55240535736084,215.8376984000206,218.00661408901215,216.22156608104706,216.06373012065887,216.22339326143265,216.56120973825455,215.30218869447708,216.48640429973602,216.85587507486343,216.00918704271317,217.60736989974976,216.50408565998077,216.5228729248047,216.6039211153984,214.4737793803215
85,216.80643385648727,219.36057275533676,216.80643385648727,219.36057275533676,217.53077965974808,215.82081454992294,217.98700386285782,216.22341418266296,216.08145815134048,216.21191310882568,216.5551759004593,215.28095346689224,216.50207608938217,216.86194097995758,216.01653718948364,217.61239790916443,216.4931235909462,216.53488504886627,216.5910758972168,214.4831914305687
86,216.82713532447815,219.36347168684006,216.82713532447815,219.36347168684006,217.5107206106186,215.81160056591034,217.9624400138855,216.2203631401062,216.1036153435707,216.20166784524918,216.549802839756,215.26278519630432,216.51514291763306,216.86867928504944,216.01975464820862,217.61522489786148,216.48308795690536,216.547243475914,216.58277082443237,214.50185024738312
87,216.84817695617676,219.36590433120728,216.84817695617676,219.36590433120728,217.49289000034332,215.80919629335403,217.93334609270096,216.21206510066986,216.12997770309448,216.19343847036362,216.54467642307281,215.24792355298996,216.52523267269135,216.87544149160385,216.0194067955017,217.61679065227509,216.4737954735756,216.5590028166771,216.57972902059555,214.52853459119797
88,216.86861497163773,219.3681342601776,216.86861497163773,219.3681342601776,217.47770380973816,215.81241923570633,217.90014386177063,216.19821655750275,216.16003435850143,216.18752735853195,216.53954112529755,215.23691099882126,216.53159445524216,216.88153386116028,216.01512604951859,217.6179820895195,216.46494203805923,216.56893628835678,216.58210462331772,214.56240564584732
89,216.8874894976616,219.370381295681,216.8874894976616,219.370381295681,217.46557796001434,215.8203729391098,217.86377960443497,216.17872381210327,216.19252967834473,216.1842143535614,216.5345482826233,215.22995680570602,216.53340488672256,216.88663041591644,216.00685167312622,217.61964517831802,216.45612597465515,216.57552975416183,216.5889163017273,214.60314905643463
90,216.90384608507156,219.37308061122894,216.90384608507156,219.37308061122894,217.45677661895752,215.83196705579758,217.8254275918007,216.1537030339241,216.22535794973373,216.18388026952744,216.52994012832642,215.2271844148636,216.53030586242676,216.89109563827515,215.99490040540695,217.6221188902855,216.44673246145248,216.57807302474976,216.59834223985672,214.64974170923233
91,216.91685992479324,219.37644720077515,216.91685992479324,219.37644720077515,217.45105135440826,215.84629851579666,217.7865772843361,216.12371391057968,216.2561486363411,216.1866693496704,216.52557241916656,215.2280879020691,216.52148181200027,216.89512372016907,215.97954523563385,217.62566822767258,216.43646878004074,216.57701241970062,216.60844218730927,214.70152765512466
92,216.92637515068054,219.38025224208832,216.92637515068054,219.38025224208832,217.44794476032257,215.8621734380722,217.74860221147537,216.0899162888527,216.2830175757408,216.19223874807358,216.5213697552681,215.2321829199791,216.50610440969467,216.8986588716507,215.9613161087036,217.6302651166916,216.42527306079865,216.57303780317307,216.6174060702324,214.75830513238907
93,216.9325807094574,219.3838661313057,216.9325807094574,219.3838661313057,217.44645595550537,215.87789672613144,217.7125638127327,216.053726375103,216.30463176965714,216.20045840740204,216.51706850528717,215.23923254013062,216.48373579978943,216.9017882347107,215.94065934419632,217.63546216487885,216.41336810588837,216.5667985677719,216.62377578020096,214.8192155957222
94,216.93580490350723,219.38682091236115,216.93580490350723,219.38682091236115,217.4453290104866,215.89206951856613,217.6792147755623,216.0163196325302,216.3200353384018,216.21073603630066,216.5121386051178,215.24946910142899,216.4538390636444,216.90457391738892,215.91786795854568,217.6405475139618,216.40117639303207,216.55879199504852,216.6267706155777,214.88326460123062
95,216.93788641691208,219.3884775042534,216.93788641691208,219.3884775042534,217.4426110982895,215.90375530719757,217.64885210990906,215.97929215431213,216.32865637540817,216.222329556942,216.50594049692154,215.2630587220192,216.41760671138763,216.9074375629425,215.8927851319313,217.64535182714462,216.38937842845917,216.5492976307869,216.62641471624374,214.94872903823853
96,216.94048994779587,219.38838118314743,216.94048994779587,219.38838118314743,217.43656939268112,215.91250830888748,217.62153279781342,215.94427758455276,216.33122146129608,216.2345877289772,216.49866652488708,215.2799592614174,216.37664657831192,216.91103971004486,215.8655430674553,217.64996659755707,216.37860000133514,216.53864884376526,216.62309515476227,215.01326942443848
97,216.94474405050278,219.3864562511444,216.94474405050278,219.3864562511444,217.42616665363312,215.91834872961044,217.59691935777664,215.91250675916672,216.32900202274323,216.24721938371658,216.49082458019257,215.29987609386444,216.33227741718292,216.91569137573242,215.83729702234268,217.6546818614006,216.36955904960632,216.52686762809753,216.61690986156464,215.07423669099808
98,216.95071083307266,219.38259708881378,216.95071083307266,219.38259708881378,217.41060227155685,215.9215385913849,217.57500582933426,215.88484263420105,216.32342714071274,216.26058781147003,216.48258048295975,215.3228703737259,216.28574347496033,216.9216649532318,215.80960869789124,217.65961056947708,216.36331582069397,216.5136837363243,216.60772842168808,215.12931150197983
99,216.95746213197708,219.37737303972244,216.95746213197708,219.37737303972244,217.38999062776566,215.92273539304733,217.55553501844406,215.86210942268372,216.3162925839424,216.2754487991333,216.47401785850525,215.34988605976105,216.2384798526764,216.9294336438179,215.78399884700775,217.66430670022964,216.36120545864105,216.49825155735016,216.5966728925705,215.17661064863205
100,216.964251101017,219.37180054187775,216.964251101017,219.37180054187775,217.36512559652328,215.9225679039955,217.53853338956833,215.84450894594193,216.30951309204102,216.29233020544052,216.4655510187149,215.38218188285828,216.1916913986206,216.93886142969131,215.76210033893585,217.6678032875061,216.3645397424698,216.48025810718536,216.58510261774063,215.21525871753693
101,216.97015184164047,219.36659055948257,216.97015184164047,219.36659055948257,217.33751952648163,215.9217598438263,217.52457511425018,215.83147531747818,216.30449920892715,216.31121402978897,216.45702517032623,215.42052203416824,216.1463069319725,216.950186252594,215.74405270814896,217.66968846321106,216.37497568130493,216.4594066143036,216.5735583305359,215.24450755119324
102,216.9742107987404,219.36250549554825,216.9742107987404,219.36250549554825,217.30932784080505,215.92127430438995,217.5146759748459,215.82220441102982,216.3019945025444,216.3315625190735,216.44750773906708,215.46485286951065,216.10264384746552,216.9635916352272,215.7294093966484,217.6693583726883,216.39298331737518,216.43610447645187,216.56225222349167,215.26371330022812
103,216.97607469558716,219.3602170944214,216.97607469558716,219.3602170944214,217.28270930051804,215.92177045345306,217.5101667046547,215.8157606124878,216.30233317613602,216.35317504405975,216.43599325418472,215.51502579450607,216.06119722127914,216.97909784317017,215.71713054180145,217.6665639281273,216.41751110553741,216.41082793474197,216.55092191696167,215.27349841594696
104,216.9762363433838,219.36022597551346,216.9762363433838,219.36022597551346,217.25972932577133,215.92360532283783,217.51223403215408,215.8117344379425,216.30498379468918,216.3760707974434,216.4215617775917,215.5706924200058,216.0220027565956,216.99659150838852,215.70600032806396,217.66113460063934,216.4468207359314,216.3834951519966,216.53903585672379,215.27524596452713
105,216.9750611782074,219.3627792596817,216.9750611782074,219.3627792596817,217.24213856458664,215.92718893289566,217.5222151875496,215.8092315196991,216.30928254127502,216.40090346336365,216.40372151136398,215.63021701574326,215.98462688922882,217.0155121088028,215.69564765691757,217.65311181545258,216.47900223731995,216.35401594638824,216.52691662311554,215.27014935016632
106,216.97310775518417,219.36812263727188,216.97310775518417,219.36812263727188,217.23107916116714,215.93271416425705,217.54023051261902,215.80759197473526,216.31445962190628,216.4274119734764,216.3824326992035,215.69050735235214,215.94911605119705,217.03489315509796,215.6855010986328,217.6427635550499,216.51184809207916,216.32285994291306,216.5157430768013,215.25961220264435
107,216.9700849056244,219.3764470219612,216.9700849056244,219.3764470219612,217.2261158823967,215.94090348482132,217.56599789857864,215.80680763721466,216.31925505399704,216.45432651042938,216.3577887415886,215.7474781870842,215.91507065296173,217.05349904298782,215.6745467185974,217.62978374958038,216.5441380739212,216.29066675901413,216.50702887773514,215.2455108165741
108,216.96487140655518,219.3877210021019,216.96487140655518,219.3877210021019,217.22547382116318,215.95228934288025,217.599063038826,215.80706644058228,216.322467982769,216.4805766940117,216.33010882139206,215.79824709892273,215.88207978010178,217.06980687379837,215.66218721866608,217.61403423547745,216.57522529363632,216.25771689414978,216.5018345117569,215.22956717014313
109,216.95627856254578,219.401715695858,216.95627856254578,219.401715695858,217.22608488798141,215.9674208164215,217.63775992393494,215.80819803476334,216.3233335018158,216.5048050880432,216.29929107427597,215.84126371145248,215.85027533769608,217.0823249220848,215.64806818962097,217.59590899944305,216.60492533445358,216.22427207231522,216.50101482868195,215.2130686044693
110,216.94333118200302,219.4182826280594,216.94333118200302,219.4182826280594,217.22571277618408,215.9867896437645,217.67954301834106,215.81027805805206,216.32086324691772,216.5251082777977,216.26516342163086,215.87540984153748,215.8207732439041,217.0895960330963,215.63249266147614,217.57607620954514,216.63334774971008,216.1917771100998,216.50530034303665,215.1971139907837
111,216.92418932914734,219.43731480836868,216.92418932914734,219.43731480836868,217.22358191013336,216.0100803375244,217.72210890054703,215.81377106904984,216.31458187103271,216.53981524705887,216.2286101579666,215.89973199367523,215.7945471405983,217.09014850854874,215.61576735973358,217.5550091266632,216.6603970527649,216.16188275814056,216.5154179930687,215.18268257379532
112,216.8975431919098,219.45845353603363,216.8975431919098,219.45845353603363,217.2197840809822,216.03643345832825,217.76273041963577,215.8181483745575,216.30429077148438,216.54781711101532,216.19068467617035,215.9136301279068,215.77237564325333,217.08349639177322,215.59854632616043,217.53328001499176,216.68539762496948,216.1360411643982,216.53130531311035,215.1704068183899
113,216.8638480901718,219.48108166456223,216.8638480901718,219.48108166456223,217.2144027352333,216.0647709965706,217.79826617240906,215.82314437627792,216.2897665500641,216.54797565937042,216.15200126171112,215.91631108522415,215.75532680749893,217.0697209239006,215.58175164461136,217.51138013601303,216.7078878879547,216.11562073230743,216.5523802638054,215.16082555055618
114,216.82380467653275,219.5046066045761,216.82380467653275,219.5046066045761,217.207732796669,216.09358721971512,217.8260179758072,215.82834196090698,216.27142667770386,216.53884249925613,216.11385649442673,215.90721720457077,215.7446808218956,217.04916393756866,215.56704878807068,217.48973083496094,216.72775143384933,216.1019630432129,216.57814848423004,215.15413564443588
115,216.77819174528122,219.52856528759003,216.77819174528122,219.52856528759003,217.20075350999832,216.12186443805695,217.84381836652756,215.8324688076973,216.24995702505112,216.51974773406982,216.0786458849907,215.88668251037598,215.7413467168808,217.02234816551208,215.55593556165695,217.4691827893257,216.7446414232254,216.0966227054596,216.60752856731415,215.1506369113922
116,216.7281312942505,219.5525944828987,216.7281312942505,219.5525944828987,217.19430321455002,216.14859414100647,217.8496909737587,215.83403742313385,216.22567051649094,216.4913975596428,216.04848074913025,215.855662047863,215.7454099059105,216.98980748653412,215.54919254779816,217.45030879974365,216.75839567184448,216.10045397281647,216.6391471028328,215.14946949481964
117,216.6744258403778,219.57605457305908,216.6744258403778,219.57605457305908,217.1886287331581,216.1723192334175,217.84278732538223,215.83205842971802,216.19852024316788,216.45514219999313,216.02476221323013,215.8152197599411,215.75680708885193,216.9523138999939,215.54813289642334,217.43294715881348,216.76856762170792,216.11381524801254,216.67156207561493,215.14951956272125
118,216.61847084760666,219.59793031215668,216.61847084760666,219.59793031215668,217.18384331464767,216.19084632396698,217.8237653374672,215.8252658843994,216.16838282346725,216.41340857744217,216.00775557756424,215.76683109998703,215.77496898174286,216.9108104109764,215.55276173353195,217.4168217778206,216.77433812618256,216.13713508844376,216.70318216085434,215.14917308092117
119,216.56139624118805,219.617282807827,216.56139624118805,219.617282807827,217.18000775575638,216.20201885700226,217.79478257894516,215.81275367736816,216.13495111465454,216.36892765760422,215.99596118927002,215.71243333816528,215.79887926578522,216.86607831716537,215.56216502189636,217.4010410308838,216.77538394927979,216.1704123020172,216.73209989070892,215.1469469666481
120,216.5044093132019,219.63337540626526,216.5044093132019,219.63337540626526,217.17730897665024,216.20346504449844,217.75882625579834,215.7936219573021,216.09877890348434,216.32372957468033,215.98714238405228,215.6541536450386,215.8273681998253,216.8194082379341,215.5747886300087,217.38472074270248,216.7712837457657,216.2122398018837,216.75670367479324,215.1409963965416
121,216.44866836071014,219.6456413269043,216.44866836071014,219.6456413269043,217.17558467388153,216.1938768029213,217.71928870677948,215.76734614372253,216.06106215715408,216.27925497293472,215.98022711277008,215.59415292739868,215.85879760980606,216.77293872833252,215.58893716335297,217.36736577749252,216.76156502962112,216.26062721014023,216.7766740322113,215.12923508882523
122,216.3956361413002,219.65367531776428,216.3956361413002,219.65367531776428,217.1746888756752,216.17284059524536,217.67993187904358,215.73524683713913,216.0226970911026,216.23695755004883,215.97463911771774,215.53450018167496,215.89146745204926,216.72889214754105,215.60378140211105,217.34886676073074,216.7454815506935,216.31333869695663,216.79227030277252,215.11083382368088
123,216.34706312417984,219.6572585105896,216.34706312417984,219.6572585105896,217.17515099048615,216.14095443487167,217.643927693367,215.69925355911255,215.98419559001923,216.19781494140625,215.97028547525406,215.47712993621826,215.92418891191483,216.6891593337059,215.61930906772614,217.3289092183113,216.72284281253815,216.3678320646286,216.80467504262924,215.085722386837
124,216.3037632703781,219.65611243247986,216.3037632703781,219.65611243247986,217.17801666259766,216.0996150970459,217.61378645896912,215.66141653060913,215.94632005691528,216.16229593753815,215.967580139637,215.42425483465195,215.95539665222168,216.65490812063217,215.6358267068863,217.3078048825264,216.69343757629395,216.4214539527893,216.81599992513657,215.05420303344727
125,216.26621508598328,219.65004193782806,216.26621508598328,219.65004193782806,217.18367528915405,216.05101245641708,217.59098279476166,215.62353646755219,215.91103267669678,216.1302838921547,215.96686792373657,215.3778989315033,215.98357844352722,216.62699925899506,215.6532363295555,217.2867700457573,216.6570367217064,216.47166180610657,216.82735133171082,215.01693683862686
126,216.23435598611832,219.6393028497696,216.23435598611832,219.6393028497696,217.19195300340652,215.99743562936783,217.57584029436111,215.5872523188591,215.88058292865753,216.10100120306015,215.9677369594574,215.33942639827728,216.00789314508438,216.60616433620453,215.67095160484314,217.266774892807,216.61480796337128,216.51587575674057,216.83933359384537,214.97524285316467
127,216.20809334516525,219.62424051761627,216.20809334516525,219.62424051761627,217.20248806476593,215.941461622715,217.56742173433304,215.55357319116592,215.85709154605865,216.07380026578903,215.9698362350464,215.3102753162384,216.0272673368454,216.59266662597656,215.68823957443237,217.24868565797806,216.5683662891388,216.55154806375504,216.85272645950317,214.93057245016098
128,216.18741738796234,219.6052247285843,216.18741738796234,219.6052247285843,217.2149310708046,215.88598769903183,217.56379252672195,215.5232162475586,215.84189891815186,216.04839169979095,215.9726112484932,215.29136276245117,216.04032462835312,216.58675920963287,215.70415502786636,217.2331019639969,216.51973688602448,216.57677125930786,216.86780071258545,214.88413047790527
129,216.17237639427185,219.58275544643402,216.17237639427185,219.58275544643402,217.22844648361206,215.83352947235107,217.562541782856,215.49627542495728,215.8350116610527,216.0249012708664,215.97519433498383,215.28232043981552,216.046601831913,216.58815604448318,215.71775323152542,217.22040688991547,216.47160011529922,216.590192258358,216.88432174921036,214.8367046713829
130,216.16258764266968,219.5574945807457,216.16258764266968,219.5574945807457,217.24197435379028,215.78629314899445,217.5615263581276,215.4716758131981,215.83537209033966,216.0038931965828,215.9765704870224,215.28237932920456,216.04697674512863,216.59592461585999,215.72781521081924,217.21057200431824,216.42656236886978,216.5919827222824,216.90164893865585,214.78906393051147
131,216.1571462750435,219.53027993440628,216.1571462750435,219.53027993440628,217.25474375486374,215.74617320299149,217.55934524536133,215.4482742547989,215.84117776155472,215.98632806539536,215.97588658332825,215.28996539115906,216.0435270667076,216.60905772447586,215.73277735710144,217.20341646671295,216.38690865039825,216.58325326442719,216.9189688563347,214.74256205558777
132,216.15508925914764,219.50228083133698,216.15508925914764,219.50228083133698,217.2664017677307,215.71453201770782,217.55519646406174,215.42579329013824,215.85054177045822,215.97318118810654,215.97337210178375,215.30289381742477,216.03813654184341,216.6264567375183,215.7311967611313,217.1987388730049,216.3546420931816,216.56538879871368,216.93482333421707,214.69857323169708
133,216.1559814810753,219.47462236881256,216.1559814810753,219.47462236881256,217.2768731713295,215.69317799806595,217.54830610752106,215.4047122001648,215.86124885082245,215.96485167741776,215.96971237659454,215.31968903541565,216.0325469970703,216.64634293317795,215.7221735715866,217.19632595777512,216.33114284276962,216.53975981473923,216.94804674386978,214.6574063897133
134,216.15877729654312,219.44896483421326,216.15877729654312,219.44896483421326,217.28619194030762,215.6832599043846,217.53851491212845,215.38514959812164,215.8709506392479,215.96097207069397,215.96545243263245,215.33942770957947,216.028205037117,216.6663607954979,215.7062350511551,217.1960093975067,216.31745827198029,216.50797355175018,216.95744913816452,214.61918705701828
135,216.16212928295135,219.42687129974365,216.16212928295135,219.42687129974365,217.29397469758987,215.6834438443184,217.52549493312836,215.3681876063347,215.877769947052,215.96069610118866,215.96038287878036,215.36070132255554,216.0262349843979,216.68465787172318,215.68467873334885,217.19759768247604,216.31429433822632,216.4712998867035,216.9612865447998,214.5840327143669
136,216.16490906476974,219.40917766094208,216.16490906476974,219.40917766094208,217.29896277189255,215.69071686267853,217.5092375278473,215.35533368587494,215.87996864318848,215.96210825443268,215.9546508193016,215.38234156370163,216.02830940485,216.6986636519432,215.6596678495407,217.20072722434998,216.3208726644516,216.4304490685463,216.95772457122803,214.55107361078262
137,216.16606205701828,219.39635235071182,216.16606205701828,219.39635235071182,217.29918551445007,215.7014763355255,217.49022084474564,215.3476481437683,215.87628424167633,215.96397280693054,215.94863921403885,215.40253573656082,216.03521943092346,216.70681363344193,215.63315457105637,217.2055023908615,216.33558613061905,216.3870933651924,216.9460306763649,214.5191052556038
138,216.1652736067772,219.38784366846085,216.1652736067772,219.38784366846085,217.2932311296463,215.71354335546494,217.46973204612732,215.34581172466278,215.86572861671448,215.9661926627159,215.94285809993744,215.41958838701248,216.0481135249138,216.7088205218315,215.6061525940895,217.21228003501892,216.3554756641388,216.34248852729797,216.92653495073318,214.48775553703308
139,216.16195595264435,219.38251626491547,216.16195595264435,219.38251626491547,217.28032451868057,215.72490638494492,217.4493173956871,215.34997761249542,215.8476487994194,215.96849083900452,215.93794697523117,215.43246281147003,216.06790924072266,216.7053857445717,215.57972937822342,217.2209340929985,216.3782828450203,216.29738169908524,216.90038496255875,214.4568817615509
140,216.15553748607635,219.37942349910736,216.15553748607635,219.37942349910736,217.25993716716766,215.73347264528275,217.4302886724472,215.35987031459808,215.82201826572418,215.97027969360352,215.93461686372757,215.440279006958,216.0941265821457,216.69775867462158,215.555395424366,217.23156249523163,216.40206587314606,216.2520038485527,216.86939203739166,214.42659038305283
141,216.14561414718628,219.3777546286583,216.14561414718628,219.3777546286583,217.2320300936699,215.73730635643005,217.41335636377335,215.37533152103424,215.78941386938095,215.97182351350784,215.93272519111633,215.44266378879547,216.12558525800705,216.68742966651917,215.53407388925552,217.24413293600082,216.42477297782898,216.20643436908722,216.8351593017578,214.3977569937706
142,216.1322140097618,219.37646847963333,216.1322140097618,219.37646847963333,217.19684970378876,215.7347811460495,217.39910638332367,215.39604806900024,215.75038141012192,215.97277402877808,215.93152910470963,215.4398700594902,216.16047114133835,216.6754388809204,215.51650708913803,217.2582038640976,216.44462490081787,216.16018897294998,216.79788905382156,214.37146466970444
143,216.11545318365097,219.37519097328186,216.11545318365097,219.37519097328186,217.1550024151802,215.72463232278824,217.3886078596115,215.42020845413208,215.70576322078705,215.97260254621506,215.9302020072937,215.43293952941895,216.19699430465698,216.6622298359871,215.5034782886505,217.27300083637238,216.4603515267372,216.11281841993332,216.7569875717163,214.34926170110703
144,216.09548217058182,219.37401443719864,216.09548217058182,219.37401443719864,217.10802054405212,215.70632249116898,217.38315945863724,215.44403195381165,215.65724617242813,215.96986865997314,215.92849284410477,215.42300760746002,216.23387640714645,216.6464746594429,215.49422776699066,217.28723847866058,216.47100913524628,216.0648262500763,216.71281522512436,214.33195108175278
145,216.07308286428452,219.37313377857208,216.07308286428452,219.37313377857208,217.0583820939064,215.68069851398468,217.38460487127304,215.46517270803452,215.607053399086,215.9636435508728,215.92629992961884,215.41060990095139,216.27035129070282,216.6266541481018,215.48784321546555,217.29910546541214,216.47613143920898,216.01773458719254,216.66676610708237,214.32093584537506
146,216.04945331811905,219.37207907438278,216.04945331811905,219.37207907438278,217.00881433486938,215.64898294210434,217.39371371269226,215.4843531847,215.55755931138992,215.95410251617432,215.92402732372284,215.39514952898026,216.30562621355057,216.6017471551895,215.48338747024536,217.3064927458763,216.4756343960762,215.97317904233932,216.62086004018784,214.31709003448486
147,216.02576702833176,219.37046188116074,216.02576702833176,219.37046188116074,216.96187722682953,215.61349934339523,217.41010081768036,215.50248956680298,215.51069158315659,215.94172757863998,215.92178738117218,215.37573486566544,216.33943831920624,216.5708794593811,215.48062431812286,217.30670827627182,216.468958735466,215.93220829963684,216.57803058624268,214.32061105966568
148,216.0036722421646,219.36822336912155,216.0036722421646,219.36822336912155,216.91979748010635,215.57625406980515,217.43288493156433,215.52094674110413,215.46830731630325,215.92692172527313,215.9195676445961,215.3518214225769,216.3716640472412,216.5336920619011,215.47985315322876,217.29911643266678,216.45613998174667,215.89646530151367,216.54018461704254,214.33081436157227
149,215.9845930337906,219.36597973108292,215.9845930337906,219.36597973108292,216.8833395242691,215.53948813676834,217.4610121846199,215.54077166318893,215.43271684646606,215.91051709651947,215.9177629351616,215.32325154542923,216.40197598934174,216.49161231517792,215.48139238357544,217.28466641902924,216.43745785951614,215.86850476264954,216.50830000638962,214.34709030389786
150,215.9703088402748,219.36382913589478,215.9703088402748,219.36382913589478,216.85257649421692,215.5056455731392,217.4929084777832,215.56294536590576,215.40514636039734,215.89335948228836,215.91687482595444,215.2904328107834,216.4304060935974,216.44735634326935,215.48562574386597,217.26426351070404,216.41328316926956,215.85053706169128,216.48218768835068,214.3696500658989
151,215.96287924051285,219.36166548728943,215.96287924051285,219.36166548728943,216.82630521059036,215.476817548275,217.52604007720947,215.58739733695984,215.3863787651062,215.87607938051224,215.91769218444824,215.25518608093262,216.45670396089554,216.40461337566376,215.4919010400772,217.23825657367706,216.3838284611702,215.84450620412827,216.46102643013,214.39899480342865
152,215.9642231464386,219.3595985174179,215.9642231464386,219.3595985174179,216.8026708960533,215.4543293118477,217.55738973617554,215.61271405220032,215.376855134964,215.85999715328217,215.9215788245201,215.21859538555145,216.48069006204605,216.3665874004364,215.4986111521721,217.20720213651657,216.34946608543396,215.85053098201752,216.44356167316437,214.43596196174622
153,215.97545647621155,219.3580078482628,215.97545647621155,219.3580078482628,216.77998858690262,215.4383093714714,217.5840814113617,215.63718885183334,215.3755722641945,215.84657961130142,215.92994302511215,215.18140292167664,216.50228488445282,216.3365188241005,215.50388675928116,217.17222732305527,216.31099504232407,215.86747658252716,216.42781817913055,214.47949409484863
154,215.9969139099121,219.35717582702637,215.9969139099121,219.35717582702637,216.75642812252045,215.4281353354454,217.6039823293686,215.65928357839584,215.38083684444427,215.83664470911026,215.94306135177612,215.14468443393707,216.519939661026,216.31636601686478,215.50698375701904,217.13521510362625,216.2691108584404,215.89340782165527,216.4127181172371,214.5273665189743
155,216.02741718292236,219.35679680109024,216.02741718292236,219.35679680109024,216.73122483491898,215.4236394762993,217.6159018278122,215.67867439985275,215.39231091737747,215.83066445589066,215.96020251512527,215.10994333028793,216.53252524137497,216.30796682834625,215.50747728347778,217.09846699237823,216.22460681200027,215.92582565546036,216.3980438709259,214.57650077342987
156,216.06457841396332,219.35679733753204,216.06457841396332,219.35679733753204,216.7048099040985,215.42373824119568,217.6187419295311,215.6957704424858,215.41008239984512,215.82837575674057,215.9821046590805,215.0780781507492,216.53989428281784,216.31207525730133,215.50576037168503,217.06384003162384,216.17883944511414,215.963170170784,216.38340377807617,214.62521755695343
157,216.105830848217,219.35675621032715,216.105830848217,219.35675621032715,216.67816370725632,215.42781805992126,217.61315459012985,215.71044045686722,215.4347396492958,215.82948487997055,216.01001471281052,215.05027335882187,216.54207223653793,216.3294723033905,215.50338798761368,217.03362172842026,216.13327074050903,216.00498855113983,216.36945128440857,214.67361241579056
158,216.14901554584503,219.35646200180054,216.14901554584503,219.35646200180054,216.6524384021759,215.43578857183456,217.60020530223846,215.72262126207352,215.467602789402,215.8338041305542,216.04483306407928,215.02752476930618,216.53968554735184,216.35996007919312,215.5018305182457,217.00964325666428,216.08941262960434,216.05095809698105,216.35654658079147,214.7220361828804
159,216.19202464818954,219.35573291778564,216.19202464818954,219.35573291778564,216.62868338823318,215.4475366473198,217.58122766017914,215.73204565048218,215.50913381576538,215.8413269519806,216.08661496639252,215.01048922538757,216.53472673892975,216.40210098028183,215.50195294618607,216.99345344305038,216.04898154735565,216.10035806894302,216.3447181582451,214.77056294679642
160,216.23362654447556,219.35430401563644,216.23362654447556,219.35430401563644,216.60749679803848,215.46232056617737,217.55917876958847,215.73874771595,215.55829721689224,215.85366147756577,216.13502019643784,214.99948328733444,216.52928107976913,216.45411276817322,215.505131483078,216.98587572574615,216.0132094025612,216.15247398614883,216.33422899246216,214.81832152605057
161,216.2713122367859,219.35163444280624,216.2713122367859,219.35163444280624,216.5892196893692,215.47972291707993,217.53693616390228,215.7435376048088,215.61379158496857,215.87208515405655,216.18769586086273,214.99370223283768,216.5251538157463,216.51258647441864,215.51241171360016,216.98721700906754,215.98265314102173,216.2044234275818,216.32565540075302,214.8646188378334
162,216.3024714589119,219.34683275222778,216.3024714589119,219.34683275222778,216.57312202453613,215.49810254573822,217.51566171646118,215.7475374341011,215.67376279830933,215.8983190059662,216.24308675527573,214.99308228492737,216.52406519651413,216.57405173778534,215.52448624372482,216.99749624729156,215.95807015895844,216.25323909521103,216.3195531964302,214.90956622362137
163,216.32458543777466,219.33943104743958,216.32458543777466,219.33943104743958,216.55892997980118,215.51650059223175,217.49754935503006,215.75217586755753,215.73635005950928,215.93414038419724,216.300124168396,214.99836045503616,216.5282126069069,216.6361837387085,215.5434249639511,217.01537138223648,215.93980890512466,216.30064290761948,216.3157012462616,214.9524623155594
164,216.33701276779175,219.32971274852753,216.33701276779175,219.32971274852753,216.54719346761703,215.5340833067894,217.48421901464462,215.75927394628525,215.80016374588013,215.98013931512833,216.35792070627213,215.01001179218292,216.539231300354,216.6963445544243,215.571846306324,217.04029041528702,215.9276728630066,216.34730154275894,216.31488859653473,214.9931442141533
165,216.33941715955734,219.31957703828812,216.33941715955734,219.31957703828812,216.53957325220108,215.55050307512283,217.47632890939713,215.7708734869957,215.86249148845673,216.0358875989914,216.41532063484192,215.02947628498077,216.55704951286316,216.75258946418762,215.61350852251053,217.0720351934433,215.92049485445023,216.3940553665161,216.31808060407639,215.03198164701462
166,216.3324721455574,219.31237834692,216.3324721455574,219.31237834692,216.53957623243332,215.5672509074211,217.4750040769577,215.7888942360878,215.92120748758316,216.10017448663712,216.47130119800568,215.05857455730438,216.5804415345192,216.80409634113312,215.66833251714706,217.1101678609848,215.9176505804062,216.44227766990662,216.32662588357925,215.07076853513718
167,216.31918388605118,219.31113427877426,216.31918388605118,219.31113427877426,216.5494945049286,215.58594751358032,217.48055344820023,215.8135746717453,215.97302228212357,216.17093521356583,216.52563947439194,215.09848523139954,216.60660308599472,216.85016810894012,215.73420363664627,217.15412306785583,215.91854614019394,216.49219036102295,216.33898884058,215.11167347431183
168,216.3037564754486,219.31732016801834,216.3037564754486,219.31732016801834,216.5713574886322,215.60818427801132,217.49309569597244,215.84548783302307,216.01711583137512,216.24551820755005,216.5775094628334,215.1508150100708,216.63415378332138,216.89027851819992,215.80804175138474,217.20332992076874,215.9240271449089,216.54432481527328,216.35517889261246,215.15687149763107
169,216.28950238227844,219.33170664310455,216.28950238227844,219.33170664310455,216.60584789514542,215.63575088977814,217.51259553432465,215.8850153684616,216.0545802116394,216.31988161802292,216.62441390752792,215.21633476018906,216.66047275066376,216.9252273440361,215.8851751089096,217.25575131177902,215.93438071012497,216.59766340255737,216.3758397102356,215.20935595035553
170,216.27851688861847,219.35427445173264,216.27851688861847,219.35427445173264,216.65257620811462,215.66907107830048,217.53831034898758,215.93223232030869,216.0871554017067,216.38992458581924,216.66432058811188,215.2941426038742,216.68436002731323,216.9545292854309,215.96247375011444,217.3089929819107,215.95024132728577,216.65043252706528,216.4002834558487,215.27256977558136
171,216.27324652671814,219.38436806201935,216.27324652671814,219.38436806201935,216.71117156744003,215.71021246910095,217.57034373283386,215.9870367050171,216.11746484041214,216.45246362686157,216.6966918706894,215.38334089517593,216.70635783672333,216.97811007499695,216.0401703119278,217.36045157909393,215.97267752885818,216.70222747325897,216.4265215396881,215.34806561470032
172,216.27545833587646,219.42155784368515,216.27545833587646,219.42155784368515,216.7806870341301,215.76132690906525,217.60896289348602,216.04856997728348,216.14801168441772,216.50463622808456,216.72185438871384,215.48327273130417,216.72752213478088,216.99630558490753,216.11802262067795,217.4086838364601,216.00083631277084,216.75356531143188,216.45351713895798,215.43547475337982
173,216.28604102134705,219.4655555486679,216.28604102134705,219.4655555486679,216.85919445753098,215.8257715702057,217.65446144342422,216.11593282222748,216.18101453781128,216.54513227939606,216.74082666635513,215.59178757667542,216.75038367509842,217.0107734799385,216.1956820487976,217.45427083969116,216.03299206495285,216.80453222990036,216.4826576113701,215.53149634599686
174,216.30428445339203,219.51576566696167,216.30428445339203,219.51576566696167,216.9453114271164,215.90464770793915,217.70883905887604,216.1882449388504,216.219457924366,216.57310020923615,216.7567412853241,215.70531582832336,216.7764993906021,217.02113765478134,216.2725305557251,217.4978225827217,216.0681952238083,216.85407549142838,216.51548033952713,215.63389533758163
175,216.32902294397354,219.57078486680984,216.32902294397354,219.57078486680984,217.0390923023224,215.9938663840294,217.77340215444565,216.26431846618652,216.26528096199036,216.58879655599594,216.77081191539764,215.81870293617249,216.80695074796677,217.0287606716156,216.34792178869247,217.54072177410126,216.10607916116714,216.90141987800598,216.55515629053116,215.7397285103798
176,216.3593853712082,219.62903773784637,216.3593853712082,219.62903773784637,217.13901472091675,216.08953511714935,217.84981179237366,216.3436068892479,216.32001650333405,216.59433841705322,216.784159719944,215.9275262951851,216.84292322397232,217.03577983379364,216.42113029956818,217.58422553539276,216.14698749780655,216.944985806942,216.6036872267723,215.8463814854622
177,216.3937560915947,219.69160163402557,216.3937560915947,219.69160163402557,217.243787586689,216.188207924366,217.93938153982162,216.4243882894516,216.38349014520645,216.5922713279724,216.79899740219116,216.02866584062576,216.884619474411,217.0440008044243,216.49022167921066,217.62943589687347,216.19177770614624,216.9840360879898,216.661989569664,215.95110493898392
178,216.432468354702,219.75715285539627,216.432468354702,219.75715285539627,217.35245633125305,216.28572207689285,218.0412558913231,216.50480395555496,216.45468574762344,216.5859752893448,216.8185155391693,216.12387150526047,216.93206775188446,217.05570137500763,216.5509821176529,217.67648887634277,216.2414481639862,217.0209436416626,216.72796005010605,216.0502331852913
179,216.47745090723038,219.82286339998245,216.47745090723038,219.82286339998245,217.46389150619507,216.37944513559341,218.1538943052292,216.58671462535858,216.5337501168251,216.5806067585945,216.84624302387238,216.21271961927414,216.9844428896904,217.07237827777863,216.60229575634003,217.7263371348381,216.29682898521423,217.05869889259338,216.7994886636734,216.14133340120316
180,216.53251522779465,219.88805186748505,216.53251522779465,219.88805186748505,217.57571160793304,216.46936279535294,218.27539241313934,216.6721054315567,216.6224603652954,216.58064305782318,216.88339895009995,216.29558140039444,217.0423075556755,217.09669989347458,216.64521968364716,217.7794182896614,216.35816365480423,217.10203677415848,216.87402939796448,216.22279542684555
