shift,pair_00,pair_01,pair_02,pair_03,pair_04,pair_05,pair_06,pair_07,pair_08,pair_09,pair_10,pair_11,pair_12,pair_13,pair_14
-180,215.56691938638687,215.59490942955017,217.3195920586586,217.65580141544342,217.83493930101395,217.61678141355515,216.1355898976326,218.81390684843063,218.74977850914001,215.9178211092949,219.0216076374054,216.27921921014786,215.62774407863617,215.91892385482788,218.2252825498581
-179,215.53639161586761,215.54623937606812,217.27721881866455,217.60502535104752,217.74790585041046,217.5787651538849,216.02557945251465,218.7675685286522,218.6960881948471,215.8286880850792,218.95574831962585,216.23924785852432,215.5528011918068,215.9294187426567,218.15955197811127
-178,215.50966602563858,215.50497913360596,217.23125225305557,217.55364114046097,217.66881918907166,217.5335811972618,215.92385494709015,218.71910053491592,218.64565706253052,215.75360089540482,218.88319981098175,216.20625746250153,215.4849094748497,215.9435378909111,218.09120333194733
-177,215.48487478494644,215.47275978326797,217.18311458826065,217.50255197286606,217.5973624587059,217.4809723496437,215.8315653204918,218.66807514429092,218.60023242235184,215.69004958868027,218.80567598342896,216.18103873729706,215.42250472307205,215.958187520504,218.02118581533432
-176,215.4590083360672,215.4502553343773,217.1369234919548,217.4534636735916,217.53154474496841,217.4205060005188,215.74871093034744,218.61570727825165,218.5613107085228,215.63738536834717,218.72587084770203,216.1670966744423,215.36402106285095,215.96932619810104,217.94901913404465
-175,215.4290336370468,215.43725901842117,217.09565788507462,217.40768378973007,217.46972328424454,217.35388201475143,215.67855751514435,218.56280606985092,218.52917969226837,215.59522545337677,218.6462643146515,216.1657588481903,215.30669689178467,215.97532922029495,217.8747895359993
-174,215.3953633904457,215.4306401014328,217.06190806627274,217.3659598827362,217.4095270037651,217.2849594950676,215.62262213230133,218.5105996131897,218.5034617781639,215.56470745801926,218.5694027543068,216.17615765333176,215.24694335460663,215.97619253396988,217.80009800195694
-173,215.3606702685356,215.42657697200775,217.03662586212158,217.32773965597153,217.34729051589966,217.21723973751068,215.58267813920975,218.46083372831345,218.4835066795349,215.54522228240967,218.4960953593254,216.19678276777267,215.18294310569763,215.97177267074585,217.72595465183258
-172,215.32697796821594,215.4227164387703,217.01813739538193,217.29346984624863,217.28033643960953,217.1531966328621,215.5580227971077,218.4152261018753,218.46777963638306,215.53520512580872,218.42757564783096,216.22480982542038,215.11360484361649,215.96244084835052,217.65301430225372
-171,215.2946584224701,215.42048919200897,217.00385177135468,217.2633735537529,217.20900565385818,217.09433162212372,215.54866755008698,218.37489187717438,218.45521676540375,215.53418064117432,218.36507284641266,216.25581854581833,215.03833889961243,215.94883143901825,217.58195912837982
-170,215.2632737159729,215.41987246274948,216.99243080615997,217.2381860613823,217.13336151838303,217.04144936800003,215.55446809530258,218.33956664800644,218.44488561153412,215.54090774059296,218.30788004398346,216.286159157753,214.96017825603485,215.93029004335403,217.515194773674
-169,215.23408782482147,215.42232298851013,216.98265290260315,217.21757626533508,217.05465811491013,216.9968103170395,215.57354521751404,218.30768978595734,218.43682312965393,215.55163872241974,218.25639724731445,216.31371009349823,214.8835676908493,215.9063795208931,217.45508420467377
-168,215.20611000061035,215.42774802446365,216.97335523366928,217.1998256444931,216.97480779886246,216.96073758602142,215.60136729478836,218.2769374847412,218.43122559785843,215.56374198198318,218.2099180817604,216.33698457479477,214.81111454963684,215.8762360215187,217.40392649173737
-167,215.17757904529572,215.43674194812775,216.96429532766342,217.18466919660568,216.8956418633461,216.93334424495697,215.63342130184174,218.24576365947723,218.42727410793304,215.57597732543945,218.16840755939484,216.35403180122375,214.7450367808342,215.83997094631195,217.364770591259
-166,215.14575546979904,215.44955575466156,216.95557349920273,217.17159342765808,216.82057970762253,216.91409355401993,215.6671466231346,218.213458776474,218.4253974556923,215.589073240757,218.13360404968262,216.36282187700272,214.68533140420914,215.79711097478867,217.33993816375732
-165,215.10868346691132,215.46441686153412,216.94733941555023,217.1602765917778,216.7518550157547,216.90346771478653,215.70160973072052,218.1794558763504,218.42470967769623,215.60376369953156,218.10636806488037,216.36173629760742,214.63221669197083,215.74800699949265,217.33004838228226
-164,215.06789392232895,215.48016566038132,216.9400759935379,217.15070337057114,216.68991255760193,216.90117990970612,215.7372369170189,218.14374458789825,218.42340207099915,215.62108254432678,218.08638739585876,216.35019236803055,214.58385556936264,215.6945949792862,217.3350111246109
-163,215.0231350660324,215.49439376592636,216.93360090255737,217.14294785261154,216.63510876893997,216.90724623203278,215.77464884519577,218.1076250076294,218.41987019777298,215.64201247692108,218.07280230522156,216.32808583974838,214.53924655914307,215.63959646224976,217.35405433177948
-162,214.97411793470383,215.50509601831436,216.92708545923233,217.1367263197899,216.58695739507675,216.9203786253929,215.8140305876732,218.07256513834,218.41267162561417,215.66712927818298,218.06454354524612,216.29702764749527,214.4985517859459,215.58573359251022,217.38547146320343
-161,214.9207103252411,215.51098901033401,216.92108637094498,217.1314253807068,216.54531371593475,216.93965578079224,215.85472130775452,218.03960978984833,218.40153008699417,215.6950706243515,218.05925196409225,216.26016914844513,214.4620702266693,215.53572064638138,217.4271644949913
-160,214.86287569999695,215.5116958618164,216.91589909791946,217.12619751691818,216.5099942088127,216.96329420804977,215.89561599493027,218.0094256401062,218.38624054193497,215.7245455980301,218.05435943603516,216.2206095457077,214.42982071638107,215.49120843410492,217.47669130563736
-159,214.80230849981308,215.50721043348312,216.91233909130096,217.1203894019127,216.48022496700287,216.98965102434158,215.9361156821251,217.98222547769547,218.3668568134308,215.75386065244675,218.04747289419174,216.17985355854034,214.4031634926796,215.45291763544083,217.5309739112854
-158,214.74005526304245,215.4996600151062,216.9095264673233,217.11376410722733,216.4558692574501,217.01690542697906,215.97505831718445,217.95809030532837,218.3450866341591,215.78094387054443,218.03700733184814,216.13771265745163,214.38243395090103,215.42093116044998,217.58707028627396
-157,214.6766591668129,215.4898533821106,216.90625166893005,217.1060220003128,216.43707621097565,217.04497849941254,216.0118356347084,217.9360567331314,218.3214824795723,215.80362248420715,218.02178388834,216.09378772974014,214.368714928627,215.39494383335114,217.64204078912735
-156,214.6135477423668,215.47970628738403,216.9021998643875,217.09755593538284,216.42582058906555,217.07348638772964,216.04573142528534,217.91541254520416,218.29739278554916,215.82002574205399,218.00142347812653,216.04838174581528,214.36143720149994,215.37361985445023,217.6923902630806
-155,214.55180537700653,215.4694808125496,216.89711332321167,217.0894582271576,216.42342656850815,217.10235166549683,216.07518357038498,217.89578473567963,218.27448290586472,215.82950109243393,217.97578936815262,216.0018413066864,214.36016535758972,215.35622268915176,217.73577111959457
-154,214.49335426092148,215.45908015966415,216.8905331492424,217.0823091864586,216.42988741397858,217.13135695457458,216.09844398498535,217.87732100486755,218.253416121006,215.83241605758667,217.9455177783966,215.9549177289009,214.36307901144028,215.34130650758743,217.7711860537529
-153,214.43992507457733,215.44805020093918,216.8819014430046,217.07682818174362,216.44429033994675,217.1601779460907,216.11439955234528,217.8607080578804,218.2340322136879,215.83026683330536,217.9119238257408,215.9083589911461,214.36933094263077,215.32815593481064,217.79836475849152
-152,214.39297598600388,215.43617564439774,216.87055027484894,217.07322335243225,216.46524733304977,217.18852800130844,216.12324184179306,217.84606903791428,218.2165973186493,215.82451647520065,217.87761306762695,215.86269211769104,214.37757569551468,215.31708043813705,217.81789016723633
-151,214.35360223054886,215.42404508590698,216.85585820674896,217.07178378105164,216.49141830205917,217.2152442932129,216.1251477599144,217.83383136987686,218.20225596427917,215.8164798617363,217.84573620557785,215.81899225711823,214.3867655992508,215.30681866407394,217.83000552654266
-150,214.32245230674744,215.4125650525093,216.83800947666168,217.0729821920395,216.52211171388626,217.23970198631287,216.12068712711334,217.82411533594131,218.19242656230927,215.80705273151398,217.81906753778458,215.77851194143295,214.39515489339828,215.29619711637497,217.83487206697464
-149,214.29945731163025,215.40201610326767,216.81704986095428,217.0768426656723,216.55573391914368,217.26075130701065,216.1128655076027,217.8165470957756,218.18822079896927,215.79667341709137,217.7990306019783,215.74188071489334,214.4009456038475,215.28371077775955,217.8331196308136
-148,214.28437823057175,215.3923333287239,216.79272955656052,217.08380949497223,216.59100145101547,217.27764666080475,216.10357719659805,217.81153059005737,218.19088631868362,215.7862805724144,217.78685706853867,215.70861703157425,214.4026666879654,215.26855969429016,217.8255100250244
-147,214.27940928936005,215.38300216197968,216.76565158367157,217.09428548812866,216.62706261873245,217.2902227640152,216.0939615368843,217.80933809280396,218.20143032073975,215.77628993988037,217.78296965360641,215.67670798301697,214.39932918548584,215.25038307905197,217.81241804361343
-146,214.28581511974335,215.37461668252945,216.7365100979805,217.10855549573898,216.6629650592804,217.29903030395508,216.08439302444458,217.80911141633987,218.2198395729065,215.7666900753975,217.78667891025543,215.64525318145752,214.38942861557007,215.22943526506424,217.79422861337662
-145,214.3034793138504,215.36872148513794,216.70654052495956,217.12608969211578,216.69913583993912,217.30433404445648,216.0750914812088,217.81038349866867,218.2447322010994,215.75690430402756,217.79715645313263,215.61444544792175,214.37236791849136,215.20616710186005,217.77113950252533
-144,214.3308624625206,215.36608523130417,216.6763665676117,217.14609438180923,216.73594671487808,217.30638867616653,216.06599086523056,217.81340724229813,218.27408158779144,215.74549823999405,217.81314033269882,215.58483344316483,214.34789538383484,215.1821535229683,217.74399554729462
-143,214.36601048707962,215.367296397686,216.64640253782272,217.167864382267,216.77413147687912,217.30561912059784,216.05681574344635,217.81860029697418,218.3056327700615,215.73086959123611,217.8331796526909,215.55826884508133,214.31728810071945,215.15897792577744,217.71450370550156
-142,214.40685641765594,215.37320655584335,216.6176918745041,217.19071555137634,216.81428837776184,217.30294555425644,216.04690027236938,217.82592004537582,218.33719158172607,215.71165335178375,217.8557665348053,215.53657817840576,214.28210252523422,215.138533949852,217.68450009822845
-141,214.45177060365677,215.383995115757,216.5908852815628,217.21411472558975,216.85635387897491,217.29915875196457,216.03471916913986,217.8356197476387,218.36697006225586,215.68735963106155,217.8791342973709,215.52012211084366,214.2431482076645,215.12232834100723,217.65578973293304
-140,214.49936604499817,215.399168074131,216.56678706407547,217.2380329966545,216.89968425035477,217.29458570480347,216.0187981724739,217.84742605686188,218.3935530781746,215.65779745578766,217.90126937627792,215.50825089216232,214.2007349729538,215.1115139722824,217.62987768650055
-139,214.5487732887268,215.4185016155243,216.5462881922722,217.2626165151596,216.94307458400726,217.28874307870865,215.99854236841202,217.86043912172318,218.41620641946793,215.62326103448868,217.92122900485992,215.50105953216553,214.15537691116333,215.10732167959213,217.60742455720901
-138,214.59932726621628,215.4415786266327,216.53013974428177,217.2879295349121,216.98496198654175,217.2807536125183,215.97406512498856,217.87323081493378,218.4337615966797,215.58550208806992,217.9390841126442,215.49832731485367,214.1080902814865,215.1099551320076,217.5884386897087
-137,214.65110224485397,215.46767669916153,216.5187422633171,217.31432622671127,217.02389293909073,217.27106481790543,215.94611358642578,217.88337767124176,218.44570511579514,215.54548752307892,217.956023812294,215.499416410923,214.06047368049622,215.11878538131714,217.57233107089996
-136,214.70398843288422,215.496284365654,216.5125391483307,217.3415811061859,217.05857235193253,217.26079338788986,215.9161318540573,217.88842278718948,218.45239746570587,215.50381982326508,217.97309243679047,215.5043079853058,214.0143678188324,215.13272017240524,217.55809569358826
-135,214.75809901952744,215.5269234776497,216.51156532764435,217.36931693553925,217.08737874031067,217.25053817033768,215.88519269227982,217.88657224178314,218.45430898666382,215.46128636598587,217.99079078435898,215.51304244995117,213.97062569856644,215.15039908885956,217.54468601942062
-134,214.81350362300873,215.55838286876678,216.51561456918716,217.39755058288574,217.10864835977554,217.240931391716,215.85459196567535,217.87700921297073,218.45217871665955,215.41914683580399,218.00894218683243,215.5253485441208,213.9292904138565,215.1703577041626,217.53094345331192
-133,214.8700494170189,215.58919030427933,216.5247227549553,217.42580676078796,217.1213794350624,217.23228365182877,215.8253648877144,217.8600128889084,218.4464703798294,215.37937247753143,218.02737724781036,215.54059886932373,213.89090943336487,215.1910002231598,217.51620346307755
-132,214.92754876613617,215.6180775165558,216.53889399766922,217.4533547759056,217.12488442659378,217.22410362958908,215.79843866825104,217.83680248260498,218.43773221969604,215.3432633280754,218.0457911491394,215.55840480327606,213.85632276535034,215.21090441942215,217.50039047002792
-131,214.98498690128326,215.64429569244385,216.5564027428627,217.47938591241837,217.1199244260788,217.21598780155182,215.77464908361435,217.8091629743576,218.42722523212433,215.31158298254013,218.06358528137207,215.5789162516594,213.82678872346878,215.22886556386948,217.48401206731796
-130,215.0414143204689,215.66729468107224,216.57567101716995,217.50306457281113,217.10774725675583,217.20785117149353,215.754172205925,217.77925825119019,218.41665828227997,215.28451544046402,218.0804893374443,215.60208588838577,213.80456870794296,215.24422878026962,217.4676689505577
-129,215.0959986448288,215.68728548288345,216.59490770101547,217.52438551187515,217.0906441807747,217.20040601491928,215.73719543218613,217.7491022348404,218.40773677825928,215.26175075769424,218.0966917872429,215.62806129455566,213.79193699359894,215.25695222616196,217.45219713449478
-128,215.1482111811638,215.70503669977188,216.6125738620758,217.54320764541626,217.07137835025787,217.19395452737808,215.72362703084946,217.72065424919128,218.40145897865295,215.24303698539734,218.11203122138977,215.6568437218666,213.78934103250504,215.2680441737175,217.43837702274323
-127,215.19773745536804,215.7211093902588,216.62765896320343,217.55927109718323,217.05293589830399,217.18863308429718,215.7132045030594,217.6957305073738,218.39862459897995,215.2273725271225,218.12589520215988,215.68828237056732,213.79648166894913,215.27816146612167,217.42707484960556
-126,215.24360793828964,215.7357617020607,216.6397956609726,217.57277572155,217.03799426555634,217.1840761899948,215.70561909675598,217.67588877677917,218.39981710910797,215.21383321285248,218.13882511854172,215.72122532129288,213.8131337761879,215.2873632311821,217.41893631219864
-125,215.28496551513672,215.75000339746475,216.64883714914322,217.58361512422562,217.02855843305588,217.17960488796234,215.70070201158524,217.66176640987396,218.4055973291397,215.20189237594604,218.15064269304276,215.7545166015625,213.8390247821808,215.2953668832779,217.41396301984787
-124,215.3217186331749,215.76461625099182,216.65467530488968,217.59197038412094,217.02559757232666,217.1749861240387,215.69820070266724,217.65300726890564,218.41590023040771,215.19124114513397,218.1609187722206,215.78755462169647,213.8735254406929,215.30153220891953,217.41231334209442
-123,215.35380637645721,215.77968990802765,216.65745222568512,217.59817510843277,217.02962619066238,217.17079597711563,215.69755572080612,217.6487482190132,218.42965698242188,215.18153059482574,218.16979604959488,215.81975585222244,213.9153589606285,215.30548268556595,217.41364586353302
-122,215.38060230016708,215.79493403434753,216.65780121088028,217.60296040773392,217.04095274209976,217.16747272014618,215.69829505681992,217.64783322811127,218.44521695375443,215.17248755693436,218.17738223075867,215.85159569978714,213.9628899693489,215.307999253273,217.41713500022888
-121,215.4017693400383,215.80987685918808,216.65667176246643,217.6069169640541,217.0599164366722,217.16585510969162,215.70050513744354,217.64922201633453,218.46103847026825,215.16479283571243,218.18370163440704,215.88330405950546,214.01461070775986,215.3102914094925,217.4222475886345
-120,215.4170560836792,215.82439541816711,216.65500581264496,217.6100869178772,217.08612537384033,217.16648948192596,215.70451521873474,217.65201199054718,218.4759014248848,215.1593142747879,218.1892438530922,215.9147093296051,214.06958973407745,215.31371194124222,217.42866522073746
-119,215.42615675926208,215.8387233018875,216.65303379297256,217.6134324669838,217.11854165792465,217.1693566441536,215.7101359963417,217.65522015094757,218.4892429113388,215.1567668914795,218.19471269845963,215.94598978757858,214.12675511837006,215.3192275762558,217.43601047992706
-118,215.42869859933853,215.8530494570732,216.65056055784225,217.61803537607193,217.1557280421257,217.17489045858383,215.7165882587433,217.65822404623032,218.5017016530037,215.15794974565506,218.20064175128937,215.97762179374695,214.1847484111786,215.32737112045288,217.44400709867477
-117,215.42493569850922,215.8672794699669,216.64747762680054,217.6245403289795,217.19578403234482,217.18377602100372,215.72299307584763,217.66117650270462,218.5137158036232,215.1636791229248,218.20790201425552,216.0092010498047,214.24206012487411,215.33790016174316,217.45259630680084
-116,215.41554582118988,215.88090562820435,216.64428186416626,217.634443461895,217.23633950948715,217.19619143009186,215.7289429306984,217.66468822956085,218.524955868721,215.17452663183212,218.21714055538177,216.04018378257751,214.2972071170807,215.35031747817993,217.4615642428398
-115,215.4012187719345,215.8929489850998,216.6420018672943,217.64838165044785,217.27471548318863,217.2120639681816,215.7352375984192,217.6695568561554,218.53529810905457,215.19088250398636,218.2287821173668,216.06991928815842,214.349083006382,215.3640297651291,217.4707289338112
-114,215.38366281986237,215.9030939936638,216.64158934354782,217.66636216640472,217.30932986736298,217.23183053731918,215.7429233789444,217.67692321538925,218.54456496238708,215.2131519317627,218.24350082874298,216.09785145521164,214.3973621726036,215.37776452302933,217.48000228405
-113,215.36475104093552,215.91202622652054,216.6434473991394,217.6878182888031,217.33947253227234,217.25607061386108,215.7530356645584,217.68744897842407,218.55319660902023,215.24107557535172,218.26212483644485,216.12383544445038,214.44208639860153,215.39112317562103,217.48979896306992
-112,215.34641236066818,215.9205014705658,216.64787262678146,217.7121006846428,217.36500418186188,217.2853656411171,215.7667002081871,217.70120930671692,218.56230872869492,215.27377313375473,218.28547805547714,216.14744752645493,214.4839404821396,215.40317583084106,217.50051587820053
-111,215.3304724097252,215.9293978214264,216.65527725219727,217.7384448647499,217.38595402240753,217.31969785690308,215.78490382432938,217.71778643131256,218.572727560997,215.31017047166824,218.31417655944824,216.16802310943604,214.52395009994507,215.41222059726715,217.51247972249985
-110,215.31722116470337,215.93940836191177,216.665529191494,217.7657954096794,217.40237545967102,217.3582956790924,215.80815333127975,217.7368820309639,218.58410501480103,215.34897881746292,218.34849840402603,216.18476384878159,214.56236737966537,215.41692513227463,217.52559232711792
-109,215.30595821142197,215.95037323236465,216.67831933498383,217.79335767030716,217.4137020111084,217.4003810286522,215.83618247509003,217.7581502199173,218.59590631723404,215.38872170448303,218.38774460554123,216.19695001840591,214.59911888837814,215.4170138835907,217.53928363323212
-108,215.29586559534073,215.96119284629822,216.694296002388,217.8204384446144,217.41927874088287,217.44514960050583,215.8674989938736,217.78101193904877,218.60761415958405,215.4277105331421,218.43040370941162,216.20417201519012,214.63394784927368,215.4118891954422,217.55331110954285
-107,215.286179125309,215.9708040356636,216.71387869119644,217.84630870819092,217.41879159212112,217.49103289842606,215.90048724412918,217.80497908592224,218.61855429410934,215.46433448791504,218.47483086585999,216.206773519516,214.66675174236298,215.40199208259583,217.5677626132965
-106,215.2763802409172,215.97813659906387,216.7369608283043,217.86995911598206,217.41203618049622,217.53594464063644,215.93381315469742,217.8297734260559,218.6283721923828,215.4979623556137,218.51901960372925,216.20516097545624,214.69766908884048,215.3878619670868,217.58293163776398
-105,215.26585280895233,215.98317176103592,216.76322829723358,217.89057397842407,217.3990217447281,217.5782687664032,215.96644985675812,217.8550523519516,218.6368380188942,215.5276995897293,218.5608057975769,216.19944435358047,214.726857483387,215.3704001903534,217.59934830665588
-104,215.2537544965744,215.98636370897293,216.7924120426178,217.90803563594818,217.38077706098557,217.6172387599945,215.99748104810715,217.88060569763184,218.6443840265274,215.55212378501892,218.59808933734894,216.1893534064293,214.7547343969345,215.35151237249374,217.61682337522507
-103,215.23994606733322,215.9880886077881,216.82349127531052,217.92220258712769,217.35895776748657,217.65205359458923,216.0263650417328,217.9059567451477,218.65229201316833,215.57090854644775,218.62934494018555,216.17476373910904,214.78189080953598,215.33318465948105,217.63516557216644
-102,215.22432976961136,215.98848021030426,216.85519415140152,217.93325752019882,217.3351919054985,217.681511759758,216.05248522758484,217.93031871318817,218.66177892684937,215.58390736579895,218.65271842479706,216.15622329711914,214.808452129364,215.31749325990677,217.65442824363708
-101,215.20785522460938,215.9880501627922,216.88659846782684,217.9420319199562,217.31101220846176,217.70464676618576,216.0750961303711,217.95320016145706,218.67363953590393,215.59091812372208,218.66680616140366,216.13436949253082,214.83457922935486,215.3061205148697,217.67446547746658
-100,215.191111266613,215.98723822832108,216.91748976707458,217.94961738586426,217.28852021694183,217.72092008590698,216.09410309791565,217.9740273952484,218.68803387880325,215.59262710809708,218.67083537578583,216.1101176738739,214.86147433519363,215.3011994957924,217.6948807835579
-99,215.1747869849205,215.9863777756691,216.94795417785645,217.9569906592369,217.26930075883865,217.73041301965714,216.10958606004715,217.9922198653221,218.70408183336258,215.59055691957474,218.66513222455978,216.08536505699158,214.8891320824623,215.3038985133171,217.71469622850418
-98,215.15974897146225,215.98531699180603,216.9783353805542,217.96511191129684,217.25453865528107,217.73340356349945,216.12193202972412,218.00730693340302,218.72071194648743,215.58636623620987,218.65062683820724,216.0621216893196,214.9164416193962,215.31423527002335,217.73300898075104
-97,215.14645981788635,215.98386800289154,217.0092612504959,217.97478532791138,217.24434930086136,217.73036986589432,216.1313738822937,218.01929032802582,218.73676544427872,215.58169329166412,218.6287551522255,216.04207277297974,214.94132554531097,215.3315264582634,217.74914920330048
-96,215.13432222604752,215.98232048749924,217.0414223074913,217.9861717224121,217.23797869682312,217.7223840355873,216.13833111524582,218.02828133106232,218.75112402439117,215.5775347352028,218.60126781463623,216.0261116027832,214.961934030056,215.3551104068756,217.7628727555275
-95,215.1225310564041,215.98038625717163,217.07492554187775,217.99876272678375,217.23481780290604,217.71100866794586,216.14349007606506,218.03448951244354,218.7631003856659,215.57404607534409,218.569933116436,216.01504909992218,214.97738528251648,215.38400369882584,217.77442753314972
-94,215.11030435562134,215.97877049446106,217.10956460237503,218.01155227422714,217.23479253053665,217.69856452941895,216.1481145620346,218.0381286740303,218.77173960208893,215.57113671302795,218.5365629196167,216.0088208913803,214.98727506399155,215.41685563325882,217.7848526239395
-93,215.09732902050018,215.97797524929047,217.14435476064682,218.02350640296936,217.2377457022667,217.68709129095078,216.1537726521492,218.03924816846848,218.77616727352142,215.56896543502808,218.50283777713776,216.00673234462738,214.99148231744766,215.45239222049713,217.79437965154648
-92,215.0835907459259,215.97816848754883,217.1785957813263,218.0339583158493,217.24385797977448,217.67857533693314,216.16168808937073,218.03804403543472,218.77604418992996,215.5676872730255,218.47014063596725,216.00822758674622,214.99076133966446,215.48953926563263,217.80289363861084
-91,215.06979358196259,215.9802290201187,217.21154117584229,218.04261428117752,217.2537196278572,217.6737538576126,216.17221385240555,218.03518903255463,218.7715181708336,215.56751096248627,218.43967509269714,216.0130671262741,214.98639124631882,215.52710223197937,217.81005835533142
-90,215.0570017695427,215.98437476158142,217.24279814958572,218.0492598414421,217.2676067352295,217.67287242412567,216.1850302219391,218.03179889917374,218.7631070613861,215.5689291357994,218.41207402944565,216.02030408382416,214.97929447889328,215.56383711099625,217.81607234477997
-89,215.0462259054184,215.9905947446823,217.27189952135086,218.0542916059494,217.2854769229889,217.6761795282364,216.1993409395218,218.0291102528572,218.75173950195312,215.57229429483414,218.38816630840302,216.02903980016708,214.97038865089417,215.59858566522598,217.82142984867096
-88,215.0385698080063,215.99912083148956,217.2983964085579,218.0587649345398,217.30722987651825,217.6842126250267,216.21398782730103,218.0281080007553,218.73857599496841,215.57740360498428,218.36880749464035,216.03903943300247,214.96055245399475,215.63093149662018,217.82670563459396
-87,215.0345560312271,216.01016706228256,217.3220887184143,218.06387025117874,217.33274239301682,217.69710385799408,216.22869098186493,218.02958911657333,218.72489988803864,215.58554881811142,218.35488176345825,216.0502051115036,214.95073401927948,215.66105329990387,217.83294826745987
-86,215.03411293029785,216.02360320091248,217.3427141904831,218.07037723064423,217.36122024059296,217.71434950828552,216.24330002069473,218.0340319275856,218.71193706989288,215.5976637005806,218.3471940755844,216.06302070617676,214.94328773021698,215.68893426656723,217.84098732471466
-85,215.03686994314194,216.03934276103973,217.36014527082443,218.0784468650818,217.39119797945023,217.73512315750122,216.25731366872787,218.04126262664795,218.7008553147316,215.61339908838272,218.34635365009308,216.07735347747803,214.93964725732803,215.71465450525284,217.85095274448395
-84,215.04254633188248,216.0573450922966,217.37435352802277,218.0876351594925,217.4217031598091,217.75846976041794,216.26990282535553,218.0507408976555,218.69258379936218,215.63191455602646,218.35228127241135,216.09300899505615,214.9409500360489,215.73828893899918,217.86291760206223
-83,215.05051481723785,216.0773652791977,217.3852823972702,218.0970167517662,217.45169562101364,217.78346771001816,216.28030675649643,218.06149923801422,218.68765354156494,215.6523386836052,218.36437833309174,216.10957419872284,214.94800007343292,215.75968599319458,217.87652188539505
-82,215.05996024608612,216.0988103747368,217.39262968301773,218.10590451955795,217.48007506132126,217.8088031411171,216.28842210769653,218.07210558652878,218.68621414899826,215.6737244129181,218.3815621137619,216.12650233507156,214.9611570239067,215.77876657247543,217.8910038471222
-81,215.07032012939453,216.12102925777435,217.39634895324707,218.11403101682663,217.5059786438942,217.83345359563828,216.29460042715073,218.08112961053848,218.68814098834991,215.69524425268173,218.40273070335388,216.1432399749756,214.9799433350563,215.79524677991867,217.9056658744812
-80,215.08169049024582,216.14251524209976,217.396331012249,218.12108439207077,217.52871423959732,217.8567436337471,216.29924523830414,218.08747148513794,218.69305628538132,215.71628749370575,218.42669034004211,216.15967309474945,215.00327718257904,215.80866420269012,217.91988110542297
-79,215.09432536363602,216.16134709119797,217.39305585622787,218.1270054578781,217.54775887727737,217.87805819511414,216.3031919002533,218.0906310081482,218.70020550489426,215.7363623380661,218.45262849330902,216.17588049173355,215.02984392642975,215.81881362199783,217.93292504549026
-78,215.10838347673416,216.17578446865082,217.38680523633957,218.13201594352722,217.56295382976532,217.89727473258972,216.30735838413239,218.09060245752335,218.7085738182068,215.75502055883408,218.47970294952393,216.1918569803238,215.0583317875862,215.82620441913605,217.9442480802536
-77,215.1245414018631,216.18492913246155,217.37774604558945,218.1363850235939,217.57465642690659,217.9143494963646,216.31217324733734,218.08792567253113,218.71697187423706,215.77176594734192,218.50675415992737,216.20735079050064,215.08751875162125,215.83125203847885,217.95351266860962
-76,215.14360427856445,216.18864679336548,217.3667235970497,218.1402064561844,217.58338463306427,217.9291375875473,216.31740707159042,218.08356416225433,218.724171936512,215.78661620616913,218.53258347511292,216.2219870686531,215.1159923672676,215.83445155620575,217.96048414707184
-75,215.16618090867996,216.1873295903206,217.35462892055511,218.1433619260788,217.59005957841873,217.9420269727707,216.32256722450256,218.07882118225098,218.72908633947372,215.79962599277496,218.55626916885376,216.23555839061737,215.14202564954758,215.83609879016876,217.96534192562103
-74,215.19249498844147,216.18212020397186,217.34186321496964,218.14588224887848,217.59579002857208,217.9534768462181,216.3265796303749,218.07478672266006,218.73103845119476,215.81123650074005,218.577241897583,216.24819719791412,215.1640744805336,215.83639043569565,217.96842122077942
-73,215.22237998247147,216.17416846752167,217.32863092422485,218.14776277542114,217.60132801532745,217.9635900259018,216.32848852872849,218.07255059480667,218.72984355688095,215.8221841454506,218.5951268672943,216.2610158920288,215.18100708723068,215.83528196811676,217.9703379869461
-72,215.25560361146927,216.16455405950546,217.31533324718475,218.1487809419632,217.60677021741867,217.9723281264305,216.32776761054993,218.07292157411575,218.7255293726921,215.8330176472664,218.60972809791565,216.2755635380745,215.19197249412537,215.83211314678192,217.97121113538742
-71,215.29237401485443,216.15447622537613,217.30223721265793,218.14922553300858,217.61138999462128,217.97950899600983,216.32412153482437,218.0763782262802,218.7182743549347,215.84425514936447,218.62115848064423,216.29298204183578,215.1964800953865,215.82647341489792,217.9711191058159
-70,215.33298915624619,216.14509218931198,217.2896045446396,218.1494220495224,217.61409831047058,217.98488092422485,216.31728553771973,218.0834613442421,218.70862519741058,215.8564152121544,218.62954407930374,216.31362825632095,215.1945583820343,215.81850975751877,217.97037374973297
-69,215.37795102596283,216.13734912872314,217.27799075841904,218.14946579933167,217.6141692996025,217.98799008131027,216.30710524320602,218.09440392255783,218.69736278057098,215.8698229789734,218.6349357366562,216.3370851278305,215.18713647127151,215.808345079422,217.9694700241089
-68,215.427401304245,216.1317122578621,217.26822698116302,218.14944750070572,217.61127024888992,217.98855364322662,216.29365396499634,218.10927802324295,218.68533116579056,215.88462895154953,218.6374527812004,216.36247754096985,215.17576324939728,215.79593908786774,217.968836247921
-67,215.48118740320206,216.1288276910782,217.2605539560318,218.14984011650085,217.60555535554886,217.987098634243,216.27714782953262,218.12793242931366,218.67324000597,215.9008759856224,218.63751339912415,216.388696372509,215.1622599363327,215.78158295154572,217.96887570619583
-66,215.53863161802292,216.1289098262787,217.2551587820053,218.1508194208145,217.59763491153717,217.98410177230835,216.25781625509262,218.15009713172913,218.6617928147316,215.9184695482254,218.63577699661255,216.41442042589188,215.14843559265137,215.766139626503,217.96948939561844
-65,215.59877812862396,216.13178539276123,217.2523735165596,218.15213459730148,217.58842819929123,217.98010194301605,216.23651105165482,218.17526757717133,218.6514337658882,215.9372671842575,218.63318610191345,216.43834006786346,215.13563477993011,215.75051593780518,217.9703044295311
-64,215.66049993038177,216.13719177246094,217.25214660167694,218.15313524007797,217.5787062048912,217.97558975219727,216.21387761831284,218.20295923948288,218.6424527168274,215.9569315314293,218.6309415102005,216.45957320928574,215.12421989440918,215.73565536737442,217.9707059264183
-63,215.72216314077377,216.1446032524109,217.25391793251038,218.153529047966,217.56927424669266,217.9708091020584,216.19034069776535,218.23273980617523,218.63520365953445,215.9769446849823,218.6297231912613,216.47727805376053,215.11390858888626,215.72270584106445,217.97009110450745
-62,215.78178071975708,216.15323138237,217.2572649717331,218.1531275510788,217.56066399812698,217.96551728248596,216.16625797748566,218.26413935422897,218.63009399175644,215.99685168266296,218.6298372745514,216.4908874630928,215.10448390245438,215.71274203062057,217.9678401350975
-61,215.83719718456268,216.16212236881256,217.26168310642242,218.15203565359116,217.5532602071762,217.95969700813293,216.14185482263565,218.29640704393387,218.62740349769592,216.0161440372467,218.63142853975296,216.50033789873123,215.09575939178467,215.70637094974518,217.96351379156113
-60,215.88653761148453,216.17045080661774,217.26689106225967,218.1507307291031,217.5476586818695,217.95341300964355,216.11720967292786,218.3284015059471,218.62719118595123,216.03455436229706,218.63419038057327,216.50584888458252,215.08749359846115,215.70334494113922,217.95700359344482
-59,215.92836397886276,216.17773896455765,217.27289164066315,218.14978569746017,217.54449367523193,217.94656020402908,216.09260195493698,218.35866457223892,218.62955528497696,216.05192631483078,218.63760656118393,216.50795501470566,215.07952511310577,215.70309442281723,217.94843578338623
-58,215.96158027648926,216.18389427661896,217.27981233596802,218.14963376522064,217.54431426525116,217.93923830986023,216.06845408678055,218.38567954301834,218.63448363542557,216.06827890872955,218.64124953746796,216.50779563188553,215.0715005993843,215.70506078004837,217.9380248785019
-57,215.98598170280457,216.18891894817352,217.2877078652382,218.15084660053253,217.54715859889984,217.93159598112106,216.04525083303452,218.4081573486328,218.641499042511,216.0840312242508,218.6448109149933,216.50654196739197,215.06265324354172,215.70897775888443,217.9260733127594
-56,216.00185638666153,216.19260722398758,217.2967392206192,218.1542004942894,217.55272096395493,217.92373770475388,216.02378344535828,218.42532700300217,218.6500997543335,216.09937435388565,218.64828032255173,216.5055274963379,215.0523982644081,215.71481329202652,217.91317373514175
-55,216.0099722146988,216.19496977329254,217.30696189403534,218.1604819893837,217.5604791045189,217.91607576608658,216.00476562976837,218.43669325113297,218.6599396467209,216.114188849926,218.65170913934708,216.5060071349144,215.04046320915222,215.7227503657341,217.89995604753494
-54,216.0115429162979,216.19599848985672,217.31797862052917,218.1702281832695,217.56994289159775,217.9088156223297,215.98915094137192,218.4421325325966,218.67084163427353,216.12843376398087,218.65514433383942,216.50896042585373,215.02651315927505,215.73306673765182,217.88706648349762
-53,216.00794434547424,216.19549506902695,217.32927149534225,218.1839156150818,217.58045756816864,217.9021031856537,215.97755205631256,218.44181740283966,218.68281376361847,216.14219915866852,218.6585139632225,216.515061378479,215.0102858543396,215.74578547477722,217.87515205144882
-52,216.00033754110336,216.19316083192825,217.34049183130264,218.20180946588516,217.59119319915771,217.8959533572197,215.97021049261093,218.43611180782318,218.69555866718292,216.15519255399704,218.66179168224335,216.5248864889145,214.99181282520294,215.7609539628029,217.864861369133
-51,215.9900762438774,216.18870967626572,217.3514388203621,218.22352635860443,217.6012367606163,217.89050191640854,215.96703970432281,218.4256597161293,218.70835345983505,216.16670989990234,218.6646764278412,216.53887164592743,214.97176265716553,215.7782461643219,217.8567277789116
-50,215.97821444272995,216.181987285614,217.362078666687,218.24805665016174,217.60953229665756,217.88593125343323,215.9676257967949,218.41140949726105,218.7204870581627,216.17584788799286,218.66683894395828,216.55688828229904,214.95094400644302,215.79729986190796,217.8512932062149
-49,215.96551406383514,216.17287969589233,217.37271291017532,218.2741041779518,217.61548960208893,217.8824714422226,215.97123593091965,218.3947628736496,218.73150086402893,216.1815374493599,218.66797614097595,216.57833689451218,214.93012595176697,215.81743204593658,217.84913623332977
-48,215.95267403125763,216.16159158945084,217.38369739055634,218.30040061473846,217.61892169713974,217.88021439313889,215.97696751356125,218.3769109249115,218.74101424217224,216.18317794799805,218.66762214899063,216.60308426618576,214.9098926782608,215.8378363251686,217.85103356838226
-47,215.93983125686646,216.14847874641418,217.39500612020493,218.32567656040192,217.61972898244858,217.87924867868423,215.98433858156204,218.35876750946045,218.74868577718735,216.18093419075012,218.6654759645462,216.6305375099182,214.89074248075485,215.8575633764267,217.8572706580162
-46,215.9266992211342,216.13406187295914,217.40633362531662,218.3487137556076,217.6180855035782,217.8798502087593,215.9925594329834,218.34114187955856,218.75442910194397,216.1752261519432,218.661545753479,216.6597148180008,214.87291759252548,215.87561237812042,217.86775481700897
-45,215.91273301839828,216.11914056539536,217.41726565361023,218.36860311031342,217.6144319176674,217.88210505247116,216.00065982341766,218.3246746659279,218.75847458839417,216.16640609502792,218.65615385770798,216.6890268921852,214.85633128881454,215.89122408628464,217.8819116950035
-44,215.89774310588837,216.1047791838646,217.42719727754593,218.38455432653427,217.6092373728752,217.88579946756363,216.00762957334518,218.3099840283394,218.7609931230545,216.1553264260292,218.64969396591187,216.71677786111832,214.84101861715317,215.90376782417297,217.89888721704483
-43,215.88179004192352,216.0918482542038,217.43547749519348,218.39604675769806,217.6028477549553,217.89055079221725,216.01259583234787,218.29753017425537,218.76253759860992,216.14300256967545,218.64233642816544,216.74147313833237,214.8269386291504,215.9129140973091,217.9177041053772
-42,215.86511290073395,216.08111089468002,217.44177705049515,218.40288239717484,217.59574937820435,217.89600497484207,216.014912545681,218.28747636079788,218.76371723413467,216.13055777549744,218.633944272995,216.7618252635002,214.81380742788315,215.91862589120865,217.93737280368805
-41,215.84785693883896,216.0732679963112,217.44601261615753,218.40506213903427,217.58847564458847,217.9016427397728,216.014402449131,218.27966636419296,218.76517170667648,216.11883223056793,218.62437266111374,216.77662980556488,214.80111330747604,215.9212697148323,217.95687240362167
-40,215.83040153980255,216.06911182403564,217.44838601350784,218.40285921096802,217.58117789030075,217.90709632635117,216.01142793893814,218.27371454238892,218.7676379084587,216.10834389925003,218.61356818675995,216.78504478931427,214.7880694270134,215.92182582616806,217.97540986537933
-39,215.813296854496,216.06965517997742,217.44966435432434,218.39674133062363,217.57361555099487,217.91229736804962,216.0065671801567,218.26880717277527,218.77168601751328,216.0993698835373,218.60150927305222,216.786703646183,214.77415919303894,215.92148637771606,217.99245166778564
-38,215.79688960313797,216.07561022043228,217.45052862167358,218.38719803094864,217.56524640321732,217.91735672950745,216.00068759918213,218.26398128271103,218.77763837575912,216.09151011705399,218.58837950229645,216.7815089225769,214.7589671611786,215.92139464616776,218.00760066509247
-37,215.7817810177803,216.08685266971588,217.45143443346024,218.37475204467773,217.55554604530334,217.922613799572,215.9949312210083,218.25840991735458,218.78530663251877,216.0843322277069,218.5743746161461,216.76947689056396,214.7422187924385,215.92253631353378,218.02046871185303
-36,215.76868098974228,216.10294610261917,217.45274358987808,218.35993838310242,217.54430222511292,217.9285427927971,215.990140914917,218.25155824422836,218.7941935658455,216.07761377096176,218.5597687959671,216.75115501880646,214.7243931889534,215.92542159557343,218.03092885017395
-35,215.75813245773315,216.1231307387352,217.45441114902496,218.34323644638062,217.53169786930084,217.93568575382233,215.98697102069855,218.24337375164032,218.80372953414917,216.07081162929535,218.54495018720627,216.72725623846054,214.7063021659851,215.9298341870308,218.03916192054749
-34,215.75034219026566,216.1464023590088,217.45630663633347,218.32506144046783,217.5183648467064,217.94432133436203,215.985833466053,218.23381626605988,218.81325608491898,216.06388783454895,218.53023648262024,216.69882375001907,214.68910390138626,215.93517178297043,218.04548954963684
-33,215.74494671821594,216.17170470952988,217.45838022232056,218.30592054128647,217.50529313087463,217.95451605319977,215.9869138598442,218.22300750017166,218.82219403982162,216.05719876289368,218.5159905552864,216.66671645641327,214.67403489351273,215.94075524806976,218.05031633377075
-32,215.7415863275528,216.1978324651718,217.4606310725212,218.28641432523727,217.49335008859634,217.96598607301712,215.99033504724503,218.21138352155685,218.830119907856,216.05085784196854,218.50257378816605,216.63179802894592,214.66247415542603,215.9459103345871,218.05372267961502
-31,215.739652633667,216.22361850738525,217.4627919793129,218.2674150466919,217.4833956360817,217.97824227809906,215.9961874485016,218.19973987340927,218.83694541454315,216.04516619443893,218.49023246765137,216.59495395421982,214.65510219335556,215.95041573047638,218.05605441331863
-30,215.73836356401443,216.24779838323593,217.46468770503998,218.24973618984222,217.4761826992035,217.99046033620834,216.00435197353363,218.18884670734406,218.84279084205627,216.04035985469818,218.47912627458572,216.55666732788086,214.6523984670639,215.95404481887817,218.05759966373444
-29,215.7365797162056,216.26912701129913,217.46626168489456,218.23394721746445,217.47211450338364,218.00162929296494,216.01454269886017,218.17961138486862,218.848009288311,216.036335170269,218.46940034627914,216.51748245954514,214.6543875336647,215.95689326524734,218.0586286187172
-28,215.73315626382828,216.28661781549454,217.4675132036209,218.2204648256302,217.47134989500046,218.01073050498962,216.0265735387802,218.17279529571533,218.853151679039,216.0329913496971,218.4612832069397,216.47829234600067,214.66076451539993,215.9593507051468,218.05955743789673
-27,215.72728550434113,216.29940450191498,217.46830993890762,218.2094453573227,217.47374314069748,218.01660937070847,216.04027116298676,218.1689129471779,218.8586307168007,216.03019458055496,218.4547380208969,216.44002896547318,214.67106574773788,215.96168398857117,218.060437977314
-26,215.71829277276993,216.30695623159409,217.46854424476624,218.2009506225586,217.47872042655945,218.01812022924423,216.05563455820084,218.16833192110062,218.86447709798813,216.02756798267365,218.44953495264053,216.40344434976578,214.68429416418076,215.96421664953232,218.06113648414612
-25,215.70593374967575,216.30902206897736,217.4681009054184,218.1949714422226,217.48565167188644,218.0144406557083,216.07244437932968,218.1713274717331,218.87029844522476,216.02477610111237,218.44558942317963,216.36916249990463,214.69903701543808,215.9673534631729,218.06106400489807
-24,215.69040924310684,216.30543458461761,217.46711045503616,218.19137328863144,217.49366062879562,218.0052120089531,216.09075224399567,218.17778199911118,218.87538784742355,216.02184635400772,218.4424296617508,216.3376665711403,214.7137855887413,215.97110629081726,218.05966317653656
-23,215.6723597049713,216.29627764225006,217.46600663661957,218.19003719091415,217.50206249952316,217.99058920145035,216.11048465967178,218.18739819526672,218.8789485692978,216.01859492063522,218.43973952531815,216.30909222364426,214.72740757465363,215.97538834810257,218.056278526783
-22,215.65285331010818,216.28207635879517,217.46514588594437,218.19082516431808,217.51052898168564,217.97095531225204,216.13090479373932,218.1994353532791,218.88030177354813,216.01497304439545,218.437020778656,216.2837386727333,214.73948669433594,215.97985726594925,218.05028814077377
-21,215.63306766748428,216.26324778795242,217.46497577428818,218.19346523284912,217.5190304517746,217.94708544015884,216.15116572380066,218.21262830495834,218.8788150548935,216.01125699281693,218.4335225224495,216.26143234968185,214.75028532743454,215.98421055078506,218.04121160507202
-20,215.61431801319122,216.2406474351883,217.46594721078873,218.19775426387787,217.52775812149048,217.92002528905869,216.1701990365982,218.22577941417694,218.87423092126846,216.00778031349182,218.42828994989395,216.24224561452866,214.76042258739471,215.98801565170288,218.02908718585968
-19,215.59788119792938,216.2151535153389,217.46827387809753,218.20335924625397,217.53707534074783,217.89102655649185,216.18723917007446,218.23770147562027,218.8665673136711,216.0049678683281,218.42038840055466,216.22609996795654,214.7708095908165,215.99080204963684,218.0142874121666
-18,215.5845828652382,216.18779170513153,217.47187095880508,218.21010428667068,217.54698991775513,217.86129331588745,216.20162552595139,218.24740487337112,218.85613632202148,216.00293338298798,218.40927004814148,216.21284407377243,214.7814649939537,215.99184268712997,217.99738144874573
-17,215.57462239265442,216.15940284729004,217.4764827489853,218.21787577867508,217.5575453042984,217.83171486854553,216.21284759044647,218.2541561126709,218.84337371587753,216.00180900096893,218.39450228214264,216.20229721069336,214.7917566895485,215.9908123612404,217.97911566495895
-16,215.5678745508194,216.13072484731674,217.48187506198883,218.2263435125351,217.56853008270264,217.8028792142868,216.22090035676956,218.25761276483536,218.82862257957458,216.00159323215485,218.3759458065033,216.19428831338882,214.80090856552124,215.98699986934662,217.96009635925293
-15,215.56357377767563,216.10240906476974,217.48774242401123,218.2349820137024,217.5798198580742,217.77501106262207,216.22578990459442,218.2576534152031,218.81221330165863,216.00204229354858,218.35378378629684,216.18859958648682,214.80818420648575,215.97960954904556,217.94069463014603
-14,215.5609012246132,216.07498919963837,217.49362009763718,218.24322760105133,217.59109848737717,217.74805718660355,216.22785586118698,218.25438779592514,218.7944821715355,216.00314527750015,218.32848405838013,216.18487602472305,214.81320935487747,215.96785271167755,217.92116820812225
-13,215.5588896870613,216.0490484237671,217.49900370836258,218.25041508674622,217.6019257903099,217.7218302488327,216.22722852230072,218.24830943346024,218.7757995724678,216.00448256731033,218.30070453882217,216.18290227651596,214.81576400995255,215.95108705759048,217.9019632935524
-12,215.55696141719818,216.0246987938881,217.50337034463882,218.255892932415,217.6120549440384,217.69615149497986,216.2241124510765,218.24025809764862,218.75656819343567,216.00540101528168,218.2711944580078,216.182486474514,214.81579810380936,215.9287065267563,217.88336193561554
-11,215.5548433661461,216.00179588794708,217.50605076551437,218.25900864601135,217.621399641037,217.67080509662628,216.21871250867844,218.23125314712524,218.73740446567535,216.00493443012238,218.2409152984619,216.1836017370224,214.81351399421692,215.90055203437805,217.86572700738907
-10,215.55248492956161,215.98031932115555,217.5064932703972,218.25899559259415,217.62982767820358,217.6458564400673,216.21134501695633,218.22210919857025,218.71878242492676,216.00185030698776,218.2107805609703,216.18638390302658,214.80903089046478,215.86686885356903,217.84944945573807
-9,215.5499143600464,215.96029549837112,217.50405341386795,218.25527667999268,217.6371003985405,217.6215009689331,216.20217144489288,218.21363872289658,218.70111894607544,215.99473226070404,218.18156123161316,216.19100773334503,214.80233764648438,215.82863008975983,217.8347664475441
-8,215.54722636938095,215.94170928001404,217.49808686971664,218.24765479564667,217.6427707672119,217.59811633825302,216.1913378238678,218.2063552737236,218.6847630739212,215.98222601413727,218.15393084287643,216.1977412700653,214.79292476177216,215.78704261779785,217.82160580158234
-7,215.54443460702896,215.9247164130211,217.48828846216202,218.23588967323303,217.6461337208748,217.5761581659317,216.1791437268257,218.20056915283203,218.66989308595657,215.9633686542511,218.12847048044205,216.20675361156464,214.78000342845917,215.74343091249466,217.8098023533821
-6,215.5415514111519,215.9092833995819,217.47455060482025,218.22002094984055,217.64643746614456,217.55604130029678,216.16593807935715,218.19628220796585,218.6564992070198,215.93776804208755,218.10531425476074,216.2183285355568,214.7628264427185,215.69914734363556,217.79925912618637
-5,215.53851854801178,215.89548188447952,217.4571300148964,218.2002436518669,217.64307498931885,217.5379890203476,216.15224784612656,218.1933038830757,218.6445415019989,215.9056494832039,218.08460694551468,216.23294442892075,214.74119365215302,215.65584379434586,217.7896444797516
-4,215.5353170633316,215.88329774141312,217.43645733594894,218.17681103944778,217.63550180196762,217.5219007730484,216.13854730129242,218.1913344860077,218.63391983509064,215.86795806884766,218.06619310379028,216.25116181373596,214.71542465686798,215.61513698101044,217.78076815605164
-3,215.5317216515541,215.87270027399063,217.41327613592148,218.1501315832138,217.62356024980545,217.50742661952972,216.1251357793808,218.1899870634079,218.62497067451477,215.82633817195892,218.04987090826035,216.2730489373207,214.6859349012375,215.57854694128036,217.7726370692253
-2,215.52767151594162,215.86359602212906,217.3883374929428,218.12058246135712,217.60766965150833,217.49406510591507,216.1119037270546,218.1889972090721,218.61789101362228,215.78250813484192,218.0350638628006,216.29845529794693,214.65340274572372,215.54721701145172,217.76501327753067
-1,215.52331042289734,215.85590946674347,217.36250221729279,218.08876413106918,217.58857625722885,217.4814956188202,216.09878545999527,218.18817454576492,218.6130560040474,215.73816466331482,218.02130949497223,216.32665568590164,214.6188839673996,215.52172714471817,217.75775694847107
0,215.51896196603775,215.8496155142784,217.3364293575287,218.05548077821732,217.56728386878967,217.46949064731598,216.08556962013245,218.18736857175827,218.6107281446457,215.69478923082352,218.0083081126213,216.3563615679741,214.58358401060104,215.50212877988815,217.7506605386734
1,215.53757393360138,215.86712628602982,217.33255702257156,218.04921281337738,217.5660034418106,217.4823796749115,216.09327471256256,218.19097286462784,218.63092863559723,215.67325466871262,218.0126250386238,216.3970535993576,214.56125164031982,215.5030859708786,217.76826763153076
2,215.55608642101288,215.88674062490463,217.32978582382202,218.04043942689896,217.56315165758133,217.49536353349686,216.1017114520073,218.1947807073593,218.65201675891876,215.65517222881317,218.01651698350906,216.43675410747528,214.53984981775284,215.50843584537506,217.78743296861649
3,215.57539516687393,215.9084323644638,217.32845610380173,218.02973836660385,217.55905681848526,217.50862270593643,216.11057704687119,218.19900339841843,218.67369484901428,215.64171707630157,218.0196881890297,216.4741109609604,214.52034389972687,215.51732206344604,217.80728685855865
4,215.59632194042206,215.93195414543152,217.32860869169235,218.0177827477455,217.55387020111084,217.5222796201706,216.11985433101654,218.2037971019745,218.69553714990616,215.6335533261299,218.02182871103287,216.5079264640808,214.50313729047775,215.52866929769516,217.8270539045334
5,215.61936402320862,215.95683377981186,217.33007162809372,218.0055056810379,217.54753732681274,217.53644275665283,216.12953752279282,218.20930713415146,218.71707105636597,215.63073772192,218.02261424064636,216.53704398870468,214.48832845687866,215.54117971658707,217.8460962176323
6,215.6447737812996,215.98266118764877,217.3325121998787,217.99383735656738,217.53998816013336,217.55158257484436,216.1393096446991,218.21569657325745,218.73767548799515,215.63277530670166,218.0219185948372,216.560841858387,214.47574961185455,215.5534058213234,217.86386370658875
7,215.6723347902298,216.00866430997849,217.33541160821915,217.98373699188232,217.53112244606018,217.56820458173752,216.14903396368027,218.2231549024582,218.75672113895416,215.6388145685196,218.01935148239136,216.57915234565735,214.46538573503494,215.5642033815384,217.87975734472275
8,215.70127141475677,216.03404581546783,217.33804208040237,217.97610771656036,217.52111488580704,217.5866591334343,216.15826159715652,218.23176485300064,218.77366423606873,215.64770966768265,218.0147449374199,216.59226840734482,214.45757842063904,215.57240188121796,217.893523812294
9,215.73024344444275,216.05838352441788,217.33993411064148,217.9714059829712,217.5105202794075,217.60714876651764,216.16660690307617,218.241544008255,218.78791135549545,215.65850967168808,218.00801265239716,216.60094982385635,214.45296055078506,215.57719057798386,217.90491253137589
10,215.7581711411476,216.081194460392,217.34086805582047,217.96982544660568,217.50001972913742,217.6295344233513,216.17346560955048,218.25256580114365,218.79911768436432,215.6702385544777,217.99926805496216,216.60609924793243,214.45208370685577,215.5786663889885,217.91355353593826
11,215.7843604683876,216.10214513540268,217.34071135520935,217.97105395793915,217.49054539203644,217.653415620327,216.1781998872757,218.26499181985855,218.80737668275833,215.68217086791992,217.98867136240005,216.60844892263412,214.4552212357521,215.57700139284134,217.91952204704285
12,215.8086251616478,216.1210862994194,217.3396372795105,217.97466671466827,217.48292636871338,217.67809402942657,216.1805962920189,218.27878892421722,218.81310027837753,215.69380992650986,217.9766361117363,216.6086727976799,214.46250146627426,215.57284998893738,217.92328143119812
13,215.83099937438965,216.13774240016937,217.3379562497139,217.98000276088715,217.47799694538116,217.70288813114166,216.1807839870453,218.29401898384094,218.81677025556564,215.7050758600235,217.96376425027847,216.60738533735275,214.4739070534706,215.56702655553818,217.9255269765854
14,215.85138773918152,216.15179800987244,217.33605140447617,217.98645639419556,217.47666358947754,217.72712916135788,216.17933493852615,218.31066125631332,218.81884342432022,215.7160375714302,217.9507782459259,216.60507708787918,214.48935097455978,215.5603285431862,217.92696756124496
15,215.86995941400528,216.1629821062088,217.33450800180435,217.9935445189476,217.4796588420868,217.75034618377686,216.1768490076065,218.32868897914886,218.81983298063278,215.7269348502159,217.9382604956627,216.60205286741257,214.50847619771957,215.55383163690567,217.9281831383705
16,215.88665109872818,216.171069085598,217.33395129442215,218.00102454423904,217.48751866817474,217.77234131097794,216.17384684085846,218.34780490398407,218.8201134800911,215.73827749490738,217.92679238319397,216.59858095645905,214.5308101773262,215.54856485128403,217.92960625886917
17,215.90173262357712,216.1764657497406,217.33494919538498,218.00877583026886,217.50016921758652,217.79294228553772,216.17069029808044,218.36781466007233,218.81990480422974,215.75039303302765,217.91692966222763,216.5950090289116,214.5559231042862,215.54533630609512,217.93148720264435
18,215.91558647155762,216.17995393276215,217.33819979429245,218.0170053243637,217.5170383453369,217.8122457265854,216.16755694150925,218.38862532377243,218.81918025016785,215.76354211568832,217.9090742468834,216.59196096658707,214.58304077386856,215.54466497898102,217.933735370636
19,215.92851620912552,216.18266648054123,217.3440311551094,218.0259871482849,217.53722608089447,217.8302976489067,216.16473591327667,218.41017073392868,218.81768411397934,215.77792888879776,217.90341633558273,216.59021413326263,214.6113675236702,215.54683530330658,217.9361355304718
20,215.9408336877823,216.1853061914444,217.35285466909409,218.03609788417816,217.55985015630722,217.84707880020142,216.16249930858612,218.43217915296555,218.8152192234993,215.79360109567642,217.89996975660324,216.59068244695663,214.63989388942719,215.5519704222679,217.93852365016937
21,215.95307099819183,216.18849527835846,217.364810526371,218.04765558242798,217.58381181955338,217.86271888017654,216.16083651781082,218.45440101623535,218.8117516040802,215.81048661470413,217.89880222082138,216.59389835596085,214.66764110326767,215.55976790189743,217.9410401582718
22,215.96560317277908,216.1929308772087,217.37990301847458,218.06086015701294,217.6078782081604,217.87734532356262,216.15948206186295,218.47666889429092,218.8074437379837,215.82838129997253,217.89985597133636,216.600177526474,214.6932793855667,215.56971514225006,217.94397538900375
23,215.9785607457161,216.1993312239647,217.39780509471893,218.07562470436096,217.6309524178505,217.89103865623474,216.15814703702927,218.49852073192596,218.8024532198906,215.8469710946083,217.90308290719986,216.60953217744827,214.71569377183914,215.5813227891922,217.94745594263077
24,215.9916279911995,216.20803034305573,217.41793221235275,218.09176951646805,217.65223985910416,217.90378576517105,216.15680134296417,218.51927173137665,218.79687178134918,215.86562556028366,217.90838980674744,216.6214770078659,214.7341781258583,215.59382343292236,217.95122361183167
25,216.00429511070251,216.2190929055214,217.43976259231567,218.10886025428772,217.6711813211441,217.91552656888962,216.15553534030914,218.53818541765213,218.79103976488113,215.88389134407043,217.9156373143196,216.63539922237396,214.74841594696045,215.60640513896942,217.95478439331055
26,216.01579767465591,216.2325109243393,217.46251183748245,218.1261521577835,217.6874635219574,217.9261019229889,216.15419578552246,218.55455875396729,218.7853953242302,215.9005562067032,217.92459458112717,216.6509119272232,214.75854861736298,215.6183163523674,217.95751523971558
27,216.0247906446457,216.24801981449127,217.48542243242264,218.14270341396332,217.70092058181763,217.93484407663345,216.1525595188141,218.56793373823166,218.78035098314285,215.9154068827629,217.9348697066307,216.66743075847626,214.76488763093948,215.62908613681793,217.9588931798935
28,216.02999365329742,216.2649872303009,217.50785344839096,218.1575983762741,217.71162432432175,217.941183924675,216.15042847394943,218.57803338766098,218.77632772922516,215.92830473184586,217.9460061788559,216.68448269367218,214.76805502176285,215.63827472925186,217.95862364768982
29,216.03025418519974,216.28231072425842,217.52928721904755,218.17014771699905,217.71972173452377,217.9446788430214,216.14757096767426,218.58482533693314,218.77356284856796,215.93898916244507,217.9574075937271,216.70171004533768,214.76912242174149,215.64546018838882,217.95674693584442
30,216.0250232219696,216.29864263534546,217.5492469072342,218.18001198768616,217.72543662786484,217.94492316246033,216.1437658071518,218.58843398094177,218.7721547484398,215.9473626613617,217.9685343503952,216.71874624490738,214.76854932308197,215.65032762289047,217.95363003015518
31,216.01419550180435,216.31272119283676,217.56748747825623,218.18728882074356,217.7289047241211,217.94151699543,216.1392228603363,218.5891564488411,218.77195519208908,215.95398026704788,217.97876727581024,216.7351599931717,214.76687800884247,215.65236580371857,217.94983464479446
32,215.99830120801926,216.32319569587708,217.58397501707077,218.19228547811508,217.73045843839645,217.93459302186966,216.13469171524048,218.58737581968307,218.77271395921707,215.95958948135376,217.98757475614548,216.75052678585052,214.76481264829636,215.6508234143257,217.94556707143784
33,215.9783691763878,216.32866936922073,217.5985522866249,218.19537061452866,217.73068261146545,217.9245082139969,216.13137936592102,218.5832816362381,218.77421814203262,215.96504056453705,217.994447350502,216.76451510190964,214.7629731297493,215.64500772953033,217.9408946633339
34,215.9558926820755,216.32865250110626,217.6111115217209,218.1968504190445,217.73025906085968,217.9117175936699,216.13056910037994,218.57698911428452,218.77619290351868,215.97111749649048,217.99901568889618,216.77702939510345,214.7620985507965,215.63457864522934,217.93573987483978
35,215.93234169483185,216.32325118780136,217.6214883327484,218.19695883989334,217.73007190227509,217.8965892791748,216.13351780176163,218.5685132741928,218.778570830822,215.97842359542847,218.0012288093567,216.78843700885773,214.76275396347046,215.61961978673935,217.93019980192184
36,215.9087634086609,216.31259840726852,217.62959599494934,218.19565576314926,217.73079371452332,217.87937021255493,216.14103269577026,218.55794090032578,218.78128880262375,215.9873287677765,218.00105726718903,216.79940050840378,214.76514875888824,215.6003732085228,217.92438983917236
37,215.88619101047516,216.29734009504318,217.63560271263123,218.19258147478104,217.73277777433395,217.85995888710022,216.15353161096573,218.54508090019226,218.78451472520828,215.99771225452423,217.99864995479584,216.81059455871582,214.76894080638885,215.5772022008896,217.91870260238647
38,215.86528050899506,216.27858984470367,217.63965290784836,218.18740940093994,217.73616135120392,217.83834105730057,216.17100256681442,218.52974379062653,218.7883813381195,216.00917160511017,217.99447983503342,216.8225595355034,214.77389562129974,215.55118012428284,217.9135820865631
39,215.84624475240707,216.2578849196434,217.64180040359497,218.17972248792648,217.74093908071518,217.81465923786163,216.1931117773056,218.51206868886948,218.7928964495659,216.02142453193665,217.98909509181976,216.83556705713272,214.77986520528793,215.52363258600235,217.90945786237717
40,215.82891827821732,216.23710292577744,217.64216941595078,218.16946578025818,217.74694854021072,217.7892400622368,216.21926283836365,218.49249732494354,218.79803705215454,216.03400319814682,217.98317700624466,216.84975683689117,214.78711092472076,215.49611526727676,217.90654987096786
41,215.81245028972626,216.21811664104462,217.6407107114792,218.15675109624863,217.75378328561783,217.76259249448776,216.24842643737793,218.4713082909584,218.80340552330017,216.0464957356453,217.97726809978485,216.8651087284088,214.79584950208664,215.46991860866547,217.90504509210587
42,215.79616117477417,216.20211654901505,217.63768589496613,218.14173871278763,217.76099008321762,217.73542588949203,216.2797001004219,218.44886195659637,218.80825501680374,216.0586450099945,217.97187906503677,216.88170677423477,214.8062270283699,215.4460573196411,217.90493887662888
43,215.77909862995148,216.18987774848938,217.63323587179184,218.12472957372665,217.7680190205574,217.70879936218262,216.31194907426834,218.4257711172104,218.81194657087326,216.07041507959366,217.96752220392227,216.89927279949188,214.81818681955338,215.42503118515015,217.90618842840195
44,215.7603486776352,216.1812698841095,217.62746024131775,218.10631054639816,217.77410405874252,217.68377953767776,216.34384959936142,218.40259444713593,218.81384867429733,216.08131510019302,217.964688539505,216.91708368062973,214.83152598142624,215.40666723251343,217.90875482559204
45,215.7392321228981,216.17599111795425,217.6204735636711,218.08718293905258,217.77853763103485,217.66146445274353,216.37398076057434,218.3796780705452,218.81355273723602,216.09063464403152,217.96387654542923,216.93445640802383,214.845827460289,215.39029532670975,217.91245770454407
46,215.7153748869896,216.17367541790009,217.61255079507828,218.0683155655861,217.78070098161697,217.64271354675293,216.40108221769333,218.35709309577942,218.8111251592636,216.09791493415833,217.96535170078278,216.95068490505219,214.86051088571548,215.3747562766075,217.9169887304306
47,215.68880814313889,216.17413419485092,217.60416626930237,218.05086761713028,217.7801570892334,217.6282575726509,216.42383587360382,218.33507710695267,218.80713468790054,216.1029053926468,217.96929615736008,216.96536529064178,214.87433141469955,215.35867089033127,217.92181807756424
48,215.65998834371567,216.17733478546143,217.59592181444168,218.03573316335678,217.77681291103363,217.6183168888092,216.4407080411911,218.31386309862137,218.8022997379303,216.10578972101212,217.97539275884628,216.97839677333832,214.88595300912857,215.3409257531166,217.9262272119522
49,215.6298674941063,216.18296986818314,217.58846598863602,218.02357929944992,217.77073919773102,217.61289834976196,216.45056599378586,218.2936936020851,218.79754596948624,216.10669684410095,217.98319548368454,216.98981654644012,214.89400935173035,215.32074749469757,217.92940604686737
50,215.59954941272736,216.19048482179642,217.58253920078278,218.0147868990898,217.76198840141296,217.61156845092773,216.45299291610718,218.2748819589615,218.7938027381897,216.10570168495178,217.99190759658813,216.99962091445923,214.89725428819656,215.29811477661133,217.93057024478912
51,215.57001662254333,216.19922137260437,217.5788421034813,218.00963366031647,217.75108414888382,217.61344569921494,216.44808357954025,218.25778323411942,218.79186552762985,216.1026484966278,218.0004608631134,217.00803983211517,214.8947502374649,215.27358531951904,217.92922818660736
52,215.5425345301628,216.20818746089935,217.5780729651451,218.00769537687302,217.7388522028923,217.617485165596,216.43633216619492,218.24253594875336,218.79218381643295,216.09706807136536,218.00792664289474,217.0156353712082,214.88592743873596,215.24795931577682,217.92510336637497
53,215.51824390888214,216.21651917696,217.58070170879364,218.00789523124695,217.72603356838226,217.62276047468185,216.41856902837753,218.22919034957886,218.79474222660065,216.08784818649292,218.01350784301758,217.02320224046707,214.87045294046402,215.22218239307404,217.918177485466
54,215.4978031516075,216.223359644413,217.5867336988449,218.00924384593964,217.71356463432312,217.6280517578125,216.39554113149643,218.2181794643402,218.79935312271118,216.07393473386765,218.0165477991104,217.0312904715538,214.84848415851593,215.19724720716476,217.90866935253143
55,215.48179864883423,216.22803509235382,217.59574288129807,218.01089650392532,217.70206499099731,217.6325933933258,216.36825907230377,218.20989632606506,218.8056915998459,216.05474144220352,218.01669025421143,217.0400985479355,214.82037889957428,215.17446219921112,217.8971524834633
56,215.47070580720901,216.22979855537415,217.6071076989174,218.0121608376503,217.6918231844902,217.63599294424057,216.33789539337158,218.20435506105423,218.81317615509033,216.03031539916992,218.01373839378357,217.0492467880249,214.78662192821503,215.15509796142578,217.8842899799347
57,215.4647473692894,216.2283998131752,217.6199493408203,218.01275235414505,217.68276834487915,217.63812124729156,216.3054682612419,218.20150989294052,218.82129728794098,216.0010638833046,218.0076624751091,217.05781704187393,214.74764597415924,215.13995337486267,217.87062859535217
58,215.46395301818848,216.22389364242554,217.63327860832214,218.01243311166763,217.67455101013184,217.6393511891365,216.27181434631348,218.2011860013008,218.82960307598114,215.9679173231125,217.9983542561531,217.06440716981888,214.70383441448212,215.12914848327637,217.85686838626862
59,215.4679430127144,216.21644753217697,217.64632296562195,218.01073038578033,217.6668757200241,217.64019739627838,216.23778766393661,218.20313441753387,218.83769649267197,215.93212777376175,217.9856727719307,217.06793677806854,214.65603107213974,215.12263226509094,217.84360772371292
60,215.4758402109146,216.20634877681732,217.658244907856,218.00713235139847,217.65964007377625,217.64110606908798,216.20408803224564,218.20715934038162,218.84518921375275,215.89496701955795,217.96998661756516,217.067622423172,214.6056813597679,215.12002927064896,217.83095359802246
61,215.48652338981628,216.19392567873,217.6683023571968,218.00139558315277,217.65289676189423,217.64231330156326,216.17104905843735,218.21304857730865,218.85168713331223,215.85788774490356,217.95211571455002,217.0624213218689,214.55492532253265,215.12048000097275,217.8187299966812
62,215.4988123178482,216.17955660820007,217.67582124471664,217.99347686767578,217.6466782093048,217.64413833618164,216.13878118991852,218.22057855129242,218.85691159963608,215.82186079025269,217.93300479650497,217.0520265698433,214.5055360198021,215.12324440479279,217.80657720565796
63,215.511439204216,216.1641567349434,217.6799043416977,217.98351514339447,217.6410306096077,217.6465327143669,216.1073738336563,218.23011720180511,218.86028164625168,215.78778034448624,217.91329431533813,217.03663408756256,214.45903009176254,215.12817585468292,217.79349499940872
64,215.52382534742355,216.1484203338623,217.67978459596634,217.97225004434586,217.63575446605682,217.6489835381508,216.07683938741684,218.2420511841774,218.86124855279922,215.7565062046051,217.89390248060226,217.01693052053452,214.4164708852768,215.1350902915001,217.77848666906357
65,215.5356342792511,216.133240878582,217.67498564720154,217.9605952501297,217.6303551197052,217.65112179517746,216.0474174618721,218.25671339035034,218.85949444770813,215.7285360097885,217.8756646513939,216.99393910169601,214.37863159179688,215.144184589386,217.76096600294113
66,215.54634702205658,216.11957567930222,217.66533613204956,217.94955378770828,217.62419629096985,217.65268921852112,216.01931273937225,218.274211704731,218.85473960638046,215.70406925678253,217.8589932322502,216.96911698579788,214.34595501422882,215.1559218764305,217.7406542301178
67,215.5555020570755,216.10824191570282,217.65092778205872,217.93980300426483,217.616594851017,217.6533900499344,215.99307191371918,218.29457825422287,218.84683418273926,215.68295389413834,217.8439781665802,216.94354486465454,214.31849932670593,215.17134374380112,217.71758842468262
68,215.56305342912674,216.10000675916672,217.6320623755455,217.9318363070488,217.6071417927742,217.65297681093216,215.9689845442772,218.3174557685852,218.8357771039009,215.66486811637878,217.83058881759644,216.91771626472473,214.2959864139557,215.19131195545197,217.6923669576645
69,215.56913203001022,216.0952591896057,217.60945278406143,217.92582005262375,217.59531676769257,217.65112906694412,215.94708335399628,218.3422788977623,218.82166993618011,215.64931297302246,217.81863272190094,216.89201700687408,214.27771401405334,215.21631985902786,217.66574651002884
70,215.57409018278122,216.09375566244125,217.5839518904686,217.92138600349426,217.5808401107788,217.6475893855095,215.92718410491943,218.36842167377472,218.80462884902954,215.63588643074036,217.8080337047577,216.86652612686157,214.2623376250267,215.24644827842712,217.63848859071732
71,215.57848542928696,216.0949814915657,217.55660200119019,217.917988717556,217.5635696053505,217.64202630519867,215.90863782167435,218.3950521349907,218.78514277935028,215.62414532899857,217.7982196211815,216.84126615524292,214.24825710058212,215.2812678217888,217.61156409978867
72,215.58264702558517,216.09800958633423,217.5286444425583,217.91495060920715,217.5436959862709,217.63424426317215,215.89107847213745,218.4211027622223,218.7640219926834,215.61348164081573,217.78899371623993,216.81592762470245,214.23480361700058,215.31950199604034,217.58582663536072
73,215.58686459064484,216.10194301605225,217.50125747919083,217.91168975830078,217.52194601297379,217.62420630455017,215.87432670593262,218.4455029964447,218.7423516511917,215.60353827476501,217.78055560588837,216.78981631994247,214.22180992364883,215.35969197750092,217.5621508359909
74,215.5915162563324,216.10588091611862,217.47518068552017,217.90765249729156,217.49966835975647,217.61192709207535,215.85837197303772,218.467087328434,218.72130542993546,215.59408050775528,217.77292263507843,216.76285457611084,214.2091031074524,215.40055227279663,217.54096537828445
75,215.5969472527504,216.10906314849854,217.45102101564407,217.9021701812744,217.47846674919128,217.59773766994476,215.84314674139023,218.4847160577774,218.70194339752197,215.5852374434471,217.76617389917374,216.73486751317978,214.19662326574326,215.44046753644943,217.5225236415863
76,215.60346591472626,216.11095213890076,217.42925637960434,217.89452743530273,217.45982909202576,217.58194988965988,215.82867377996445,218.4975524544716,218.68505263328552,215.57732713222504,217.76044976711273,216.70565086603165,214.18410217761993,215.4778624176979,217.50697058439255
77,215.61103212833405,216.11119216680527,217.41031819581985,217.88419580459595,217.44493651390076,217.56424325704575,215.81506752967834,218.50511133670807,218.67128825187683,215.57094317674637,217.75580221414566,216.6751373410225,214.17140173912048,215.5111802816391,217.49452883005142
78,215.61921507120132,216.1098462343216,217.39432448148727,217.87022691965103,217.43446338176727,217.54416686296463,215.8023254275322,218.50719141960144,218.66081297397614,215.56658321619034,217.75191003084183,216.64321446418762,214.1586582660675,215.53874343633652,217.48519164323807
79,215.6272812485695,216.10702061653137,217.38136982917786,217.8520981669426,217.42866188287735,217.52137756347656,215.7898749113083,218.50355404615402,218.65360802412033,215.56474727392197,217.74840366840363,216.61032158136368,214.14616096019745,215.5590289235115,217.4785876274109
80,215.63446640968323,216.10268980264664,217.371557533741,217.8301544189453,217.42741602659225,217.49567198753357,215.77695035934448,218.4941250681877,218.64932757616043,215.56646984815598,217.74468541145325,216.57733005285263,214.13448405265808,215.57150036096573,217.4741216301918
81,215.64022558927536,216.09624862670898,217.36529111862183,217.80526566505432,217.43019503355026,217.4678453207016,215.76299208402634,218.47950834035873,218.64715194702148,215.5729404091835,217.73998206853867,216.5452389717102,214.12421160936356,215.57688641548157,217.4711490869522
82,215.64442843198776,216.08715897798538,217.36272758245468,217.77894186973572,217.43588334321976,217.43965297937393,215.74776774644852,218.46074360609055,218.64570331573486,215.58485329151154,217.73340898752213,216.51535135507584,214.11567425727844,215.57620352506638,217.4686776995659
83,215.64689719676971,216.07518428564072,217.3636053800583,217.75282329320908,217.44310891628265,217.41295635700226,215.7307944893837,218.43884605169296,218.64398777484894,215.60207110643387,217.7239007949829,216.48878914117813,214.10903257131577,215.57038021087646,217.4657838344574
84,215.64790308475494,216.06027448177338,217.36726713180542,217.72817873954773,217.450746178627,217.38973742723465,215.7120944261551,218.41470348834991,218.6418200135231,215.62379562854767,217.71044898033142,216.46627807617188,214.1041733622551,215.56024503707886,217.4618837237358
85,215.6484260559082,216.04237365722656,217.37291955947876,217.7061476111412,217.45818263292313,217.37182474136353,215.6922708749771,218.38949179649353,218.6394077539444,215.64888042211533,217.69230383634567,216.4480755329132,214.10081726312637,215.54641968011856,217.45658057928085
86,215.6490289568901,216.0212596654892,217.37977665662766,217.6876739859581,217.46524560451508,217.36055558919907,215.67167991399765,218.36411488056183,218.63716316223145,215.67544984817505,217.6691215634346,216.4339348077774,214.09891349077225,215.52961587905884,217.44971591234207
87,215.6498059630394,215.996426820755,217.38744646310806,217.67339271306992,217.47192806005478,217.3561468720436,215.6508145928383,218.33987659215927,218.6354650259018,215.70155668258667,217.64086425304413,216.4233518242836,214.0988563299179,215.50993311405182,217.44153934717178
88,215.6503627896309,215.967775285244,217.3958359360695,217.66393786668777,217.47814202308655,217.358323097229,215.63036173582077,218.31791770458221,218.63441795110703,215.72608387470245,217.60801792144775,216.41557109355927,214.1007667183876,215.4876236319542,217.4328139424324
89,215.64999896287918,215.93530321121216,217.4047151207924,217.65959459543228,217.4837247133255,217.36714339256287,215.61057341098785,218.29931324720383,218.6339169740677,215.74856477975845,217.57170116901398,216.4100984930992,214.10423529148102,215.4637272953987,217.42468869686127
90,215.64871871471405,215.8986200094223,217.41434168815613,217.65992778539658,217.48865628242493,217.38286274671555,215.5910342335701,218.28474634885788,218.63432717323303,215.7685654759407,217.5329954624176,216.40685951709747,214.10879707336426,215.43987274169922,217.41850578784943
91,215.6473246216774,215.8576728105545,217.42450994253159,217.66434198617935,217.49288874864578,217.4054096341133,215.57125091552734,218.2742581963539,218.636068880558,215.78614896535873,217.4935566186905,216.40610265731812,214.11412435770035,215.41687911748886,217.41513162851334
92,215.64607971906662,215.81292551755905,217.43398731946945,217.67220574617386,217.49604165554047,217.4342367053032,215.55140835046768,218.26769149303436,218.63956195116043,215.80172115564346,217.45564407110214,216.40828156471252,214.11964482069016,215.3951164484024,217.41448897123337
93,215.64465522766113,215.7652046084404,217.44153022766113,217.68263494968414,217.49731439352036,217.46883606910706,215.53170496225357,218.26435899734497,218.64494597911835,215.81587892770767,217.42120665311813,216.4135349392891,214.12465810775757,215.3744045495987,217.41594392061234
94,215.64216446876526,215.71493566036224,217.4460084438324,217.69503504037857,217.4963257908821,217.50840401649475,215.51250612735748,218.26296031475067,218.65175664424896,215.82894885540009,217.39160978794098,216.42240184545517,214.12845051288605,215.35414105653763,217.41854828596115
95,215.63743323087692,215.66264271736145,217.44711935520172,217.70901715755463,217.4930401444435,217.55093479156494,215.49468803405762,218.26252949237823,218.66003948450089,215.84120482206345,217.36719405651093,216.43551379442215,214.1308878660202,215.33355098962784,217.42087626457214
96,215.62995225191116,215.6092050075531,217.44441550970078,217.72391366958618,217.48763501644135,217.59379917383194,215.47937214374542,218.2620930671692,218.66996824741364,215.85288643836975,217.34818065166473,216.4531288743019,214.1313327550888,215.31223970651627,217.42164421081543
97,215.61994713544846,215.55602514743805,217.43745148181915,217.73869305849075,217.4800197482109,217.63472133874893,215.46749979257584,218.26082921028137,218.6807118654251,215.86353689432144,217.33420461416245,216.47488832473755,214.12988078594208,215.2907291650772,217.41993671655655
98,215.60844779014587,215.5048213005066,217.4263146519661,217.75242376327515,217.47031873464584,217.6720222234726,215.4603766798973,218.25840592384338,218.69176638126373,215.87303292751312,217.32479947805405,216.49983483552933,214.12738698720932,215.26952993869781,217.41541600227356
99,215.59613478183746,215.45715075731277,217.41194760799408,217.76446849107742,217.45908284187317,217.70413720607758,215.4595992565155,218.2546581029892,218.70286214351654,215.88163405656815,217.31910300254822,216.52670919895172,214.1250011920929,215.2497762441635,217.408473610878
100,215.58348941802979,215.41442376375198,217.39553874731064,217.77403962612152,217.44638413190842,217.72997814416885,215.4661437869072,218.24943882226944,218.71384590864182,215.88882285356522,217.31636679172516,216.55422109365463,214.1236081123352,215.2327474951744,217.39896821975708
101,215.57099336385727,215.37765258550644,217.37793976068497,217.78075498342514,217.43217372894287,217.74906224012375,215.4801720380783,218.24253916740417,218.72485864162445,215.89400672912598,217.31579101085663,216.58099329471588,214.12415671348572,215.2197515964508,217.38755196332932
102,215.55857253074646,215.3481541275978,217.35987305641174,217.78430008888245,217.41649240255356,217.76154899597168,215.50096267461777,218.23373609781265,218.7361181974411,215.89662110805511,217.3167867064476,216.60550010204315,214.12827390432358,215.21134144067764,217.37589573860168
103,215.545960187912,215.32754409313202,217.34212094545364,217.78493905067444,217.40023285150528,217.7686517238617,215.5272954106331,218.22268599271774,218.74777549505234,215.89627599716187,217.31924778223038,216.62646543979645,214.13768124580383,215.20731967687607,217.36554729938507
104,215.53367257118225,215.3175647854805,217.3262403011322,217.7834860086441,217.38394898176193,217.77250862121582,215.55746287107468,218.2094902396202,218.75944966077805,215.89328348636627,217.3231873512268,216.6429299712181,214.15398675203323,215.20765900611877,217.3574823141098
105,215.52248787879944,215.31977558135986,217.31375455856323,217.7810999751091,217.36840415000916,217.77523690462112,215.59021323919296,218.19452941417694,218.77038210630417,215.88869178295135,217.3283258676529,216.65425103902817,214.17862594127655,215.2126269340515,217.35207337141037
106,215.51383179426193,215.33466202020645,217.30669337511063,217.77923464775085,217.3550399541855,217.7788050174713,215.624196767807,218.17846900224686,218.78064101934433,215.88359063863754,217.3347983956337,216.66009837388992,214.21280872821808,215.2224786877632,217.34928113222122
107,215.50915348529816,215.36242192983627,217.3073506951332,217.77978163957596,217.3459188938141,217.7849516272545,215.65767109394073,218.16266864538193,218.7904168367386,215.87950718402863,217.34320175647736,216.66065454483032,214.2567344903946,215.2380484342575,217.35021018981934
108,215.50979274511337,215.40243315696716,217.31622207164764,217.78455305099487,217.34319376945496,217.79496264457703,215.6901797056198,218.1491249203682,218.80039620399475,215.8784255385399,217.3546746969223,216.65713238716125,214.30952525138855,215.26046735048294,217.35660791397095
109,215.51681983470917,215.45353639125824,217.33271557092667,217.7954507470131,217.34851956367493,217.81016474962234,215.7222809791565,218.14040338993073,218.81191259622574,215.8827177286148,217.3706094622612,216.65183264017105,214.3695648908615,215.2910720705986,217.37112718820572
110,215.5312734246254,215.51483297348022,217.35552805662155,217.81391561031342,217.36313819885254,217.83203065395355,215.75510889291763,218.13900792598724,218.8266874551773,215.89532738924026,217.39246225357056,216.64761692285538,214.43466114997864,215.3314886689186,217.39611196517944
111,215.554254591465,215.58658111095428,217.38420581817627,217.84022855758667,217.38810354471207,217.86174774169922,215.79048377275467,218.1469377875328,218.84602391719818,215.91939496994019,217.4208247065544,216.6477667093277,214.50410014390945,215.3835209608078,217.43325525522232
112,215.58689749240875,215.66896104812622,217.4182606935501,217.87457942962646,217.42416870594025,217.89980274438858,215.83059006929398,218.16591435670853,218.87105464935303,215.95690351724625,217.45586985349655,216.65586286783218,214.5791631937027,215.44781291484833,217.48354947566986
113,215.63022601604462,215.76221179962158,217.4579477906227,217.9171559214592,217.4716346859932,217.94639897346497,215.87780487537384,218.19701743125916,218.90260446071625,216.00816005468369,217.49825137853622,216.67511570453644,214.66228199005127,215.52381563186646,217.54746311903
114,215.68472176790237,215.86635506153107,217.50383400917053,217.96792286634445,217.53089851140976,218.00124996900558,215.9342640042305,218.2404226064682,218.94047915935516,216.07271587848663,217.54877281188965,216.7078567147255,214.75514006614685,215.6114981174469,217.62539768218994
115,215.75076508522034,215.98046123981476,217.556017100811,218.02683472633362,217.60243719816208,218.06316858530045,216.00174325704575,218.29596251249313,218.98402792215347,216.14957225322723,217.6084856390953,216.75604593753815,214.8590391278267,215.71040481328964,217.71696192026138
116,215.82806658744812,216.10331565141678,217.61518108844757,218.09389221668243,217.68559229373932,218.13049936294556,216.08118283748627,218.36264610290527,219.03225803375244,216.23721289634705,217.67852598428726,216.82014125585556,214.97426027059555,215.81913018226624,217.8202732205391
117,215.91599529981613,216.23399984836578,217.68207323551178,218.1691493988037,217.77863985300064,218.20156168937683,216.17281395196915,218.43930929899216,219.08439272642136,216.33403205871582,217.75992584228516,216.89957201480865,215.0999617576599,215.93549704551697,217.93277770280838
118,216.0132303237915,216.37114691734314,217.757055580616,218.2525943517685,217.87879920005798,218.275244474411,216.2759929895401,218.525006711483,219.13957583904266,216.43776321411133,217.85334998369217,216.99253004789352,215.23356074094772,216.05753701925278,218.0519496202469
119,216.11741590499878,216.512409389019,217.83987843990326,218.34337723255157,217.98242557048798,218.34988462924957,216.38928842544556,218.61834412813187,219.19670575857162,216.54507529735565,217.9587065577507,217.09636062383652,215.37166839838028,216.18252635002136,218.17460495233536
120,216.22504782676697,216.65534830093384,217.9296504855156,218.44030457735062,218.08522272109985,218.42351657152176,216.5104545354843,218.7172223329544,219.2544236779213,216.65193688869476,218.0752649307251,217.20814859867096,215.51217472553253,216.30827939510345,218.29671329259872
121,216.33243596553802,216.79802161455154,218.02441316843033,218.54153621196747,218.1820302605629,218.4947588443756,216.63551104068756,218.81867045164108,219.3114470243454,216.75389432907104,218.2007464170456,217.32447957992554,215.65290766954422,216.43230944871902,218.41344636678696
122,216.4363977909088,216.93828982114792,218.1216396689415,218.64434123039246,218.26817232370377,218.5622906088829,216.7595458626747,218.91927403211594,219.36629486083984,216.84712582826614,218.33136761188507,217.44135653972626,215.79074239730835,216.55137830972672,218.51997566223145
123,216.5331209897995,217.0727401971817,218.21768879890442,218.74441707134247,218.3403297662735,218.62465059757233,216.87732219696045,219.01504808664322,219.41775333881378,216.92862594127655,218.46295577287674,217.55411064624786,215.92144513130188,216.66162753105164,218.61165553331375
124,216.61830186843872,217.19686216115952,218.3082223534584,218.83714705705643,218.39600974321365,218.68017464876175,216.9833818078041,219.10130327939987,219.46494960784912,216.99546068906784,218.59101140499115,217.65816986560822,216.03981268405914,216.75851440429688,218.68563729524612
125,216.6877983212471,217.3055858016014,218.38823473453522,218.91767847537994,218.43328541517258,218.72631132602692,217.07240003347397,219.17334234714508,219.50705516338348,217.04466569423676,218.71068155765533,217.74911069869995,216.14053857326508,216.837073802948,218.7398875951767
126,216.73825979232788,217.3929226398468,218.45278161764145,218.98083662986755,218.45060616731644,218.7606896162033,217.13941091299057,219.22695749998093,219.54264962673187,217.0730471611023,218.81683707237244,217.82295858860016,216.2187042236328,216.89225953817368,218.77276611328125
127,216.76790487766266,217.45360630750656,218.49811798334122,219.02208679914474,218.44744032621384,218.7813385128975,217.17996841669083,219.25886791944504,219.56978476047516,217.07697063684464,218.904800593853,217.87523531913757,216.2698804140091,216.91953313350677,218.78359442949295
128,216.77614438533783,217.48415327072144,218.52183997631073,219.0380623936653,218.42465257644653,218.78644984960556,217.19086122512817,219.26785403490067,219.58701008558273,217.05352401733398,218.97035139799118,217.9019632935524,216.290464758873,216.9158986210823,218.7726156115532
129,216.76339441537857,217.4824077486992,218.52302980422974,219.02640175819397,218.3843510746956,218.77513760328293,217.17031651735306,219.25439006090164,219.59316927194595,217.00175923109055,219.0106302499771,217.90056264400482,216.27837413549423,216.8799787759781,218.74085468053818
130,216.7306906580925,217.44800239801407,218.50249826908112,218.98696488142014,218.32896047830582,218.74729371070862,217.11841416358948,219.21998357772827,219.5869288444519,216.9221618771553,219.02406913042068,217.87046152353287,216.23271089792252,216.8113530278206,218.69016927480698
131,216.6798089146614,217.3822536468506,218.46146321296692,218.92149698734283,218.26099491119385,218.70355570316315,217.03770357370377,219.16736561059952,219.5667885541916,216.81727361679077,219.010573387146,217.8132763504982,216.15441870689392,216.7115374803543,218.62266939878464
132,216.6129954457283,217.28803741931915,218.40162497758865,218.83356654644012,218.18268698453903,218.64424896240234,216.931920170784,219.09945207834244,219.53140830993652,216.6908460855484,218.97197449207306,217.73224645853043,216.0458272099495,216.58402597904205,218.54050022363663
133,216.53245317935944,217.16907238960266,218.32563269138336,218.72693091630936,218.09619665145874,218.5699725151062,216.80549657344818,219.01903772354126,219.480155646801,216.54690659046173,218.91081583499908,217.6314396262169,215.91086679697037,216.43384778499603,218.44523918628693
134,216.44110423326492,217.02970832586288,218.2364411354065,218.60573410987854,218.00385904312134,218.48112201690674,216.66314893960953,218.92839473485947,219.41331565380096,216.38967549800873,218.82968854904175,217.51552724838257,215.7542262673378,216.26700502634048,218.33888018131256
135,216.34053373336792,216.87519413232803,218.13656318187714,218.47430098056793,217.90785950422287,218.37859976291656,216.50961887836456,218.82985031604767,219.33350694179535,216.22358936071396,218.73121237754822,217.38940209150314,215.58127969503403,216.09074330329895,218.22352546453476
136,216.23253059387207,216.7112913131714,218.02838969230652,218.33708822727203,217.81040447950363,218.26430505514145,216.34930163621902,218.72582185268402,219.24521964788437,216.05312156677246,218.6181379556656,217.25726449489594,215.39659428596497,215.91264820098877,218.1011148095131
137,216.1193988919258,216.54441487789154,217.91513311862946,218.19956636428833,217.71418100595474,218.14105957746506,216.18649131059647,218.61837434768677,219.15236049890518,215.8821638226509,218.49374800920486,217.12181001901627,215.20514792203903,215.73903703689575,217.9736284017563
138,216.00279933214188,216.38172614574432,217.7998058795929,218.06663209199905,217.6222128868103,218.0119194984436,216.02445924282074,218.50947523117065,219.05832785367966,215.71500670909882,218.3616104722023,216.98529613018036,215.01135045289993,215.57488298416138,217.8428377509117
139,215.88492906093597,216.22950220108032,217.68553793430328,217.9418659210205,217.53707021474838,217.8801600933075,215.86625081300735,218.4009354710579,218.96594309806824,215.5561819076538,218.22559660673141,216.8496277332306,214.82064402103424,215.42487680912018,217.71101433038712
140,215.76851630210876,216.0923867225647,217.57563626766205,217.82791149616241,217.46030402183533,217.7484074831009,215.7152026295662,218.29521524906158,218.8775761127472,215.40895557403564,218.0896424651146,216.71753072738647,214.63881278038025,215.292838037014,217.580342233181
141,215.65563040971756,215.9733852148056,217.47306019067764,217.72694379091263,217.39275056123734,217.61904937028885,215.57431942224503,218.19457644224167,218.79547077417374,215.27605998516083,217.95747131109238,216.59190320968628,214.47112154960632,215.18205553293228,217.4529293179512
142,215.54817295074463,215.87377393245697,217.37992733716965,217.6397963166237,217.33411198854446,217.4946637749672,215.4460373520851,218.10128712654114,218.72151070833206,215.15903681516647,217.83207774162292,216.4751370549202,214.32187747955322,215.09436404705048,217.33084398508072
143,215.4472315311432,215.7930844426155,217.2976272702217,217.56598806381226,217.28374940156937,217.3777921795845,215.33100593090057,218.01750522851944,218.6567161679268,215.05858623981476,217.71585261821747,216.3685650229454,214.19345355033875,215.02931612730026,217.21590262651443
144,215.3533569574356,215.72921013832092,217.22671204805374,217.50444555282593,217.2409290075302,217.26927065849304,215.22859287261963,217.94487392902374,218.60102891921997,214.9753012061119,217.6101289987564,216.2719351053238,214.0857018828392,214.98457884788513,217.10976767539978
145,215.265971660614,215.67932665348053,217.16687774658203,217.4531182050705,217.20445597171783,217.16915303468704,215.1378482580185,217.88423293828964,218.5530326962471,214.90897345542908,217.51490420103073,216.18483805656433,213.99694031476974,214.9562308192253,217.01383697986603
146,215.18418449163437,215.6401383280754,217.1176752448082,217.41001904010773,217.1733602285385,217.07775229215622,215.05801433324814,217.83565479516983,218.51056432724,214.85924911499023,217.4308239221573,216.10638862848282,213.92612874507904,214.94028902053833,216.92989629507065
147,215.10760080814362,215.60798460245132,217.07838833332062,217.37322854995728,217.1469554901123,216.9950394630432,214.9886530637741,217.7985641360283,218.47225028276443,214.82557654380798,217.35734808444977,216.03636449575424,213.8716179728508,214.93280845880508,216.8595151901245
148,215.03633135557175,215.57986742258072,217.0479056239128,217.34157317876816,217.123880982399,216.92107462882996,214.93023139238358,217.7722366452217,218.43722438812256,214.80718970298767,217.29368829727173,215.97447556257248,213.8313894867897,214.93041670322418,216.8046333193779
149,214.97072440385818,215.55353939533234,217.02517807483673,217.3150336742401,217.1029353737831,216.85659831762314,214.88355416059494,217.75579923391342,218.4058450460434,214.80352985858917,217.23873472213745,215.92062890529633,213.80450016260147,214.93028634786606,216.76693087816238
150,214.9124516248703,215.52757614850998,217.01002895832062,217.29413908720016,217.08356374502182,216.8020988702774,214.850241959095,217.74894255399704,218.37838232517242,214.81373631954193,217.1909720301628,215.87526696920395,213.7897149324417,214.92951118946075,216.74690580368042
151,214.86288565397263,215.5015083551407,217.00213831663132,217.2803055047989,217.0649515390396,216.75730454921722,214.8313654065132,217.75039690732956,218.35498869419098,214.83707147836685,217.14886713027954,215.83947736024857,213.78576511144638,214.9259968996048,216.7435690164566
152,214.8228075504303,215.47525000572205,217.00125819444656,217.274129986763,217.04668831825256,216.72210478782654,214.82870066165924,217.759134888649,218.33593314886093,214.87226730585098,217.11131769418716,215.8127565383911,213.7920377254486,214.91815793514252,216.75337207317352
153,214.7934759259224,215.4484241604805,217.0072130560875,217.27523136138916,217.0291765332222,216.69627106189728,214.84209501743317,217.77519756555557,218.32124018669128,214.91577982902527,217.07726860046387,215.7953079342842,213.80839985609055,214.9067263007164,216.77284812927246
154,214.77633130550385,215.42137837409973,217.0192305445671,217.28330951929092,217.0129193663597,216.6797073483467,214.87036460638046,217.79888367652893,218.3107224702835,214.963838160038,217.04595977067947,215.7881345152855,213.83387237787247,214.89331221580505,216.79858261346817
155,214.7735280394554,215.3947467803955,217.0366803407669,217.29860347509384,216.99855083227158,216.6718128323555,214.9117550253868,217.8302047252655,218.3038843870163,215.01554638147354,217.01629132032394,215.79320484399796,213.86756259202957,214.8790928721428,216.82774257659912
156,214.78517127037048,215.36871469020844,217.05975365638733,217.32111132144928,216.9878470301628,216.67155081033707,214.96352702379227,217.86919391155243,218.30023872852325,215.0699606537819,216.98670637607574,215.8121316432953,213.90916800498962,214.8669389486313,216.8584342598915
157,214.81160002946854,215.3431312441826,217.087835252285,217.35088980197906,216.9825543165207,216.6783835887909,215.0231330394745,217.91606551408768,218.29914265871048,215.12599420547485,216.95651805400848,215.8457379937172,213.95709788799286,214.86075174808502,216.88897156715393
158,214.85202652215958,215.3179577589035,217.12071788311005,217.38767528533936,216.98345732688904,216.69167363643646,215.08781003952026,217.9708582162857,218.30009299516678,215.18189388513565,216.9275912642479,215.8945147395134,214.009765625,214.86348575353622,216.91822212934494
159,214.90556263923645,215.29409831762314,217.1585236787796,217.43045836687088,216.99062567949295,216.7103506922722,215.1550378203392,218.03281861543655,218.30263429880142,215.2354974746704,216.9019536972046,215.95749843120575,214.06558120250702,214.87593358755112,216.94527560472488
160,214.97034692764282,215.27164936065674,217.2014198899269,217.4768723845482,217.003235578537,216.7333515882492,215.22215110063553,218.09967625141144,218.30698770284653,215.28412747383118,216.8821578025818,216.03247171640396,214.12426161766052,214.89935410022736,216.97026932239532
161,215.04457998275757,215.24934893846512,217.24816071987152,217.52328556776047,217.02116096019745,216.760797560215,215.28567630052567,218.16713684797287,218.31278389692307,215.3258016705513,216.8701092004776,216.11685401201248,214.18749797344208,214.93610674142838,216.99390482902527
162,215.1277478337288,215.22679632902145,217.2972121834755,217.56605106592178,217.04427671432495,216.79314523935318,215.34269416332245,218.2338306903839,218.31969159841537,215.36098384857178,216.866195499897,216.20822602510452,214.25752371549606,214.98639297485352,217.01701390743256
163,215.21865248680115,215.20536506175995,217.34775418043137,217.60282790660858,217.07317519187927,216.8291159272194,215.39120995998383,218.29849445819855,218.32691836357117,215.3899449110031,216.86958771944046,216.30403769016266,214.33683329820633,215.04886656999588,217.04074853658676
164,215.31537759304047,215.18593573570251,217.39979100227356,217.63140857219696,217.1076797246933,216.867542386055,215.43048053979874,218.36010164022446,218.33415359258652,215.41288995742798,216.87888151407242,216.40334409475327,214.42612916231155,215.12127542495728,217.06616002321243
165,215.4156974554062,215.16935640573502,217.45428717136383,217.65028351545334,217.14685606956482,216.9076299071312,215.4606323838234,218.41766953468323,218.3415829539299,215.43214809894562,216.89264351129532,216.50574606657028,214.52530801296234,215.20307099819183,217.0931243300438
166,215.516805768013,215.15717089176178,217.51278191804886,217.65899574756622,217.18951445817947,216.9485934972763,215.48244208097458,218.4708776473999,218.3491017818451,215.44898968935013,216.90901917219162,216.6076467037201,214.63410753011703,215.29375046491623,217.12131386995316
167,215.617096722126,215.15103870630264,217.57546144723892,217.65729743242264,217.23410230875015,216.99005991220474,215.49781841039658,218.51910597085953,218.35725671052933,215.46355783939362,216.92567241191864,216.70618987083435,214.75119131803513,215.39235883951187,217.14894938468933
168,215.71493607759476,215.15240907669067,217.64172786474228,217.64576053619385,217.27990627288818,217.03255015611649,215.5061658024788,218.5613538622856,218.3661218881607,215.47681897878647,216.94169944524765,216.7987198829651,214.87322413921356,215.4991306066513,217.17488598823547
169,215.8087984919548,215.16206496953964,217.71172338724136,217.62619984149933,217.3255825638771,217.07580041885376,215.50614327192307,218.59703695774078,218.3753969669342,215.48927307128906,216.95763629674911,216.88465023040771,214.99861878156662,215.61287814378738,217.19893670082092
170,215.89843779802322,215.1803919672966,217.78528302907944,217.60095715522766,217.3698152899742,217.11945182085037,215.4967019557953,218.6281766295433,218.38490414619446,215.5023564696312,216.97404205799103,216.96422636508942,215.12617015838623,215.73277866840363,217.2214588522911
171,215.9829009771347,215.20833241939545,217.86184602975845,217.573111474514,217.41171032190323,217.16447067260742,215.4785173535347,218.6558056473732,218.3948656320572,215.5176683664322,216.99351221323013,217.03966426849365,215.25382870435715,215.85592764616013,217.2448192834854
172,216.06045866012573,215.24589174985886,217.9405175447464,217.5464527606964,217.4509620666504,217.21136724948883,215.45253068208694,218.68064987659454,218.4064649939537,215.53626811504364,217.0192855000496,217.1117233633995,215.37928348779678,215.97800761461258,217.27153205871582
173,216.12852942943573,215.29480588436127,218.01995247602463,217.52476167678833,217.48738664388657,217.26143592596054,215.4216763973236,218.70342791080475,218.41992419958115,215.55860936641693,217.05467820167542,217.1802874803543,215.4990040063858,216.09356713294983,217.30391734838486
174,216.18539106845856,215.35627192258835,218.09943568706512,217.51114696264267,217.52261877059937,217.31699001789093,215.39025974273682,218.723413169384,218.4347995519638,215.58627605438232,217.10234397649765,217.24435579776764,215.60897356271744,216.1971543431282,217.3450027704239
175,216.23174661397934,215.4310700893402,218.17873495817184,217.50771152973175,217.55766105651855,217.3790465593338,215.36457175016403,218.7400512099266,218.45211851596832,215.6198024749756,217.16300648450851,217.30281907320023,215.70584243535995,216.2858315706253,217.39751589298248
176,216.2683841586113,215.51819223165512,218.25773972272873,217.5161989927292,217.59162402153015,217.44790428876877,215.34861934185028,218.75200098752975,218.47309625148773,215.6580656170845,217.23573291301727,217.35544842481613,215.78862315416336,216.35981398820877,217.46401000022888
177,216.29821968078613,215.6169649362564,218.33545792102814,217.53690099716187,217.6220818758011,217.5206482410431,215.34524470567703,218.75796580314636,218.49875128269196,215.70133394002914,217.31782042980194,217.40292704105377,215.85725951194763,216.4187138080597,217.5453156232834
178,216.32566624879837,215.72676503658295,218.41163486242294,217.56947082281113,217.64716506004333,217.59439951181412,215.35912841558456,218.75675481557846,218.52980226278305,215.75114578008652,217.4067348241806,217.44404733181,215.91211485862732,216.46259713172913,217.64099144935608
179,216.3536472916603,215.84692817926407,218.48454451560974,217.61312305927277,217.6666623353958,217.66668659448624,215.39303195476532,218.74757248163223,218.56741255521774,215.80754226446152,217.4983856678009,217.4818912744522,215.95478409528732,216.49309611320496,217.74918520450592
180,216.3850012421608,215.9762065410614,218.55109137296677,217.66740202903748,217.68072587251663,217.7351956963539,215.4484265446663,218.73011445999146,218.61348682641983,215.86859595775604,217.5904317498207,217.51934546232224,215.98734349012375,216.51147824525833,217.86763179302216
