shift,pair_00,pair_01,pair_02,pair_03,pair_04,pair_05,pair_06,pair_07,pair_08,pair_09,pair_10,pair_11,pair_12,pair_13,pair_14,pair_15,pair_16,pair_17,pair_18,pair_19
-180,216.59094071388245,219.8735752105713,216.59094071388245,219.8735752105713,216.47775948047638,216.2675226330757,216.45498591661453,217.7796630859375,218.16608196496964,217.7209256887436,216.00795483589172,215.48513889312744,218.093719124794,216.98206692934036,217.37670934200287,216.6990751028061,216.09500139951706,217.44286173582077,215.6249744296074,216.82314151525497
-179,216.53687191009521,219.85628986358643,216.53687191009521,219.85628986358643,216.389020383358,216.15198308229446,216.38755267858505,217.76379430294037,218.07755893468857,217.60299921035767,215.94056057929993,215.43281209468842,218.0871502161026,216.92142337560654,217.3719077706337,216.5783217549324,215.98510909080505,217.3868800997734,215.52742779254913,216.7500997185707
-178,216.47501820325851,219.85275942087173,216.47501820325851,219.85275942087173,216.31088763475418,216.04955595731735,216.31554228067398,217.75736874341965,217.974975168705,217.50297528505325,215.87633484601974,215.38766759634018,218.08870136737823,216.857240319252,217.37324887514114,216.46129751205444,215.87951642274857,217.32101440429688,215.44494277238846,216.674378991127
-177,216.4048856496811,219.86159509420395,216.4048856496811,219.86159509420395,216.24361050128937,215.9604110121727,216.23832821846008,217.7597633600235,217.86146050691605,217.42041039466858,215.81442201137543,215.34914237260818,218.09490299224854,216.78899079561234,217.37929129600525,216.35139352083206,215.78080022335052,217.24540638923645,215.37924993038177,216.5991867184639
-176,216.32455468177795,219.8803613781929,216.32455468177795,219.8803613781929,216.18725281953812,215.88201361894608,216.15453511476517,217.7686403989792,217.7398139834404,217.35595566034317,215.75383591651917,215.31456571817398,218.10127937793732,216.7155966758728,217.38826125860214,216.25053399801254,215.6923308968544,217.1617066860199,215.32903170585632,216.52782273292542
-175,216.2354873418808,219.9066902399063,216.2354873418808,219.9066902399063,216.14076495170593,215.81375032663345,216.0643274784088,217.78327202796936,217.6141574382782,217.30887353420258,215.69431447982788,215.28132271766663,218.10481065511703,216.63587474822998,217.39895325899124,216.15977108478546,215.61655110120773,217.0702446103096,215.29353553056717,216.46273285150528
-174,216.13788133859634,219.93865132331848,216.13788133859634,219.93865132331848,216.10265016555786,215.7542924284935,215.96916407346725,217.80222231149673,217.4873824119568,217.2766073346138,215.63897067308426,215.24851781129837,218.103457570076,216.55039674043655,217.41040927171707,216.07979130744934,215.55586677789688,216.97401654720306,215.27255111932755,216.40499830245972
-173,216.03276747465134,219.97288101911545,216.03276747465134,219.97288101911545,216.07054138183594,215.70240676403046,215.8710978627205,217.82250541448593,217.364176094532,217.25709456205368,215.5888808965683,215.21454095840454,218.09685879945755,216.46019357442856,217.42099350690842,216.0102652311325,215.51009941101074,216.878271818161,215.26559883356094,216.3567967414856
-172,215.921177983284,220.0068632364273,215.921177983284,220.0068632364273,216.0437399148941,215.65526294708252,215.77297604084015,217.84027922153473,217.24988114833832,217.24749666452408,215.5453417301178,215.17883324623108,218.08554404973984,216.37018591165543,217.42905604839325,215.95231771469116,215.47938853502274,216.78746569156647,215.2708370089531,216.31924259662628
-171,215.80575048923492,220.03902035951614,215.80575048923492,220.03902035951614,216.02099001407623,215.61027592420578,215.67631149291992,217.85203659534454,217.1473714709282,217.2444441318512,215.50628340244293,215.14176613092422,218.07025736570358,216.28155118227005,217.4319760799408,215.9049775004387,215.46207058429718,216.70686548948288,215.28709596395493,216.2932643890381
-170,215.688358604908,220.06781136989594,215.688358604908,220.06781136989594,216.00264638662338,215.56444203853607,215.5826781988144,217.85546523332596,217.05816560983658,217.24579256772995,215.47018378973007,215.10304474830627,218.05278599262238,216.1939891576767,217.42693096399307,215.86779582500458,215.45490193367004,216.64250272512436,215.31383341550827,216.27997505664825
-169,215.57294231653214,220.09138470888138,215.57294231653214,220.09138470888138,215.99006968736649,215.5170919895172,215.49623435735703,217.8489254117012,216.98307305574417,217.25076925754547,215.43552207946777,215.06353503465652,218.0347996354103,216.1092330813408,217.41272169351578,215.84011405706406,215.45378506183624,216.59585964679718,215.34826254844666,216.28154802322388
-168,215.462178170681,220.10845041275024,215.462178170681,220.10845041275024,215.9829130768776,215.4684453010559,215.42071628570557,217.83270543813705,216.9221003651619,217.25761300325394,215.40334004163742,215.0240722298622,218.01692926883698,216.02919328212738,217.3888424038887,215.81846565008163,215.45566129684448,216.5663065314293,215.38937938213348,216.2981652021408
-167,215.35942631959915,220.11860769987106,215.35942631959915,220.11860769987106,215.9798920750618,215.41857886314392,215.35895782709122,217.8070706129074,216.87428659200668,217.2663071155548,215.3757981657982,214.98788499832153,217.9998181462288,215.95656752586365,217.3562912940979,215.79914110898972,215.45913100242615,216.55251270532608,215.43584609031677,216.32961827516556
-166,215.26890605688095,220.1214964389801,215.26890605688095,220.1214964389801,215.97851580381393,215.36788630485535,215.31444305181503,217.77414220571518,216.8387712240219,217.2773426771164,215.35338819026947,214.95863354206085,217.9847394824028,215.8947610259056,217.3173142671585,215.7798952460289,215.4635692834854,216.55301588773727,215.48499768972397,216.37387418746948
-165,215.19250619411469,220.11738848686218,215.19250619411469,220.11738848686218,215.97557699680328,215.31443697214127,215.28953796625137,217.73630219697952,216.81397551298141,217.28875696659088,215.33688151836395,214.93801069259644,217.97240835428238,215.8449809551239,217.27456748485565,215.7601968050003,215.46841549873352,216.56412786245346,215.53472179174423,216.4263480901718
-164,215.13142454624176,220.10664743185043,215.13142454624176,220.10664743185043,215.96768087148666,215.25766855478287,215.28403562307358,217.6952930688858,216.7965493798256,217.30028921365738,215.3255673646927,214.92834562063217,217.96354627609253,215.8075152039528,217.23084962368011,215.74151891469955,215.47305917739868,216.5820934176445,215.58234304189682,216.48401802778244
-163,215.0865592956543,220.09079575538635,215.0865592956543,220.09079575538635,215.95259714126587,215.19817447662354,215.29590672254562,217.65209490060806,216.784097135067,217.31073659658432,215.31839901208878,214.92897552251816,217.958855509758,215.78264808654785,217.18639904260635,215.7260189652443,215.4761216044426,216.60164958238602,215.62482106685638,216.5445780158043
-162,215.05781066417694,220.0719433426857,215.05781066417694,220.0719433426857,215.9293349981308,215.1372351050377,215.32303369045258,217.60701441764832,216.7733731865883,217.3188384771347,215.3146916627884,214.93821895122528,217.9593362212181,215.77118986845016,217.14103066921234,215.7142112851143,215.4762905240059,216.61856478452682,215.6588837504387,216.60528683662415
-161,215.04442709684372,220.05268931388855,215.04442709684372,220.05268931388855,215.89717608690262,215.07673978805542,215.36354637145996,217.56094712018967,216.76155346632004,217.3244577050209,215.31378465890884,214.95380795001984,217.9657103419304,215.7735943198204,217.09394323825836,215.70679515600204,215.472809612751,216.63044875860214,215.68244969844818,216.66418355703354
-160,215.04511713981628,220.03497767448425,215.04511713981628,220.03497767448425,215.85697197914124,215.01881378889084,215.41407072544098,217.51595187187195,216.74741047620773,217.3269494175911,215.31425899267197,214.9748396873474,217.9780192375183,215.79079270362854,217.0440335869789,215.70372480154037,215.46440809965134,216.6360849738121,215.6942641735077,216.7196699976921
-159,215.05775570869446,220.02009093761444,215.05775570869446,220.02009093761444,215.81063491106033,214.96531081199646,215.4710545539856,217.47550690174103,216.7309646010399,217.3267457485199,215.31584298610687,215.000646173954,217.99418485164642,215.8210088610649,216.98958629369736,215.70612800121307,215.45167475938797,216.63514286279678,215.69409435987473,216.7706916332245
-158,215.08054906129837,220.00884133577347,215.08054906129837,220.00884133577347,215.76080191135406,214.91823774576187,215.53122609853745,217.44129359722137,216.71278524398804,217.32427555322647,215.3190283179283,215.03196674585342,218.01130765676498,215.86119329929352,216.92964458465576,215.71422457695007,215.4347135424614,216.62901133298874,215.68278294801712,216.81658059358597
-157,215.1106902360916,220.00130027532578,215.1106902360916,220.00130027532578,215.70959848165512,214.87900805473328,215.59180390834808,217.41441076993942,216.69360929727554,217.31953072547913,215.32441699504852,215.0688270330429,218.02729278802872,215.90914982557297,216.86385548114777,215.72648686170578,215.41425555944443,216.61963653564453,215.6609228849411,216.85645407438278
-156,215.14639711380005,219.9968409538269,215.14639711380005,219.9968409538269,215.65850633382797,214.8480006456375,215.64986193180084,217.39619034528732,216.67355942726135,217.31200057268143,215.33181285858154,215.1106880903244,218.0401536822319,215.96158981323242,216.79332345724106,215.74084740877151,215.39023119211197,216.60822504758835,215.62972843647003,216.88986611366272
-155,215.18645375967026,219.9950349330902,215.18645375967026,219.9950349330902,215.6094388961792,214.8244599699974,215.70293974876404,217.38694256544113,216.65331602096558,217.3011462688446,215.34019529819489,215.15655082464218,218.04828703403473,216.01588582992554,216.71924728155136,215.75528341531754,215.36313033103943,216.59629410505295,215.59096878767014,216.9167207479477
-154,215.22878354787827,219.9953806400299,215.22878354787827,219.9953806400299,215.56314730644226,214.80903893709183,215.7490632534027,217.38570588827133,216.6345311999321,217.28823453187943,215.34871071577072,215.20418322086334,218.05051189661026,216.06934136152267,216.6433419585228,215.76881217956543,215.3337897658348,216.58491891622543,215.54628211259842,216.93757766485214
-153,215.26987373828888,219.9969198703766,215.26987373828888,219.9969198703766,215.5197845697403,214.80209749937057,215.7865372300148,217.39103424549103,216.6185804605484,217.2736450433731,215.35730588436127,215.25158441066742,218.04549181461334,216.1195389032364,216.5676080584526,215.78106659650803,215.3011319041252,216.57434618473053,215.4972478747368,216.95297074317932
-152,215.30580788850784,219.99856233596802,215.30580788850784,219.99856233596802,215.479638338089,214.80322760343552,215.81428062915802,217.40098732709885,216.60716831684113,217.25637412071228,215.36624717712402,215.29724371433258,218.03268265724182,216.16336399316788,216.49442088603973,215.79059827327728,215.2634792327881,216.56357234716415,215.44545304775238,216.96367174386978
-151,215.333910882473,219.99998557567596,215.333910882473,219.99998557567596,215.44235169887543,214.812156021595,215.8323369026184,217.41339540481567,216.60213834047318,217.23550540208817,215.37572288513184,215.34049993753433,218.0123980641365,216.19839215278625,216.42641723155975,215.79613596200943,215.2194480895996,216.55200064182281,215.39337694644928,216.97039586305618
-150,215.35214883089066,220.0014290213585,215.35214883089066,220.0014290213585,215.4080753326416,214.82850563526154,215.84121322631836,217.42655503749847,216.6042364835739,217.21221178770065,215.38643896579742,215.38124990463257,217.98535752296448,216.2241438627243,216.36621642112732,215.79693299531937,215.16944861412048,216.5382553935051,215.34548836946487,216.9743601679802
-149,215.36010307073593,220.00353848934174,215.36010307073593,220.00353848934174,215.37797659635544,214.85020262002945,215.84181743860245,217.43950885534286,216.61289417743683,217.18748205900192,215.39852833747864,215.41878193616867,217.95258057117462,216.2406331896782,216.3154867887497,215.79293954372406,215.11477595567703,216.52101349830627,215.30563575029373,216.97604942321777
-148,215.35931766033173,220.007069170475,215.35931766033173,220.007069170475,215.35334330797195,214.87554454803467,215.83625429868698,217.45137184858322,216.62681025266647,217.16047018766403,215.41027587652206,215.45254427194595,217.91540783643723,216.24806088209152,216.27661538124084,215.78406524658203,215.05846720933914,216.49917978048325,215.27681612968445,216.976975440979
-147,215.3516664505005,220.01251286268234,215.3516664505005,220.01251286268234,215.33484023809433,214.9029120206833,215.8271360397339,217.46168637275696,216.6433608531952,217.12928354740143,215.4196733236313,215.48122519254684,217.8755903840065,216.2470664381981,216.25131905078888,215.77090072631836,215.00374567508698,216.47162425518036,215.25956636667252,216.97829258441925
-146,215.33977788686752,220.0195590853691,215.33977788686752,220.0195590853691,215.32266741991043,214.93002307415009,215.81722873449326,217.46997433900833,216.6603187918663,217.0925790667534,215.42521506547928,215.50315845012665,217.83498829603195,216.239284157753,216.24058037996292,215.75434070825577,214.9534032344818,216.43813955783844,215.25243669748306,216.98080211877823
-145,215.32636058330536,220.02715700864792,215.32636058330536,220.02715700864792,215.31645143032074,214.9543972015381,215.80949664115906,217.47585529088974,216.6760327219963,217.04994267225266,215.42667573690414,215.51675564050674,217.79527497291565,216.22696781158447,216.24450331926346,215.7352739572525,214.91001385450363,216.39891922473907,215.2537791132927,216.98475509881973
-144,215.31417101621628,220.03477722406387,215.31417101621628,220.03477722406387,215.31590622663498,214.97393655776978,215.80419582128525,217.47872030735016,216.68918585777283,217.00231552124023,215.42488700151443,215.5208226442337,217.75793784856796,216.21168345212936,216.26211208105087,215.7144381403923,214.8762036561966,216.3549153804779,215.26186329126358,216.99023914337158
-143,215.30607903003693,220.04230052232742,215.30607903003693,220.04230052232742,215.32086753845215,214.98713594675064,215.80045753717422,217.4784899353981,216.69925165176392,216.95119094848633,215.42094576358795,215.51492434740067,217.7242584824562,216.19476157426834,216.29175025224686,215.69129693508148,214.85393023490906,216.3083557486534,215.27549904584885,216.99698251485825
-142,215.30522471666336,220.0494206547737,215.30522471666336,220.0494206547737,215.3307471871376,214.99356484413147,215.7976919412613,217.47587883472443,216.70578181743622,216.8982009291649,215.41669434309006,215.49949872493744,217.6952125430107,216.1774988770485,216.33095425367355,215.6650857925415,214.84445917606354,216.26213955879211,215.29347747564316,217.00502175092697
-141,215.3139687180519,220.0557166337967,215.3139687180519,220.0557166337967,215.34466987848282,214.99498224258423,215.79509395360947,217.4716175198555,216.7081190943718,216.8457594513893,215.41415268182755,215.47605109214783,217.67191010713577,216.16117733716965,216.37730526924133,215.63580775260925,214.84759777784348,216.21852588653564,215.3143988251686,217.0144430398941
-140,215.33391219377518,220.06081640720367,215.33391219377518,220.06081640720367,215.36191922426224,214.99411088228226,215.7923348546028,217.46745550632477,216.70628416538239,216.7964826822281,215.41549038887024,215.44747614860535,217.65477019548416,216.14807331562042,216.42917394638062,215.6039918065071,214.8627072572708,216.17895114421844,215.33717811107635,217.0245441198349
-139,215.3651477098465,220.06427645683289,215.3651477098465,220.06427645683289,215.3815621137619,214.99297219514847,215.7894625067711,217.46525686979294,216.7013920545578,216.7531504034996,215.42272663116455,215.41712671518326,217.64412713050842,216.13984698057175,216.4847850203514,215.57038289308548,214.888445854187,216.14432150125504,215.3610657453537,217.0334814786911
-138,215.4056911468506,220.06596940755844,215.4056911468506,220.06596940755844,215.40270626544952,214.9934160709381,215.78666597604752,217.4664244055748,216.69410228729248,216.71883308887482,215.4372496008873,215.38834869861603,217.64003443717957,216.13709729909897,216.54265987873077,215.5362583398819,214.92209035158157,216.11528140306473,215.38446229696274,217.03896498680115
-137,215.45310175418854,220.06581676006317,215.45310175418854,220.06581676006317,215.4240198135376,214.99670326709747,215.78406769037247,217.47261095046997,216.6857562661171,216.6951845884323,215.45896154642105,215.36313539743423,217.64292150735855,216.14006507396698,216.60152786970139,215.50334066152573,214.96118265390396,216.09215104579926,215.40481978654861,217.03894889354706
-136,215.5040283203125,220.0632135272026,215.5040283203125,220.0632135272026,215.44416391849518,215.0032997727394,215.78240329027176,217.48500162363052,216.6778021454811,216.68305176496506,215.48704344034195,215.3422898054123,217.65279030799866,216.14828890562057,216.66046410799026,215.4720179438591,215.00400298833847,216.0751874446869,215.41965234279633,217.03239011764526
-135,215.55433404445648,220.05783241987228,215.55433404445648,220.05783241987228,215.4616848230362,215.0137209892273,215.78200179338455,217.50375086069107,216.67143565416336,216.68242806196213,215.51995819807053,215.3256665468216,217.6696715950966,216.1605007648468,216.71856552362442,215.44217383861542,215.0490408539772,216.06441015005112,215.42697834968567,217.01933467388153
-134,215.6001483798027,220.05001628398895,215.6001483798027,220.05001628398895,215.4757809638977,215.02840894460678,215.7832172513008,217.52864789962769,216.66719508171082,216.6925449371338,215.55713838338852,215.31264221668243,217.69249945878983,216.17473727464676,216.7746040225029,215.41500824689865,215.09546369314194,216.05939149856567,215.4254890680313,217.00018656253815
-133,215.63904750347137,220.04080152511597,215.63904750347137,220.04080152511597,215.48588091135025,215.04674369096756,215.78678405284882,217.5588087439537,216.66526412963867,216.7118518948555,215.59761703014374,215.3028702735901,217.7200624346733,216.18869656324387,216.82748180627823,215.3916078209877,215.14287692308426,216.0601208806038,215.41408783197403,216.97595769166946
-132,215.66971457004547,220.03091019392014,215.66971457004547,220.03091019392014,215.49153703451157,215.06748342514038,215.79330223798752,217.59280544519424,216.66497337818146,216.73787808418274,215.63969659805298,215.2971522808075,217.75086730718613,216.20046257972717,216.87693881988525,215.37262338399887,215.1903691291809,216.066567838192,215.3929507136345,216.94841438531876
-131,215.6916309595108,220.02131855487823,215.6916309595108,220.02131855487823,215.49406737089157,215.09019255638123,215.80318331718445,217.62928873300552,216.66524630784988,216.76857894659042,215.68157505989075,215.2966125011444,217.78312689065933,216.20850539207458,216.92300510406494,215.35869991779327,215.2370406985283,216.07808476686478,215.3642942905426,216.91917288303375
-130,215.7046898007393,220.01291984319687,215.7046898007393,220.01291984319687,215.49501472711563,215.11374181509018,215.81676721572876,217.66697388887405,216.66409182548523,216.80208152532578,215.7210974097252,215.3018895983696,217.81547540426254,216.2110767364502,216.96538263559341,215.351175904274,215.2819053530693,216.09392029047012,215.33076751232147,216.88945925235748
-129,215.708988904953,220.00696885585785,215.708988904953,220.00696885585785,215.49615174531937,215.13677263259888,215.8338878750801,217.7040508389473,216.65936374664307,216.83653116226196,215.75576847791672,215.3135845065117,217.84805285930634,216.20746845006943,217.00405645370483,215.35035413503647,215.32393336296082,216.11305379867554,215.29604202508926,216.86018228530884
-128,215.70470690727234,220.00430113077164,215.70470690727234,220.00430113077164,215.4983487725258,215.1577655673027,215.8538464307785,217.73882162570953,216.6495807170868,216.8702300786972,215.78355157375336,215.33182394504547,217.88087451457977,216.19764041900635,217.03896087408066,215.35644274950027,215.36149942874908,216.13435637950897,215.2636206150055,216.83241111040115
-127,215.6920816898346,220.005557179451,215.6920816898346,220.005557179451,215.50233674049377,215.17566311359406,215.87492734193802,217.77035355567932,216.63431590795517,216.90142887830734,215.80307388305664,215.35593992471695,217.9139747619629,216.18185526132584,217.06959527730942,215.36986285448074,215.3922844529152,216.15641921758652,215.23636013269424,216.80653631687164
-126,215.6712332367897,220.01097786426544,215.6712332367897,220.01097786426544,215.50806641578674,215.1899449825287,215.89618486166,217.7980219721794,216.61370766162872,216.92864048480988,215.81452131271362,215.3851382136345,217.94781577587128,216.1611648797989,217.09559231996536,215.3912228345871,215.41452115774155,216.1777287721634,215.21673995256424,216.7828670144081
-125,215.64246094226837,220.02011185884476,215.64246094226837,220.02011185884476,215.51515471935272,215.20090132951736,215.91691493988037,217.82172751426697,216.58839643001556,216.95126086473465,215.81929808855057,215.41891211271286,217.98196816444397,216.137156188488,217.11669158935547,215.42016458511353,215.42764925956726,216.19696813821793,215.20675891637802,216.76188600063324
-124,215.60667777061462,220.03240430355072,215.60667777061462,220.03240430355072,215.52391242980957,215.2085815668106,215.93639487028122,217.84189867973328,216.55952149629593,216.97026824951172,215.82023644447327,215.457193672657,218.01650869846344,216.1110244989395,217.13301813602448,215.45459866523743,215.43113017082214,216.21335190534592,215.20708394050598,216.74431943893433
-123,215.56552267074585,220.04717749357224,215.56552267074585,220.04717749357224,215.53489249944687,215.21332156658173,215.95408427715302,217.858717918396,216.52890491485596,216.98678278923035,215.8198146224022,215.49924117326736,218.0516157746315,216.08377528190613,217.14436209201813,215.49145430326462,215.42544108629227,216.22693330049515,215.2170017361641,216.73045939207077
-122,215.52084481716156,220.06352907419205,215.52084481716156,220.06352907419205,215.54882895946503,215.21647024154663,215.97025364637375,217.8720259666443,216.49831002950668,217.00214898586273,215.82023584842682,215.54408395290375,218.08728104829788,216.0561254620552,217.15050715208054,215.52699959278107,215.41199380159378,216.23777347803116,215.234818816185,216.72078639268875
-121,215.4747150540352,220.0802987217903,215.4747150540352,220.0802987217903,215.56675219535828,215.2187818288803,215.98568308353424,217.88164365291595,216.46934133768082,217.0179738998413,215.82378494739532,215.59038376808167,218.12328773736954,216.02869647741318,217.151413500309,215.5575768351555,215.39192819595337,216.24615961313248,215.25885486602783,216.7162761092186
-120,215.4292209148407,220.09691751003265,215.4292209148407,220.09691751003265,215.58956998586655,215.22069573402405,216.00176119804382,217.88759618997574,216.44347178936005,217.03582572937012,215.83177381753922,215.6367769241333,218.15884321928024,216.00276267528534,217.1475179195404,215.58085691928864,215.36690628528595,216.25306749343872,215.28773081302643,216.71743017435074
-119,215.38632941246033,220.11347675323486,215.38632941246033,220.11347675323486,215.61739790439606,215.2227793931961,216.01925975084305,217.89043444395065,216.42148786783218,217.05614918470383,215.84467554092407,215.6816617846489,218.1926582455635,215.97974562644958,217.13991624116898,215.59706288576126,215.3390008211136,216.25954043865204,215.3197918534279,216.72375971078873
-118,215.34747856855392,220.12965834140778,215.34747856855392,220.12965834140778,215.6497164964676,215.2258499264717,216.03822273015976,217.8906810283661,216.40423089265823,217.07771468162537,215.8626525402069,215.72374534606934,218.222951233387,215.96031039953232,217.1298280954361,215.60703033208847,215.31019282341003,216.26631927490234,215.35328978300095,216.73426014184952
-117,215.31332582235336,220.14526802301407,215.31332582235336,220.14526802301407,215.68552029132843,215.23118394613266,216.05819070339203,217.88882678747177,216.39238822460175,217.09879595041275,215.88554602861404,215.76184314489365,218.24827307462692,215.94498473405838,217.1181126832962,215.6113947033882,215.2820400595665,216.2741407752037,215.38632160425186,216.74741131067276
-116,215.28400546312332,220.16030049324036,215.28400546312332,220.16030049324036,215.72405087947845,215.23988682031631,216.07830864191055,217.88562697172165,216.38663387298584,217.11737936735153,215.91278809309006,215.79558610916138,218.26782715320587,215.93414217233658,217.1054328083992,215.6115978360176,215.25667536258698,216.2830680012703,215.41681909561157,216.76185381412506
-115,215.26058852672577,220.17467737197876,215.26058852672577,220.17467737197876,215.7644363641739,215.251811504364,216.09771597385406,217.88282543420792,216.38752567768097,217.1316270828247,215.94326078891754,215.82526469230652,218.28112334012985,215.92834490537643,217.0927894115448,215.60933232307434,215.23593312501907,216.29282093048096,215.44238966703415,216.77655333280563
-114,215.24395561218262,220.18756818771362,215.24395561218262,220.18756818771362,215.80530446767807,215.265562415123,216.1158761382103,217.8816932439804,216.395605802536,217.1408907175064,215.97557932138443,215.85096168518066,218.28825134038925,215.9282898902893,217.0818930864334,215.60601842403412,215.22072952985764,216.30295252799988,215.46107250452042,216.7918051481247
-113,215.23450803756714,220.1981496810913,215.23450803756714,220.1981496810913,215.84494078159332,215.27935200929642,216.1314595937729,217.88239204883575,216.41126382350922,217.14506500959396,216.00819289684296,215.87272453308105,218.28993886709213,215.93458306789398,217.0751737356186,215.60282057523727,215.21086645126343,216.31266659498215,215.47142553329468,216.80691081285477
-112,215.23274624347687,220.20595103502274,215.23274624347687,220.20595103502274,215.88135731220245,215.29134112596512,216.1428817510605,217.88514226675034,216.43443644046783,217.14424324035645,216.03989279270172,215.8908610343933,218.28725188970566,215.9475535750389,217.07453536987305,215.59975880384445,215.20640635490417,216.3216553926468,215.4728227853775,216.82081097364426
-111,215.2390301823616,220.2111805677414,215.2390301823616,220.2111805677414,215.91255724430084,215.29997181892395,216.1487141251564,217.89036738872528,216.46506160497665,217.13876593112946,216.06945806741714,215.9057874083519,218.2815746665001,215.9672630429268,217.08102923631668,215.59682941436768,215.2095714211464,216.32946360111237,215.46627300977707,216.83236801624298
-110,215.25315231084824,220.21431666612625,215.25315231084824,220.21431666612625,215.9371890425682,215.30418968200684,216.1485032439232,217.8984296321869,216.50306022167206,217.1292301416397,216.09596091508865,215.9180844426155,218.27473109960556,215.99307489395142,217.09530168771744,215.5936440229416,215.22126483917236,216.33596462011337,215.45335215330124,216.8408060669899
-109,215.2742342352867,220.21576589345932,215.2742342352867,220.21576589345932,215.95488315820694,215.30283850431442,216.14254242181778,217.90898913145065,216.54830878973007,217.11670750379562,216.11873126029968,215.92764174938202,218.26851534843445,216.02366477251053,217.1175361275673,215.58929777145386,215.23970252275467,216.34062546491623,215.4359599351883,216.8453125357628
-108,215.30123835802078,220.21582412719727,215.30123835802078,220.21582412719727,215.96583622694016,215.29447185993195,216.13081073760986,217.92161935567856,216.60033905506134,217.10165959596634,216.1375166773796,215.93430870771408,218.26419866085052,216.05796748399734,217.14696311950684,215.58427608013153,215.26324224472046,216.34330260753632,215.4165045619011,216.84520667791367
-107,215.3328133225441,220.21468180418015,215.3328133225441,220.21468180418015,215.97072595357895,215.27921801805496,216.11424720287323,217.9362324476242,216.65874648094177,217.08452534675598,216.15278333425522,215.93801939487457,218.2626748085022,216.09551864862442,217.18212711811066,215.57903045415878,215.29092633724213,216.34407210350037,215.39765691757202,216.84093689918518
-106,215.36724865436554,220.21254724264145,215.36724865436554,220.21254724264145,215.9706758260727,215.25905215740204,216.09190028905869,217.9525592327118,216.72270554304123,217.06612986326218,216.16514098644257,215.93872267007828,218.264763712883,216.13506495952606,217.22140330076218,215.57399821281433,215.32182782888412,216.3434311747551,215.381745159626,216.833618581295
-105,215.4032211303711,220.20970010757446,215.4032211303711,220.20970010757446,215.9671814441681,215.23570013046265,216.06315344572067,217.96958392858505,216.79090523719788,217.04734897613525,216.17470788955688,215.9365147948265,218.27167242765427,216.17434114217758,217.26286679506302,215.56914120912552,215.35473316907883,216.34270560741425,215.37049108743668,216.82448822259903
-104,215.43988782167435,220.20608633756638,215.43988782167435,220.20608633756638,215.9616704583168,215.21166372299194,216.02863973379135,217.98606008291245,216.86151713132858,217.02884435653687,216.1809908747673,215.93145966529846,218.28403627872467,216.2109318971634,217.30456912517548,215.56394279003143,215.38846677541733,216.34413844347,215.36539489030838,216.81458151340485
-103,215.47662842273712,220.2022140622139,215.47662842273712,220.2022140622139,215.955606341362,215.18842536211014,215.99038976430893,218.001158952713,216.93235439062119,217.010840177536,216.18384438753128,215.92328518629074,218.30123728513718,216.24269253015518,217.34396213293076,215.55807560682297,215.42169564962387,216.3485336303711,215.3673267364502,216.80477851629257
-102,215.5124831199646,220.19908672571182,215.5124831199646,220.19908672571182,215.94932973384857,215.16677355766296,215.95037561655045,218.01514202356339,217.00132548809052,216.99398010969162,216.18312603235245,215.9107325077057,218.32221114635468,216.26870983839035,217.37972778081894,215.55164897441864,215.45378041267395,216.3564281463623,215.37711173295975,216.79601579904556
-101,215.54652363061905,220.19708502292633,215.54652363061905,220.19708502292633,215.9423524737358,215.1475905776024,215.9106429219246,218.02824133634567,217.06665033102036,216.97896111011505,216.17883944511414,215.8925188779831,218.3458253145218,216.288698554039,217.4115510582924,215.5452162027359,215.48391050100327,216.36754196882248,215.39530754089355,216.78933882713318
-100,215.57859122753143,220.19603699445724,215.57859122753143,220.19603699445724,215.9340997338295,215.13160693645477,215.87297052145004,218.0405957698822,217.12675499916077,216.96611368656158,216.1705243587494,215.86853712797165,218.3709053993225,216.3033263683319,217.43837666511536,215.53955686092377,215.5116906762123,216.38076156377792,215.4214922785759,216.7854214310646
-99,215.60888916254044,220.19561171531677,215.60888916254044,220.19561171531677,215.92400681972504,215.11964613199234,215.83995360136032,218.05268847942352,217.18083703517914,216.95615583658218,216.15819710493088,215.83998674154282,218.3967422246933,216.3136866092682,217.46003288030624,215.53508704900742,215.53616392612457,216.39521872997284,215.4540662765503,216.78440642356873
-98,215.63730466365814,220.1956034898758,215.63730466365814,220.1956034898758,215.91211861371994,215.11337780952454,215.813312292099,218.06441193819046,217.22810661792755,216.95001727342606,216.14217537641525,215.81005215644836,218.42236882448196,216.321539580822,217.47663295269012,215.5320701599121,215.5568253993988,216.41050446033478,215.49174624681473,216.78609371185303
-97,215.66355973482132,220.19574493169785,215.66355973482132,220.19574493169785,215.9000319838524,215.11359024047852,215.79420882463455,218.07628870010376,217.268219769001,216.9476054906845,216.12320882081985,215.78193759918213,218.44608122110367,216.32847970724106,217.48852109909058,215.5306916832924,215.57350605726242,216.42675811052322,215.53259605169296,216.7900072336197
-96,215.68798184394836,220.19575798511505,215.68798184394836,220.19575798511505,215.8886712193489,215.11995208263397,215.78369337320328,218.0889658331871,217.301453769207,216.9489100575447,216.1021512746811,215.7590583562851,218.46631908416748,216.33713895082474,217.49609172344208,215.53126168251038,215.58628368377686,216.44438779354095,215.5745770931244,216.79560577869415
-95,215.71106350421906,220.19536393880844,215.71106350421906,220.19536393880844,215.878273665905,215.13183134794235,215.78248178958893,218.1025807261467,217.3285235762596,216.95383363962173,216.08022713661194,215.74244034290314,218.4817494750023,216.3499276638031,217.499493598938,215.53393334150314,215.59539759159088,216.4634808897972,215.61507141590118,216.80224281549454
-94,215.73289042711258,220.19423192739487,215.73289042711258,220.19423192739487,215.86922770738602,215.1486422419548,215.79075634479523,218.116905272007,217.35025477409363,216.96136909723282,216.05893152952194,215.73270964622498,218.4914146065712,216.36804044246674,217.4984491467476,215.53846675157547,215.6013006567955,216.48329198360443,215.65060007572174,216.80964559316635
-93,215.75376373529434,220.1925392150879,215.75376373529434,220.1925392150879,215.8617820739746,215.16951245069504,215.8086240887642,218.13134092092514,217.3675812482834,216.97074913978577,216.03965944051743,215.7302435040474,218.49407076835632,216.3920721411705,217.49258649349213,215.54508590698242,215.60431122779846,216.50274509191513,215.67838275432587,216.81795001029968
-92,215.77360385656357,220.1904383301735,215.77360385656357,220.1904383301735,215.85539197921753,215.19363045692444,215.83562350273132,218.14516031742096,217.38135439157486,216.98116731643677,216.0236245393753,215.73563861846924,218.48903667926788,216.42093896865845,217.4817385673523,215.55398565530777,215.6048931479454,216.52069574594498,215.69861042499542,216.82772666215897
-91,215.79254204034805,220.18784773349762,215.79254204034805,220.18784773349762,215.8493178486824,215.21952879428864,215.87084704637527,218.15776240825653,217.39234471321106,216.9911647439003,216.0120616555214,215.74883997440338,218.47676116228104,216.45321065187454,217.46626687049866,215.56519186496735,215.60327303409576,216.53650718927383,215.71116369962692,216.83977085351944
-90,215.81129676103592,220.1846461892128,215.81129676103592,220.1846461892128,215.84294003248215,215.24569439888,215.91178220510483,218.1684775352478,217.40131336450577,216.99929213523865,216.00596517324448,215.76850473880768,218.45849812030792,216.4876590371132,217.44682097434998,215.57826524972916,215.59959435462952,216.55032569169998,215.716763317585,216.85479092597961
-89,215.83066791296005,220.18083560466766,215.83066791296005,220.18083560466766,215.83583968877792,215.2705227136612,215.95522993803024,218.17697769403458,217.40883427858353,217.00425547361374,216.00581741333008,215.7930327653885,218.43555557727814,216.52295619249344,217.42450153827667,215.59264343976974,215.5938611626625,216.56297826766968,215.71620428562164,216.87292456626892
-88,215.8506835103035,220.1764760017395,215.8506835103035,220.1764760017395,215.8272590637207,215.2930017709732,215.99795073270798,218.18273651599884,217.41556245088577,217.00520706176758,216.01156890392303,215.82052075862885,218.40932577848434,216.5571676492691,217.40010291337967,215.60837721824646,215.58613866567612,216.57567632198334,215.7113025188446,216.89401251077652
-87,215.87117183208466,220.1717643737793,215.87117183208466,220.1717643737793,215.81638705730438,215.31281423568726,216.0371208190918,218.1851640343666,217.42232471704483,217.00269955396652,216.02290892601013,215.84892749786377,218.38133662939072,216.58902376890182,217.3741102218628,215.62563979625702,215.57687270641327,216.58971792459488,215.70398646593094,216.91769671440125
-86,215.89212107658386,220.1671354174614,215.89212107658386,220.1671354174614,215.8025850057602,215.3303520679474,216.07087075710297,218.18408876657486,217.42944699525833,216.9976476430893,216.03959572315216,215.87647151947021,218.35331344604492,216.61740785837173,217.3475734591484,215.6442459821701,215.56624883413315,216.6056964993477,215.69585621356964,216.94331139326096
-85,215.91326266527176,220.16343826055527,215.91326266527176,220.16343826055527,215.786445915699,215.3469097018242,216.09896343946457,218.17934775352478,217.43670535087585,216.99189847707748,216.062040746212,215.90180307626724,218.32670402526855,216.64138048887253,217.32167893648148,215.66411370038986,215.5543441772461,216.62362200021744,215.6885631084442,216.9701714515686
-84,215.93439626693726,220.16161799430847,215.93439626693726,220.16161799430847,215.770292699337,215.36365580558777,216.12161934375763,218.17073476314545,217.4433897137642,216.98720836639404,216.08994549512863,215.92422425746918,218.3022558093071,216.66054952144623,217.2977056503296,215.6852592229843,215.54186481237411,216.6430235505104,215.6837094426155,216.9975254535675
-83,215.95561760663986,220.1624750494957,215.95561760663986,220.1624750494957,215.7564558982849,215.38144153356552,216.13860338926315,218.15865403413773,217.44881361722946,216.98439520597458,216.12235510349274,215.94395983219147,218.28066712617874,216.67442172765732,217.27687764167786,215.70730406045914,215.53020483255386,216.66310560703278,215.68264025449753,217.02458947896957
-82,215.9770383834839,220.16645336151123,215.9770383834839,220.16645336151123,215.74621498584747,215.40054482221603,216.1503425836563,218.1434480547905,217.45271998643875,216.98430740833282,216.15787947177887,215.96127116680145,218.2623228430748,216.68259346485138,217.26013892889023,215.73012799024582,215.5211457014084,216.6829777956009,215.6861445903778,217.05109810829163
-81,215.9986560344696,220.1734403371811,215.9986560344696,220.1734403371811,215.74057298898697,215.42115050554276,216.15749448537827,218.1256823539734,217.45493429899216,216.9878774881363,216.19494622945786,215.97598934173584,218.24721497297287,216.68556529283524,217.24820989370346,215.75414443016052,215.5164589881897,216.70173567533493,215.69424599409103,217.07642304897308
-80,216.02040445804596,220.18298798799515,216.02040445804596,220.18298798799515,215.74009424448013,215.44264560937881,216.16039109230042,218.10629028081894,217.4552782177925,216.99645137786865,216.2321211695671,215.98834919929504,218.23506546020508,216.68431597948074,217.24124479293823,215.7800031900406,215.51667362451553,216.71855640411377,215.70624923706055,217.09897309541702
-79,216.0419135093689,220.19423162937164,216.0419135093689,220.19423162937164,215.74484598636627,215.46374464035034,216.1594644188881,218.08632880449295,217.45367127656937,217.01106131076813,216.26770681142807,215.99808740615845,218.22544652223587,216.68011218309402,217.23847246170044,215.80811232328415,215.5216446518898,216.73274332284927,215.72142750024796,217.11766505241394
-78,216.0626049041748,220.2060912847519,216.0626049041748,220.2060912847519,215.7546325325966,215.483367562294,216.1553663611412,218.06702905893326,217.45031434297562,217.03246134519577,216.3003767132759,216.00490403175354,218.21812850236893,216.67434185743332,217.23877549171448,215.83860677480698,215.530631005764,216.74413406848907,215.7389726638794,217.13204699754715
-77,216.08187305927277,220.21750926971436,216.08187305927277,220.21750926971436,215.76884192228317,215.50031507015228,216.14863514900208,218.04965269565582,217.44509428739548,217.06099325418472,216.32889258861542,216.00868690013885,218.21297574043274,216.667704641819,217.2410078048706,215.87136274576187,215.54253923892975,216.7530214190483,215.7581050992012,217.14218360185623
-76,216.09888619184494,220.22766810655594,216.09888619184494,220.22766810655594,215.78617805242538,215.51318442821503,216.1400545835495,218.03533124923706,217.43762981891632,217.096047103405,216.35235780477524,216.00967794656754,218.20991814136505,216.66051989793777,217.24427086114883,215.9060447216034,215.55604928731918,216.7597221136093,215.77877533435822,217.14855301380157
-75,216.11293745040894,220.23607152700424,216.11293745040894,220.23607152700424,215.80519837141037,215.5211769938469,216.1302524805069,218.02493125200272,217.4276533126831,217.13676315546036,216.3707355260849,216.00820910930634,218.209002494812,216.6530511379242,217.24801862239838,215.94234257936478,215.56997829675674,216.76459228992462,215.8015660047531,217.1518416404724
-74,216.12317895889282,220.2424908876419,216.12317895889282,220.2424908876419,215.8245844244957,215.52389705181122,216.12008011341095,218.0188691020012,217.41497164964676,217.18213415145874,216.38432610034943,216.00481528043747,218.21023720502853,216.64527070522308,217.2519713640213,215.98016786575317,215.58366417884827,216.7679134607315,215.8267720937729,217.15247774124146
-73,216.1291407942772,220.24711555242538,216.1291407942772,220.24711555242538,215.8433257341385,215.5212368965149,216.11082231998444,218.0176191329956,217.39972352981567,217.23049926757812,216.393740773201,216.0001471042633,218.21323204040527,216.63699954748154,217.25536513328552,216.01909679174423,215.59678691625595,216.76986664533615,215.85431510210037,217.15096390247345
-72,216.1309158205986,220.25024449825287,216.1309158205986,220.25024449825287,215.86099433898926,215.51374685764313,216.10349214076996,218.02168953418732,217.3825888633728,217.27999168634415,216.40048038959503,215.99477446079254,218.21755570173264,216.62783086299896,217.25786185264587,216.05866968631744,215.60974687337875,216.77075123786926,215.88398623466492,217.14801788330078
-71,216.1289142370224,220.25234192609787,216.1289142370224,220.25234192609787,215.87746930122375,215.50279426574707,216.09873777627945,218.03096908330917,217.36463725566864,217.3286510705948,216.40613681077957,215.98950374126434,218.22245544195175,216.6174054145813,217.25952917337418,216.09852802753448,215.6234648823738,216.77158153057098,215.91461771726608,217.14473181962967
-70,216.12368124723434,220.25391566753387,216.12368124723434,220.25391566753387,215.89288979768753,215.49020421504974,216.09707289934158,218.04497408866882,217.34701961278915,217.3748255968094,216.4116907119751,215.98421329259872,218.22718626260757,216.60539937019348,217.26067227125168,216.13840436935425,215.6388030052185,216.7730854153633,215.9445699453354,217.14228308200836
-69,216.11633867025375,220.25545424222946,216.11633867025375,220.25545424222946,215.90753597021103,215.47774571180344,216.09867370128632,218.06326019763947,217.33088433742523,217.41700166463852,216.41751444339752,215.97866106033325,218.23123329877853,216.5917797088623,217.26191145181656,216.1778833270073,215.65644598007202,216.77587658166885,215.97239583730698,217.14116215705872
-68,216.10793578624725,220.2573806643486,216.10793578624725,220.2573806643486,215.9216307401657,215.46730917692184,216.10300183296204,218.08497041463852,217.31723099946976,217.45407831668854,216.42373633384705,215.97268968820572,218.23435634374619,216.57700473070145,217.26383805274963,216.21631610393524,215.6768974661827,216.7803813815117,215.99692034721375,217.1414149403572
-67,216.09969347715378,220.26018542051315,216.09969347715378,220.26018542051315,215.9354349374771,215.46071642637253,216.1092987060547,218.1091411113739,217.30676251649857,217.4853639602661,216.43023890256882,215.9662286043167,218.23654061555862,216.56218445301056,217.26683139801025,216.25297343730927,215.70065331459045,216.78666371107101,216.0175724029541,217.14311170578003
-66,216.09251606464386,220.26433074474335,216.09251606464386,220.26433074474335,215.94945633411407,215.45941627025604,216.11689031124115,218.13511264324188,217.3000408411026,217.5106018781662,216.4367105960846,215.95966517925262,218.2380588054657,216.5486839413643,217.27099245786667,216.2868967652321,215.72786289453506,216.79452282190323,216.0346212387085,217.1459640264511
-65,216.08641678094864,220.27012544870377,216.08641678094864,220.27012544870377,215.96405124664307,215.46424639225006,216.1251387000084,218.16252726316452,217.29780209064484,217.5294975042343,216.44258844852448,215.95350980758667,218.23918110132217,216.53778278827667,217.27615123987198,216.31695580482483,215.75792342424393,216.8032727241516,216.04896116256714,217.14938884973526
-64,216.081416785717,220.27768731117249,216.081416785717,220.27768731117249,215.97890585660934,215.4750661253929,216.13388895988464,218.19118386507034,217.3001413345337,217.54194647073746,216.44699597358704,215.9480294585228,218.24015939235687,216.5307092666626,217.28201323747635,216.341932117939,215.78965359926224,216.8122650384903,216.06176662445068,217.1528393626213
-63,216.07748347520828,220.28686195611954,216.07748347520828,220.28686195611954,215.99352568387985,215.4910365343094,216.14291471242905,218.22101455926895,217.30660659074783,217.54821407794952,216.44865411520004,215.94328570365906,218.24150693416595,216.5283646583557,217.2880180478096,216.36074858903885,215.82168620824814,216.8211025595665,216.07399588823318,217.15578055381775
-62,216.07424706220627,220.29747009277344,216.07424706220627,220.29747009277344,216.00733304023743,215.51118278503418,216.15194141864777,218.25173872709274,217.31631022691727,217.54905343055725,216.44662076234818,215.93942892551422,218.2435421347618,216.53123492002487,217.29331630468369,216.37276434898376,215.8523360490799,216.8298078775406,216.0858917236328,217.1575484275818
-61,216.07114398479462,220.30926144123077,216.07114398479462,220.30926144123077,216.0196089744568,215.5347827076912,216.1602531671524,218.28304141759872,217.32794106006622,217.54550260305405,216.4404907822609,215.93615818023682,218.24634182453156,216.53926295042038,217.2970564365387,216.37794548273087,215.87983644008636,216.83882522583008,216.0971321463585,217.15780287981033
-60,216.06778156757355,220.32171767950058,216.06778156757355,220.32171767950058,216.0295597910881,215.56128603219986,216.16740548610687,218.3148394227028,217.34029400348663,217.53861647844315,216.4300828576088,215.9330214858055,218.2498278617859,216.55152481794357,217.29868054389954,216.37639355659485,215.90267318487167,216.84865301847458,216.10705494880676,217.15630096197128
-59,216.0638347864151,220.33430010080338,216.0638347864151,220.33430010080338,216.03688317537308,215.59056758880615,216.17321026325226,218.34670513868332,217.35210758447647,217.52938985824585,216.41522073745728,215.92968010902405,218.2538567185402,216.56685262918472,217.29781413078308,216.3687037229538,215.9200484752655,216.8598132133484,216.1145059466362,217.15278959274292
-58,216.059068441391,220.3467562198639,216.059068441391,220.3467562198639,216.04163831472397,215.6225163936615,216.17731130123138,218.37834310531616,217.36223459243774,217.51861971616745,216.39617955684662,215.92536306381226,218.25828397274017,216.58381974697113,217.29426664113998,216.35570406913757,215.93179857730865,216.87276315689087,216.1182166337967,217.14748948812485
-57,216.05372947454453,220.3590157032013,216.05372947454453,220.3590157032013,216.04389452934265,215.65672546625137,216.1799192428589,218.40939277410507,217.36998385190964,217.5068358182907,216.37363499403,215.91904175281525,218.26289254426956,216.6014878153801,217.2880983352661,216.33844101428986,215.93808323144913,216.88768166303635,216.11732232570648,217.1410306096077
-56,216.04858231544495,220.37105417251587,216.04858231544495,220.37105417251587,216.04387837648392,215.69245964288712,216.18131989240646,218.43901348114014,217.37489038705826,217.49411535263062,216.34848701953888,215.90966522693634,218.26754093170166,216.6190824508667,217.27975976467133,216.3182888031006,215.93943881988525,216.90441399812698,216.11126118898392,217.13420867919922
-55,216.0446131825447,220.38260525465012,216.0446131825447,220.38260525465012,216.04183995723724,215.72902250289917,216.18206477165222,218.46633851528168,217.3767231106758,217.4801902770996,216.3213849067688,215.89660507440567,218.27230232954025,216.63581830263138,217.2699030637741,216.2969845533371,215.9365126490593,216.92254716157913,216.09986090660095,217.127960562706
-54,216.04263257980347,220.3933209180832,216.04263257980347,220.3933209180832,216.038334608078,215.76597398519516,216.18289107084274,218.49050080776215,217.3755754828453,217.46503990888596,216.2929025888443,215.88004511594772,218.27744495868683,216.6510385274887,217.25931924581528,216.27653408050537,215.93043673038483,216.9412659406662,216.0834853053093,217.12285286188126
-53,216.04340571165085,220.4027606844902,216.04340571165085,220.4027606844902,216.03390753269196,215.80272418260574,216.1844823360443,218.5110325217247,217.3718158006668,217.44922351837158,216.2637775540352,215.86056756973267,218.28338342905045,216.66439765691757,217.24873393774033,216.25790685415268,215.92262434959412,216.95973360538483,216.0630247592926,217.11897826194763
-52,216.0468908548355,220.41054075956345,216.0468908548355,220.41054075956345,216.02921229600906,215.83881121873856,216.18735140562057,218.52780485153198,217.36590069532394,217.43347185850143,216.23453378677368,215.83919656276703,218.29054027795792,216.6753448843956,217.23894560337067,216.24163979291916,215.91421908140182,216.97718995809555,216.03981149196625,217.11615025997162
-51,216.0525609254837,220.4163380265236,216.0525609254837,220.4163380265236,216.02495050430298,215.8737931251526,216.1917410492897,218.5406299829483,217.3583563566208,217.41897189617157,216.20558845996857,215.81765007972717,218.2992188334465,216.68329674005508,217.2305485010147,216.2279895544052,215.9062256217003,216.9932405948639,216.01547956466675,217.11455714702606
-50,216.0595619082451,220.4196394085884,216.0595619082451,220.4196394085884,216.02184158563614,215.9072908759117,216.19742614030838,218.54939955472946,217.34988570213318,217.4071974158287,216.17758935689926,215.7980649471283,218.30964833498,216.68804842233658,217.2238805294037,216.21695959568024,215.89937633275986,217.00766950845718,215.99181133508682,217.1148625612259
-49,216.06672114133835,220.4201180934906,216.06672114133835,220.4201180934906,216.02054643630981,215.93878120183945,216.2040268778801,218.5541234612465,217.34132474660873,217.39926654100418,216.15129268169403,215.78264063596725,218.32198441028595,216.68959605693817,217.21877378225327,216.2083676457405,215.89460331201553,217.0203874707222,215.97051560878754,217.11701971292496
-48,216.07267504930496,220.4176179766655,216.07267504930496,220.4176179766655,216.02134889364243,215.96740663051605,216.21092450618744,218.55499082803726,217.33350801467896,217.3959972858429,216.12728011608124,215.77322244644165,218.33561062812805,216.68833696842194,217.21532839536667,216.20189666748047,215.8927845954895,217.03120344877243,215.95289158821106,217.12083476781845
-47,216.07596689462662,220.4120096564293,216.07596689462662,220.4120096564293,216.02407848834991,215.99270689487457,216.21749931573868,218.55229330062866,217.32743591070175,217.39782351255417,216.10635423660278,215.77108758687973,218.34987479448318,216.6847734451294,217.21424037218094,216.19748044013977,215.89468318223953,217.0397526025772,215.9399294257164,217.12611001729965
-46,216.07558423280716,220.40324211120605,216.07558423280716,220.40324211120605,216.02815252542496,216.01451337337494,216.22323071956635,218.546317756176,217.3238289952278,217.40465492010117,216.08933597803116,215.77667701244354,218.36413949728012,216.67931652069092,217.216050863266,216.19463747739792,215.90074038505554,217.0455865263939,215.93229573965073,217.13274574279785
-45,216.0709090232849,220.39129382371902,216.0709090232849,220.39129382371902,216.03195822238922,216.03271228075027,216.2275389432907,218.53739428520203,217.323056101799,217.4159752726555,216.07686525583267,215.7896768450737,218.37809878587723,216.6725476384163,217.22078597545624,216.19296389818192,215.91101425886154,217.04850548505783,215.9303365945816,217.14022463560104
-44,216.06168979406357,220.37631714344025,216.06168979406357,220.37631714344025,216.03380852937698,216.04747384786606,216.22996586561203,218.5257162451744,217.3252774477005,217.4310923218727,216.06956124305725,215.80899059772491,218.39153051376343,216.6650509238243,217.22798669338226,216.19212663173676,215.92525857686996,217.0484938621521,215.93411475419998,217.14812940359116
-43,216.04820358753204,220.35856300592422,216.04820358753204,220.35856300592422,216.0319789648056,216.05885118246078,216.2300174832344,218.51155704259872,217.3302526473999,217.44895935058594,216.06756275892258,215.8331807255745,218.40413427352905,216.65724402666092,217.23678958415985,216.19177556037903,215.94245451688766,217.0456634759903,215.9433508515358,217.15613877773285
-42,216.03057605028152,220.3384822010994,216.03057605028152,220.3384822010994,216.02492928504944,216.06688916683197,216.22695142030716,218.4955318570137,217.33749443292618,217.4684464931488,216.07057398557663,215.86105501651764,218.415722489357,216.64951211214066,217.2463880777359,216.19133979082108,215.96103370189667,217.0399625301361,215.9576023221016,217.16389256715775
-41,216.00887578725815,220.31675440073013,216.00887578725815,220.31675440073013,216.01169002056122,216.07169544696808,216.22023010253906,218.4783684015274,217.3464343547821,217.48868018388748,216.07802599668503,215.89160203933716,218.42580330371857,216.64228987693787,217.25648218393326,216.1903635263443,215.97931343317032,217.03151428699493,215.97579210996628,217.1713815331459
-40,215.98319685459137,220.29405564069748,215.98319685459137,220.29405564069748,215.99180054664612,216.07329642772675,216.2096330523491,218.46084082126617,217.3564795255661,217.5088996887207,216.08906972408295,215.9236295223236,218.43385022878647,216.63604015111923,217.2666204571724,216.18865823745728,215.99568057060242,217.02062594890594,215.99633461236954,217.17887955904007
-39,215.95402574539185,220.27136170864105,215.95402574539185,220.27136170864105,215.96572136878967,216.0714369416237,216.19587260484695,218.44385880231857,217.3671177625656,217.52846163511276,216.1033251285553,215.9556384086609,218.43943178653717,216.63118946552277,217.27623444795609,216.18635058403015,216.00870782136917,217.0073709487915,216.01731818914413,217.18662649393082
-38,215.9222270846367,220.24970817565918,215.9222270846367,220.24970817565918,215.93432068824768,216.0660538673401,216.18011730909348,218.42806541919708,217.37808096408844,217.5468146800995,216.12034446001053,215.98618590831757,218.4422962665558,216.6276804804802,217.28508335351944,216.183799803257,216.01704704761505,216.99158436059952,216.03682619333267,217.19481420516968
-37,215.88890647888184,220.23010164499283,215.88890647888184,220.23010164499283,215.89888978004456,216.05718505382538,216.16406923532486,218.4137412905693,217.38939106464386,217.56335127353668,216.13974046707153,216.01401156187057,218.44221675395966,216.62509220838547,217.2931084036827,216.1812424659729,216.0197969675064,216.97299498319626,216.0532397031784,217.2034112215042
-36,215.85546672344208,220.21336805820465,215.85546672344208,220.21336805820465,215.8613048195839,216.04471129179,216.14971870183945,218.40123009681702,217.4008874297142,217.5776680111885,216.16101026535034,216.03798788785934,218.43925338983536,216.6228495836258,217.30025005340576,216.17918157577515,216.01623499393463,216.95153903961182,216.06570279598236,217.212127327919
-35,215.82303261756897,220.19998747110367,215.82303261756897,220.19998747110367,215.82356536388397,216.02847039699554,216.1387729048729,218.39073902368546,217.4121635556221,217.58942657709122,216.1836335659027,216.0575355887413,218.43362706899643,216.6198012828827,217.30624788999557,216.17815446853638,216.00603425502777,216.92722249031067,216.07421040534973,217.22016781568527
-34,215.79270654916763,220.19011557102203,215.79270654916763,220.19011557102203,215.78773897886276,216.00851398706436,216.13260102272034,218.38220262527466,217.42288655042648,217.59841001033783,216.20709669589996,216.0723819732666,218.42567020654678,216.61475545167923,217.31073075532913,216.17881095409393,215.98935049772263,216.90037435293198,216.07871067523956,217.22675812244415
-33,215.76510113477707,220.18356895446777,215.76510113477707,220.18356895446777,215.75548440217972,215.98520982265472,216.13196218013763,218.37550085783005,217.43250304460526,217.60438692569733,216.23080718517303,216.08263063430786,218.41580498218536,216.60679239034653,217.31319773197174,216.18185424804688,215.9669816493988,216.87177473306656,216.07928144931793,217.23146426677704
-32,215.7404881119728,220.17988234758377,215.7404881119728,220.17988234758377,215.72793287038803,215.95919477939606,216.1370792388916,218.37046319246292,217.44035774469376,217.6071424484253,216.25430691242218,216.08877623081207,218.40464514493942,216.59552347660065,217.31308084726334,216.18717104196548,215.94006115198135,216.842620074749,216.07595139741898,217.23417007923126
-31,215.71930944919586,220.178513109684,215.71930944919586,220.178513109684,215.70573502779007,215.93143767118454,216.14731764793396,218.36675202846527,217.4461625814438,217.6062694787979,216.2772262096405,216.09174370765686,218.39297181367874,216.58116614818573,217.310012280941,216.1944379210472,215.90970915555954,216.81428104639053,216.06910705566406,217.23488491773605
-30,215.70185947418213,220.17880642414093,215.70185947418213,220.17880642414093,215.6890091896057,215.90328812599182,216.1619343161583,218.3639600276947,217.44953149557114,217.6013811826706,216.29925334453583,216.09268522262573,218.38150358200073,216.56443172693253,217.30381816625595,216.20305305719376,215.87715280056,216.78797256946564,216.05963838100433,217.23398768901825
-29,215.68851155042648,220.18016093969345,215.68851155042648,220.18016093969345,215.67751973867416,215.87610793113708,216.18001002073288,218.36146783828735,217.45015543699265,217.59216022491455,216.3198907971382,216.09226828813553,218.3709968328476,216.5462864637375,217.29395455121994,216.2122005224228,215.84363096952438,216.76469814777374,216.04823940992355,217.23175847530365
-28,215.67937034368515,220.18204015493393,215.67937034368515,220.18204015493393,215.67059290409088,215.8516023159027,216.20056587457657,218.358384847641,217.4479089975357,217.5785676240921,216.33837687969208,216.09110152721405,218.36203747987747,216.52765202522278,217.2805432677269,216.22091245651245,215.8105354309082,216.74490493535995,216.03561520576477,217.2284478545189
-27,215.674298286438,220.18403267860413,215.674298286438,220.18403267860413,215.66710829734802,215.83135360479355,216.2224577665329,218.353773355484,217.44283437728882,217.56074565649033,216.35396486520767,216.089901804924,218.3550221323967,216.50956910848618,217.26400715112686,216.22839039564133,215.77967262268066,216.7285128235817,216.02234053611755,217.22432363033295
-26,215.67285418510437,220.1859346628189,215.67285418510437,220.1859346628189,215.66578656435013,215.8162237405777,216.2446472644806,218.34665876626968,217.43492662906647,217.53877639770508,216.3660334944725,216.0892395377159,218.34997576475143,216.49303448200226,217.24476689100266,216.23407965898514,215.75263452529907,216.7155197262764,216.00898391008377,217.2196779847145
-25,215.6747915148735,220.1878298521042,215.6747915148735,220.1878298521042,215.6650253534317,215.8067251443863,216.26610153913498,218.33652693033218,217.42428117990494,217.51317065954208,216.3740838766098,216.08955472707748,218.34665805101395,216.4790616631508,217.22353202104568,216.2373309135437,215.73089677095413,216.70585441589355,215.99586629867554,217.21495288610458
-24,215.67975908517838,220.19002145528793,215.67975908517838,220.19002145528793,215.66349107027054,215.8028905391693,216.2860143184662,218.32329159975052,217.41113150119781,217.4844126701355,216.3781257867813,216.0914912223816,218.34483486413956,216.46878057718277,217.20124989748,216.23756378889084,215.71585071086884,216.69927364587784,215.98301547765732,217.2107543349266
-23,215.6876666545868,220.19291055202484,215.6876666545868,220.19291055202484,215.6602548956871,215.80401319265366,216.3035340309143,218.30699294805527,217.39569008350372,217.4531557559967,216.37875509262085,216.0955570936203,218.3443148136139,216.4632886648178,217.17888712882996,216.234399497509,215.70829039812088,216.69545209407806,215.97001814842224,217.20766150951385
-22,215.6981201171875,220.19657343626022,215.6981201171875,220.19657343626022,215.65492326021194,215.80924409627914,216.31792402267456,218.2881502509117,217.3784415125847,217.42004990577698,216.37697172164917,216.101826608181,218.34492933750153,216.46314877271652,217.15750414133072,216.22776061296463,215.70869576931,216.69398379325867,215.95654046535492,217.20601779222488
-21,215.71075254678726,220.2009814977646,215.71075254678726,220.2009814977646,215.64752340316772,215.81752401590347,216.328653216362,218.26764285564423,217.35990124940872,217.385755777359,216.3736727833748,216.10998797416687,218.34652227163315,216.4682223200798,217.13800358772278,216.2176267504692,215.71685647964478,216.69413876533508,215.94224059581757,217.20603519678116
-20,215.72522336244583,220.2059782743454,215.72522336244583,220.2059782743454,215.63850456476212,215.82758235931396,216.33538401126862,218.24647188186646,217.34048837423325,217.35103768110275,216.3697448372841,216.11950278282166,218.34890216588974,216.4778054356575,217.120934009552,216.2041409611702,215.73208630084991,216.69544446468353,215.92698031663895,217.20771610736847
-19,215.7411390542984,220.211172580719,215.7411390542984,220.211172580719,215.62869560718536,215.83803820610046,216.3381597995758,218.22590100765228,217.32079821825027,217.31670570373535,216.36567622423172,216.12950456142426,218.35198736190796,216.49050843715668,217.10663586854935,216.18757438659668,215.7530266046524,216.6972021460533,215.91104972362518,217.21100491285324
-18,215.75778371095657,220.21613591909409,215.75778371095657,220.21613591909409,215.61891150474548,215.84729009866714,216.33719325065613,218.20699620246887,217.30164098739624,217.28365206718445,216.36173671483994,216.13858765363693,218.3556893467903,216.50469589233398,217.09524232149124,216.1680359840393,215.77800804376602,216.6990932226181,215.8947965502739,217.2155950665474
-17,215.77445268630981,220.22047239542007,215.77445268630981,220.22047239542007,215.60994070768356,215.85398280620575,216.33275240659714,218.1908009648323,217.28374654054642,217.25264179706573,216.3580397963524,216.14541119337082,218.3597578406334,216.51876693964005,217.0864361524582,216.14585947990417,215.804885327816,216.7007862329483,215.87863445281982,217.22108405828476
-16,215.79012089967728,220.22384750843048,215.79012089967728,220.22384750843048,215.60205376148224,215.85722094774246,216.32529896497726,218.17815762758255,217.2678006887436,217.22445422410965,216.3543763756752,216.14835143089294,218.36406475305557,216.53150379657745,217.07996201515198,216.12137961387634,215.83152532577515,216.70200580358505,215.86339002847672,217.2270879149437
-15,215.80356162786484,220.22591638565063,215.80356162786484,220.22591638565063,215.5949001312256,215.8563476204872,216.31554698944092,218.16958326101303,217.25432497262955,217.19974219799042,216.35015428066254,216.14586508274078,218.36863791942596,216.54182720184326,217.07557213306427,216.09488892555237,215.85583072900772,216.70252388715744,215.84967988729477,217.23294526338577
-14,215.8136779665947,220.2265269756317,215.8136779665947,220.2265269756317,215.58791136741638,215.85125666856766,216.30395185947418,218.16539645195007,217.2435606122017,217.17893081903458,216.34516870975494,216.1371133327484,218.37364757061005,216.548774600029,217.07317638397217,216.06710785627365,215.8762680888176,216.70196652412415,215.83783268928528,217.23813033103943
-13,215.81931859254837,220.22556406259537,215.81931859254837,220.22556406259537,215.5807985663414,215.8423637151718,216.29097026586533,218.16561478376389,217.23551082611084,217.1625469326973,216.33944982290268,216.1219726204872,218.37922751903534,216.55159974098206,217.0726226568222,216.03893733024597,215.89213126897812,216.69984811544418,215.82780504226685,217.24185740947723
-12,215.8196586370468,220.22275608778,215.8196586370468,220.22275608778,215.57317411899567,215.83051192760468,216.276760160923,218.17003345489502,217.22991853952408,217.15075343847275,216.3330962061882,216.1013194322586,218.38529711961746,216.5497744679451,217.0735297203064,216.01115238666534,215.9032148718834,216.6954295039177,215.8193722963333,217.24334102869034
-11,215.8142073750496,220.21795797348022,215.8142073750496,220.21795797348022,215.56487065553665,215.81697541475296,216.26141941547394,218.1781262755394,217.22645664215088,217.14318180084229,216.32607638835907,216.0764535665512,218.39170920848846,216.54293966293335,217.0752449631691,215.98454612493515,215.90978908538818,216.6881787776947,215.81210428476334,217.24182838201523
-10,215.80302965641022,220.2112135887146,215.80302965641022,220.2112135887146,215.55626779794693,215.80321437120438,216.24505925178528,218.18911027908325,217.22474646568298,217.13953459262848,216.31838500499725,216.0491537451744,218.3980711698532,216.53125989437103,217.07728499174118,215.95983070135117,215.9126478433609,216.67782920598984,215.8056674003601,217.2366828918457
-9,215.78634536266327,220.202698469162,215.78634536266327,220.202698469162,215.54765731096268,215.79050356149673,216.22766757011414,218.2020182609558,217.2246920466423,217.13921350240707,216.30989372730255,216.0212391614914,218.403992831707,216.51544559001923,217.07937002182007,215.93760973215103,215.9125308394432,216.6643323302269,215.79959589242935,217.22777426242828
-8,215.76463371515274,220.19270759820938,215.76463371515274,220.19270759820938,215.53925901651382,215.77998542785645,216.20942121744156,218.21581649780273,217.22618162631989,217.14147585630417,216.30044800043106,215.99428510665894,218.4091356396675,216.49642515182495,217.0812206864357,215.9180792570114,215.910384953022,216.64785999059677,215.79366600513458,217.21526950597763
-7,215.73858696222305,220.1815817952156,215.73858696222305,220.1815817952156,215.53128165006638,215.77229017019272,216.1904797554016,218.2295322418213,217.2292685508728,217.14563196897507,216.28973346948624,215.9696289896965,218.41306352615356,216.47535282373428,217.08273828029633,215.90123015642166,215.90714848041534,216.62871783971786,215.7878479361534,217.19951164722443
-6,215.70894575119019,220.16962546110153,215.70894575119019,220.16962546110153,215.52378624677658,215.76769191026688,216.17115473747253,218.2425638437271,217.23382395505905,217.15085154771805,216.27739441394806,215.94800359010696,218.41554182767868,216.4533759355545,217.08380395174026,215.88687825202942,215.90325611829758,216.60747861862183,215.78223985433578,217.1812499165535
-5,215.676880300045,220.15703785419464,215.676880300045,220.15703785419464,215.51708072423935,215.76609814167023,216.15193605422974,218.25463259220123,217.2397744655609,217.1565242409706,216.26296204328537,215.92944037914276,218.41635769605637,216.43182653188705,217.08457100391388,215.87477684020996,215.8990740776062,216.58504223823547,215.77701079845428,217.16141748428345
-4,215.6438627243042,220.14391857385635,215.6438627243042,220.14391857385635,215.51151823997498,215.76730823516846,216.13310778141022,218.26538687944412,217.24690318107605,217.16200345754623,216.2459904551506,215.91360253095627,218.4155815243721,216.4116112589836,217.08530110120773,215.86448055505753,215.89471781253815,216.56248104572296,215.7722089290619,217.14097952842712
-3,215.61146366596222,220.13049960136414,215.61146366596222,220.13049960136414,215.5074626803398,215.77108472585678,216.11524033546448,218.2746610045433,217.25463163852692,217.16658556461334,216.22678101062775,215.89963161945343,218.41315579414368,216.3935348391533,217.08617913722992,215.85587149858475,215.8900222182274,216.54114884138107,215.76786643266678,217.1208460330963
-2,215.5812633037567,220.11696726083755,215.5812633037567,220.11696726083755,215.50512713193893,215.77697777748108,216.09872168302536,218.2824391722679,217.26229095458984,217.16985630989075,216.20552998781204,215.88636082410812,218.4091418981552,216.37789982557297,217.08716785907745,215.8488546013832,215.8849269747734,216.52224719524384,215.76386964321136,217.1019822359085
-1,215.5544109940529,220.10349905490875,215.5544109940529,220.10349905490875,215.5049231648445,215.78439456224442,216.08373868465424,218.28880763053894,217.26916879415512,217.17132139205933,216.18295961618423,215.87260127067566,218.40348941087723,216.36470544338226,217.0884377360344,215.8434487581253,215.8794283270836,216.50627261400223,215.7599185705185,217.08499455451965
0,215.53167754411697,220.09009236097336,215.53167754411697,220.09009236097336,215.5070499777794,215.79247426986694,216.07024586200714,218.29368925094604,217.27477765083313,217.17089062929153,216.15979182720184,215.85726869106293,218.39593249559402,216.35387414693832,217.0901921391487,215.83971518278122,215.87333869934082,216.49327963590622,215.75535237789154,217.07006055116653
1,215.53923964500427,220.09662091732025,215.53923964500427,220.09662091732025,215.5331095457077,215.8174250125885,216.07600677013397,218.31168830394745,217.2909465432167,217.18673783540726,216.15978699922562,215.86275881528854,218.3984876871109,216.36471074819565,217.11266738176346,215.85547578334808,215.8826361298561,216.49574160575867,215.78174084424973,217.07347375154495
2,215.55073136091232,220.10253989696503,215.55073136091232,220.10253989696503,215.56032317876816,215.84064996242523,216.08471071720123,218.32917135953903,217.30501186847687,217.20061814785004,216.15920001268387,215.8677098751068,218.39901053905487,216.37843364477158,217.13559406995773,215.87344413995743,215.89111477136612,216.49948471784592,215.80676156282425,217.0765084028244
3,215.56596451997757,220.10776764154434,215.56596451997757,220.10776764154434,215.58782118558884,215.86130023002625,216.09627455472946,218.34617960453033,217.3167371749878,217.212397813797,216.15865868330002,215.87224274873734,218.39750915765762,216.3941348195076,217.15803390741348,215.89329528808594,215.8989935517311,216.50380009412766,215.82960319519043,217.0789498090744
4,215.584555208683,220.11218565702438,215.584555208683,220.11218565702438,215.6145150065422,215.8789041042328,216.11043763160706,218.36286598443985,217.32618552446365,217.22216379642487,216.15869045257568,215.87645018100739,218.39411652088165,216.41091907024384,217.17886382341385,215.91460186243057,215.90654516220093,216.50781786441803,215.8496896624565,217.08078521490097
5,215.60601371526718,220.11581373214722,215.60601371526718,220.11581373214722,215.63962942361832,215.8929818868637,216.12687343358994,218.37926870584488,217.33338457345963,217.23010033369064,216.16021275520325,215.8804560303688,218.3889383673668,216.42808359861374,217.19706881046295,215.93706285953522,215.9142135977745,216.51089000701904,215.86638659238815,217.08201402425766
6,215.62960863113403,220.11865884065628,215.62960863113403,220.11865884065628,215.6623951792717,215.90337818861008,216.14533972740173,218.39531910419464,217.33869844675064,217.23653429746628,216.16359758377075,215.88461911678314,218.38200908899307,216.44518095254898,217.21187925338745,215.96018213033676,215.92255252599716,216.51239198446274,215.87964963912964,217.082685649395
7,215.65434724092484,220.12081384658813,215.65434724092484,220.12081384658813,215.6826338171959,215.91018468141556,216.16553550958633,218.41116029024124,217.34254032373428,217.24189549684525,216.16912698745728,215.88937640190125,218.37364774942398,216.46197026968002,217.22301596403122,215.98373067378998,215.93219554424286,216.51185303926468,215.8896147608757,217.08332735300064
8,215.6790738105774,220.1222783923149,215.6790738105774,220.1222783923149,215.6998782157898,215.91391175985336,216.18697530031204,218.42678225040436,217.345400929451,217.24673134088516,216.17679464817047,215.89496648311615,218.3642345070839,216.4782788157463,217.2306063771248,216.0074565410614,215.94348275661469,216.50939172506332,215.89665120840073,217.08468407392502
9,215.70276498794556,220.12314319610596,215.70276498794556,220.12314319610596,215.71405678987503,215.9148501753807,216.20898646116257,218.44213259220123,217.34791004657745,217.25137668848038,216.1865110397339,215.90145480632782,218.35442745685577,216.49397313594818,217.2352380156517,216.03100728988647,215.9566348195076,216.50545990467072,215.90152221918106,217.08777672052383
10,215.72469699382782,220.12349951267242,215.72469699382782,220.12349951267242,215.72523152828217,215.91327160596848,216.23062348365784,218.45692145824432,217.35071724653244,217.25600272417068,216.1979209780693,215.9088277220726,218.34488725662231,216.50906336307526,217.2378666996956,216.05353331565857,215.97188514471054,216.50078576803207,215.90480905771255,217.09374052286148
11,215.74448961019516,220.12345552444458,215.74448961019516,220.12345552444458,215.73343974351883,215.9095219373703,216.25116008520126,218.47067922353745,217.35436725616455,217.260660469532,216.21042895317078,215.91711121797562,218.33611673116684,216.5236479640007,217.23955953121185,216.07431012392044,215.98928928375244,216.49631488323212,215.9069249033928,217.10338580608368
12,215.7617335319519,220.12316530942917,215.7617335319519,220.12316530942917,215.73880487680435,215.9039556980133,216.26992654800415,218.4830213189125,217.35938477516174,217.26498365402222,216.22346526384354,215.92610734701157,218.3287155032158,216.53809463977814,217.24096858501434,216.09269267320633,216.0087604522705,216.49318116903305,215.90799367427826,217.11708146333694
13,215.77621066570282,220.12281531095505,215.77621066570282,220.12281531095505,215.74139243364334,215.89707630872726,216.28666216135025,218.493348300457,217.36603873968124,217.26843762397766,216.23664915561676,215.93554264307022,218.32317173480988,216.5528375506401,217.24272119998932,216.10816782712936,216.0302569270134,216.49240505695343,215.90822041034698,217.13485246896744
14,215.7879946231842,220.12249475717545,215.7879946231842,220.12249475717545,215.74141430854797,215.88977521657944,216.30131846666336,218.50111544132233,217.3744460940361,217.27045047283173,216.24936586618423,215.94532340765,218.3197438120842,216.56838202476501,217.24546611309052,216.12047958374023,216.0533617734909,216.49476891756058,215.90767204761505,217.15633350610733
15,215.79725420475006,220.1222783923149,215.79725420475006,220.1222783923149,215.73925113677979,215.8829698562622,216.31412816047668,218.50587803125381,217.38429063558578,217.2707062959671,216.26128035783768,215.95533061027527,218.31856805086136,216.58505934476852,217.24935841560364,216.12958258390427,216.077882707119,216.50060576200485,215.906454205513,217.1806081533432
16,215.80428314208984,220.1222689151764,215.80428314208984,220.1222689151764,215.7353339791298,215.87772804498672,216.32567435503006,218.50728923082352,217.39505672454834,217.26916539669037,216.27219086885452,215.96577793359756,218.31976115703583,216.60293996334076,217.25442123413086,216.13605338335037,216.10348719358444,216.50971645116806,215.90448784828186,217.2067773938179
17,215.80971854925156,220.12249463796616,215.80971854925156,220.12249463796616,215.73008811473846,215.87482088804245,216.33661782741547,218.50521838665009,217.40592324733734,217.2659928202629,216.28224283456802,215.97691816091537,218.32326632738113,216.62186866998672,217.26051306724548,216.14058429002762,216.12974083423615,216.52140152454376,215.90152496099472,217.23382204771042
18,215.8144989013672,220.1229281425476,215.8144989013672,220.1229281425476,215.72376948595047,215.87451207637787,216.34754371643066,218.4998099207878,217.4159031510353,217.26160353422165,216.29158407449722,215.98916310071945,218.32891929149628,216.64142072200775,217.26736289262772,216.1440424323082,216.15616536140442,216.5347654223442,215.8970204591751,217.26034080982208
19,215.81973832845688,220.12347596883774,215.81973832845688,220.12347596883774,215.71658325195312,215.87644064426422,216.35903346538544,218.4915412068367,217.4241157770157,217.25633096694946,216.3001999258995,216.0033118724823,218.33633309602737,216.66130131483078,217.2742109298706,216.1473439335823,216.1822749376297,216.5488846898079,215.88999050855637,217.28513705730438
20,215.82652735710144,220.12401348352432,215.82652735710144,220.12401348352432,215.70867681503296,215.87963891029358,216.37133544683456,218.48152661323547,217.43002957105637,217.25042933225632,216.30854588747025,216.01987498998642,218.34488189220428,216.6812018752098,217.2801343202591,216.1514350771904,216.20764631032944,216.56298178434372,215.87985545396805,217.30745774507523
21,215.83553165197372,220.1242956519127,215.83553165197372,220.1242956519127,215.70017182826996,215.88277345895767,216.38424390554428,218.4711983203888,217.4334124326706,217.24399596452713,216.31719344854355,216.0391708612442,218.3538115620613,216.700574696064,217.2841915488243,216.1570873260498,216.2317750453949,216.57645910978317,215.8665537238121,217.32684695720673
22,215.8473778963089,220.12391060590744,215.8473778963089,220.12391060590744,215.69111329317093,215.88441562652588,216.39750409126282,218.46207469701767,217.43405586481094,217.23727810382843,216.3268582224846,216.06084221601486,218.36249178647995,216.7187374830246,217.28531903028488,216.16482543945312,216.25435763597488,216.588692009449,215.85071051120758,217.34336358308792
23,215.86208361387253,220.1224929690361,215.86208361387253,220.1224929690361,215.6818444132805,215.88343274593353,216.4108014702797,218.45547235012054,217.43208914995193,217.23057919740677,216.33805865049362,216.08403873443604,218.3703863620758,216.73526179790497,217.2826263308525,216.1746197938919,216.27505838871002,216.5993628501892,215.8334869146347,217.3573516011238
24,215.87940895557404,220.11962920427322,215.87940895557404,220.11962920427322,215.67279702425003,215.87903428077698,216.42376720905304,218.45278877019882,217.4279517531395,217.22432333230972,216.35107672214508,216.10768681764603,218.37742620706558,216.7499229311943,217.27571958303452,216.186053276062,216.29384738206863,216.60856187343597,215.81655764579773,217.36922097206116
25,215.89885860681534,220.11496537923813,215.89885860681534,220.11496537923813,215.66411155462265,215.8710527420044,216.4360938668251,218.45494371652603,217.42223715782166,217.2192965745926,216.36600321531296,216.1307470202446,218.38387799263,216.76265335083008,217.26458829641342,216.1987366080284,216.31103593111038,216.61673003435135,215.80147278308868,217.37956023216248
26,215.9201409816742,220.10843485593796,215.9201409816742,220.10843485593796,215.65597182512283,215.85976535081863,216.44736105203629,218.4623919725418,217.4156379699707,217.2163868546486,216.38245004415512,216.15206563472748,218.39032006263733,216.7738552093506,217.24962782859802,216.21213656663895,216.3269767165184,216.62457740306854,215.78918689489365,217.38875061273575
27,215.94303673505783,220.1003206372261,215.94303673505783,220.1003206372261,215.6486421227455,215.84566819667816,216.45714008808136,218.47538840770721,217.40864753723145,217.2163136601448,216.3997632265091,216.1707329750061,218.39736300706863,216.78387880325317,217.2316444516182,216.22562843561172,216.34209287166595,216.63291937112808,215.7804194688797,217.39699214696884
28,215.9669355750084,220.0910656452179,215.9669355750084,220.0910656452179,215.6423814892769,215.82960587739944,216.46515649557114,218.49382477998734,217.40133905410767,217.21968859434128,216.41679805517197,216.1862292289734,218.40561252832413,216.7929144501686,217.21151328086853,216.23843663930893,216.35682463645935,216.64247405529022,215.77546763420105,217.40456575155258
29,215.9910650253296,220.0811683535576,215.9910650253296,220.0811683535576,215.6373000741005,215.81234562397003,216.47136121988297,218.51705050468445,217.39366734027863,217.2268983721733,216.43225061893463,216.19821447134018,218.41533571481705,216.8012414574623,217.19028478860855,216.24963957071304,216.3714228272438,216.6535700559616,215.7741761803627,217.41174274683
30,216.0142204761505,220.0712793469429,216.0142204761505,220.0712793469429,215.63293665647507,215.7947620153427,216.47608995437622,218.54412817955017,217.38573735952377,217.2379555106163,216.444990336895,216.20688939094543,218.4262719154358,216.80894649028778,217.16935217380524,216.2583481669426,216.3863679766655,216.66631758213043,215.77609837055206,217.41871106624603
31,216.0345589518547,220.06213283538818,216.0345589518547,220.06213283538818,215.62871754169464,215.77753460407257,216.47968631982803,218.57406622171402,217.37760710716248,217.25230824947357,216.45385259389877,216.21254324913025,218.43801856040955,216.81595438718796,217.1499052643776,216.26373898983002,216.4020632505417,216.68083399534225,215.78104573488235,217.42540210485458
32,216.05036860704422,220.05428969860077,216.05036860704422,220.05428969860077,215.62371855974197,215.7615893483162,216.48293042182922,218.6058371067047,217.36942446231842,217.26911956071854,216.45799273252487,216.21572542190552,218.450155377388,216.82213646173477,217.13307791948318,216.2652868628502,216.41837042570114,216.697003364563,215.78855955600739,217.43180960416794
33,216.06023716926575,220.04821074008942,216.06023716926575,220.04821074008942,215.61715388298035,215.74756282567978,216.4866909980774,218.63819992542267,217.36151415109634,217.28732687234879,216.45667177438736,216.21680516004562,218.46212464571,216.82728904485703,217.11982041597366,216.26260221004486,216.43477511405945,216.71472603082657,215.7984078526497,217.43769764900208
34,216.06330490112305,220.0441443324089,216.06330490112305,220.0441443324089,215.60858964920044,215.73597985506058,216.49146592617035,218.66980463266373,217.35391134023666,217.30591374635696,216.44960576295853,216.21615380048752,218.4731623530388,216.83125680685043,217.11103355884552,216.25544863939285,216.45092034339905,216.73355597257614,215.8103100657463,217.44267797470093
35,216.05987906455994,220.0424354672432,216.05987906455994,220.0424354672432,215.59791004657745,215.7274271249771,216.49767208099365,218.6993510723114,217.34667271375656,217.32407242059708,216.43722331523895,216.2138798236847,218.4827271103859,216.83408093452454,217.10710334777832,216.24384796619415,216.46677160263062,216.75307500362396,215.82394874095917,217.44650638103485
36,216.0507229566574,220.04337841272354,216.0507229566574,220.04337841272354,215.5852884054184,215.72215151786804,216.50520968437195,218.72565799951553,217.34008026123047,217.340921998024,216.42051535844803,216.20997488498688,218.49061793088913,216.83568626642227,217.10805648565292,216.22806549072266,216.48215091228485,216.7726485133171,215.83884692192078,217.44871348142624
37,216.03713864088058,220.04707098007202,216.03713864088058,220.04707098007202,215.57117557525635,215.72013241052628,216.5137758255005,218.74786394834518,217.3342291712761,217.35564094781876,216.4009489417076,216.2046883702278,218.4966704249382,216.83597379922867,217.1136023402214,216.2088772058487,216.49704027175903,216.79154747724533,215.8545562028885,217.44859039783478
38,216.02070623636246,220.05326163768768,216.02070623636246,220.05326163768768,215.55639028549194,215.7211114168167,216.52266645431519,218.7656328678131,217.32912307977676,217.3675461411476,216.3801891207695,216.19861769676208,218.50086641311646,216.83483785390854,217.12292593717575,216.18747740983963,216.51153475046158,216.80935525894165,215.87093877792358,217.44573563337326
39,216.0031976699829,220.06150144338608,216.0031976699829,220.06150144338608,215.54172152280807,215.7244417667389,216.53127110004425,218.77883875370026,217.32403403520584,217.37585753202438,216.36006408929825,216.19245594739914,218.5031788945198,216.83220422267914,217.13467806577682,216.16510713100433,216.5257807970047,216.82579684257507,215.88777834177017,217.4400578737259
40,215.98590409755707,220.0710951089859,215.98590409755707,220.0710951089859,215.527705848217,215.7293974161148,216.53937697410583,218.78764426708221,217.31834042072296,217.38006550073624,216.34243923425674,216.18657964468002,218.50356435775757,216.82807850837708,217.14731633663177,216.1432490348816,216.53977686166763,216.84076923131943,215.90520584583282,217.43161523342133
41,215.97011476755142,220.08120596408844,215.97011476755142,220.08120596408844,215.51473277807236,215.73517501354218,216.54658448696136,218.79251021146774,217.31123161315918,217.38006162643433,216.32869946956635,216.18116641044617,218.5024219751358,216.8226014971733,217.1594809293747,216.12321096658707,216.55327075719833,216.8543506860733,215.9231232404709,217.4207782149315
42,215.95690792798996,220.0909907221794,215.95690792798996,220.0909907221794,215.50274735689163,215.74099284410477,216.55275362730026,218.79421830177307,217.3021228313446,217.37594896554947,216.3196969628334,216.1762342453003,218.50038921833038,216.81592911481857,217.17012006044388,216.1058560013771,216.56576311588287,216.86668473482132,215.9414340853691,217.40792220830917
43,215.94704395532608,220.0996891260147,215.94704395532608,220.0996891260147,215.49164527654648,215.74642658233643,216.557661652565,218.79372918605804,217.29059553146362,217.36837869882584,216.31567519903183,216.17158788442612,218.49806159734726,216.80818563699722,217.17828553915024,216.09203779697418,216.5765860080719,216.87813711166382,215.95982891321182,217.39349818229675
44,215.9405568242073,220.1066661477089,215.9405568242073,220.1066661477089,215.48111242055893,215.75126564502716,216.56092685461044,218.79167568683624,217.27647906541824,217.3583409190178,216.3160959482193,216.1672079563141,218.49605745077133,216.79949820041656,217.18350887298584,216.08258378505707,216.58513456583023,216.88910114765167,215.9778093099594,217.37774723768234
45,215.93724447488785,220.11143398284912,215.93724447488785,220.11143398284912,215.47096246480942,215.75596207380295,216.5621930360794,218.78863507509232,217.25996214151382,217.34661024808884,216.3197825551033,216.1629763841629,218.49488830566406,216.78992599248886,217.18550795316696,216.0780349969864,216.5908486843109,216.8998420238495,215.9947154521942,217.36091786623
46,215.93689382076263,220.11382365226746,215.93689382076263,220.11382365226746,215.46116399765015,215.76099520921707,216.56090223789215,218.78487426042557,217.24145656824112,217.33368158340454,216.32530808448792,216.15876305103302,218.4950716495514,216.7790251970291,217.18440967798233,216.0786480307579,216.59358805418015,216.91021436452866,216.00964659452438,217.3433132171631
47,215.93903869390488,220.11397624015808,215.93903869390488,220.11397624015808,215.45188504457474,215.76664304733276,216.55698496103287,218.78053271770477,217.22150081396103,217.32013207674026,216.33138298988342,216.15430510044098,218.49688959121704,216.76623266935349,217.18071842193604,216.084558904171,216.5933872461319,216.9198364019394,216.0216020345688,217.3252962231636
48,215.9433383345604,220.11205238103867,215.9433383345604,220.11205238103867,215.44306951761246,215.77315253019333,216.55052107572556,218.7755840420723,217.20086860656738,217.30634987354279,216.33678138256073,216.14901667833328,218.50037229061127,216.7512732744217,217.17520254850388,216.095676779747,216.59024119377136,216.92829102277756,216.02979254722595,217.30719006061554
49,215.94923478364944,220.10829573869705,215.94923478364944,220.10829573869705,215.43453377485275,215.78078174591064,216.5419843196869,218.77004712820053,217.18032664060593,217.29245519638062,216.34085541963577,216.14210534095764,218.50539702177048,216.7340052127838,217.1687035560608,216.11193346977234,216.58508771657944,216.93483293056488,216.03365290164948,217.28930646181107
50,215.95628315210342,220.1031402349472,215.95628315210342,220.1031402349472,215.425812125206,215.78958988189697,216.53191542625427,218.76406461000443,217.1606541275978,217.27819496393204,216.343100130558,216.13238829374313,218.51155942678452,216.71418017148972,217.16203325986862,216.133142888546,216.5788756608963,216.93858909606934,216.03253310918808,217.27201974391937
51,215.9639794230461,220.09700495004654,215.9639794230461,220.09700495004654,215.41593503952026,215.7995235323906,216.5209202170372,218.75760477781296,217.14279639720917,217.26326829195023,216.34347534179688,216.11886966228485,218.51834410429,216.69174748659134,217.15609174966812,216.15872532129288,216.57214838266373,216.9387927055359,216.02595800161362,217.25593107938766
52,215.97172856330872,220.09021919965744,215.97172856330872,220.09021919965744,215.4042727947235,215.81027579307556,216.5098573565483,218.75069761276245,217.12758082151413,217.2474137544632,216.34263211488724,216.10059374570847,218.52530163526535,216.66750860214233,217.15162920951843,216.18795603513718,216.56512343883514,216.93484258651733,216.0141566991806,217.24149399995804
53,215.97919863462448,220.08301067352295,215.97919863462448,220.08301067352295,215.39053159952164,215.8214870095253,216.49933618307114,218.74343121051788,217.1155014038086,217.23105537891388,216.34140342473984,216.07738119363785,218.53209137916565,216.6424806714058,217.1493440270424,216.21989101171494,216.5577465891838,216.92648261785507,215.99792087078094,217.22881424427032
54,215.98626172542572,220.0757800936699,215.98626172542572,220.0757800936699,215.37444937229156,215.83276599645615,216.48995184898376,218.73596495389938,217.10691958665848,217.21450769901276,216.34058445692062,216.04986757040024,218.53838968276978,216.61741572618484,217.14977371692657,216.25355380773544,216.55002295970917,216.91392940282822,215.97807037830353,217.21790724992752
55,215.99302732944489,220.06923085451126,215.99302732944489,220.06923085451126,215.35583704710007,215.84377735853195,216.48253148794174,218.72835010290146,217.10211789608002,217.19809299707413,216.34041780233383,216.0189949274063,218.54378873109818,216.59312319755554,217.15298920869827,216.28800719976425,216.54165893793106,216.89776128530502,215.9556051492691,217.20917755365372
56,215.99946385622025,220.0639054775238,215.99946385622025,220.0639054775238,215.33458507061005,215.8541024327278,216.4776154756546,218.72034412622452,217.1012163758278,217.18202829360962,216.3410884141922,215.98582565784454,218.54794216156006,216.5700952410698,217.15887290239334,216.3223643898964,216.532163977623,216.8788411617279,215.93148320913315,217.20267921686172
57,216.00537848472595,220.06010043621063,216.00537848472595,220.06010043621063,215.31101250648499,215.86360508203506,216.47545421123505,218.71149218082428,217.104052901268,217.1664873957634,216.34273672103882,215.951789021492,218.55081856250763,216.54861718416214,217.16673356294632,216.35581904649734,216.52077054977417,216.8580265045166,215.90667462348938,217.198679625988
58,216.0103269815445,220.05803281068802,216.0103269815445,220.05803281068802,215.2860882282257,215.87228947877884,216.47591173648834,218.70147955417633,217.11016005277634,217.15171843767166,216.34537589550018,215.9183778166771,218.55265206098557,216.52891993522644,217.17545920610428,216.3872715830803,216.50714737176895,216.83608812093735,215.88203287124634,217.1968533396721
59,216.01362699270248,220.05776226520538,216.01362699270248,220.05776226520538,215.26140064001083,215.88008630275726,216.47835111618042,218.68994480371475,217.11885899305344,217.1381640434265,216.34915614128113,215.88718754053116,218.55345118045807,216.51112860441208,217.1835784316063,216.41561233997345,216.49145632982254,216.81346410512924,215.85844540596008,217.196517765522
60,216.01487010717392,220.05913531780243,216.01487010717392,220.05913531780243,215.23886066675186,215.88678187131882,216.481576025486,218.67660135030746,217.12930619716644,217.12641435861588,216.35425513982773,215.85991138219833,218.5530858039856,216.49527090787888,217.1893845796585,216.43945741653442,216.47389179468155,216.79065722227097,215.8367989063263,217.1973597407341
61,216.0134727358818,220.06199342012405,216.0134727358818,220.06199342012405,215.22033190727234,215.89206051826477,216.48461645841599,218.66168957948685,217.1405392885208,217.11698859930038,216.3608759045601,215.8378200531006,218.55096584558487,216.4814777970314,217.19165819883347,216.45741307735443,216.454631626606,216.768090903759,215.81706774234772,217.19916439056396
62,216.009123980999,220.06599062681198,216.009123980999,220.06599062681198,215.20720601081848,215.89570224285126,216.48649168014526,218.6456406712532,217.15152257680893,217.11015152931213,216.36978125572205,215.82194364070892,218.54627257585526,216.470021545887,217.1898512840271,216.46833109855652,216.43428403139114,216.74603360891342,215.7994710803032,217.20196425914764
63,216.00156009197235,220.07072067260742,216.00156009197235,220.07072067260742,215.20046138763428,215.89738100767136,216.48632842302322,218.62871098518372,217.1612977385521,217.10642755031586,216.38166880607605,215.81318700313568,218.53809213638306,216.46099931001663,217.1839736700058,216.47102093696594,216.41367518901825,216.72476935386658,215.78472769260406,217.20595127344131
64,215.9906257390976,220.07583838701248,215.9906257390976,220.07583838701248,215.2005917429924,215.89686077833176,216.4835780262947,218.61112189292908,217.16916406154633,217.1064060330391,216.39712917804718,215.81239932775497,218.52583628892899,216.45445370674133,217.17435067892075,216.46499383449554,216.39333415031433,216.70430690050125,215.77301615476608,217.2112057209015
65,215.97654670476913,220.0809686779976,215.97654670476913,220.0809686779976,215.2075838446617,215.89386177062988,216.47844916582108,218.5932852625847,217.17453747987747,217.110658288002,216.41607862710953,215.81977826356888,218.5093424320221,216.45057946443558,217.16155153512955,216.45085501670837,216.37348234653473,216.684321641922,215.7641509771347,217.21788704395294
66,215.95978224277496,220.0856676697731,215.95978224277496,220.0856676697731,215.22098046541214,215.88783359527588,216.47152709960938,218.57570135593414,217.1769586801529,217.11954098939896,216.43722522258759,215.83473712205887,218.48906409740448,216.44944846630096,217.1462876200676,216.42906534671783,216.3536815047264,216.66435128450394,215.75778621435165,217.22597116231918
67,215.94070780277252,220.0893765091896,215.94070780277252,220.0893765091896,215.23981606960297,215.87889856100082,216.46365958452225,218.55883115530014,217.1762454509735,217.1327418088913,216.45904302597046,215.85636311769485,218.46566361188889,216.45123648643494,217.12937849760056,216.40073722600937,216.33303332328796,216.64395022392273,215.75315833091736,217.23487329483032
68,215.9195407629013,220.09168481826782,215.9195407629013,220.09168481826782,215.2626543045044,215.86807614564896,216.45584791898727,218.54314041137695,217.1726571917534,217.1497883796692,216.47982728481293,215.88327366113663,218.43999004364014,216.45577400922775,217.11182671785355,216.36728835105896,216.31069141626358,216.62263298034668,215.74885028600693,217.24384260177612
69,215.89650893211365,220.09226822853088,215.89650893211365,220.09226822853088,215.2876764535904,215.85581374168396,216.4489148259163,218.52902442216873,217.16648310422897,217.16995227336884,216.49768364429474,215.91379570960999,218.4130648970604,216.46251249313354,217.09464836120605,216.33053076267242,216.28565967082977,216.60017520189285,215.744014441967,217.25233471393585
70,215.87228029966354,220.09108769893646,215.87228029966354,220.09108769893646,215.3133487701416,215.8430091738701,216.44354689121246,218.51689511537552,217.15829747915268,217.19218409061432,216.5111037492752,215.94618666172028,218.38612288236618,216.47101587057114,217.07864028215408,216.29228049516678,216.25717324018478,216.57679289579391,215.73864430189133,217.25981903076172
71,215.84778594970703,220.08822864294052,215.84778594970703,220.08822864294052,215.3382443189621,215.83087307214737,216.44020527601242,218.50722044706345,217.14898258447647,217.21560144424438,216.5191244482994,215.97909331321716,218.3604360818863,216.48083359003067,217.06428050994873,216.2548143863678,216.22486716508865,216.55288535356522,215.73242193460464,217.26598858833313
72,215.82398581504822,220.0839107632637,215.82398581504822,220.0839107632637,215.36117708683014,215.82028651237488,216.4388027191162,218.5004564523697,217.13935339450836,217.23935317993164,216.52136141061783,216.0117071866989,218.337131857872,216.49160778522491,217.05184948444366,216.22026145458221,216.18910312652588,216.5286545753479,215.72522240877151,217.27085995674133
73,215.80135148763657,220.07856780290604,215.80135148763657,220.07856780290604,215.3811765909195,215.81194460391998,216.43878132104874,218.49678283929825,217.12986212968826,217.26262205839157,216.51801770925522,216.043918967247,218.31715124845505,216.50314170122147,217.04141509532928,216.19008058309555,216.15120720863342,216.50439655780792,215.71730214357376,217.27471202611923
74,215.77997797727585,220.07270067930222,215.77997797727585,220.07270067930222,215.39739906787872,215.80620694160461,216.43877989053726,218.49608504772186,217.1206050515175,217.28471583127975,216.50947266817093,216.07580840587616,218.30099695920944,216.51479041576385,217.03247171640396,216.16517865657806,216.112806558609,216.4803023338318,215.7089126110077,217.27749574184418
75,215.75931578874588,220.066743850708,215.75931578874588,220.066743850708,215.40913289785385,215.80274456739426,216.43709242343903,218.49804711341858,217.11175000667572,217.30499517917633,216.49625903367996,216.1073591709137,218.28865998983383,216.52574878931046,217.02438205480576,216.14594221115112,216.07581847906113,216.45642584562302,215.70004391670227,217.27915728092194
76,215.73844128847122,220.06078791618347,215.73844128847122,220.06078791618347,215.41579127311707,215.80076271295547,216.43202251195908,218.50204020738602,217.1034471988678,217.32255899906158,216.47876489162445,216.13836973905563,218.27982032299042,216.53514528274536,217.01650369167328,216.1324520111084,216.04235100746155,216.43263345956802,215.69104385375977,217.27988958358765
77,215.7165145277977,220.05441558361053,215.7165145277977,220.05441558361053,215.41672962903976,215.79921716451645,216.42224687337875,218.50740176439285,217.09571862220764,217.33635413646698,216.45717906951904,216.16891205310822,218.27397620677948,216.54162746667862,217.0082636475563,216.12422329187393,216.01391744613647,216.4086667895317,215.6824567914009,217.28004759550095
78,215.6928561925888,220.0471774339676,215.6928561925888,220.0471774339676,215.4118616580963,215.79714626073837,216.40715581178665,218.51348912715912,217.08862859010696,217.34528040885925,216.43205589056015,216.19870072603226,218.2704682946205,216.54400771856308,216.99913555383682,216.12030082941055,215.99116814136505,216.38447004556656,215.67474967241287,217.2794515490532
79,215.66723322868347,220.03890627622604,215.66723322868347,220.03890627622604,215.40153813362122,215.79356640577316,216.38732481002808,218.5198858976364,217.08231455087662,217.34838277101517,216.4041440486908,216.22737461328506,218.26853770017624,216.54180520772934,216.98865121603012,216.11971306800842,215.9741536974907,216.36015909910202,215.66807186603546,217.27765440940857
80,215.639870762825,220.02950286865234,215.639870762825,220.02950286865234,215.38608825206757,215.78780335187912,216.363132417202,218.5262629389763,217.07689362764359,217.34492582082748,216.374161362648,216.25427395105362,218.2674322128296,216.53468769788742,216.97640991210938,216.12128221988678,215.9624959230423,216.33608084917068,215.66216892004013,217.27420777082443
81,215.61149150133133,220.0188707113266,215.61149150133133,220.0188707113266,215.36614084243774,215.77964186668396,216.3360550403595,218.53225445747375,217.07246321439743,217.33460545539856,216.3426212668419,216.27857846021652,218.26640450954437,216.5225418806076,216.9618381857872,216.12347477674484,215.9551718235016,216.3130117058754,215.656662940979,217.26886361837387
82,215.58280724287033,220.00672233104706,215.58280724287033,220.00672233104706,215.3426873087883,215.76922887563705,216.30819356441498,218.53776514530182,217.06882578134537,217.31780952215195,216.3096917271614,216.29954713582993,218.26513493061066,216.50590246915817,216.94456535577774,216.12508714199066,215.95097249746323,216.29208487272263,215.65082371234894,217.2614824771881
83,215.55471724271774,219.99277579784393,215.55471724271774,219.99277579784393,215.3174262046814,215.75703901052475,216.2815801501274,218.54296123981476,217.0656617283821,217.29503005743027,216.27547961473465,216.31676203012466,218.26383823156357,216.48533415794373,216.92469412088394,216.1252607703209,215.94882053136826,216.27450621128082,215.6442085504532,217.25219333171844
84,215.52829867601395,219.97699809074402,215.52829867601395,219.97699809074402,215.2923807501793,215.74354296922684,216.25769537687302,218.54803693294525,217.06254243850708,217.267373919487,216.2401282787323,216.32949382066727,218.26283127069473,216.46133887767792,216.90285617113113,216.12281620502472,215.94779062271118,216.26169151067734,215.636485517025,217.24126154184341
85,215.5046638250351,219.96017450094223,215.5046638250351,219.96017450094223,215.26946640014648,215.72930991649628,216.2375031709671,218.55252087116241,217.05926102399826,217.23669707775116,216.20444762706757,216.33690005540848,218.26261687278748,216.43444806337357,216.87985759973526,216.11635982990265,215.94708395004272,216.25484383106232,215.62747192382812,217.22877901792526
86,215.48498213291168,219.94313144683838,215.48498213291168,219.94313144683838,215.2499783039093,215.71482908725739,216.22139143943787,218.55595266819,217.05556893348694,217.20473396778107,216.1694592833519,216.33831149339676,218.26340109109879,216.4053881764412,216.8567088842392,216.10480016469955,215.94622272253036,216.25482892990112,215.6169719696045,217.21394151449203
87,215.47006905078888,219.92664152383804,215.47006905078888,219.92664152383804,215.23447805643082,215.70031309127808,216.20971977710724,218.5585017800331,217.0511997938156,217.1721267104149,216.13640481233597,216.33338922262192,218.26477068662643,216.37539279460907,216.83422583341599,216.08749002218246,215.94520390033722,216.26188611984253,215.60500848293304,217.19676023721695
88,215.46001321077347,219.91139805316925,215.46001321077347,219.91139805316925,215.2229517698288,215.6855406165123,216.20276653766632,218.5606638789177,217.04631221294403,217.13892209529877,216.10616958141327,216.32239681482315,218.2656574845314,216.3457522392273,216.81309360265732,216.0641617178917,215.9437146782875,216.27553260326385,215.5913159251213,217.17767173051834
89,215.45435667037964,219.89785361289978,215.45435667037964,219.89785361289978,215.2146656513214,215.67001152038574,216.2003419995308,218.56284296512604,217.0410761833191,217.10521799325943,216.07992148399353,216.30614751577377,218.26499992609024,216.31786531209946,216.79369580745697,216.03471368551254,215.9406502842903,216.29443418979645,215.57555729150772,217.15776646137238
90,215.4526081085205,219.88632714748383,215.4526081085205,219.88632714748383,215.20864468812943,215.65269458293915,216.20176202058792,218.565338909626,217.03548580408096,217.07094156742096,216.05824571847916,216.28572398424149,218.26206976175308,216.29313200712204,216.77599334716797,215.99933367967606,215.93605172634125,216.3169247508049,215.55808210372925,217.13827615976334
91,215.45432949066162,219.87705391645432,215.45432949066162,219.87705391645432,215.2039738893509,215.63299071788788,216.2061231136322,218.56853729486465,217.02955877780914,217.0361666083336,216.0408564209938,216.2627396583557,218.25664311647415,216.2728652358055,216.75957983732224,215.95883643627167,215.93116450309753,216.34144788980484,215.5397693514824,217.12061136960983
92,215.45898753404617,219.87022560834885,215.45898753404617,219.87022560834885,215.19986325502396,215.61091256141663,216.21195948123932,218.57271528244019,217.02324587106705,217.0017158985138,216.02735459804535,216.238749563694,218.2491915822029,216.25822013616562,216.74384158849716,215.91480994224548,215.92730742692947,216.36642587184906,215.52181524038315,217.10589504241943
93,215.4661877155304,219.86581099033356,215.4661877155304,219.86581099033356,215.19614791870117,215.5872191786766,216.21805983781815,218.5780707001686,217.01664870977402,216.9687562584877,216.01729917526245,216.21502369642258,218.24049937725067,216.2492368221283,216.7278794646263,215.86902529001236,215.9261634349823,216.39033430814743,215.5053060054779,217.09454560279846
94,215.4753302335739,219.86366790533066,215.4753302335739,219.86366790533066,215.19264549016953,215.56292122602463,216.22405964136124,218.5847237110138,217.01004588603973,216.9383847117424,216.01066529750824,216.19246637821198,218.23123240470886,216.24560278654099,216.7107653617859,215.82319670915604,215.92972034215927,216.41192835569382,215.4913431406021,217.08686482906342
95,215.48585486412048,219.86352866888046,215.48585486412048,219.86352866888046,215.1891382932663,215.53957444429398,216.22979354858398,218.59286671876907,217.003861784935,216.91142612695694,216.00760525465012,216.17164373397827,218.22182190418243,216.24760484695435,216.69243621826172,215.77946943044662,215.94000828266144,216.42973178625107,215.48094046115875,217.08307307958603
96,215.49780017137527,219.86567455530167,215.49780017137527,219.86567455530167,215.1865854859352,215.51838076114655,216.23527711629868,218.60290718078613,216.99858283996582,216.88930934667587,216.0080162882805,216.1530675292015,218.21377420425415,216.25617015361786,216.67336642742157,215.7400842308998,215.9580329656601,216.44233292341232,215.47516906261444,217.0835611820221
97,215.51202309131622,219.87022668123245,215.51202309131622,219.87022668123245,215.18576210737228,215.5005966424942,216.241080224514,218.61535435914993,216.99516582489014,216.8739920258522,216.01123064756393,216.13700765371323,218.20898032188416,216.27244699001312,216.65461015701294,215.70658832788467,215.98468035459518,216.44980138540268,215.47472769021988,217.08874225616455
98,215.52960848808289,219.8770661354065,215.52960848808289,219.8770661354065,215.1889843940735,215.48807609081268,216.2491134405136,218.63046091794968,216.99429541826248,216.86722093820572,216.01719295978546,216.1243594288826,218.20973014831543,216.2965919971466,216.63671731948853,215.68016427755356,216.02004200220108,216.45284110307693,215.47990536689758,217.09901881217957
99,215.55194628238678,219.8863424062729,215.55194628238678,219.8863424062729,215.19884037971497,215.48367846012115,216.26189160346985,218.64847999811172,216.99700421094894,216.8699495792389,216.02617973089218,216.11638391017914,218.21705162525177,216.3283553123474,216.62057501077652,215.66134524345398,216.06436145305634,216.45292085409164,215.49097508192062,217.1143723130226
100,215.580011844635,219.8983428478241,215.580011844635,219.8983428478241,215.21737545728683,215.4900062084198,216.28139853477478,218.66971099376678,217.00501108169556,216.8833311200142,216.03954547643661,216.11495804786682,218.23184370994568,216.36738950014114,216.6083703637123,215.6507033109665,216.11742329597473,216.45279037952423,215.50843805074692,217.1353464126587
101,215.6148095726967,219.91331619024277,215.6148095726967,219.91331619024277,215.2459563612938,215.50863242149353,216.3089024424553,218.69462156295776,217.0199572443962,216.9083041548729,216.0589393377304,216.1217013001442,218.25480943918228,216.41363328695297,216.6017633676529,215.64907491207123,216.17913115024567,216.4556569457054,215.53308314085007,217.16271781921387
102,215.65752202272415,219.93127804994583,215.65752202272415,219.93127804994583,215.28504711389542,215.54013830423355,216.34627068042755,218.72315174341202,217.04358953237534,216.94499689340591,216.0855485200882,216.1368699669838,218.28650778532028,216.46702075004578,216.60268414020538,215.65814739465714,216.24906504154205,216.4643039703369,215.5652832388878,217.19730520248413
103,215.70962071418762,219.9519470334053,215.70962071418762,219.9519470334053,215.3342985510826,215.5851929783821,216.39454996585846,218.75497990846634,217.07748764753342,216.993299305439,216.1207910180092,216.16072338819504,218.3273248076439,216.52776110172272,216.61349028348923,215.67947041988373,216.32660764455795,216.48107075691223,215.60542583465576,217.24004435539246
104,215.77244102954865,219.97551369667053,215.77244102954865,219.97551369667053,215.39396488666534,215.64407223463058,216.4537172317505,218.79035556316376,217.1221423149109,217.05250757932663,216.16589903831482,216.19366747140884,218.37686157226562,216.59592080116272,216.6365920305252,215.7145118713379,216.41092652082443,216.50707811117172,215.6536900997162,217.2912918329239
105,215.84575855731964,220.00199431180954,215.84575855731964,220.00199431180954,215.46438312530518,215.7171464562416,216.52379703521729,218.82960230112076,217.17753851413727,217.12177765369415,216.2223414182663,216.2370565533638,218.43399620056152,216.67056757211685,216.6739017367363,215.76390898227692,216.50095772743225,216.54247325658798,215.7106478214264,217.3513702750206
106,215.92905420064926,220.03120863437653,215.92905420064926,220.03120863437653,215.5454535484314,215.80444067716599,216.6051810979843,218.87312185764313,217.24434661865234,217.20051735639572,216.2915586233139,216.29170882701874,218.49726158380508,216.75086849927902,216.72685474157333,215.82816225290298,216.59509807825089,216.58753907680511,215.77738791704178,217.42040103673935
107,216.0210434794426,220.06284594535828,216.0210434794426,220.06284594535828,215.63677257299423,215.90537613630295,216.69709199666977,218.9214410185814,217.32298362255096,217.28786128759384,216.37437933683395,216.3572942018509,218.56588232517242,216.83585065603256,216.7962794303894,215.90813106298447,216.69241243600845,216.6428771018982,215.8520548939705,217.498000562191
108,216.11948025226593,220.09684121608734,216.11948025226593,220.09684121608734,215.73746865987778,216.01868325471878,216.79805797338486,218.97476571798325,217.41265559196472,217.38263446092606,216.47079056501389,216.43250811100006,218.63917589187622,216.92477816343307,216.88101071119308,216.00437158346176,216.7921878695488,216.70905148983002,215.9304115176201,217.58361101150513
109,216.2211321592331,220.13266342878342,216.2211321592331,220.13266342878342,215.8465514779091,216.14248925447464,216.90593057870865,219.03285217285156,217.51177722215652,217.48366057872772,216.57906889915466,216.5155942440033,218.71638149023056,217.01662290096283,216.97920280694962,216.11605429649353,216.89401775598526,216.78614103794098,216.00975495576859,217.67629343271255
110,216.3222272992134,220.1695004105568,216.3222272992134,220.1695004105568,215.96153098344803,216.27401000261307,217.01822555065155,219.09517222642899,217.61721640825272,217.58950346708298,216.6964430809021,216.6044905781746,218.79644179344177,217.10933774709702,217.0879107117653,216.24120372533798,216.99745935201645,216.8731638789177,216.08873945474625,217.77458143234253
111,216.4189088344574,220.20610934495926,216.4189088344574,220.20610934495926,216.0783765912056,216.40963172912598,217.13164281845093,219.1605850458145,217.72430181503296,217.69823759794235,216.81904298067093,216.69645434617996,218.87788248062134,217.2006158232689,217.20241367816925,216.37647706270218,217.10140085220337,216.96747022867203,216.1663191318512,217.8761894106865
112,216.50738716125488,220.24128955602646,216.50738716125488,220.24128955602646,216.19240856170654,216.5448938012123,217.24221193790436,219.22740066051483,217.82858854532242,217.80667716264725,216.94273245334625,216.78834879398346,218.9588822722435,217.28885227441788,217.31798839569092,216.51695197820663,217.20353972911835,217.0656944513321,216.24127304553986,217.97765213251114
113,216.58478260040283,220.27436369657516,216.58478260040283,220.27436369657516,216.29956102371216,216.67578077316284,217.34576380252838,219.29354214668274,217.92561119794846,217.91093808412552,217.06340336799622,216.87660312652588,219.03708082437515,217.37184756994247,217.43118089437485,216.6569716334343,217.30072158575058,217.16344237327576,216.31151884794235,218.0748736858368
114,216.6482903957367,220.30402672290802,216.6482903957367,220.30402672290802,216.39693415164948,216.79796034097672,217.43808841705322,219.3562160730362,218.01122975349426,218.00668269395828,217.17642158269882,216.95671397447586,219.10976564884186,217.44718515872955,217.53794753551483,216.79125314950943,217.39004468917847,217.2562096118927,216.37451887130737,218.163569688797
115,216.69536364078522,220.328550696373,216.69536364078522,220.328550696373,216.48123437166214,216.9063373208046,217.51487654447556,219.41243040561676,218.08174121379852,218.08891779184341,217.2762218117714,217.02429175376892,219.1745218038559,217.5120068192482,217.63432550430298,216.9149724841118,217.46797996759415,217.34023535251617,216.4276478290558,218.23917943239212
116,216.7241489291191,220.34637147188187,216.7241489291191,220.34637147188187,216.54779595136642,216.99642610549927,217.57199889421463,219.45914435386658,218.1344349384308,218.15269136428833,217.35786765813828,217.07521051168442,219.22905933856964,217.56286269426346,217.71629357337952,217.0240981578827,217.53069633245468,217.41232991218567,216.4677786231041,218.29720216989517
117,216.7331513762474,220.35627740621567,216.7331513762474,220.35627740621567,216.59299290180206,217.06531882286072,217.60676270723343,219.4930695295334,218.1673413515091,218.19614571332932,217.41776323318481,217.10670387744904,219.27129036188126,217.5969738960266,217.78015440702438,217.11565512418747,217.57502800226212,217.46962827444077,216.49204498529434,218.3339524269104
118,216.72129553556442,220.35775727033615,216.72129553556442,220.35775727033615,216.61538976430893,217.11160498857498,217.61702394485474,219.51191675662994,218.17939341068268,218.21910172700882,217.45344948768616,217.11677980422974,219.29919058084488,217.61201226711273,217.82311898469925,217.18711787462234,217.59834623336792,217.50934529304504,216.49877959489822,218.34631615877151
119,216.68859428167343,220.35074496269226,216.68859428167343,220.35074496269226,216.61445033550262,217.13417208194733,217.60172200202942,219.5145822763443,218.17089611291885,218.221264898777,217.46372401714325,217.10475808382034,219.31074911355972,217.60544711351395,217.84275019168854,217.2369077205658,217.59818011522293,217.52922689914703,216.48754286766052,218.3325166106224
120,216.63619130849838,220.33540534973145,216.63619130849838,220.33540534973145,216.5905846953392,217.13236665725708,217.5619295835495,219.50058764219284,218.1429009437561,218.2020263671875,217.44900077581406,217.07121759653091,219.30470407009125,217.57538801431656,217.83812576532364,217.2643592953682,217.57433581352234,217.5280584692955,216.4587106704712,218.29322946071625
121,216.5659481883049,220.31242775917053,216.5659481883049,220.31242775917053,216.54543060064316,217.10604977607727,217.49988317489624,219.46986079216003,218.09631884098053,218.16160595417023,217.4104483127594,217.01786243915558,219.28134953975677,217.5210821032524,217.80981320142746,217.26935070753098,217.52780824899673,217.5057042837143,216.4133021235466,218.22994583845139
122,216.4798847436905,220.28299468755722,216.4798847436905,220.28299468755722,216.4807943701744,217.0559203028679,217.41869521141052,219.4234620332718,218.03262197971344,218.1012777686119,217.34940886497498,216.94622671604156,219.2413238286972,217.4429715871811,217.7597125172615,217.2523701786995,217.46012580394745,217.4628682732582,216.35292369127274,218.14467650651932
123,216.38016027212143,220.2486377954483,216.38016027212143,220.2486377954483,216.39869022369385,216.9832128882408,217.3221109509468,219.36333739757538,217.95366376638412,218.02275329828262,217.26830959320068,216.85805243253708,219.18644505739212,217.3428993821144,217.69004893302917,217.2140070796013,217.3735454082489,217.40102273225784,216.2798286676407,218.04003870487213
124,216.26902878284454,220.21047657728195,216.26902878284454,220.21047657728195,216.3012976050377,216.88985413312912,217.21376836299896,219.29200226068497,217.86176204681396,217.92933058738708,217.17047226428986,216.7560574412346,219.1189842224121,217.2238802909851,217.60414904356003,217.1559056043625,217.27131694555283,217.32265239953995,216.1958174109459,217.91903126239777
125,216.14897680282593,220.16888791322708,216.14897680282593,220.16888791322708,216.19047969579697,216.77774918079376,217.09734922647476,219.2118479013443,217.7596384882927,217.82504218816757,217.05937868356705,216.6437908411026,219.0412276983261,217.08943897485733,217.50531709194183,217.0797877907753,217.15726399421692,217.23068940639496,216.10298264026642,217.78538900613785
126,216.023408472538,220.1243600845337,216.023408472538,220.1243600845337,216.06823539733887,216.649188041687,216.97608000040054,219.12550115585327,217.65042978525162,217.7144285440445,216.9393168091774,216.52446901798248,218.95535403490067,216.94442480802536,217.39595329761505,216.98728942871094,217.03461337089539,217.12860214710236,216.00421077013016,217.64358967542648
127,215.89638590812683,220.07768547534943,215.89638590812683,220.07768547534943,215.93735545873642,216.50724345445633,216.8519093990326,219.03529971837997,217.53705036640167,217.60222500562668,216.81389659643173,216.4011225104332,218.86408323049545,216.7942010164261,217.2788832783699,216.8815260529518,216.90660613775253,217.0204312801361,215.90255284309387,217.4982380270958
128,215.77239018678665,220.02980363368988,215.77239018678665,220.02980363368988,215.80097556114197,216.35548961162567,216.72649550437927,218.9430375099182,217.4220118522644,217.4926654100418,216.68518620729446,216.2761927843094,218.7698431611061,216.64416766166687,217.1578768491745,216.76649194955826,216.77601677179337,216.90999203920364,215.80121451616287,217.35415345430374
129,215.65574181079865,219.98167318105698,215.65574181079865,219.98167318105698,215.66216450929642,216.1977082490921,216.60219550132751,218.85072261095047,217.3075345158577,217.3892028927803,216.55575025081635,216.1515526175499,218.67490899562836,216.49919974803925,217.03652781248093,216.64646703004837,216.64550334215164,216.80014103651047,215.7034758925438,217.21547043323517
130,215.5505312681198,219.9343425631523,215.5505312681198,219.9343425631523,215.52513539791107,216.03785645961761,216.4813151359558,218.7599248290062,217.19579285383224,217.29442328214645,216.42932498455048,216.0292375087738,218.5809661746025,216.3636475801468,216.9175968170166,216.52619063854218,216.5183213353157,216.6932190656662,215.61215019226074,217.0855124592781
131,215.45863729715347,219.88839894533157,215.45863729715347,219.88839894533157,215.39398527145386,215.8796797990799,216.36497390270233,218.67115461826324,217.08858853578568,217.20984268188477,216.30960434675217,215.91103219985962,218.48898553848267,216.24114161729813,216.8037496805191,216.4096199274063,216.39799243211746,216.59070867300034,215.5292843580246,216.96714806556702
132,215.38063794374466,219.844112098217,215.38063794374466,219.844112098217,215.27216863632202,215.72689819335938,216.2536017894745,218.58547741174698,216.98688101768494,217.13583958148956,216.19975990056992,215.79850721359253,218.39998549222946,216.13480472564697,216.69782561063766,216.30010306835175,216.28711968660355,216.49290078878403,215.4558166861534,216.86252564191818
133,215.31596451997757,219.8015466928482,215.31596451997757,219.8015466928482,215.16266018152237,215.58270996809006,216.14713162183762,218.50454872846603,216.89112758636475,217.0719341635704,216.1008344888687,215.69331377744675,218.31480592489243,216.04672473669052,216.60215151309967,216.20033037662506,216.18753784894943,216.39941102266312,215.39174616336823,216.77247035503387
134,215.26344680786133,219.7602944970131,215.26344680786133,219.7602944970131,215.06711798906326,215.44908905029297,216.0455460548401,218.42922043800354,216.80227357149124,217.01620531082153,216.01235032081604,215.59665870666504,218.2342945933342,215.97721469402313,216.51854866743088,216.11258327960968,216.10085570812225,216.30973798036575,215.33615547418594,216.69661158323288
135,215.2223390340805,219.71973371505737,215.2223390340805,219.71973371505737,214.9860618710518,215.32671743631363,215.9490128159523,218.35963428020477,216.7211912870407,216.9671979546547,215.93310713768005,215.50874239206314,218.15966701507568,215.9261897802353,216.44752877950668,216.03836649656296,216.02881562709808,216.22334522008896,215.2871562242508,216.6337782740593
136,215.19168257713318,219.6793497800827,215.19168257713318,219.6793497800827,214.9193513393402,215.2159075140953,215.85787522792816,218.29577785730362,216.6488943696022,216.9238514304161,215.8610783815384,215.43007320165634,218.09206420183182,215.89232850074768,216.3883239030838,215.97864562273026,215.97186195850372,216.14031964540482,215.243386387825,216.58293956518173
137,215.16989690065384,219.6389582157135,215.16989690065384,219.6389582157135,214.86567103862762,215.1174420118332,215.7732548713684,218.23759537935257,216.58625102043152,216.88574355840683,215.79557532072067,215.36104375123978,218.03199583292007,215.87280011177063,216.33944034576416,215.9332348704338,215.92942798137665,216.06231611967087,215.20430743694305,216.54325395822525
138,215.15496814250946,219.59863317012787,215.15496814250946,219.59863317012787,214.82274144887924,215.0326276421547,215.69615644216537,218.18538558483124,216.5343754887581,216.85251635313034,215.73696094751358,215.30113780498505,217.97861313819885,215.86412328481674,216.2995508313179,215.9004499912262,215.900006711483,215.9907564520836,215.17013216018677,216.51361852884293
139,215.14551961421967,219.5588681101799,215.14551961421967,219.5588681101799,214.7890903353691,214.96274799108505,215.6280347108841,218.13952296972275,216.494393825531,216.82368898391724,215.68584018945694,215.2501814365387,217.9305301308632,215.86255085468292,216.26794743537903,215.87829959392548,215.8814396262169,215.92653012275696,215.1408863067627,216.49319154024124
140,215.14082938432693,219.52042800188065,215.14082938432693,219.52042800188065,214.7631852030754,214.9085669517517,215.57010334730148,218.09960573911667,216.46733486652374,216.79942393302917,215.6433134675026,215.20784479379654,217.88694328069687,215.8646577000618,216.24403202533722,215.86464887857437,215.87196785211563,215.87078368663788,215.11645966768265,216.4813581109047
141,215.14062279462814,219.48420882225037,215.14062279462814,219.48420882225037,214.7430522441864,214.8704071044922,215.52323430776596,218.06578928232193,216.4547016620636,216.78013372421265,215.61013478040695,215.17352479696274,217.8476797938347,215.86743944883347,216.22660183906555,215.85622596740723,215.868687748909,215.82445365190506,215.09774899482727,216.4779920578003
142,215.14536499977112,219.45063638687134,215.14536499977112,219.45063638687134,214.7266401052475,214.84754079580307,215.48796010017395,218.0383384823799,216.45776504278183,216.76653337478638,215.58622068166733,215.14726412296295,217.81231516599655,215.86849200725555,216.21370762586594,215.8508238196373,215.86777359247208,215.7879872918129,215.08583962917328,216.482559800148
143,215.15592271089554,219.41982060670853,215.15592271089554,219.41982060670853,214.71229046583176,214.83863669633865,215.46375179290771,218.01681035757065,216.47669333219528,216.7590390443802,215.57063055038452,215.13022023439407,217.78072464466095,215.86629438400269,216.20406991243362,215.8469352722168,215.86626636981964,215.76177722215652,215.0808539390564,216.49435132741928
144,215.17291295528412,219.3916883468628,215.17291295528412,219.3916883468628,214.69821107387543,214.84184020757675,215.44948023557663,218.0008847117424,216.51091820001602,216.75802677869797,215.56150776147842,215.12350714206696,217.75378960371017,215.8604101538658,216.1965873837471,215.84331196546555,215.8612317442894,215.74594724178314,215.08238857984543,216.5116817355156
145,215.19633239507675,219.3663069009781,215.19633239507675,219.3663069009781,214.68361139297485,214.85483598709106,215.44363677501678,217.98977887630463,216.5598578453064,216.76393377780914,215.55830025672913,215.1275812983513,217.73251730203629,215.85134726762772,216.1901335120201,215.83885049819946,215.85249036550522,215.74053347110748,215.09005516767502,216.53243696689606
146,215.22559571266174,219.3435841202736,215.22559571266174,219.3435841202736,214.66792976856232,214.87554347515106,215.44432145357132,217.98294562101364,216.6230053305626,216.77676337957382,215.5613876581192,215.14215338230133,217.7181235551834,215.84005427360535,216.1836878657341,215.83161163330078,215.8414152264595,215.7465387582779,215.10330706834793,216.5543897151947
147,215.26030045747757,219.3237292766571,215.26030045747757,219.3237292766571,214.65031725168228,214.90255826711655,215.44960272312164,217.9796913266182,216.69926941394806,216.79536563158035,215.57078939676285,215.1671215891838,217.71149063110352,215.8274792432785,216.17654711008072,215.82099294662476,215.82956808805466,215.7651715874672,215.12177342176437,216.57649499177933
148,215.2994817495346,219.3068169951439,215.2994817495346,219.3068169951439,214.6315456032753,214.9349970817566,215.45733070373535,217.97889685630798,216.7866576910019,216.81871622800827,215.58636331558228,215.20172429084778,217.71373981237411,215.81539756059647,216.16857481002808,215.80664813518524,215.81891757249832,215.7971151471138,215.14445400238037,216.59930217266083
149,215.3417605161667,219.29259967803955,215.3417605161667,219.29259967803955,214.61228239536285,214.97176784276962,215.46516972780228,217.98028475046158,216.88253831863403,216.8454793691635,215.60728520154953,215.24396169185638,217.7256052494049,215.80554711818695,216.16098296642303,215.78927505016327,215.8110179901123,215.84133350849152,215.170061647892,216.62300634384155
150,215.38525635004044,219.28091305494308,215.38525635004044,219.28091305494308,214.59216797351837,215.01203709840775,215.47198677062988,217.9837091565132,216.9836500287056,216.87460082769394,215.6323133111,215.2919318675995,217.74739575386047,215.79952383041382,216.15479445457458,215.77037054300308,215.80723094940186,215.89571768045425,215.19741410017014,216.64756017923355
151,215.4282764196396,219.27152562141418,215.4282764196396,219.27152562141418,214.57080626487732,215.05549746751785,215.4770599603653,217.98919129371643,217.08643925189972,216.90577644109726,215.66076558828354,215.34401386976242,217.7789242863655,215.79895985126495,216.15150320529938,215.75157117843628,215.8080494403839,215.95658814907074,215.2251405119896,216.67355114221573
152,215.46952384710312,219.2640604376793,215.46952384710312,219.2640604376793,214.54839956760406,215.10234755277634,215.48037707805634,217.99703919887543,217.18726950883865,216.93833482265472,215.69212073087692,215.39855366945267,217.8185858130455,215.8047131896019,216.15203499794006,215.7350332736969,215.8137212395668,216.02060681581497,215.25240743160248,216.7015901207924
153,215.50860625505447,219.25938069820404,215.50860625505447,219.25938069820404,214.52568143606186,215.15237420797348,215.4832272529602,218.00786155462265,217.28263294696808,216.97158592939377,215.7260618209839,215.45287948846817,217.86523973941803,215.81742280721664,216.15547412633896,215.72337156534195,215.82337522506714,216.08334571123123,215.2796003818512,216.73222172260284
154,215.54588681459427,219.25885051488876,215.54588681459427,219.25885051488876,214.50257670879364,215.20580434799194,215.48770529031754,218.0216747522354,217.370461165905,217.00504356622696,215.7621894478798,215.50668758153915,217.9179124236107,215.83770793676376,216.1591477394104,215.7182782292366,215.83521670103073,216.14141964912415,215.30792438983917,216.76487338542938
155,215.58136653900146,219.26376324892044,215.58136653900146,219.26376324892044,214.479909658432,215.26358366012573,215.4960434436798,218.03854709863663,217.44881337881088,217.03815180063248,215.80043548345566,215.56061255931854,217.97501105070114,215.8649199604988,216.1597027182579,215.7197904586792,215.84709978103638,216.19252157211304,215.33835196495056,216.7988675236702
156,215.61465269327164,219.27476876974106,215.61465269327164,219.27476876974106,214.45808160305023,215.3263041973114,215.5097794532776,218.05867558717728,217.51604425907135,217.07003718614578,215.83976620435715,215.61546379327774,218.03510689735413,215.89830255508423,216.1554960012436,215.72700238227844,215.85763067007065,216.23414134979248,215.37141358852386,216.8336324095726
157,215.64568567276,219.29166954755783,215.64568567276,219.29166954755783,214.43767535686493,215.39451372623444,215.52954232692719,218.08158934116364,217.5706272125244,217.09941583871841,215.87847965955734,215.6719953417778,218.096677839756,215.93688648939133,216.14551401138306,215.73759949207306,215.86638629436493,216.2648447751999,215.40511739253998,216.8683170080185
158,215.67461675405502,219.31456154584885,215.67461675405502,219.31456154584885,214.41866332292557,215.46851044893265,215.55653232336044,218.10668683052063,217.6107006072998,217.12545347213745,215.91406136751175,215.72848922014236,218.15859806537628,215.97944223880768,216.12933921813965,215.74932265281677,215.87408554553986,216.28410536050797,215.4347220659256,216.90193700790405
159,215.70124584436417,219.34408622980118,215.70124584436417,219.34408622980118,214.40172761678696,215.5478789806366,215.59133660793304,218.132941365242,217.63414657115936,217.14786344766617,215.94335961341858,215.7830251455307,218.21936255693436,216.0250399708748,216.10714679956436,215.76026594638824,215.88184189796448,216.2916141152382,215.45603495836258,216.9322874546051
160,215.7261648774147,219.38056379556656,215.7261648774147,219.38056379556656,214.3878691792488,215.63108599185944,215.6335499882698,218.1590126156807,217.63966190814972,217.1668164730072,215.9654244184494,215.83353114128113,218.27865904569626,216.0731171965599,216.08037358522415,215.76844722032547,215.89120131731033,216.28755259513855,215.46520268917084,216.95709097385406
161,215.74961113929749,219.42351573705673,215.74961113929749,219.42351573705673,214.3780142068863,215.71654856204987,215.68122297525406,218.18336004018784,217.62760192155838,217.18280744552612,215.9788032770157,215.8764744400978,218.3354086279869,216.12244206666946,216.05179113149643,215.7723536491394,215.90390574932098,216.2728432416916,215.46066999435425,216.97492879629135
162,215.7724165916443,219.47266501188278,215.7724165916443,219.47266501188278,214.3723890185356,215.80095106363297,215.73201167583466,218.20423811674118,217.5991330742836,217.1963620185852,215.98292070627213,215.90972119569778,218.38849872350693,216.17235219478607,216.0245117545128,215.77173936367035,215.92146384716034,216.2500175833702,215.44355767965317,216.98475486040115
163,215.79515373706818,219.5261579155922,215.79515373706818,219.5261579155922,214.3715262413025,215.88018119335175,215.78270852565765,218.2210077047348,217.55667859315872,217.20846784114838,215.97860896587372,215.9318152666092,218.43877172470093,216.22157263755798,216.00188618898392,215.76864051818848,215.94382238388062,216.22247272729874,215.41743564605713,216.98540782928467
164,215.8187198638916,219.58205926418304,215.8187198638916,219.58205926418304,214.37580633163452,215.95158749818802,215.8305674791336,218.23431354761124,217.5032735466957,217.2193005681038,215.96841317415237,215.9419515132904,218.48712706565857,216.26756608486176,215.98611450195312,215.76517564058304,215.97095131874084,216.19364935159683,215.3854032754898,216.97744822502136
165,215.84425449371338,219.63940727710724,215.84425449371338,219.63940727710724,214.38585233688354,216.01452964544296,215.87323290109634,218.2447509765625,217.44193464517593,217.22930574417114,215.95644468069077,215.93980062007904,218.5335500240326,216.30938333272934,215.97887325286865,215.7630097270012,216.0031350851059,216.16800582408905,215.35149294137955,216.96370965242386
166,215.87080484628677,219.69669836759567,215.87080484628677,219.69669836759567,214.4008697271347,216.06930565834045,215.90854328870773,218.2544292807579,217.3765287399292,217.23750472068787,215.9458745121956,215.9255968928337,218.57810723781586,216.34653890132904,215.9810453057289,215.7634088397026,216.04053193330765,216.14879113435745,215.31984835863113,216.9501093029976
167,215.89785373210907,219.75145137310028,215.89785373210907,219.75145137310028,214.42148995399475,216.11690455675125,215.93640810251236,218.2649222612381,217.3113631606102,217.2422389984131,215.93906903266907,215.9030202627182,218.6202620267868,216.37985855340958,215.99303930997849,215.7671578526497,216.08333379030228,216.13874036073685,215.29378825426102,216.94159615039825
168,215.92651826143265,219.8026226758957,215.92651826143265,219.8026226758957,214.44868975877762,216.15795654058456,215.9585634469986,218.27781754732132,217.2510170340538,217.24231576919556,215.93816900253296,215.8751875758171,218.65955692529678,216.41158819198608,216.01470577716827,215.77562022209167,216.13158851861954,216.13954722881317,215.27695310115814,216.94011092185974
169,215.95624029636383,219.849303483963,215.95624029636383,219.849303483963,214.4828855395317,216.19221645593643,215.9803260564804,218.29459697008133,217.199793279171,217.23743504285812,215.94400990009308,215.84678971767426,218.69560253620148,216.44302386045456,216.04561930894852,215.79123920202255,216.18558818101883,216.15312284231186,215.2719155550003,216.94620776176453
170,215.9866225719452,219.89168447256088,215.9866225719452,219.89168447256088,214.5238134264946,216.21920782327652,216.00590187311172,218.31544667482376,217.16093295812607,217.22824788093567,215.95647072792053,215.8211486339569,218.7278151512146,216.47473287582397,216.08495658636093,215.81645810604095,216.24485862255096,216.17910903692245,215.27950358390808,216.9583179950714
171,216.01599329710007,219.9301250576973,216.01599329710007,219.9301250576973,214.5727515220642,216.24084359407425,216.03835505247116,218.3400165438652,217.1370701789856,217.2169131040573,215.9768791794777,215.802636384964,218.75459975004196,216.50792807340622,216.13224214315414,215.85387063026428,216.30852854251862,216.2179118990898,215.30051743984222,216.97715920209885
172,216.0425865650177,219.96434146165848,216.0425865650177,219.96434146165848,214.6295610666275,216.258735537529,216.078928232193,218.36833930015564,217.13100588321686,217.20419788360596,216.0078204870224,215.79358476400375,218.7741528749466,216.54266875982285,216.1851865053177,215.9050304889679,216.37538123130798,216.2689471244812,215.33267438411713,217.00478971004486
173,216.0649744272232,219.99407559633255,216.0649744272232,219.99407559633255,214.69389843940735,216.27344423532486,216.12914544343948,218.40069246292114,217.14410001039505,217.19185191392899,216.0507554411888,215.79391956329346,218.7847282886505,216.58013427257538,216.24395847320557,215.96859115362167,216.44432878494263,216.33218002319336,215.37654381990433,217.04296976327896
174,216.08224546909332,220.01931357383728,216.08224546909332,220.01931357383728,214.76385462284088,216.28525745868683,216.19119811058044,218.4372729063034,217.17795103788376,217.18167465925217,216.10790997743607,215.80404770374298,218.78555297851562,216.62185144424438,216.30887812376022,216.04101485013962,216.51408290863037,216.40629237890244,215.43125742673874,217.09300231933594
175,216.09446221590042,220.0402363538742,216.09446221590042,220.0402363538742,214.83757549524307,216.29524064064026,216.26545357704163,218.47722762823105,217.2331219315529,217.173894405365,216.18202859163284,215.82460361719131,218.77813982963562,216.66890513896942,216.38070398569107,216.11804670095444,216.58253294229507,216.48957246541977,215.4939448237419,217.1550334095955
176,216.10307157039642,220.0559151172638,216.10307157039642,220.0559151172638,214.91310799121857,216.30499362945557,216.35016417503357,218.51951837539673,217.3105030655861,217.16802978515625,216.2758168578148,215.85388469696045,218.76537585258484,216.72154074907303,216.45835214853287,216.19527930021286,216.64825481176376,216.58075565099716,215.56042796373367,217.22714012861252
177,216.10696882009506,220.06588649749756,216.10696882009506,220.06588649749756,214.98670428991318,216.31629067659378,216.44431126117706,218.56303560733795,217.40860158205032,217.1641744375229,216.3901451230049,215.89320141077042,218.75303727388382,216.77783006429672,216.54071390628815,216.27084839344025,216.71118503808975,216.67716944217682,215.62842494249344,217.30646735429764
178,216.10484009981155,220.07011145353317,216.10484009981155,220.07011145353317,215.05520343780518,216.3320534825325,216.5460245013237,218.60634928941727,217.52464228868484,217.16342425346375,216.52561831474304,215.9427120089531,218.74483948946,216.8351172208786,216.6266474723816,216.3421415090561,216.7710706591606,216.7767332792282,215.69435340166092,217.38885748386383
179,216.097263276577,220.0690952539444,216.097263276577,220.0690952539444,215.11585253477097,216.35325402021408,216.65170896053314,218.64765924215317,217.65460485219955,217.16751497983932,216.6820341348648,216.0011167526245,218.74311125278473,216.8901525735855,216.71379512548447,216.4078887104988,216.82908993959427,216.88020610809326,215.75401139259338,217.47053515911102
180,216.0841702222824,220.06510764360428,216.0841702222824,220.06510764360428,215.16631466150284,216.3829312324524,216.76118576526642,218.6859871149063,217.79446256160736,217.1794039607048,216.85717678070068,216.06668484210968,218.74917179346085,216.9397149682045,216.7975081205368,216.46603125333786,216.88468247652054,216.98723870515823,215.80531650781631,217.5490711927414
