shift,pair_00,pair_01,pair_02,pair_03,pair_04,pair_05,pair_06,pair_07,pair_08,pair_09,pair_10,pair_11,pair_12,pair_13,pair_14
-180,216.3304427266121,217.39588660001755,218.626320540905,218.75201773643494,216.5706244111061,216.43208158016205,217.49581491947174,216.11831897497177,217.90378922224045,218.6455815434456,215.78365921974182,217.32855433225632,217.78659147024155,216.04509955644608,216.5558397769928
-179,216.21522909402847,217.3170679807663,218.5740494132042,218.68850147724152,216.5344894528389,216.3144469857216,217.46359711885452,216.02343541383743,217.87310951948166,218.53062522411346,215.73697447776794,217.298983335495,217.70810687541962,215.94308894872665,216.45863008499146
-178,216.10492330789566,217.24807035923004,218.52693670988083,218.62537848949432,216.50511407852173,216.19207853078842,217.44155246019363,215.93709594011307,217.84151524305344,218.4242438673973,215.68326145410538,217.26877361536026,217.62631458044052,215.8397628068924,216.35471856594086
-177,216.00064897537231,217.18602645397186,218.48547315597534,218.56312960386276,216.48025506734848,216.06581288576126,217.4294936656952,215.8595750927925,217.80923050642014,218.32727205753326,215.6225478053093,217.24258345365524,217.54590505361557,215.73723262548447,216.24864614009857
-176,215.90302163362503,217.12787514925003,218.45036828517914,218.50055348873138,216.46089470386505,215.93842667341232,217.4273869395256,215.78973561525345,217.77575087547302,218.24096220731735,215.55410677194595,217.22368669509888,217.4710659980774,215.63871961832047,216.14606940746307
-175,215.81358796358109,217.0706571340561,218.4228339791298,218.43790405988693,216.4468885064125,215.81274491548538,217.43428260087967,215.72585809230804,217.74093693494797,218.16656213998795,215.47873884439468,217.21504718065262,217.40516471862793,215.5455937385559,216.0493199825287
-174,215.73333340883255,217.01310813426971,218.40223675966263,218.37460732460022,216.43768483400345,215.69281268119812,217.44928151369095,215.66637140512466,217.70411479473114,218.10325008630753,215.39907890558243,217.2157722711563,217.34954541921616,215.45897936820984,215.96053820848465
-173,215.66464740037918,216.956234395504,218.3869944214821,218.3113158941269,216.43066757917404,215.5834043622017,217.47151505947113,215.6112065911293,217.66345524787903,218.05027043819427,215.3181438446045,217.22296702861786,217.30414271354675,215.3793853521347,215.8794268965721
-172,215.60902673006058,216.89960730075836,218.3745957016945,218.24914407730103,216.42543178796768,215.4888721704483,217.4998961687088,215.5614568591118,217.61887925863266,218.0055911540985,215.2386006116867,217.23458552360535,217.26801544427872,215.3064557313919,215.80600702762604
-171,215.56697458028793,216.8419470191002,218.36334657669067,218.19008874893188,216.42046701908112,215.41205537319183,217.53260779380798,215.51846158504486,217.57094782590866,217.96617758274078,215.16061401367188,217.24912923574448,217.24030381441116,215.24238431453705,215.740851521492
-170,215.5397893190384,216.78376299142838,218.35171711444855,218.13490742444992,216.41537708044052,215.3549377322197,217.56924080848694,215.48368793725967,217.52001398801804,217.92987310886383,215.08490693569183,217.2646780014038,217.21871399879456,215.18979626893997,215.68518435955048
-169,215.52752315998077,216.72482937574387,218.33878135681152,218.08558386564255,216.41027051210403,215.31780487298965,217.60820960998535,215.45839720964432,217.4674106836319,217.894457757473,215.01282447576523,217.27869153022766,217.19949120283127,215.14929735660553,215.6403700709343
-168,215.53010940551758,216.66504782438278,218.32491105794907,218.04595518112183,216.40436857938766,215.29955744743347,217.64898818731308,215.44321924448013,217.4144943356514,217.85817831754684,214.9444488286972,217.28721445798874,217.18003857135773,215.12005096673965,215.60742449760437
-167,215.54764419794083,216.60405886173248,218.3105982542038,218.0177184343338,216.3966081738472,215.29598039388657,217.69094264507294,215.4380343556404,217.36508506536484,217.82013261318207,214.88115441799164,217.28843289613724,217.15756112337112,215.10004687309265,215.58685863018036
-166,215.5782499909401,216.54261577129364,218.295212328434,218.0019434094429,216.38567167520523,215.30170321464539,217.73323822021484,215.44313830137253,217.3215258717537,217.77988994121552,214.82324010133743,217.2816703915596,217.12959492206573,215.08744925260544,215.57863503694534
-165,215.6196784377098,216.48156189918518,218.27863866090775,217.99720585346222,216.37021702528,215.31217068433762,217.77415645122528,215.45791774988174,217.28657937049866,217.73626321554184,214.77131861448288,217.26705712080002,217.09485465288162,215.07909405231476,215.58171701431274
-164,215.66928029060364,216.42233061790466,218.26071578264236,218.00089091062546,216.34810930490494,215.32265877723694,217.80978167057037,215.48130309581757,217.2618401646614,217.68967247009277,214.72401469945908,217.244078874588,217.05196219682693,215.0739285349846,215.59421056509018
-163,215.7244183421135,216.36636227369308,218.24092066287994,218.01074343919754,216.31728619337082,215.32948809862137,217.8381289243698,215.51069903373718,217.24645322561264,217.64166551828384,214.68037909269333,217.21269088983536,217.0004447698593,215.07094502449036,215.61410295963287
-162,215.78133833408356,216.3134679198265,218.22036182880402,218.0254506468773,216.27830106019974,215.33029639720917,217.857750415802,215.54540461301804,217.2401602268219,217.59323298931122,214.63942444324493,217.1726349592209,216.9408186674118,215.06850403547287,215.63980013132095
-161,215.83710181713104,216.26288038492203,218.19956386089325,218.04468148946762,216.23184895515442,215.32254844903946,217.86780035495758,215.58382815122604,217.2435823082924,217.545669734478,214.60063993930817,217.12435895204544,216.87518548965454,215.0653692483902,215.66937482357025
-160,215.88977348804474,216.21312433481216,218.17974203824997,218.0674872994423,216.17937237024307,215.30454450845718,217.86732572317123,215.62289029359818,217.25703209638596,217.5007216334343,214.56472033262253,217.0685357451439,216.80636990070343,215.06251907348633,215.70040917396545
-159,215.9377916455269,216.1628229022026,218.16293436288834,218.09168481826782,216.1207030415535,215.27595031261444,217.85592913627625,215.66044759750366,217.2802887558937,217.46019798517227,214.533272087574,217.00686275959015,216.73686057329178,215.0613420009613,215.73142659664154
-158,215.98094815015793,216.1150605082512,218.15109533071518,218.11494183540344,216.05632078647614,215.23753356933594,217.83470803499222,215.69383281469345,217.3131610751152,217.42589020729065,214.50754290819168,216.9413486123085,216.67003166675568,215.06311810016632,215.76008933782578
-157,216.01983273029327,216.07534950971603,218.14628195762634,218.13534116744995,215.9887796640396,215.19104880094528,217.8052580356598,215.72090631723404,217.35500741004944,217.3998445868492,214.48771131038666,216.87509036064148,216.6094872355461,215.06890320777893,215.7846119403839
-156,216.05475330352783,216.04528385400772,218.14903807640076,218.15021133422852,215.9204454421997,215.1386640071869,217.76969403028488,215.74048113822937,217.40414834022522,217.3839167356491,214.47434335947037,216.81083005666733,216.558453977108,215.07870644330978,215.8032866716385
-155,216.08562219142914,216.02271854877472,218.15889048576355,218.15768384933472,215.8535439968109,215.08341699838638,217.73040181398392,215.7530142068863,217.45773762464523,217.37871778011322,214.4675953388214,216.75100481510162,216.51956045627594,215.09268128871918,215.8145923614502
-154,216.11201351881027,216.0060751438141,218.1750723719597,218.1566727757454,215.7899239063263,215.02750420570374,217.68892860412598,215.75919246673584,217.51376259326935,217.3837879896164,214.46805435419083,216.69663667678833,216.49575293064117,215.11144012212753,215.81677377223969
-153,216.13348430395126,215.9946585893631,218.1965453028679,218.14697390794754,215.73111349344254,214.97321552038193,217.64629197120667,215.76039052009583,217.57063496112823,217.3981214761734,214.47523492574692,216.64877152442932,216.4892749786377,215.1344992518425,215.80881941318512
-152,216.14960372447968,215.98815006017685,218.2221730351448,218.12931555509567,215.67858457565308,214.9225499033928,217.60356611013412,215.75784575939178,217.62659567594528,217.42026847600937,214.48853820562363,216.60680997371674,216.50055289268494,215.1615208387375,215.79130083322525
-151,216.16028332710266,215.98566275835037,218.2507622241974,218.1055418252945,215.6341708302498,214.877046585083,217.56144541502,215.75189965963364,217.680151283741,217.44852834939957,214.5073897242546,216.56986194849014,216.5288147330284,215.19188433885574,215.76361858844757
-150,216.1654371023178,215.98694270849228,218.2814415693283,218.0770537853241,215.5975837111473,214.83821469545364,217.5205643773079,215.74280488491058,217.72998130321503,217.48086857795715,214.5308274626732,216.53681355714798,216.57211828231812,215.22515112161636,215.72628504037857
-149,216.16485118865967,215.99168783426285,218.31340497732162,218.04466825723648,215.5684767961502,214.80685776472092,217.48215407133102,215.73198586702347,217.7742629647255,217.51583808660507,214.5589708685875,216.50701582431793,216.6277655363083,215.26022744178772,215.67974185943604
-148,216.15853071212769,215.99902814626694,218.345440864563,218.00911378860474,215.54725295305252,214.78279721736908,217.4479462504387,215.72069263458252,217.81168812513351,217.55220746994019,214.5918124318123,216.4809871315956,216.69301760196686,215.29622542858124,215.62575393915176
-147,216.1462180018425,216.00894153118134,218.37652558088303,217.97105675935745,215.53519690036774,214.76577419042587,217.4191037416458,215.71039807796478,217.84128832817078,217.58862954378128,214.62824541330338,216.45950561761856,216.76503425836563,215.33210676908493,215.5661500096321
-146,216.12829673290253,216.0211569070816,218.40553706884384,217.93154990673065,215.53418922424316,214.7560802102089,217.39593762159348,215.70292723178864,217.86189538240433,217.62377101182938,214.66714507341385,216.4430696964264,216.8406982421875,215.36795908212662,215.5021304488182
-145,216.1039561033249,216.0352177619934,218.43114405870438,217.89115691184998,215.54602694511414,214.75427174568176,217.37820917367935,215.69982188940048,217.8723465204239,217.656283557415,214.70696103572845,216.43229222297668,216.9169779419899,215.40324997901917,215.43492704629898
-144,216.07191997766495,216.0514070391655,218.45229357481003,217.85034370422363,215.57053595781326,214.75967168807983,217.36523085832596,215.7018727660179,217.87226003408432,217.68526476621628,214.74647462368011,216.42815566062927,216.99055963754654,215.43816512823105,215.36612033843994
-143,216.0310235619545,216.07106095552444,218.46874630451202,217.8103693127632,215.60600692033768,214.77126228809357,217.35653674602509,215.70961999893188,217.86177784204483,217.7104393839836,214.78488302230835,216.43127584457397,217.05820059776306,215.47170227766037,215.2971424460411
-142,215.9810390472412,216.09396666288376,218.4806415438652,217.77289056777954,215.64964044094086,214.78832149505615,217.35124897956848,215.72268813848495,217.84211194515228,217.7318373322487,214.8219683766365,216.44157165288925,217.11693733930588,215.50337255001068,215.23018872737885
-141,215.92390322685242,216.11873149871826,218.48850387334824,217.73957949876785,215.69868063926697,214.8110608458519,217.34792071580887,215.73918813467026,217.81378591060638,217.74975496530533,214.8572445511818,216.45880609750748,217.16524702310562,215.5319316983223,215.16742593050003
-140,215.8624034523964,216.14439076185226,218.49282145500183,217.71183788776398,215.74983555078506,214.8389948606491,217.34527778625488,215.75643545389175,217.77752304077148,217.76419752836227,214.89001458883286,216.4822637438774,217.20254093408585,215.55767464637756,215.11236196756363
-139,215.79987800121307,216.17012131214142,218.49364131689072,217.69129592180252,215.80040508508682,214.8719917535782,217.34275501966476,215.7707857489586,217.73414808511734,217.77473384141922,214.9198820590973,216.51053112745285,217.22889095544815,215.58037638664246,215.06927925348282
-138,215.7402821779251,216.19542527198792,218.4913485646248,217.67841410636902,215.8484262228012,214.91054743528366,217.34033286571503,215.77896213531494,217.68537610769272,217.78116464614868,214.94719809293747,216.54240381717682,217.24541813135147,215.59910929203033,215.04088282585144
-137,215.68675196170807,216.22013914585114,218.48664247989655,217.67353105545044,215.89304113388062,214.9544245004654,217.3387759923935,215.77902537584305,217.6343396306038,217.78343963623047,214.9713807106018,216.5770102739334,217.25408899784088,215.61262452602386,215.0290241241455
-136,215.64100193977356,216.24371773004532,218.4799161553383,217.67655384540558,215.9337860941887,215.00260764360428,217.33895987272263,215.7700895667076,217.58381754159927,217.78245157003403,214.99171179533005,216.61342829465866,217.25718522071838,215.62130612134933,215.03435695171356
-135,215.60268032550812,216.2653173804283,218.47163325548172,217.6867967247963,215.9701606631279,215.05412340164185,217.34125447273254,215.7519484758377,217.53568124771118,217.77941125631332,215.00848919153214,216.6505509018898,217.2563949227333,215.6266565322876,215.05561882257462
-134,215.5714144706726,216.28370827436447,218.4625101685524,217.70374071598053,216.00198531150818,215.10747241973877,217.34557408094406,215.72480237483978,217.49167197942734,217.77580052614212,215.02263420820236,216.68752765655518,217.252974152565,215.6313922405243,215.090236723423
-133,215.54722613096237,216.2978732585907,218.45371556282043,217.72706246376038,216.02870333194733,215.16048461198807,217.35160875320435,215.69029873609543,217.45297574996948,217.77304190397263,215.03487503528595,216.7235096693039,217.2481046319008,215.63762319087982,215.13480919599533
-132,215.53027266263962,216.30748909711838,218.44633412361145,217.75627917051315,216.04931074380875,215.21113377809525,217.35908138751984,215.6507597565651,217.4197883605957,217.7716308236122,215.04589641094208,216.75790470838547,217.24282318353653,215.64585322141647,215.18542510271072
-131,215.52070307731628,216.31280463933945,218.44132459163666,217.79098069667816,216.06318372488022,215.257546544075,217.36811089515686,215.6091759800911,217.39197891950607,217.77184545993805,215.0570061802864,216.7906500697136,217.23819780349731,215.65656846761703,215.23798656463623
-130,215.5189915895462,216.3142769932747,218.43936210870743,217.83015847206116,216.0704579949379,215.29867935180664,217.3782377243042,215.56883323192596,217.36963814496994,217.7737507224083,215.0683178305626,216.821115732193,217.23508566617966,215.6703221797943,215.28876847028732
-129,215.5261162519455,216.3133260011673,218.44116353988647,217.872476041317,216.07203739881516,215.33429503440857,217.38882344961166,215.53267008066177,217.35287475585938,217.77685540914536,215.0802208185196,216.84945315122604,217.23318552970886,215.68695825338364,215.3350847363472
-128,215.5428682565689,216.31223672628403,218.447056889534,217.91615909337997,216.069180727005,215.36462515592575,217.39873683452606,215.50249165296555,217.34171003103256,217.78090506792068,215.09280514717102,216.8771711587906,217.23147481679916,215.70520621538162,215.37493187189102
-127,215.56911540031433,216.31246900558472,218.4567624926567,217.95940786600113,216.06358408927917,215.39048475027084,217.40649604797363,215.4789696931839,217.33595365285873,217.785520195961,215.10636031627655,216.90591543912888,217.22905445098877,215.7238844037056,215.4073177576065
-126,215.60352289676666,216.3158575296402,218.46956729888916,218.0013558268547,216.0572690963745,215.41363674402237,217.4112468957901,215.4626865386963,217.33553087711334,217.79020196199417,215.12023729085922,216.93619018793106,217.22445076704025,215.74200612306595,215.43249720335007
-125,215.6449390053749,216.32474148273468,218.48448652029037,218.04169285297394,216.05187356472015,215.43556958436966,217.41232180595398,215.45386856794357,217.34056866168976,217.79429817199707,215.13305735588074,216.9674390554428,217.21592766046524,215.7585147023201,215.45195347070694
-124,215.69191670417786,216.3405669927597,218.5005605816841,218.07986390590668,216.04840606451035,215.4572837948799,217.41041749715805,215.45260524749756,217.35098654031754,217.79701220989227,215.14379489421844,216.99890559911728,217.2022498846054,215.77212196588516,215.46835488080978
-123,215.74239039421082,216.36396896839142,218.51703256368637,218.11524105072021,216.04754900932312,215.47938519716263,217.40661984682083,215.45914781093597,217.36679017543793,217.79751634597778,215.15207356214523,217.02941751480103,217.1829559803009,215.78211015462875,215.48466473817825
-122,215.79442691802979,216.39496207237244,218.53371065855026,218.14749830961227,216.0499222278595,215.50195211172104,217.40162980556488,215.47324109077454,217.3879554271698,217.79494088888168,215.15747839212418,217.0575698018074,217.15853333473206,215.78800296783447,215.50358748435974
-121,215.84632551670074,216.43231028318405,218.5512512922287,218.1765420436859,216.0556811094284,215.525636613369,217.39562487602234,215.49387246370316,217.4137419462204,217.78864765167236,215.16004991531372,217.0820482969284,217.13048195838928,215.78920966386795,215.52672040462494
-120,215.89632618427277,216.47407627105713,218.57050561904907,218.20220082998276,216.06493240594864,215.5510734319687,217.38865381479263,215.51946640014648,217.4428073167801,217.7783088684082,215.1601037979126,217.1024054288864,217.10047137737274,215.7851823568344,215.55534672737122
-119,215.94286781549454,216.51757436990738,218.59239292144775,218.2238729596138,216.07787483930588,215.57820212841034,217.38090229034424,215.54774755239487,217.4739210009575,217.76461499929428,215.15829956531525,217.1195639371872,217.07011282444,215.77625858783722,215.58985894918442
-118,215.98469108343124,216.56025755405426,218.61756122112274,218.24106150865555,216.09423637390137,215.60680598020554,217.3729984164238,215.57662957906723,217.50588029623032,217.74894165992737,215.15566807985306,217.13379836082458,217.04094570875168,215.76306104660034,215.62856703996658
-117,216.0215402841568,216.6005521416664,218.64592796564102,218.25322115421295,216.113738656044,215.63650208711624,217.36597961187363,215.60459446907043,217.53773641586304,217.73265862464905,215.15322583913803,217.14553278684616,217.0137586593628,215.74685108661652,215.6695676445961
-116,216.0536345243454,216.63714224100113,218.67726665735245,218.25988066196442,216.13620430231094,215.66681480407715,217.36019730567932,215.63060927391052,217.56875091791153,217.7168260216713,215.15234595537186,217.15539062023163,216.98909038305283,215.72959297895432,215.71058535575867
-115,216.08078187704086,216.66868722438812,218.71114206314087,218.26100969314575,216.1614340543747,215.69664996862411,217.35594600439072,215.65393221378326,217.59813445806503,217.70258784294128,215.15469574928284,217.1632355451584,216.9693647623062,215.7130222916603,215.74915742874146
-114,216.10251241922379,216.69459360837936,218.7467749118805,218.2573987841606,216.1886179447174,215.72477060556412,217.35316491127014,215.67445665597916,217.62512814998627,217.69104957580566,215.1618138551712,217.16950714588165,216.9564118385315,215.69867539405823,215.7827896475792
-113,216.11878007650375,216.71537202596664,218.7832369208336,218.2504711151123,216.21665585041046,215.7497922182083,217.35288363695145,215.6926285624504,217.64970058202744,217.68470031023026,215.17524081468582,217.17523646354675,216.95114332437515,215.68777692317963,215.80957120656967
-112,216.1286763548851,216.7324297428131,218.81980979442596,218.24156165122986,216.24462550878525,215.7704764008522,217.35577255487442,215.7094653248787,217.67197036743164,217.68515437841415,215.19592434167862,217.1823252439499,216.95441901683807,215.68115729093552,215.82776826620102
-111,216.13103610277176,216.74682468175888,218.8558465242386,218.23172509670258,216.27076190710068,215.78516805171967,217.36178386211395,215.72687262296677,217.69203156232834,217.692852973938,215.224405169487,217.1928162574768,216.96514439582825,215.67915046215057,215.8372327685356
-110,216.12505567073822,216.7590855360031,218.89045959711075,218.22165310382843,216.29409182071686,215.79294729232788,217.37071460485458,215.74680054187775,217.70995086431503,217.70712679624557,215.2600740790367,217.20716255903244,216.98277127742767,215.68185204267502,215.83958995342255
-109,216.11048293113708,216.7696561217308,218.92302697896957,218.21201652288437,216.3144070506096,215.79468816518784,217.38229805231094,215.77047163248062,217.72555285692215,217.72691875696182,215.30131721496582,217.22539377212524,217.00664633512497,215.68968349695206,215.837120115757
-108,216.08797681331635,216.7792382836342,218.95343589782715,218.20354598760605,216.331581056118,215.79198437929153,217.39589828252792,215.79841595888138,217.73870772123337,217.750932097435,215.3460435271263,217.24715530872345,217.03599333763123,215.70331758260727,215.83222192525864
-107,216.05881667137146,216.78840041160583,218.9817962050438,218.19708919525146,216.34551012516022,215.78565710783005,217.41039007902145,215.83032143115997,217.7498146891594,217.77777242660522,215.39211469888687,217.27167731523514,217.06940031051636,215.72317934036255,215.82728922367096
-106,216.02559560537338,216.79752653837204,219.0088392496109,218.19310754537582,216.35636204481125,215.77619463205338,217.42467659711838,215.86567783355713,217.75925594568253,217.80604034662247,215.43773382902145,217.2982274889946,217.10553467273712,215.74934047460556,215.82451224327087
-105,215.99086529016495,216.8071909546852,219.03512132167816,218.19165706634521,216.36474055051804,215.7636649608612,217.4378045797348,215.9038228392601,217.76800614595413,217.8343073129654,215.48178082704544,217.32575565576553,217.14285790920258,215.78127080202103,215.82530045509338
-104,215.95608353614807,216.81834083795547,219.06037360429764,218.19296669960022,216.37100595235825,215.7475210428238,217.44907587766647,215.94323754310608,217.7765430212021,217.86142897605896,215.52335208654404,217.35264945030212,217.1794462800026,215.81789207458496,215.8301813006401
-103,215.92265385389328,216.83165270090103,219.08464354276657,218.1974682211876,216.37617617845535,215.72748428583145,217.4581214785576,215.9817337989807,217.7845540046692,217.88630992174149,215.5620721578598,217.3772092461586,217.21332776546478,215.85714262723923,215.8399543762207
-102,215.89286756515503,216.8476711511612,219.10760474205017,218.2051466703415,216.3805091381073,215.70406025648117,217.46487998962402,216.01707351207733,217.7916110754013,217.9076977968216,215.59716367721558,217.39797562360764,217.24297857284546,215.89668583869934,215.85451823472977
-101,215.8685406446457,216.86658734083176,219.12858247756958,218.2160223722458,216.3833065032959,215.67750656604767,217.46971154212952,216.04665100574493,217.7984122633934,217.92461133003235,215.62777262926102,217.41371792554855,217.26754611730576,215.9343268275261,215.87307530641556
-100,215.85072487592697,216.88798594474792,219.14649778604507,218.2297512292862,216.383891582489,215.64868491888046,217.4724051952362,216.0686954855919,217.80614566802979,217.93632477521896,215.654143512249,217.42337429523468,217.2868886590004,215.96840983629227,215.89374166727066
-99,215.84043389558792,216.9108544588089,219.16053748130798,218.2459933757782,216.38195192813873,215.61871045827866,217.47250872850418,216.08269584178925,217.815942466259,217.9423786997795,215.67620247602463,217.42631632089615,217.3017857670784,215.99759721755981,215.91401195526123
-98,215.83777928352356,216.9340705871582,219.17045122385025,218.26482373476028,216.37696117162704,215.58890438079834,217.47059333324432,216.08872109651566,217.82858645915985,217.9425989985466,215.694515645504,217.42355126142502,217.31319278478622,216.02124363183975,215.93163859844208
-97,215.842331469059,216.9562847018242,219.17623925209045,218.2860323190689,216.36878591775894,215.56120336055756,217.46785187721252,216.08732813596725,217.84445703029633,217.93726950883865,215.70906800031662,217.41661286354065,217.32198685407639,216.03956693410873,215.9445345401764
-96,215.85310578346252,216.9758381843567,219.17783057689667,218.308622777462,216.35778206586838,215.5372821688652,217.4651017189026,216.07942008972168,217.86357045173645,217.926951110363,215.71997666358948,217.4071626663208,217.32937228679657,216.0537901520729,215.95128774642944
-95,215.8685702085495,216.9912629723549,219.17557382583618,218.3314949274063,216.3448103070259,215.51785856485367,217.46310818195343,216.0662093758583,217.88548523187637,217.91189193725586,215.72766971588135,217.39713007211685,217.33607518672943,216.065327167511,215.9512358903885
-94,215.88710498809814,217.00167351961136,219.17033874988556,218.3535880446434,216.3310027718544,215.50369906425476,217.46242797374725,216.04882949590683,217.90923064947128,217.89245307445526,215.73286932706833,217.38809263706207,217.3419644832611,216.07484585046768,215.94411844015121
-93,215.90687823295593,217.0070377588272,219.1627230644226,218.3739993572235,216.31740361452103,215.49505519866943,217.46324902772903,216.0286250114441,217.9335411787033,217.86957919597626,215.73607903718948,217.38043570518494,217.34681421518326,216.08254915475845,215.93021768331528
-92,215.92573308944702,217.0075165629387,219.15289056301117,218.39166170358658,216.30518370866776,215.49122267961502,217.46537166833878,216.00657439231873,217.9575977921486,217.8446398973465,215.73776733875275,217.37450283765793,217.35074603557587,216.08834600448608,215.91039806604385
-91,215.9419922232628,217.0033746957779,219.14127892255783,218.40582233667374,216.29516261816025,215.4914469718933,217.46838122606277,215.9840469956398,217.98054832220078,217.81931364536285,215.7378516793251,217.3706335425377,217.35389459133148,216.09192311763763,215.88565570116043
-90,215.95604860782623,216.99513846635818,219.12885773181915,218.41612720489502,216.2875638604164,215.49526977539062,217.47146153450012,215.96231889724731,218.0018231868744,217.79541647434235,215.7368870973587,217.368426322937,217.35701286792755,216.09273838996887,215.85709637403488
-89,215.9687124490738,216.98353159427643,219.11623549461365,218.42235559225082,216.28211373090744,215.50224989652634,217.47377163171768,215.9426519870758,218.02060705423355,217.77428859472275,215.73533654212952,217.36729645729065,217.36123538017273,216.09046852588654,215.8258381485939
-88,215.9801503419876,216.96928125619888,219.1035194993019,218.42429667711258,216.27796405553818,215.51109421253204,217.47454500198364,215.92652863264084,218.0361084342003,217.75749015808105,215.73368287086487,217.3671531677246,217.36793112754822,216.08545804023743,215.79337459802628
-87,215.99098485708237,216.95295268297195,219.0901061296463,218.42189800739288,216.2738452553749,215.5200365781784,217.47336739301682,215.9154949784279,218.04749476909637,217.74623918533325,215.7322586774826,217.3682226538658,217.37836837768555,216.07960146665573,215.76148927211761
-86,216.00225150585175,216.93551182746887,219.07577866315842,218.4149581193924,216.26907747983932,215.5280395746231,217.47025376558304,215.91038221120834,218.05417716503143,217.7413717508316,215.73153066635132,217.37118870019913,217.39312505722046,216.07429617643356,215.73170161247253
-85,216.0144520998001,216.91824108362198,219.06067615747452,218.40349781513214,216.26273202896118,215.53491407632828,217.46573221683502,215.9111135005951,218.0564280152321,217.74314945936203,215.73168051242828,217.37645798921585,217.4125820994377,216.07057893276215,215.70544517040253
-84,216.0282866358757,216.9019027352333,219.04483181238174,218.3881853222847,216.25445330142975,215.54107731580734,217.46039938926697,215.9167359471321,218.05506020784378,217.75126749277115,215.73249912261963,217.38451278209686,217.4365126490593,216.06896567344666,215.68370485305786
-83,216.04440933465958,216.88692390918732,219.02810150384903,218.37009221315384,216.24395143985748,215.54742974042892,217.45489144325256,215.92619669437408,218.05103665590286,217.76464009284973,215.7336750626564,217.3959442973137,217.46418327093124,216.06964719295502,215.66728645563126
-82,216.0634222626686,216.87368255853653,219.0101636648178,218.35010242462158,216.23149871826172,215.55521869659424,217.45007848739624,215.9385974407196,218.0454323887825,217.78164237737656,215.73510664701462,217.4109746813774,217.49433559179306,216.07281827926636,215.65662944316864
-81,216.08526307344437,216.8632310628891,218.99079048633575,218.3288455605507,216.21779662370682,215.56556004285812,217.44672274589539,215.95317721366882,218.03922253847122,217.80053561925888,215.73635506629944,217.42929589748383,217.52540284395218,216.07850694656372,215.6514841914177
-80,216.10994458198547,216.8559068441391,218.97020864486694,218.30688458681107,216.20413488149643,215.5792602300644,217.44528436660767,215.9693791270256,218.03322529792786,217.8199464082718,215.7370702624321,217.4498092532158,217.55582159757614,216.08650070428848,215.65083122253418
-79,216.137693464756,216.8519195318222,218.9489157795906,218.28485310077667,216.1917245388031,215.59652829170227,217.44593232870102,215.98710125684738,218.0279000401497,217.83884298801422,215.73714596033096,217.47145557403564,217.58432233333588,216.0969648361206,215.6536608338356
-78,216.1684451699257,216.85147446393967,218.92736548185349,218.26351726055145,216.1813360452652,215.61703634262085,217.44843745231628,216.0063254237175,218.0233617424965,217.85625422000885,215.73656672239304,217.49291372299194,217.61008882522583,216.11035865545273,215.65900427103043
-77,216.20149356126785,216.85451358556747,218.9062607884407,218.24380385875702,216.17361199855804,215.64022707939148,217.45264852046967,216.02709662914276,218.01997530460358,217.87153661251068,215.7355300784111,217.51288199424744,217.63239514827728,216.12680447101593,215.66597443819046
-76,216.23583495616913,216.86089080572128,218.88636285066605,218.2269304394722,216.16866171360016,215.66472923755646,217.45815861225128,216.04932743310928,218.0184931755066,217.88449847698212,215.7344090938568,217.53023052215576,217.65075862407684,216.14596271514893,215.67391103506088
-75,216.27017974853516,216.8703589439392,218.86857914924622,218.213902592659,216.1664860844612,215.6888883113861,217.46441650390625,216.0730454325676,218.0194581747055,217.89524286985397,215.73357141017914,217.54408967494965,217.66523206233978,216.16751182079315,215.682371199131
-74,216.3027515411377,216.88263374567032,218.85328727960587,218.20487654209137,216.1671084165573,215.7115483880043,217.47096973657608,216.09820449352264,218.0231540799141,217.90400731563568,215.73324263095856,217.55413353443146,217.6759392619133,216.19140321016312,215.69136101007462
-73,216.33167451620102,216.89712125062943,218.84114456176758,218.19939613342285,216.17040705680847,215.73186272382736,217.47740632295609,216.12489694356918,218.02959936857224,217.91124355793,215.73371118307114,217.56014877557755,217.6827907562256,216.21704679727554,215.70140540599823
-72,216.35563802719116,216.9128262400627,218.83264976739883,218.19669157266617,216.17632794380188,215.74906665086746,217.48349177837372,216.15291285514832,218.03858387470245,217.91733103990555,215.73535704612732,217.56229412555695,217.68612438440323,216.24368578195572,215.7130702137947
-71,216.37383824586868,216.9286868572235,218.8282116651535,218.1959273815155,216.18456035852432,215.76274651288986,217.4891437292099,216.1815015077591,218.04975575208664,217.92280048131943,215.7382648587227,217.560711145401,217.68624901771545,216.270385324955,215.7267690896988
-70,216.3856436610222,216.94332778453827,218.82801234722137,218.19635647535324,216.19462877511978,215.77258032560349,217.49424767494202,216.2095907330513,218.0625187754631,217.92823565006256,215.7422969341278,217.55560433864594,217.6835418343544,216.29582285881042,215.74270164966583
-69,216.390496134758,216.95575541257858,218.83152252435684,218.19742715358734,216.2061043381691,215.77852845191956,217.49865972995758,216.23593991994858,218.07617050409317,217.93412148952484,215.7471878528595,217.54736882448196,217.67863988876343,216.3186133503914,215.76109743118286
-68,216.38829535245895,216.9657477736473,218.83771777153015,218.19881278276443,216.21872025728226,215.78110194206238,217.5026397705078,216.2594549059868,218.08985751867294,217.94063580036163,215.75239431858063,217.5365144610405,217.6722622513771,216.33767330646515,215.78237581253052
-67,216.3794862627983,216.97294503450394,218.84566855430603,218.20082080364227,216.2324349284172,215.78132700920105,217.5067382454872,216.27958780527115,218.10287564992905,217.94723397493362,215.7573133111,217.52359080314636,217.66505533456802,216.3523976802826,215.80693686008453
-66,216.36494487524033,216.97705763578415,218.8549735546112,218.20376205444336,216.24741005897522,215.78068923950195,217.5111981034279,216.29626256227493,218.1146383881569,217.95332127809525,215.76130640506744,217.50953578948975,217.65754234790802,216.36305212974548,215.83492004871368
-65,216.34595280885696,216.9782513976097,218.86531960964203,218.20821273326874,216.26405823230743,215.78086388111115,217.51637434959412,216.30916130542755,218.1246572136879,217.95837169885635,215.76399224996567,217.49532222747803,217.65010505914688,216.36987972259521,215.8659924864769
-64,216.32409608364105,216.9767701625824,218.87641698122025,218.21445536613464,216.2826228737831,215.78331220149994,217.52252662181854,216.31799226999283,218.13275015354156,217.96212244033813,215.7651423215866,217.48175144195557,217.64262735843658,216.3729112148285,215.8999337553978
-63,216.30116659402847,216.97310477495193,218.88813543319702,218.22267842292786,216.30317145586014,215.7887452840805,217.52967792749405,216.32283252477646,218.13908034563065,217.96456289291382,215.76477181911469,217.46966326236725,217.63492614030838,216.37237387895584,215.93679130077362
-62,216.27886766195297,216.96777153015137,218.90015655755997,218.23313164710999,216.32596224546432,215.79697769880295,217.53755789995193,216.32379668951035,218.1443169116974,217.9657131433487,215.76284432411194,217.45949602127075,217.62669163942337,216.36848366260529,215.97629714012146
-61,216.2586954832077,216.9612478017807,218.91189861297607,218.2457379102707,216.35055297613144,215.8074815273285,217.54539626836777,216.3208264708519,218.14941972494125,217.96588242053986,215.75931733846664,217.4515215754509,217.6174774169922,216.3612722158432,216.01761251688004
-60,216.24154049158096,216.95411080121994,218.92279171943665,218.26002329587936,216.37613254785538,215.81974005699158,217.55224710702896,216.3136863708496,218.15518701076508,217.96581381559372,215.754121363163,217.44600975513458,217.60665607452393,216.3506555557251,216.05944919586182
-59,216.2276200056076,216.94708704948425,218.93252700567245,218.27522206306458,216.40188819169998,215.83291417360306,217.557204246521,216.30221790075302,218.16211837530136,217.96630650758743,215.74748539924622,217.44355303049088,217.5935109257698,216.33658361434937,216.10026288032532
-58,216.21700954437256,216.94100332260132,218.94083642959595,218.29033052921295,216.42703396081924,215.84615975618362,217.55942118167877,216.2866793870926,218.17015451192856,217.9679772257805,215.73971259593964,217.44444155693054,217.5775740146637,216.31919544935226,216.13898849487305
-57,216.20932507514954,216.9367743730545,218.9475840330124,218.30416548252106,216.4506497979164,215.8589049577713,217.55813765525818,216.26783752441406,218.1786590218544,217.97152316570282,215.7316316962242,217.44843471050262,217.55881994962692,216.29898738861084,216.17491847276688
-56,216.20414513349533,216.93553239107132,218.95279186964035,218.3155792951584,216.4719363451004,215.8705514073372,217.55319035053253,216.24693775177002,218.1869502067566,217.97763949632645,215.7241854071617,217.4549863934517,217.53749358654022,216.27705889940262,216.2075766324997
-55,216.20114904642105,216.93822008371353,218.95674854516983,218.3239454627037,216.49026656150818,215.88048535585403,217.54493933916092,216.22586506605148,218.19425946474075,217.986762881279,215.71800726652145,217.4633548259735,217.51430666446686,216.2549431324005,216.23676830530167
-54,216.2001279592514,216.94591462612152,218.95980048179626,218.32919251918793,216.50537145137787,215.88873106241226,217.53410476446152,216.20690780878067,218.20029073953629,217.99881875514984,215.71361184120178,217.4725489616394,217.49027758836746,216.23385870456696,216.26268076896667
-53,216.20111405849457,216.9592908024788,218.96225899457932,218.33145248889923,216.51741003990173,215.89573228359222,217.52154290676117,216.1919429898262,218.2050348520279,218.01379084587097,215.71105474233627,217.4818976521492,217.4665431380272,216.21506482362747,216.285542845726
-52,216.20475214719772,216.9784541130066,218.96435749530792,218.3308303952217,216.52655506134033,215.90233182907104,217.50795775651932,216.18214201927185,218.20830196142197,218.03168016672134,215.71005207300186,217.49087858200073,217.44403398036957,216.1997351050377,216.30552339553833
-51,216.21135592460632,217.0030134320259,218.96611773967743,218.32734686136246,216.5333393216133,215.90922898054123,217.4940442442894,216.1782379746437,218.21015447378159,218.05192178487778,215.71022564172745,217.49914002418518,217.42356538772583,216.1891849040985,216.32288992404938
-50,216.22132247686386,217.03189009428024,218.96756541728973,218.32098585367203,216.5383877158165,215.91727209091187,217.48047077655792,216.18057906627655,218.21081733703613,218.07391923666,215.7109978199005,217.50635665655136,217.40593087673187,216.18423116207123,216.33826565742493
-49,216.23487329483032,217.06357550621033,218.96878492832184,218.312031686306,216.54235219955444,215.9274994134903,217.46784514188766,216.18890523910522,218.21066957712173,218.09703189134598,215.71171474456787,217.51216131448746,217.39156448841095,216.18562787771225,216.35238355398178
-48,216.25197875499725,217.09627705812454,218.96989977359772,218.30109441280365,216.54600757360458,215.94056570529938,217.45698541402817,216.2025487422943,218.2099331021309,218.12053859233856,215.71193438768387,217.51659047603607,217.38059383630753,216.19399398565292,216.36558604240417
-47,216.2725881934166,217.12800401449203,218.9708914756775,218.28905260562897,216.55006736516953,215.95677143335342,217.44846564531326,216.22022223472595,218.2086135149002,218.1435182094574,215.71160489320755,217.51958739757538,217.37274813652039,216.2096351981163,216.3777489066124
-46,216.29651832580566,217.1569893360138,218.97143238782883,218.27681469917297,216.55457311868668,215.976200401783,217.44292736053467,216.24033427238464,218.20661425590515,218.16486275196075,215.7105931043625,217.52109390497208,217.36727625131607,216.2324994802475,216.3886814713478
-45,216.32322472333908,217.18174582719803,218.97101652622223,218.26508557796478,216.5593330860138,215.99846720695496,217.44089305400848,216.26144886016846,218.20364236831665,218.18368309736252,215.70873427391052,217.52117908000946,217.363199532032,216.26189309358597,216.39818066358566
-44,216.3518494963646,217.20106887817383,218.96902030706406,218.2542775273323,216.5640528202057,216.02292424440384,217.44293880462646,216.2821245789528,218.19952523708344,218.1994521021843,215.70631968975067,217.51982831954956,217.35961800813675,216.2963056564331,216.4059174656868
-43,216.38104099035263,217.2143383026123,218.96549767255783,218.24457091093063,216.5683159828186,216.04827344417572,217.44946521520615,216.30091136693954,218.19418811798096,218.21191209554672,215.70357793569565,217.51726865768433,217.3556368947029,216.33395618200302,216.41170024871826
-42,216.40945202112198,217.2213934659958,218.96070271730423,218.23611754179,216.57180297374725,216.0728011727333,217.46053665876389,216.31686890125275,218.18752455711365,218.22091728448868,215.70072555541992,217.5138145685196,217.3508304953575,216.3728506565094,216.41545486450195
-41,216.43595671653748,217.22255259752274,218.95500683784485,218.22904980182648,216.57465386390686,216.0946559906006,217.47587686777115,216.3295140862465,218.17946404218674,218.22641187906265,215.69789576530457,217.5098180770874,217.34512788057327,216.41077029705048,216.41719710826874
-40,216.45976394414902,217.21902453899384,218.94899290800095,218.22337985038757,216.57722103595734,216.11272549629211,217.4945152401924,216.33895200490952,218.17011100053787,218.2285863161087,215.6950108408928,217.50594061613083,217.33884596824646,216.44580566883087,216.4168785214424
-39,216.47995179891586,217.21205949783325,218.94289672374725,218.2190346121788,216.5797507762909,216.12643045186996,217.51515918970108,216.34577971696854,218.15977603197098,218.2280751466751,215.69171959161758,217.50274014472961,217.33244228363037,216.47611218690872,216.41430938243866
-38,216.49568152427673,217.20279723405838,218.93674051761627,218.21592140197754,216.58245593309402,216.13582468032837,217.53649193048477,216.35022068023682,218.14894771575928,218.22569686174393,215.68754017353058,217.50073063373566,217.32655757665634,216.50019925832748,216.4090228676796
-37,216.50659310817719,217.19209676980972,218.93069887161255,218.2138376235962,216.58551639318466,216.14156609773636,217.556942820549,216.3526365160942,218.13790959119797,218.22225934267044,215.68174904584885,217.5004198551178,217.32189470529556,216.51721596717834,216.40074002742767
-36,216.51273149251938,217.18061804771423,218.92495965957642,218.21252274513245,216.58889663219452,216.1447315812111,217.57485789060593,216.3532612323761,218.1272764801979,218.2187740802765,215.6735883951187,217.5019708275795,217.31893002986908,216.5268755555153,216.38924652338028
-35,216.5144206881523,217.16888397932053,218.919597864151,218.21161502599716,216.59255689382553,216.14640671014786,217.5887098312378,216.3522230386734,218.11761885881424,218.21593314409256,215.6621043086052,217.50530695915222,217.3177883028984,216.52941983938217,216.37463003396988
-34,216.51202136278152,217.15704727172852,218.91463953256607,218.21065038442612,216.59629476070404,216.14743095636368,217.59769767522812,216.34969770908356,218.10929250717163,218.2138489484787,215.6470594406128,217.5101511478424,217.31837499141693,216.52541077136993,216.3573094010353
-33,216.50614339113235,217.1449163556099,218.9101026058197,218.20942479372025,216.60009902715683,216.1480668783188,217.6013514995575,216.3461154103279,218.10254722833633,218.21222978830338,215.62853705883026,217.5160407423973,217.32029002904892,216.51579076051712,216.33771687746048
-32,216.49762731790543,217.13222187757492,218.90584057569504,218.20768320560455,216.60404080152512,216.14808076620102,217.59973508119583,216.34203112125397,218.09768849611282,218.21060705184937,215.60695630311966,217.5223268866539,217.32279098033905,216.50129383802414,216.3159145116806
-31,216.48727256059647,217.11861884593964,218.90177029371262,218.20523756742477,216.6081384420395,216.14726519584656,217.59324073791504,216.33816009759903,218.09481406211853,218.2087317109108,215.5830758213997,217.5282272696495,217.32504850625992,216.48285496234894,216.29228204488754
-30,216.47581154108047,217.10379707813263,218.89767122268677,218.2020336985588,216.61212265491486,216.14532017707825,217.58238554000854,216.33537155389786,218.0937784910202,218.20640629529953,215.55776631832123,217.5332292318344,217.3262598514557,216.46153050661087,216.26730382442474
-29,216.46376115083694,217.08727246522903,218.89309507608414,218.19796472787857,216.6156751513481,216.14200282096863,217.5679071545601,216.33439791202545,218.0942839384079,218.20351457595825,215.53210705518723,217.53726881742477,217.3256677389145,216.4379519224167,216.24153399467468
-28,216.45110046863556,217.06886488199234,218.88769102096558,218.19292896986008,216.61796206235886,216.13716036081314,217.55056983232498,216.33563101291656,218.0959094762802,218.19977110624313,215.50718915462494,217.54024344682693,217.32278138399124,216.4130718111992,216.21580654382706
-27,216.43802332878113,217.0486120581627,218.88106560707092,218.18735885620117,216.61793118715286,216.1305103302002,217.5311786532402,216.33915668725967,218.09810030460358,218.19474405050278,215.48370999097824,217.5423617362976,217.31735217571259,216.38782262802124,216.19099515676498
-26,216.42465102672577,217.0266129374504,218.8729600906372,218.18140125274658,216.61471289396286,216.1218337416649,217.5104078054428,216.34482043981552,218.10020089149475,218.18782383203506,215.46208089590073,217.54409223794937,217.30898386240005,216.36325073242188,216.16812252998352
-25,216.4110043644905,217.0031601190567,218.86362046003342,218.17526400089264,216.60766005516052,216.11130833625793,217.4888750910759,216.3525562286377,218.10137939453125,218.17848521471024,215.44247633218765,217.54570484161377,217.29745143651962,216.34039759635925,216.1480759382248
-24,216.39726758003235,216.97842973470688,218.85338824987411,218.1694228053093,216.5966392159462,216.09923881292343,217.46699821949005,216.36191540956497,218.10073286294937,218.16646486520767,215.42508780956268,217.5474249124527,217.28268921375275,216.32009649276733,216.13137543201447
-23,216.38376039266586,216.95273393392563,218.84278345108032,218.1640481352806,216.58184748888016,216.08637809753418,217.44534635543823,216.37209731340408,218.09746289253235,218.15160483121872,215.40954691171646,217.54943960905075,217.26467192173004,216.30314457416534,216.1182200908661
-22,216.37064522504807,216.92643284797668,218.83229726552963,218.1592743396759,216.56397688388824,216.07349067926407,217.42448621988297,216.38240313529968,218.09091997146606,218.13412028551102,215.39574372768402,217.55191028118134,217.24372512102127,216.28986412286758,216.1086705327034
-21,216.35834765434265,216.90015548467636,218.82238310575485,218.15531051158905,216.54400825500488,216.06132662296295,217.4047303199768,216.39185053110123,218.0807672739029,218.1145691871643,215.3833920955658,217.55465763807297,217.22019040584564,216.28027790784836,216.10269051790237
-20,216.34753674268723,216.87475055456161,218.813394844532,218.1523675918579,216.52289932966232,216.05043923854828,217.38633650541306,216.39916974306107,218.06696593761444,218.0934016108513,215.3722088932991,217.5573252439499,217.19480627775192,216.27422523498535,216.10003739595413
-19,216.3383947610855,216.85147035121918,218.80529487133026,218.15058946609497,216.5013821721077,216.04110819101334,217.3694435954094,216.4032815694809,218.04978108406067,218.0715092420578,215.3621605038643,217.55959594249725,217.16834092140198,216.2713496685028,216.10044664144516
-18,216.33062678575516,216.8313271999359,218.79795944690704,218.1502891778946,216.47983419895172,216.033376455307,217.35409545898438,216.4034274816513,218.02966111898422,218.04975575208664,215.353078186512,217.5610482096672,217.14158487319946,216.27101641893387,216.1035463809967
-17,216.3235764503479,216.81503343582153,218.79120862483978,218.15147125720978,216.45853859186172,216.02692461013794,217.34039986133575,216.39918184280396,218.00717329978943,218.02899140119553,215.34504002332687,217.56124186515808,217.11538362503052,216.27240133285522,216.10860979557037
-16,216.3164717555046,216.80289655923843,218.7845543026924,218.15382397174835,216.43792355060577,216.02156233787537,217.3281119465828,216.39009296894073,217.98308092355728,218.0101242661476,215.33811855316162,217.5598867535591,217.0904097557068,216.27456229925156,216.11479598283768
-15,216.30855387449265,216.7947263121605,218.77726197242737,218.15670543909073,216.4186280965805,216.01693892478943,217.31717365980148,216.37601506710052,217.95805579423904,217.99368381500244,215.3324072957039,217.55694580078125,217.06725442409515,216.276742041111,216.1208426952362
-14,216.29931449890137,216.789788544178,218.76855581998825,218.1589822769165,216.40151745080948,216.01279443502426,217.30758160352707,216.35684245824814,217.93261682987213,217.9799029827118,215.32799619436264,217.5526728630066,217.04637670516968,216.27819627523422,216.12566024065018
-13,216.2886962890625,216.78748977184296,218.75805896520615,218.15932816267014,216.38736027479172,216.00872588157654,217.2996752858162,216.3329010605812,217.90710765123367,217.96887689828873,215.32503402233124,217.547381401062,217.02823096513748,216.27851700782776,216.12853640317917
-12,216.27692925930023,216.7873762845993,218.74565315246582,218.156642973423,216.37660998106003,216.00426441431046,217.29382157325745,216.3049549460411,217.88175803422928,217.96040987968445,215.3237344622612,217.5413337945938,217.01325887441635,216.27738589048386,216.12890130281448
-11,216.26402616500854,216.78900063037872,218.73159897327423,218.14999616146088,216.36942380666733,215.99899500608444,217.2904502749443,216.2740586400032,217.85687988996506,217.95409923791885,215.32427525520325,217.53457915782928,217.00163638591766,216.27444928884506,216.1265571117401
-10,216.2499692440033,216.79174768924713,218.7164011001587,218.13911896944046,216.36560320854187,215.9924600124359,217.29005706310272,216.24123734235764,217.83297657966614,217.94935768842697,215.32669311761856,217.5272999405861,216.9932919740677,216.2693053483963,216.12172538042068
-9,216.2347406744957,216.79508137702942,218.70066154003143,218.12405860424042,216.36491805315018,215.9841367006302,217.2927148938179,216.20767492055893,217.8102393746376,217.9456272125244,215.33117544651031,217.51942974328995,216.98827463388443,216.2618505358696,216.11483585834503
-8,216.21819138526917,216.79821681976318,218.6850797533989,218.10532706975937,216.36696124076843,215.97327029705048,217.29836255311966,216.17451429367065,217.78899496793747,217.94245052337646,215.3376624584198,217.51085257530212,216.98616898059845,216.25225472450256,216.1060362458229
-7,216.2001685500145,216.80030697584152,218.67043125629425,218.08361530303955,216.37136828899384,215.95958161354065,217.30678963661194,216.14259546995163,217.76951879262924,217.93960505723953,215.3459596633911,217.50156861543655,216.9863966703415,216.24076014757156,216.0954693555832
-6,216.18070513010025,216.80058443546295,218.65753960609436,218.05966663360596,216.37769985198975,215.94303572177887,217.31747597455978,216.11281943321228,217.75190275907516,217.93690031766891,215.3557726740837,217.4916427731514,216.98837119340897,216.22786688804626,216.08334678411484
-5,216.15999847650528,216.79856890439987,218.6472643017769,218.03437668085098,216.38543844223022,215.92426693439484,217.3294621706009,216.08571475744247,217.73615145683289,217.93420243263245,215.36673319339752,217.48127835988998,216.9912621974945,216.2140857577324,216.06973564624786
-4,216.1381791830063,216.79451304674149,218.6401011943817,218.00858026742935,216.39362579584122,215.9040526151657,217.3414950966835,216.06142854690552,217.72206258773804,217.9315282702446,215.3784363269806,217.4710100889206,216.99424880743027,216.1998193860054,216.05463737249374
-3,216.11574012041092,216.78923225402832,218.63644814491272,217.98312032222748,216.4013311266899,215.88307201862335,217.35226982831955,216.04003155231476,217.70956993103027,217.928926050663,215.39048463106155,217.46160799264908,216.99682086706161,216.1855640411377,216.03832405805588
-2,216.09313356876373,216.78383564949036,218.6364603638649,217.9585776925087,216.40755993127823,215.8622286915779,217.36042314767838,216.0209018588066,217.6986186504364,217.9265176653862,215.4023944735527,217.45381104946136,216.99841821193695,216.1717550754547,216.02085065841675
-1,216.0708864927292,216.77905374765396,218.6400893330574,217.93555462360382,216.4114990234375,215.84216326475143,217.36480355262756,216.00340908765793,217.68932169675827,217.9246727824211,215.41413414478302,217.44834905862808,216.9987537264824,216.15849471092224,216.00253057479858
0,216.0495629310608,216.77572697401047,218.64708626270294,217.9147406220436,216.4124391078949,215.82309252023697,217.3649223446846,215.98690533638,217.68168604373932,217.9238246679306,215.42601495981216,217.4456711411476,216.9975330233574,216.1455553174019,215.98351562023163
1,216.0417423248291,216.79636025428772,218.6712755560875,217.90809869766235,216.42822194099426,215.82105594873428,217.3784772157669,215.98561590909958,217.69833993911743,217.93867433071136,215.4562932252884,217.46641933918,217.00954127311707,216.1535124182701,215.98190248012543
2,216.0354192852974,216.81895262002945,218.69790649414062,217.90510922670364,216.43935328722,215.822161257267,217.3887808918953,215.9849584698677,217.717070043087,217.9541159272194,215.48655039072037,217.4896883368492,217.0203878879547,216.16138172149658,215.98039531707764
3,216.03079044818878,216.84394949674606,218.72629034519196,217.9058684706688,216.4451054930687,215.8262478709221,217.39581882953644,215.9858506321907,217.73784482479095,217.97003251314163,215.5171976685524,217.51523280143738,217.0299780368805,216.1680487394333,215.97964268922806
4,216.02801233530045,216.87143522500992,218.75545752048492,217.9103805422783,216.44503051042557,215.8328685760498,217.39971828460693,215.98935788869858,217.7605226635933,217.98626565933228,215.54822826385498,217.5425390601158,217.03813564777374,216.17255342006683,215.98034447431564
5,216.02725172042847,216.90127551555634,218.78418546915054,217.9184564948082,216.43890649080276,215.8414607644081,217.40066367387772,215.99682641029358,217.78450685739517,218.00257498025894,215.57946300506592,217.57107609510422,217.04454892873764,216.17449688911438,215.98306667804718
6,216.02861672639847,216.9333340525627,218.81128126382828,217.92980295419693,216.426578104496,215.85129183530807,217.39891356229782,216.00938510894775,217.80873084068298,218.01866841316223,215.61051332950592,217.60027199983597,217.04948419332504,216.17379772663116,215.98819345235825
7,216.03207248449326,216.96740990877151,218.83558356761932,217.9438773393631,216.40812873840332,215.86172431707382,217.39470219612122,216.02807146310806,217.83193796873093,218.03433859348297,215.64081728458405,217.62942737340927,217.05310291051865,216.170729637146,215.99573761224747
8,216.03701293468475,217.00289887189865,218.85610449314117,217.9599952697754,216.38437288999557,215.87219882011414,217.38849437236786,216.05300319194794,217.85271686315536,218.04907900094986,215.6696863770485,217.65781718492508,217.05576866865158,216.16583824157715,216.0055177807808
9,216.04278749227524,217.0386647582054,218.87223720550537,217.97779113054276,216.35659831762314,215.88237297534943,217.38087731599808,216.08376067876816,217.86992520093918,218.06271821260452,215.69641745090485,217.68481296300888,217.05800127983093,216.15968227386475,216.01744961738586
10,216.04885810613632,217.07340013980865,218.88361769914627,217.99678152799606,216.3265910744667,215.89190709590912,217.37260842323303,216.11944752931595,217.8825581073761,218.0752922296524,215.72010719776154,217.70995956659317,217.0602661371231,216.15278548002243,216.03137761354446
11,216.05497407913208,217.10599160194397,218.89032477140427,218.01640594005585,216.29655653238297,215.90061962604523,217.3642926812172,216.15853905677795,217.88999980688095,218.08698081970215,215.74001175165176,217.73265314102173,217.06315809488297,216.14573115110397,216.04711163043976
12,216.06093406677246,217.13541036844254,218.89263659715652,218.03630411624908,216.26887679100037,215.90856099128723,217.3568148612976,216.19985628128052,217.89227187633514,218.0979087948799,215.75552076101303,217.75267910957336,217.06735396385193,216.1391082406044,216.06439352035522
13,216.06662034988403,217.16090524196625,218.89095067977905,218.0558678507805,216.24571132659912,215.91594642400742,217.35083001852036,216.24228048324585,217.88989907503128,218.10812842845917,215.76609814167023,217.76985865831375,217.07305032014847,216.13352435827255,216.08283466100693
14,216.07179498672485,217.18205440044403,218.8857079744339,218.07435530424118,216.2293689250946,215.92309534549713,217.3468685746193,216.28469705581665,217.88364827632904,218.1176826953888,215.7711682319641,217.78408008813858,217.08044213056564,216.12936353683472,216.1019805073738
15,216.0763103365898,217.19861334562302,218.87760043144226,218.09081441164017,216.22131675481796,215.9304160475731,217.34530502557755,216.32608872652054,217.87452226877213,218.12654399871826,215.77036952972412,217.79526615142822,217.08935153484344,216.12680274248123,216.12082934379578
16,216.0802724957466,217.21068859100342,218.86743837594986,218.1045162677765,216.22235071659088,215.9381022453308,217.34633541107178,216.3656648993492,217.86385983228683,218.13468760252,215.763807117939,217.80320727825165,217.0993955731392,216.1258072257042,216.13851696252823
17,216.0838692188263,217.2187493443489,218.85601818561554,218.11476039886475,216.23250037431717,215.9464743733406,217.34994077682495,216.40249061584473,217.85289216041565,218.14192992448807,215.75170302391052,217.80788564682007,217.1100652217865,216.12664645910263,216.1544287800789
18,216.08713406324387,217.22327756881714,218.84407329559326,218.12117540836334,216.25079929828644,215.95596957206726,217.35586512088776,216.4357454776764,217.84272599220276,218.14802587032318,215.73461425304413,217.80957734584808,217.12077277898788,216.12959706783295,216.16804558038712
19,216.0901159644127,217.2249180674553,218.8322707414627,218.12353599071503,216.27566945552826,215.9669639468193,217.36383473873138,216.46476298570633,217.83410722017288,218.1529004573822,215.71342813968658,217.80872881412506,217.13090020418167,216.13471674919128,216.1789601445198
20,216.0925708413124,217.22435998916626,218.8211333155632,218.12193137407303,216.30566704273224,215.97983366250992,217.37351953983307,216.48901695013046,217.82750803232193,218.15606451034546,215.68962335586548,217.80621325969696,217.14002692699432,216.14176791906357,216.18684113025665
21,216.09431821107864,217.22231328487396,218.81114530563354,218.11654633283615,216.33882653713226,215.99483901262283,217.3845911026001,216.5083110332489,217.82319217920303,218.15710943937302,215.66505312919617,217.80289614200592,217.14801293611526,216.15026277303696,216.19138181209564
22,216.09527957439423,217.21956551074982,218.80271863937378,218.10766744613647,216.37360852956772,216.01236134767532,217.39677280187607,216.52273392677307,217.82130014896393,218.1557007431984,215.64165717363358,217.7992258667946,217.1549008488655,216.15965676307678,216.1925864815712
23,216.09551149606705,217.2169108390808,218.79628401994705,218.09573274850845,216.40862345695496,216.03227472305298,217.4098201394081,216.53281289339066,217.82166731357574,218.15166860818863,215.62099534273148,217.79566311836243,217.16065955162048,216.16938465833664,216.1901018023491
24,216.09510749578476,217.21493357419968,218.79215812683105,218.08160519599915,216.44231086969376,216.05439966917038,217.42344868183136,216.53916960954666,217.8242437839508,218.14499771595,215.60402834415436,217.79280477762222,217.1654160618782,216.17890590429306,216.18377310037613
25,216.09446567296982,217.21415227651596,218.79061633348465,218.06640243530273,216.47347164154053,216.07823383808136,217.43711084127426,216.54234939813614,217.82878404855728,218.13583064079285,215.59075742959976,217.79120790958405,217.16929417848587,216.18785858154297,216.17385363578796
26,216.09402877092361,217.21484977006912,218.7918661236763,218.05134892463684,216.50137728452682,216.10302209854126,217.45032715797424,216.54289013147354,217.83512890338898,218.12443500757217,215.58065050840378,217.79137402772903,217.17257511615753,216.195975959301,216.16087621450424
27,216.09411925077438,217.21663177013397,218.79601287841797,218.0375353693962,216.52557182312012,216.12768185138702,217.46243578195572,216.54112368822098,217.84314769506454,218.111130297184,215.57283288240433,217.79397428035736,217.1759529709816,216.20291393995285,216.145845413208
28,216.09507274627686,217.21904116868973,218.80296963453293,218.02600127458572,216.54580575227737,216.15114098787308,217.47283893823624,216.53702634572983,217.8525397181511,218.0963932275772,215.5666342973709,217.7994127869606,217.17988699674606,216.20867258310318,216.1298816204071
29,216.09714835882187,217.2216991186142,218.81242316961288,218.01762998104095,216.56216257810593,216.17234486341476,217.48108160495758,216.5302300453186,217.86321741342545,218.0808933377266,215.56187415122986,217.8078606724739,217.18466699123383,216.2133645415306,216.1140741109848
30,216.10045504570007,217.2241541147232,218.82408666610718,218.01310002803802,216.57475978136063,216.190425157547,217.48660451173782,216.5203469991684,217.87514859437943,218.0653384923935,215.55844455957413,217.81928491592407,217.19051653146744,216.21687030792236,216.09929579496384
31,216.10526287555695,217.22626262903214,218.83759135007858,218.01266634464264,216.58369153738022,216.20487642288208,217.4888111948967,216.50720739364624,217.88839131593704,218.0503380894661,215.55632942914963,217.83342802524567,217.1975184082985,216.21927666664124,216.08615285158157
32,216.1118569970131,217.2281721830368,218.85257947444916,218.01620584726334,216.58891820907593,216.21560591459274,217.4873051047325,216.49079084396362,217.90297609567642,218.03633677959442,215.55559241771698,217.84992533922195,217.2056028842926,216.22045183181763,216.07508838176727
33,216.12064504623413,217.2302697300911,218.8684611916542,218.02327036857605,216.59041500091553,216.2230168581009,217.48180907964706,216.47161722183228,217.9184376001358,218.02374708652496,215.5562282204628,217.86808270215988,217.21452629566193,216.22039997577667,216.06638342142105
34,216.13174700737,217.2329739332199,218.8848009109497,218.03327602148056,216.5883293747902,216.2277551293373,217.4723864197731,216.45043182373047,217.93421530723572,218.01319700479507,215.5581094622612,217.88714230060577,217.22385281324387,216.21916276216507,216.06019353866577
35,216.14512026309967,217.23660969734192,218.90123546123505,218.04591685533524,216.5828778743744,216.23065841197968,217.45935994386673,216.4280650615692,217.94953733682632,218.0053744316101,215.56095725297928,217.90620666742325,217.23315358161926,216.21696919202805,216.05671006441116
36,216.16032707691193,217.24111407995224,218.91749393939972,218.0608417391777,216.57460445165634,216.23258882761002,217.44344013929367,216.4055017232895,217.9636487364769,218.00048685073853,215.56403028964996,217.92426908016205,217.24178218841553,216.21437722444534,216.0560889840126
37,216.1765694618225,217.24629878997803,218.93345600366592,218.07760280370712,216.56465542316437,216.23429477214813,217.42561674118042,216.38372004032135,217.9761273264885,217.99822121858597,215.5664159655571,217.94037973880768,217.2489833831787,216.21186208724976,216.05816048383713
38,216.19276648759842,217.2519532442093,218.9489306807518,218.0956730246544,216.55410820245743,216.2363543510437,217.40720212459564,216.3632600903511,217.9866691827774,217.9980748295784,215.5676297545433,217.95396441221237,217.25392907857895,216.20999854803085,216.06225609779358
39,216.2076010107994,217.25813776254654,218.9635750055313,218.11436462402344,216.5441706776619,216.23909717798233,217.3897180557251,216.34462332725525,217.99458301067352,217.99957966804504,215.56741625070572,217.96467000246048,217.25604087114334,216.2093608379364,216.06739538908005
40,216.21962594985962,217.26490211486816,218.9772183895111,218.13316810131073,216.53552621603012,216.24286425113678,217.37468552589417,216.32864373922348,217.99926960468292,218.00209885835648,215.56560921669006,217.97253161668777,217.25489312410355,216.21040999889374,216.07258236408234
41,216.2274472117424,217.2723035812378,218.9894164800644,218.15174543857574,216.52851128578186,216.24774557352066,217.36355358362198,216.31591469049454,218.00024604797363,218.00486624240875,215.56240838766098,217.9778363108635,217.2501648068428,216.2136190533638,216.07669216394424
42,216.2297142148018,217.28002679347992,218.99958568811417,218.16984724998474,216.52334690093994,216.25369334220886,217.35733038187027,216.30711632966995,217.9970225095749,218.00726336240768,215.55783927440643,217.98098695278168,217.24183440208435,216.21928584575653,216.07885789871216
43,216.22537070512772,217.2873330116272,219.0071378350258,218.18738371133804,216.52004271745682,216.26073867082596,217.35666179656982,216.30309009552002,217.98933917284012,218.00876581668854,215.55225378274918,217.9823840856552,217.2302252650261,216.2274762392044,216.07827877998352
44,216.21415960788727,217.29352629184723,219.01177662611008,218.2041791677475,216.5187338590622,216.26881194114685,217.36168152093887,216.30447053909302,217.9773565530777,218.00910478830338,215.5457907319069,217.98253256082535,217.21609342098236,216.2380290031433,216.0749533176422
45,216.1965856552124,217.2980596423149,219.01347696781158,218.2201071381569,216.5194729566574,216.27743637561798,217.37224233150482,216.31143468618393,217.96171134710312,218.00830912590027,215.53849005699158,217.9819973707199,217.20017957687378,216.25047385692596,216.0691454410553
46,216.17379158735275,217.3004012107849,219.01225566864014,218.23495984077454,216.5221467614174,216.2858316898346,217.3880335688591,216.32378762960434,217.94318532943726,218.0066682100296,215.5304942727089,217.9815692305565,217.1832754611969,216.26397895812988,216.06114548444748
47,216.14708429574966,217.3001714348793,219.00809741020203,218.24846667051315,216.5265869498253,216.29321467876434,217.4086308479309,216.34067434072495,217.92272394895554,218.0045360326767,215.52206605672836,217.98175573349,217.165913939476,216.27778446674347,216.05147767066956
48,216.11786884069443,217.29718375205994,219.0010290145874,218.2605859041214,216.53271186351776,216.2987944483757,217.43327432870865,216.3609949350357,217.90132403373718,218.00224548578262,215.5132139325142,217.98286658525467,217.1485978960991,216.29084688425064,216.04105859994888
49,216.08753949403763,217.2917114496231,218.99131804704666,218.2712203860283,216.54039871692657,216.3020629286766,217.46091496944427,216.38330107927322,217.8800055384636,217.99976074695587,215.50406777858734,217.98521906137466,217.13160741329193,216.30216270685196,216.03087532520294
50,216.0573855638504,217.2842868566513,218.97950345277786,218.2803374528885,216.54951405525208,216.3028661608696,217.49053138494492,216.40571373701096,217.85972744226456,217.99717766046524,215.49482649564743,217.98915088176727,217.11499667167664,216.31071931123734,216.02183496952057
51,216.02881795167923,217.2755097746849,218.96592092514038,218.28812086582184,216.5599724650383,216.30160105228424,217.5209996700287,216.42646139860153,217.8414796590805,217.99430829286575,215.48585659265518,217.9951155781746,217.09854567050934,216.3156436085701,216.01521265506744
52,216.00309473276138,217.26591688394547,218.95089453458786,218.2947130203247,216.5714709162712,216.29890364408493,217.55092626810074,216.44426387548447,217.82603532075882,217.9910910129547,215.4770993590355,218.00306504964828,217.08182501792908,216.31653624773026,216.01205867528915
53,215.98118662834167,217.25579750537872,218.93479937314987,218.30013990402222,216.58331733942032,216.29529583454132,217.57865846157074,216.45828086137772,217.81402748823166,217.9875846505165,215.46865892410278,218.0128762125969,217.06471055746078,216.3136859536171,216.01323008537292
54,215.96353673934937,217.24530762434006,218.91822266578674,218.3044269680977,216.59457379579544,216.29134303331375,217.60281991958618,216.46798861026764,217.8060401082039,217.98401910066605,215.46066063642502,218.0247142314911,217.04683810472488,216.3071687221527,216.01949536800385
55,215.9506831765175,217.23457062244415,218.90197044610977,218.30769681930542,216.60425329208374,216.28754144906998,217.62212723493576,216.47311979532242,217.8025562763214,217.98062986135483,215.4531905055046,218.03860050439835,217.02797955274582,216.29706698656082,216.03140836954117
56,215.94305032491684,217.22334730625153,218.88700169324875,218.30993658304214,216.61152774095535,216.28444474935532,217.63542580604553,216.47384577989578,217.80382138490677,217.97767746448517,215.4462611079216,218.0543657541275,217.00804924964905,216.28367578983307,216.04896473884583
57,215.9408119916916,217.21105390787125,218.87419682741165,218.3110066652298,216.61619609594345,216.28291416168213,217.6418972015381,216.47048026323318,217.8099609017372,217.9753741621971,215.43993669748306,218.07173597812653,216.98705685138702,216.26739633083344,216.0720511674881
58,215.94381469488144,217.1972769498825,218.86428302526474,218.31061053276062,216.61835753917694,216.28405785560608,217.6415336728096,216.46330112218857,217.82077431678772,217.97399991750717,215.43404114246368,218.090491771698,216.96546286344528,216.24869817495346,216.10022020339966
59,215.95116823911667,217.1820849776268,218.8579162955284,218.3084865808487,216.6180893778801,216.288804769516,217.63501113653183,216.45273768901825,217.83585965633392,217.97408938407898,215.42839932441711,218.11038398742676,216.9440482854843,216.22817432880402,216.13267064094543
60,215.96175050735474,217.16567569971085,218.8556079864502,218.30471742153168,216.61567896604538,216.29711759090424,217.6237007379532,216.4397206902504,217.85462319850922,217.97640144824982,215.42307621240616,218.13092303276062,216.92385560274124,216.20655715465546,216.1681734919548
61,215.97443759441376,217.14860093593597,218.85766315460205,218.29928147792816,216.6113555431366,216.3085560798645,217.6091189980507,216.42566180229187,217.87611401081085,217.98160487413406,215.41814309358597,218.1513140797615,216.90610444545746,216.18488144874573,216.205027282238
62,215.98800784349442,217.13179504871368,218.86395686864853,218.29256439208984,216.60516822338104,216.32226592302322,217.59251976013184,216.41173219680786,217.8991144299507,217.98997449874878,215.41366374492645,218.1707291007042,216.89201921224594,216.1642062664032,216.24191844463348
63,216.0011407136917,217.1159805059433,218.87415593862534,218.28480833768845,216.59730952978134,216.33728528022766,217.5750202536583,216.39860999584198,217.9220775961876,218.00161349773407,215.40990728139877,218.18829268217087,216.88270729780197,216.1452847123146,216.27794468402863
64,216.012721657753,217.10160332918167,218.88778787851334,218.27654856443405,216.58799362182617,216.35284727811813,217.55751144886017,216.38694262504578,217.94362300634384,218.01641660928726,215.40704315900803,218.20297759771347,216.87883812189102,216.12848460674286,216.31238061189651
65,216.0223051905632,217.08945041894913,218.9042570590973,218.268292427063,216.5779423713684,216.36824190616608,217.5409815311432,216.3770096898079,217.96263337135315,218.0338858962059,215.40512835979462,218.21369910240173,216.88064962625504,216.11382871866226,216.34480583667755
66,216.02994430065155,217.08054906129837,218.9228185415268,218.26046097278595,216.56822448968887,216.38276880979538,217.52648997306824,216.3692066669464,217.97812098264694,218.05334109067917,215.4039546251297,218.2197087407112,216.887826025486,216.10109305381775,216.3750118613243
67,216.0359628200531,217.07601898908615,218.94259053468704,218.25327003002167,216.56020921468735,216.39639884233475,217.51515913009644,216.3636057972908,217.98946952819824,218.07400995492935,215.4032520055771,218.2208361029625,216.9000065922737,216.0899542570114,216.40273320674896
68,216.04091554880142,217.0769304037094,218.96258783340454,218.24687284231186,216.55528408288956,216.4092835187912,217.50819945335388,216.36067605018616,217.9968187212944,218.09537267684937,215.402606010437,218.21735727787018,216.91664439439774,216.08023935556412,216.42773580551147
69,216.04598009586334,217.08409172296524,218.98199570178986,218.24123173952103,216.55435556173325,216.42134177684784,217.5062274336815,216.3608106970787,218.00105208158493,218.1170578598976,215.4018002152443,218.20981460809708,216.93710261583328,216.0718074440956,216.45003682374954
70,216.0526522397995,217.09851628541946,219.0004042983055,218.23618692159653,216.55757158994675,216.43285036087036,217.5098249912262,216.36421501636505,218.00341719388962,218.13899624347687,215.40161377191544,218.19947791099548,216.96069639921188,216.06461435556412,216.46971881389618
71,216.06235748529434,217.12097436189651,219.01786053180695,218.23197221755981,216.56447368860245,216.44434744119644,217.51944279670715,216.3715278506279,218.00548166036606,218.1618066430092,215.40289533138275,218.18766433000565,216.9870303273201,216.05899685621262,216.48682779073715
72,216.07632797956467,217.1518553495407,219.03469157218933,218.22928631305695,216.57472789287567,216.45721060037613,217.53583151102066,216.38379818201065,218.00878459215164,218.18655264377594,215.40708029270172,218.17548549175262,217.01633244752884,216.05661070346832,216.5018743276596
73,216.09575939178467,217.19169265031815,219.05150669813156,218.22897881269455,216.58819407224655,216.4726284146309,217.55989634990692,216.4023225903511,218.01489579677582,218.21433758735657,215.41579002141953,218.16451174020767,217.04897433519363,216.05968296527863,216.51571875810623
74,216.1219402551651,217.2410482764244,219.06883311271667,218.23191291093826,216.60491961240768,216.49167376756668,217.59193700551987,216.42818236351013,218.02529448270798,218.24660301208496,215.4307945370674,218.15671581029892,217.08546912670135,216.0702902674675,216.52946358919144
75,216.1557581424713,217.29995447397232,219.08705699443817,218.23909866809845,216.6252651810646,216.515815615654,217.63225895166397,216.46262502670288,218.04118490219116,218.28441274166107,215.4540274143219,218.15420883893967,217.12669801712036,216.08975112438202,216.54446929693222
76,216.19764417409897,217.36798286437988,219.10656547546387,218.25194144248962,216.6497327685356,216.54644912481308,217.68013155460358,216.50668895244598,218.06343948841095,218.32823938131332,215.4871119260788,218.15885853767395,217.17320388555527,216.11897891759872,216.56174629926682
77,216.24800884723663,217.4443320631981,219.12776172161102,218.27194440364838,216.6789482831955,216.5843649506569,217.73411214351654,216.56076699495316,218.09258580207825,218.37801933288574,215.5303516983986,218.17202579975128,217.22497594356537,216.15828150510788,216.58236795663834
78,216.3068715929985,217.5272604227066,219.15092378854752,218.30017453432083,216.71354377269745,216.629723072052,217.79250806570053,216.6246256828308,218.12875425815582,218.43306475877762,215.58349174261093,218.1943714618683,217.2814901471138,216.20672583580017,216.60708928108215
79,216.3737035393715,217.6144272685051,219.17588239908218,218.33691143989563,216.7540043592453,216.6820740699768,217.85406309366226,216.6977676153183,218.17182737588882,218.49231034517288,215.64576125144958,218.22598415613174,217.3412308692932,216.2625756263733,216.63664704561234
80,216.4477247595787,217.70283424854279,219.20250076055527,218.38198620080948,216.80068457126617,216.74025690555573,217.91808795928955,216.77902060747147,218.22165191173553,218.55453234910965,215.7163252234459,218.2663969397545,217.4021593928337,216.32396972179413,216.6716604232788
81,216.5272975564003,217.78923267126083,219.2304173707962,218.4348685145378,216.8530063033104,216.80249935388565,217.98383748531342,216.86657965183258,218.2778370976448,218.61825382709503,215.79405868053436,218.3140767812729,217.46207588911057,216.38855004310608,216.71219277381897
82,216.61031013727188,217.87013161182404,219.25903141498566,218.49435806274414,216.90975439548492,216.8667454123497,218.04985469579697,216.95810395479202,218.33966487646103,218.68177837133408,215.87738078832626,218.36668932437897,217.51894402503967,216.4535927772522,216.75828802585602
83,216.69359797239304,217.94162094593048,219.2876764535904,218.55884891748428,216.96915525197983,216.93083137273788,218.11390578746796,217.05053275823593,218.40590631961823,218.74319177865982,215.96420401334763,218.42191392183304,217.57105720043182,216.5161098241806,216.80909568071365
84,216.77320802211761,217.99992501735687,219.3158824443817,218.6262325644493,217.0288451910019,216.9924533367157,218.17412382364273,217.14000993967056,218.47516745328903,218.80079859495163,216.0517702102661,218.47754031419754,217.61704862117767,216.57272845506668,216.86248183250427
85,216.84561091661453,218.04220616817474,219.3429495692253,218.6940244436264,217.085664331913,217.04920089244843,218.2283564209938,217.22237545251846,218.54558664560318,218.8533746600151,216.1363783478737,218.5316343307495,217.6544953584671,216.6197103857994,216.91608262062073
86,216.90760600566864,218.06651556491852,219.36799055337906,218.75898110866547,217.13622051477432,217.09821993112564,218.2741721868515,217.29385197162628,218.6147626042366,218.90002471208572,216.21386337280273,218.58226037025452,217.68114691972733,216.65377563238144,216.96707391738892
87,216.95651924610138,218.07169449329376,219.39008742570877,218.8174101114273,217.17704784870148,217.13693869113922,218.30883085727692,217.3510063290596,218.67941880226135,218.93933326005936,216.2797658443451,218.62692540884018,217.69560420513153,216.67221820354462,217.01194977760315
88,216.98973339796066,218.0575931072235,219.40834653377533,218.865897834301,217.20528852939606,217.16374456882477,218.3300819993019,217.39091354608536,218.73586547374725,218.9697595834732,216.32988262176514,218.66285425424576,217.697170317173,216.6731854081154,217.0472217798233
89,217.00541645288467,218.02469730377197,219.42207324504852,218.9015081524849,217.2195749282837,217.1783308982849,218.33665698766708,217.41156029701233,218.78071480989456,218.98968720436096,216.3605175614357,218.68787443637848,217.68711721897125,216.6556851863861,217.06935876607895
90,217.00304234027863,217.97484558820724,219.43098533153534,218.92198276519775,217.21969735622406,217.18061465024948,218.32852298021317,217.41224992275238,218.81078201532364,218.9978744983673,216.36897367238998,218.7007183432579,217.6667400598526,216.6194424033165,217.07529896497726
91,216.98260390758514,217.9102800488472,219.43453043699265,218.92600417137146,217.20618611574173,217.17022866010666,218.3068545460701,217.39376986026764,218.8237537741661,218.99361836910248,216.3537586927414,218.70060378313065,217.63745164871216,216.56484335660934,217.0629250407219
92,216.94452613592148,217.83374798297882,219.431913793087,218.91301292181015,217.17988419532776,217.14768129587173,218.27404469251633,217.357819378376,218.8182955980301,218.97547513246536,216.3159999847412,218.687302172184,217.60058999061584,216.493406355381,217.03189259767532
93,216.89160072803497,217.74834114313126,219.42225968837738,218.8834988474846,217.14122766256332,217.1140215396881,218.2327132821083,217.30664694309235,218.79434382915497,218.94351261854172,216.2586944103241,218.66089111566544,217.55772840976715,216.40793484449387,216.98333859443665
94,216.82702350616455,217.65742248296738,219.4047533273697,218.83936256170273,217.09199076890945,217.07012939453125,218.1850584745407,217.2427295446396,218.75297701358795,218.89865970611572,216.18565899133682,218.6216322183609,217.5106595158577,216.31233316659927,216.919475376606
95,216.75361669063568,217.5643019080162,219.3792210817337,218.78354221582413,217.03422993421555,217.016271173954,218.1328927874565,217.1686583161354,218.69613295793533,218.84251248836517,216.1010176539421,218.57043260335922,217.46146219968796,216.21054953336716,216.84312868118286
96,216.6750773191452,217.47192186117172,219.34584403038025,218.7194197177887,216.97056430578232,216.95421195030212,218.0774520635605,217.08735942840576,218.6267375946045,218.77713233232498,216.00872719287872,218.5091091990471,217.41278451681137,216.1065074801445,216.75763112306595
97,216.59484189748764,217.38316148519516,219.30523413419724,218.65046340227127,216.90336447954178,216.88618171215057,218.01991510391235,217.00185257196426,218.54794079065323,218.70570945739746,215.9125936627388,218.43965339660645,217.36716669797897,216.0045914053917,216.66561496257782
98,216.51537036895752,217.29992073774338,219.25837564468384,218.579953789711,216.83432465791702,216.81438094377518,217.96152770519257,216.91496312618256,218.46351891756058,218.63156235218048,215.81692779064178,218.3644319176674,217.3264964222908,215.90820866823196,216.5699818134308
99,216.43850791454315,217.22386807203293,219.2065927386284,218.51052522659302,216.76534140110016,216.74062460660934,217.90380781888962,216.8297466635704,218.3768082857132,218.55706417560577,215.72602713108063,218.28638511896133,217.29160904884338,215.82004636526108,216.47337299585342
100,216.365596473217,217.15670311450958,219.15208500623703,218.44436436891556,216.698102414608,216.66566294431686,217.84811729192734,216.74821227788925,218.2902284860611,218.4837526679039,215.64325618743896,218.2084528207779,217.2625366449356,215.7423872947693,216.37844359874725
101,216.29693657159805,217.09927654266357,219.0972856283188,218.38259690999985,216.63416492938995,216.59038043022156,217.79629880189896,216.67129528522491,218.2054870724678,218.4121589064598,215.57154786586761,218.13297671079636,217.23760962486267,215.6771029829979,216.28782218694687
102,216.23237890005112,217.05138248205185,219.04428559541702,218.32564049959183,216.57521748542786,216.51587289571762,217.74967217445374,216.59843391180038,218.12434655427933,218.3426364660263,215.5125383734703,218.06176626682281,217.21445387601852,215.62496089935303,216.20279520750046
103,216.1711637377739,217.01200366020203,218.99460816383362,218.27339231967926,216.52274823188782,216.44282692670822,217.70769202709198,216.5290305018425,218.04835450649261,218.2751522064209,215.4672413468361,217.99649596214294,217.1906058192253,215.58550208806992,216.12433552742004
104,216.11252331733704,216.98011308908463,218.948990046978,218.22591203451157,216.477852165699,216.37212759256363,217.6696909070015,216.4627673625946,217.97885143756866,218.20905709266663,215.43575125932693,217.9383727312088,217.16319668293,215.55822545289993,216.05295968055725
105,216.05585879087448,216.95465224981308,218.90778774023056,218.1834361553192,216.44074422121048,216.30484050512314,217.6353629231453,216.39941424131393,217.91706335544586,218.14433646202087,215.41601479053497,217.88779401779175,217.1297768354416,215.54218995571136,215.98838478326797
106,216.00108593702316,216.933779835701,218.8709193468094,218.14588874578476,216.41075271368027,216.24240970611572,217.60357451438904,216.33887434005737,217.86392068862915,218.08163702487946,215.40530198812485,217.84470689296722,217.0897078514099,215.53588432073593,215.92980802059174
107,215.94831520318985,216.91486132144928,218.83796644210815,218.11264610290527,216.38706481456757,216.1862127184868,217.57384246587753,216.2814598083496,217.81977653503418,218.02190363407135,215.40064746141434,217.80898332595825,217.04392963647842,215.5375069975853,215.87604540586472
108,215.89711153507233,216.89548522233963,218.8092746734619,218.08290797472,216.36837208271027,216.137020945549,217.54594242572784,216.22776317596436,217.78361332416534,217.96645194292068,215.3986253142357,217.77946031093597,216.99470537900925,215.5452260375023,215.82531064748764
109,215.84626752138138,216.87422233819962,218.78541088104248,218.05597829818726,216.35310435295105,216.09490406513214,217.5196287035942,216.17767798900604,217.7540323138237,217.91685783863068,215.39676123857498,217.75457972288132,216.94490224123,215.5577050447464,215.77643287181854
110,215.79551357030869,216.85014659166336,218.76629376411438,218.03151416778564,216.34004884958267,216.0589900612831,217.4947368502617,216.13177144527435,217.7287598848343,217.87441509962082,215.3926858305931,217.73284018039703,216.89661103487015,215.57434397935867,215.72877246141434
111,215.7445266842842,216.8229003548622,218.75137120485306,218.0095111131668,216.32895666360855,216.02770870923996,217.4711074233055,216.09116518497467,217.7056884765625,217.84036934375763,215.38516128063202,217.71301317214966,216.85080003738403,215.59406304359436,215.682148873806
112,215.69326800107956,216.79226857423782,218.7403444647789,217.99057590961456,216.32044804096222,216.00064569711685,217.44842368364334,216.05694472789764,217.68304824829102,217.81533455848694,215.37372088432312,217.69398361444473,216.8077237010002,215.6163575053215,215.63664984703064
113,215.64288753271103,216.75867956876755,218.73339980840683,217.97529685497284,216.3151537179947,215.97774690389633,217.42630451917648,216.02989888191223,217.65929293632507,217.79901665449142,215.35810762643814,217.67457348108292,216.7673019170761,215.63980251550674,215.59252399206161
114,215.5949985384941,216.72296208143234,218.72978115081787,217.96435379981995,216.31310081481934,215.958731174469,217.40436494350433,216.01061421632767,217.6333082318306,217.7904902100563,215.33808815479279,217.65343886613846,216.72950214147568,215.66280448436737,215.55021953582764
115,215.55095726251602,216.68629974126816,218.72843968868256,217.9582086801529,216.31379061937332,215.9432018995285,217.3820063471794,215.99911111593246,217.60386741161346,217.78885704278946,215.31387758255005,217.63008046150208,216.69380551576614,215.68423610925674,215.5099561214447
116,215.51103746891022,216.65056586265564,218.72847378253937,217.95663744211197,216.31594091653824,215.9308243393898,217.35859966278076,215.99548983573914,217.56975477933884,217.79302579164505,215.2856634259224,217.60459750890732,216.65999895334244,215.70413452386856,215.47279113531113
117,215.47484809160233,216.6174384355545,218.72885143756866,217.95882391929626,216.3188219666481,215.9215331673622,217.3335139155388,216.00002282857895,217.53000402450562,217.8018668293953,215.25424695014954,217.5772066116333,216.62814205884933,215.72252970933914,215.43973690271378
118,215.44222009181976,216.58886301517487,218.72852224111557,217.96338307857513,216.321659386158,215.91567146778107,217.30590987205505,216.01247119903564,217.4848170876503,217.81406670808792,215.22020941972733,217.54826605319977,216.5985295176506,215.73887032270432,215.4117980003357
119,215.41368800401688,216.5655339360237,218.72605961561203,217.96872580051422,216.32325679063797,215.91397231817245,217.27488082647324,216.03193056583405,217.43500864505768,217.8283206820488,215.18392610549927,217.5183343887329,216.57164061069489,215.75318479537964,215.38991451263428
120,215.38943243026733,216.54796266555786,218.71971160173416,217.97325843572617,216.32164824008942,215.91671305894852,217.2398805618286,216.05718386173248,217.3818575143814,217.84293019771576,215.1460062265396,217.4884588122368,216.5485256910324,215.76494997739792,215.37547171115875
121,215.36937856674194,216.5362372994423,218.70780169963837,217.97604942321777,216.31571054458618,215.92364770174026,217.20059192180634,216.08698278665543,217.32708644866943,217.8566952943802,215.10719907283783,217.4594665169716,216.53002727031708,215.77361184358597,215.36965161561966
122,215.35276448726654,216.53043109178543,218.6894389986992,217.97708541154861,216.30480802059174,215.93409997224808,217.15761399269104,216.1198353767395,217.27303421497345,217.86911195516586,215.06869250535965,217.43254214525223,216.51576608419418,215.77885228395462,215.37303513288498
123,215.3387407064438,216.53040319681168,218.66407561302185,217.97678142786026,216.2885526418686,215.9463334083557,217.11208683252335,216.15411746501923,217.22252571582794,217.87990230321884,215.0314946770668,217.408755838871,216.50563770532608,215.78052550554276,215.3848111629486
124,215.32667416334152,216.53579306602478,218.63175523281097,217.97549998760223,216.26681345701218,215.95896697044373,217.0652840733528,216.18833768367767,217.1777932047844,217.88927525281906,214.9961742758751,217.38877093791962,216.4995973110199,215.77858465909958,215.40350049734116
125,215.31589967012405,216.54556280374527,218.59331512451172,217.9741228222847,216.2399355173111,215.97126203775406,217.01837068796158,216.22110098600388,217.1411687731743,217.89795297384262,214.96278274059296,217.37313377857208,216.49740612506866,215.77334886789322,215.4270476102829
126,215.3061427474022,216.55883485078812,218.55034309625626,217.9736248254776,216.20838648080826,215.9825075864792,216.97242206335068,216.2517644762993,217.11478132009506,217.90715205669403,214.93143767118454,217.3618010878563,216.498470723629,215.76551681756973,215.45346051454544
127,215.2981528043747,216.574478328228,218.50418734550476,217.97447395324707,216.1726758480072,215.99189430475235,216.9284833073616,216.2789584994316,217.1000868678093,217.91771697998047,214.90164893865585,217.35422736406326,216.5015498995781,215.75540578365326,215.48104691505432
128,215.29266196489334,216.59136486053467,218.45612615346909,217.97636491060257,216.1334832906723,215.99860697984695,216.8873348236084,216.30195271968842,217.09767311811447,217.93014687299728,214.87307792901993,217.35000133514404,216.50505775213242,215.7428891658783,215.5083115696907
129,215.2902553677559,216.60830652713776,218.40734660625458,217.97900187969208,216.0916742682457,216.00216728448868,216.8494654893875,216.32085675001144,217.10737013816833,217.94526267051697,214.8457127213478,217.3490936756134,216.50764095783234,215.72861021757126,215.5341653227806
130,215.29146701097488,216.6242817044258,218.35917788743973,217.9816427230835,216.04837435483932,216.002188205719,216.815819978714,216.33595836162567,217.12873244285583,217.96314173936844,214.81966412067413,217.35160142183304,216.50780302286148,215.71429139375687,215.55775582790375
131,215.2970553636551,216.63803893327713,218.31336534023285,217.98281753063202,216.00516492128372,215.99897307157516,216.78770798444748,216.34737288951874,217.16073542833328,217.98348397016525,214.79550409317017,217.3577601313591,216.50426346063614,215.7019723057747,215.5787996649742
132,215.30791556835175,216.64871299266815,218.27181857824326,217.98142552375793,215.96377336978912,215.99320554733276,216.76611948013306,216.35506516695023,217.20262759923935,218.00563097000122,214.7737254500389,217.36762326955795,216.49623614549637,215.69343149662018,215.59720838069916
133,215.32462322711945,216.65648913383484,218.23615860939026,217.97620803117752,215.92583233118057,215.98569530248642,216.7514420747757,216.3586956858635,217.25306940078735,218.0299533009529,214.75473177433014,217.38116389513016,216.48312652111053,215.69041299819946,215.61276936531067
134,215.3472113609314,216.66145879030228,218.2075850367546,217.9663382768631,215.8927527666092,215.97731041908264,216.7441467642784,216.35760974884033,217.31040823459625,218.05687654018402,214.73933839797974,217.3980758190155,216.4650205373764,215.69382625818253,215.62544912099838
135,215.37474954128265,216.6630176305771,218.1868370771408,217.95148837566376,215.8651578426361,215.9689940214157,216.7445238828659,216.35134935379028,217.3732871413231,218.08622288703918,214.72790670394897,217.4177481532097,216.44298774003983,215.7039538025856,215.63554728031158
136,215.4059740304947,216.66153812408447,218.17342990636826,217.93226808309555,215.84368461370468,215.96141111850739,216.75228118896484,216.3393251299858,217.44045305252075,218.11695379018784,214.72057831287384,217.4397136569023,216.41828173398972,215.72054785490036,215.64327239990234
137,215.43913251161575,216.65765982866287,218.1665530204773,217.909077167511,215.8296525478363,215.95608067512512,216.76677125692368,216.32176703214645,217.51076394319534,218.14809918403625,214.71777093410492,217.4631250500679,216.39219689369202,215.74310034513474,215.64877593517303
138,215.47220814228058,216.65197324752808,218.165465593338,217.88240349292755,215.82425779104233,215.95515501499176,216.78748607635498,216.2998435497284,217.58256095647812,218.17871803045273,214.71990168094635,217.4873133301735,216.36651438474655,215.7701159119606,215.65274995565414
139,215.5033904314041,216.64574664831161,218.16974902153015,217.85329681634903,215.82822954654694,215.96073508262634,216.81463980674744,216.2755305171013,217.65387845039368,218.2079799771309,214.72690719366074,217.5118172764778,216.34288656711578,215.79944598674774,215.65684831142426
140,215.5324129462242,216.64088082313538,218.17907029390335,217.82351630926132,215.8414090871811,215.97387170791626,216.84868490695953,216.25092792510986,217.7224806547165,218.2352380156517,214.7391095161438,217.53614449501038,216.32327318191528,215.8292573094368,215.6626004576683
141,215.559536755085,216.63898384571075,218.19317483901978,217.79506731033325,215.86216872930527,215.9949266910553,216.89010924100876,216.22832423448563,217.786235332489,218.26030272245407,214.75693506002426,217.55916982889175,216.3096001148224,215.8576801419258,215.67003852128983
142,215.58537131547928,216.64136672019958,218.2114127278328,217.76960361003876,215.8876302242279,216.02374202013016,216.9383556842804,216.20961052179337,217.84323650598526,218.28320342302322,214.7801734805107,217.57944983243942,216.30328685045242,215.8832604289055,215.678792655468
143,215.61098742485046,216.64912581443787,218.2332422733307,217.7485495209694,215.91426360607147,216.0586153268814,216.9930585026741,216.19623774290085,217.89222884178162,218.30408650636673,214.8077308535576,217.5962405204773,216.30472695827484,215.90528124570847,215.68792700767517
144,215.63719016313553,216.66148948669434,218.25750052928925,217.733005464077,215.93856114149094,216.09696662425995,217.05273473262787,216.1887788772583,217.9311422109604,218.32302182912827,214.8382031917572,217.6094772219658,216.31312382221222,215.92306524515152,215.6960093975067
145,215.66475743055344,216.67877805233002,218.2825927734375,217.7228080034256,215.9576306939125,216.13657140731812,217.1154232621193,216.18655294179916,217.95760887861252,218.340345621109,214.87038725614548,217.61911499500275,216.3277506828308,215.93661123514175,215.70195293426514
146,215.6943815946579,216.70119780302048,218.3066576719284,217.71690428256989,215.9696699976921,216.17500311136246,217.17899233102798,216.18793028593063,217.96978670358658,218.35708326101303,214.9029855132103,217.62514156103134,216.34802401065826,215.94613033533096,215.70630025863647
147,215.72583478689194,216.72810727357864,218.3273276090622,217.71385383605957,215.97388422489166,216.21011370420456,217.24023270606995,216.19156247377396,217.9658192396164,218.37344980239868,214.93437951803207,217.6274617910385,216.3725946545601,215.95221877098083,215.70979249477386
148,215.75813907384872,216.75861966609955,218.3424504995346,217.71243453025818,215.97038352489471,216.24065667390823,217.29704302549362,216.19621270895004,217.9453262090683,218.38941168785095,214.9631639122963,217.62570333480835,216.40041482448578,215.95539325475693,215.7136605978012
149,215.79043251276016,216.7912191748619,218.35102611780167,217.7114988565445,215.9596272110939,216.26559561491013,217.3478987812996,216.2002336382866,217.9098072052002,218.4043470621109,214.98839104175568,217.61939841508865,216.43033784627914,215.9559828042984,215.71874457597733
150,215.82133615016937,216.8245906829834,218.35302579402924,217.7099363207817,215.94197672605515,216.28458255529404,217.39199191331863,216.2019481062889,217.86148929595947,218.41750353574753,215.0093801021576,217.60854774713516,216.46118062734604,215.9546006321907,215.72485905885696
151,215.84822767972946,216.8569700717926,218.34897857904434,217.70665431022644,215.918341755867,216.29702538251877,217.4285780787468,216.19892835617065,217.80347907543182,218.42894583940506,215.02614545822144,217.5937812924385,216.49201637506485,215.95159566402435,215.73209702968597
152,215.8701193332672,216.8873200416565,218.3395157456398,217.7014953494072,215.88991326093674,216.3032016158104,217.45551693439484,216.18828028440475,217.7399941086769,218.43859058618546,215.0391207933426,217.57509624958038,216.52189910411835,215.94745749235153,215.74075776338577
153,215.88578140735626,216.9150968194008,218.32631534337997,217.69441509246826,215.85777896642685,216.3033286333084,217.4710107445717,216.16916632652283,217.67505705356598,218.44622367620468,215.04800236225128,217.5531851053238,216.54996597766876,215.94205141067505,215.7520878314972
154,215.8946237564087,216.93916177749634,218.31175005435944,217.68573021888733,215.82442528009415,216.29843682050705,217.47442877292633,216.14237958192825,217.61232221126556,218.45092421770096,215.0530475974083,217.5296625494957,216.57640939950943,215.93358916044235,215.76748776435852
155,215.89643502235413,216.9589421749115,218.2978574037552,217.67638671398163,215.7930983901024,216.2887783050537,217.4675242304802,216.10933285951614,217.55482298135757,218.4514663219452,215.0542687177658,217.50559616088867,216.60179609060287,215.92106688022614,215.78764176368713
156,215.89172452688217,216.9738717675209,218.28678041696548,217.66847568750381,215.7664893269539,216.27375400066376,217.4517103433609,216.0720620751381,217.5035274028778,218.44670236110687,215.05108910799026,217.48274439573288,216.62761062383652,215.904041826725,215.81286877393723
157,215.88250583410263,216.9834914803505,218.27947610616684,217.66338461637497,215.74673187732697,216.25409024953842,217.42883449792862,216.03356152772903,217.4586457014084,218.43571531772614,215.0438358783722,217.46298158168793,216.65597581863403,215.88123828172684,215.84317922592163
158,215.87119764089584,216.98623591661453,218.27598005533218,217.6618304848671,215.7355793118477,216.23149424791336,217.40048080682755,215.99512720108032,217.42035204172134,218.41821032762527,215.03248661756516,217.44770044088364,216.6873214840889,215.85204994678497,215.8783832192421
159,215.85909539461136,216.98084861040115,218.27634048461914,217.66421806812286,215.7338238954544,216.20799654722214,217.3679627776146,215.95782274007797,217.38932049274445,218.39486050605774,215.0185488462448,217.43814420700073,216.72129327058792,215.8165192604065,215.91798049211502
160,215.84674042463303,216.96624785661697,218.28017216920853,217.67145031690598,215.74068903923035,216.18589442968369,217.33414047956467,215.92177438735962,217.3666049838066,218.3660308122635,215.00390738248825,217.43489921092987,216.75717759132385,215.77429020404816,215.96180349588394
161,215.83578300476074,216.9418813586235,218.2877636551857,217.68451273441315,215.75451600551605,216.16723841428757,217.30105090141296,215.8864107131958,217.35360473394394,218.3316850066185,214.99101889133453,217.43880754709244,216.79390263557434,215.72716742753983,216.00934320688248
162,215.8273339867592,216.90788036584854,218.29921859502792,217.70353943109512,215.77397400140762,216.15387922525406,217.27019250392914,215.85023093223572,217.35192227363586,218.29252910614014,214.98353189229965,217.44931173324585,216.82971262931824,215.67852646112442,216.06217300891876
163,215.82224482297897,216.86544358730316,218.31412929296494,217.72924518585205,215.7957574725151,216.1464565396309,217.2429729104042,215.8122684955597,217.36317402124405,218.24938744306564,214.98543471097946,217.4647052884102,216.86162984371185,215.63113242387772,216.12009632587433
164,215.82056540250778,216.8150264620781,218.33179640769958,217.7619222998619,215.81717735528946,216.14528316259384,217.221068918705,215.77341628074646,217.38849020004272,218.20245760679245,215.00055766105652,217.48359608650208,216.88642865419388,215.58757823705673,216.18341952562332
165,215.82303088903427,216.75643986463547,218.35134035348892,217.8024315237999,215.8355199098587,216.15021795034409,217.20646142959595,215.7349652647972,217.42711067199707,218.15265280008316,215.0335344672203,217.504732131958,216.9018510580063,215.54971373081207,216.25216192007065
166,215.83035516738892,216.69082081317902,218.37163889408112,217.8506362438202,215.84935927391052,216.16152089834213,217.20048105716705,215.69878417253494,217.47847992181778,218.10308092832565,215.08528250455856,217.52606344223022,216.90534031391144,215.51884138584137,216.3245149254799
167,215.84343826770782,216.62103861570358,218.3914936184883,217.90648198127747,215.85863649845123,216.17984449863434,217.20424675941467,215.66732442378998,217.54024147987366,218.05869787931442,215.1553658246994,217.54549580812454,216.89752054214478,215.4960161447525,216.39895194768906
168,215.86217391490936,216.5497561097145,218.41018933057785,217.97017472982407,215.86363524198532,216.206296980381,217.21955144405365,215.6422917842865,217.60862052440643,218.02309048175812,215.24163830280304,217.56238794326782,216.87991279363632,215.4829992055893,216.47433865070343
169,215.88628727197647,216.48245537281036,218.42798560857773,218.04184472560883,215.863949239254,216.24158251285553,217.24717164039612,215.62465953826904,217.68125516176224,218.00021535158157,215.3399799466133,217.57806760072708,216.8530997633934,215.48061245679855,216.54988312721252
170,215.91359567642212,216.42455780506134,218.4446575641632,218.12138932943344,215.86065542697906,216.28617250919342,217.2871531844139,215.61393696069717,217.75400578975677,217.99388140439987,215.44544649124146,217.59423065185547,216.81941670179367,215.48917430639267,216.62410283088684
171,215.93997889757156,216.38264119625092,218.459614276886,218.20832705497742,215.85293984413147,216.3395904302597,217.33881121873856,215.6096093058586,217.82173818349838,218.00527185201645,215.55049991607666,217.61216896772385,216.781188249588,215.5113794207573,216.69567614793777
172,215.9636897444725,216.3631284236908,218.47237092256546,218.3024719953537,215.8418060541153,216.40040415525436,217.40105760097504,215.6106464266777,217.88288134336472,218.03447598218918,215.64790678024292,217.6332066655159,216.740454018116,215.54796999692917,216.76137244701385
173,215.98309308290482,216.36989974975586,218.48342019319534,218.40181744098663,215.82927441596985,216.46742343902588,217.47168159484863,215.61719119548798,217.93593102693558,218.07922446727753,215.7337525486946,217.65820783376694,216.69959157705307,215.60037338733673,216.81992095708847
174,215.99798452854156,216.40389436483383,218.49477303028107,218.5031332373619,215.81807911396027,216.54030793905258,217.54805260896683,215.63135051727295,217.97907519340515,218.13900274038315,215.8049807548523,217.68727773427963,216.66394805908203,215.66671854257584,216.8705495595932
175,216.00950074195862,216.46329498291016,218.50799173116684,218.60255008935928,215.81258410215378,216.61864525079727,217.6280044913292,215.6557874083519,218.01283514499664,218.21397882699966,215.86159735918045,217.72106063365936,216.6395252943039,215.74567431211472,216.91414093971252
176,216.01973366737366,216.54544150829315,218.5242142677307,218.69574695825577,215.81632727384567,216.70245718955994,217.70959413051605,215.6929008960724,218.0386791229248,218.30468481779099,215.90419322252274,217.76071286201477,216.6294865012169,215.83738833665848,216.9516560435295
177,216.03161895275116,216.6458123922348,218.54534822702408,218.7815296649933,215.8336198925972,216.7909570336342,217.79199522733688,215.74428141117096,218.0573559999466,218.40873336791992,215.93594622612,217.8077843785286,216.63734352588654,215.94001060724258,216.98423165082932
178,216.04948312044144,216.75750815868378,218.57351154088974,218.85944056510925,215.86613619327545,216.8830594420433,217.87618678808212,215.8091721534729,218.06776368618011,218.52236235141754,215.9603367447853,217.8614313006401,216.6627677679062,216.0514435172081,217.01022666692734
179,216.07677257061005,216.87319642305374,218.61135905981064,218.93064951896667,215.91444772481918,216.97850728034973,217.96333330869675,215.88451218605042,218.07034331560135,218.64315301179886,215.98272216320038,217.9207701086998,216.70673006772995,216.1680936217308,217.02851498126984
180,216.11482226848602,216.98551601171494,218.6608926653862,218.99587219953537,215.9787259697914,217.07889145612717,218.05634647607803,215.9678973555565,218.06606501340866,218.76874428987503,216.00879460573196,217.9857398867607,216.7673602104187,216.28723692893982,217.03983944654465
