shift,pair_00,pair_01,pair_02,pair_03,pair_04,pair_05,pair_06,pair_07,pair_08,pair_09,pair_10,pair_11,pair_12,pair_13,pair_14,pair_15,pair_16,pair_17,pair_18,pair_19
-180,217.09025609493256,218.16395908594131,217.09025609493256,218.16395908594131,218.46610283851624,215.2753148674965,213.94230723381042,216.9211797118187,217.44375890493393,215.11753123998642,217.52045339345932,216.9866955280304,217.65290939807892,217.98878014087677,217.30775249004364,214.92817002534866,217.98682808876038,216.27775061130524,218.21198052167892,218.32994490861893
-179,217.02893549203873,218.13006556034088,217.02893549203873,218.13006556034088,218.37765157222748,215.21659058332443,213.9089064002037,216.88549786806107,217.36768102645874,215.03973811864853,217.45342880487442,216.93835318088531,217.5867310166359,217.9071529507637,217.26365154981613,214.96965110301971,217.93944627046585,216.1920838356018,218.19453358650208,218.30252015590668
-178,216.9740396142006,218.0956855416298,216.9740396142006,218.0956855416298,218.28687626123428,215.1673802137375,213.87638771533966,216.85772943496704,217.30176436901093,214.95764565467834,217.37206333875656,216.8947194814682,217.51415169239044,217.82623672485352,217.22565722465515,215.01501828432083,217.8812901377678,216.10641157627106,218.18287444114685,218.27013874053955
-177,216.92323011159897,218.0605902671814,216.92323011159897,218.0605902671814,218.19838654994965,215.1278749704361,213.84421688318253,216.83239579200745,217.24247014522552,214.8723260164261,217.28154945373535,216.85793071985245,217.43332624435425,217.74600130319595,217.19175976514816,215.06112664937973,217.81213927268982,216.01599287986755,218.17729592323303,218.23135393857956
-176,216.87450695037842,218.02530753612518,216.87450695037842,218.02530753612518,218.11452502012253,215.09893590211868,213.81058967113495,216.80476820468903,217.18737828731537,214.78561770915985,217.18565160036087,216.82841408252716,217.3448562026024,217.6650121808052,217.16002827882767,215.10432916879654,217.73595279455185,215.9145941734314,218.17808949947357,218.18754518032074
-175,216.82765185832977,217.9895052909851,216.82765185832977,217.9895052909851,218.03923279047012,215.0820912718773,213.7741938829422,216.7723805308342,217.13655197620392,214.70060175657272,217.08820605278015,216.8063378930092,217.2508286833763,217.58182054758072,217.1282623410225,215.14083909988403,217.65729534626007,215.8032124042511,218.18534421920776,218.13946402072906
-174,216.7806167602539,217.95380026102066,216.7806167602539,217.95380026102066,217.97538340091705,215.076426923275,213.73407071828842,216.73408544063568,217.0916822552681,214.62228566408157,216.99223017692566,216.79120367765427,217.15475183725357,217.49594581127167,217.0946348309517,215.16853713989258,217.58033561706543,215.68560242652893,218.19827151298523,218.08879572153091
-173,216.7310585975647,217.91814881563187,216.7310585975647,217.91814881563187,217.92216289043427,215.0828641653061,213.69152694940567,216.69018280506134,217.0535957813263,214.55365830659866,216.8990781903267,216.7831995487213,217.05998927354813,217.4078946709633,217.0570804476738,215.1838693022728,217.50785505771637,215.56753408908844,218.21659815311432,218.03804421424866
-172,216.67932230234146,217.88274323940277,216.67932230234146,217.88274323940277,217.8782707452774,215.10079658031464,213.64863973855972,216.64018040895462,217.02332758903503,214.49891817569733,216.8107717037201,216.7847616672516,216.9688475728035,217.31919115781784,217.01586401462555,215.18365454673767,217.44103014469147,215.45190554857254,218.23798102140427,217.99062806367874
-171,216.6236572265625,217.84807968139648,216.6236572265625,217.84807968139648,217.84356498718262,215.1282884478569,213.60851907730103,216.58210748434067,216.99983257055283,214.45876133441925,216.72993087768555,216.79676455259323,216.88215970993042,217.23265898227692,216.97170943021774,215.165020942688,217.38091373443604,215.33939480781555,218.2595775127411,217.95005309581757
-170,216.5642205476761,217.81405466794968,216.5642205476761,217.81405466794968,217.8164097070694,215.16350257396698,213.5740538239479,216.51415038108826,216.98236787319183,214.43176060914993,216.65843671560287,216.81897693872452,216.80090177059174,217.1511800289154,216.92430937290192,215.12894195318222,217.32905822992325,215.23086696863174,218.27826976776123,217.91875356435776
-169,216.5041937828064,217.77985334396362,216.5041937828064,217.77985334396362,217.79462921619415,215.20296835899353,213.54666060209274,216.43391966819763,216.96912199258804,214.41522550582886,216.59661358594894,216.8477566242218,216.72606301307678,217.07791137695312,216.87441730499268,215.0776264667511,217.28574794530869,215.1271047592163,218.2908296585083,217.8968569636345
-168,216.44687622785568,217.74388146400452,216.44687622785568,217.74388146400452,217.77734744548798,215.2442888021469,213.52598810195923,216.33950680494308,216.9587475657463,214.40659487247467,216.5454654097557,216.88020634651184,216.6595162153244,217.0156707763672,216.82361501455307,215.0156373977661,217.252155482769,215.03047740459442,218.29663634300232,217.88283866643906
-167,216.39435201883316,217.70594662427902,216.39435201883316,217.70594662427902,217.7642240524292,215.28572297096252,213.5125511288643,216.22955971956253,216.9503853917122,214.40372586250305,216.5056169629097,216.91417169570923,216.6022539138794,216.9667397737503,216.77243393659592,214.9474172592163,217.22899317741394,214.94383764266968,218.29535293579102,217.87490689754486
-166,216.34764277935028,217.66604882478714,216.34764277935028,217.66604882478714,217.75428420305252,215.32643139362335,213.50611412525177,216.10518407821655,216.9432652592659,214.40594786405563,216.47626090049744,216.94752305746078,216.55509221553802,216.9314147233963,216.72089087963104,214.8766888976097,217.21652257442474,214.86870914697647,218.28724056482315,217.87212920188904
-165,216.30741494894028,217.6250275373459,216.30741494894028,217.6250275373459,217.7466311454773,215.36646896600723,213.50715219974518,215.97167748212814,216.9369294643402,214.41301918029785,216.4559679031372,216.97943079471588,216.51892286539078,216.9094077348709,216.66792076826096,214.80618327856064,217.21360176801682,214.80715519189835,218.2718402147293,217.87373584508896
-164,216.27449464797974,217.58575588464737,216.27449464797974,217.58575588464737,217.74176555871964,215.40557795763016,213.51511883735657,215.83509916067123,216.9318465590477,214.4249713420868,216.4442062973976,217.00950425863266,216.49330937862396,216.90072298049927,216.6138680577278,214.73830842971802,217.21832758188248,214.76035618782043,218.248028755188,217.8794882297516
-163,216.2498698234558,217.5520646572113,216.2498698234558,217.5520646572113,217.74013364315033,215.44229817390442,213.52929615974426,215.70063018798828,216.92867970466614,214.4431101679802,216.43912881612778,217.0381342768669,216.47602832317352,216.90519720315933,216.55808520317078,214.6749484539032,217.22823536396027,214.72711378335953,218.2152629494667,217.88793408870697
-162,216.2336829304695,217.52626341581345,216.2336829304695,217.52626341581345,217.74203675985336,215.47594684362411,213.54885298013687,215.57405012845993,216.92909789085388,214.4685422182083,216.4395569562912,217.0658003091812,216.46495896577835,216.92177319526672,216.501715362072,214.61663258075714,217.24131608009338,214.7058146595955,218.17388224601746,217.8975269794464
-161,216.2255226969719,217.50766599178314,216.2255226969719,217.50766599178314,217.74680751562119,215.50660461187363,213.57297843694687,215.4608218073845,216.9341161251068,214.50170069932938,216.4440143108368,217.0923215150833,216.45833003520966,216.9483563899994,216.4461972117424,214.56359660625458,217.25631260871887,214.6921084523201,218.12418293952942,217.90660500526428
-160,216.22430288791656,217.49452871084213,216.22430288791656,217.49452871084213,217.75342285633087,215.53393757343292,213.60024863481522,215.3658371567726,216.94233125448227,214.54281306266785,216.4498701095581,217.11693769693375,216.45546358823776,216.98272162675858,216.3933830857277,214.51534986495972,217.27203279733658,214.68185412883759,218.06749641895294,217.91438156366348
-159,216.22867113351822,217.48564755916595,216.22867113351822,217.48564755916595,217.76051384210587,215.55680572986603,213.62926310300827,215.29215615987778,216.95273065567017,214.59183728694916,216.45522093772888,217.13917660713196,216.4557265639305,217.02145993709564,216.34586489200592,214.47166895866394,217.28679645061493,214.67214733362198,218.00544273853302,217.92035204172134
-158,216.23650604486465,217.48026847839355,216.23650604486465,217.48026847839355,217.76723217964172,215.5745587348938,213.65866231918335,215.2409501671791,216.96533674001694,214.64812970161438,216.45848435163498,217.15818470716476,216.45730644464493,217.06060284376144,216.30561316013336,214.43258559703827,217.298757314682,214.66140681505203,217.9394874572754,217.92347997426987
-157,216.24569445848465,217.4786012172699,216.24569445848465,217.4786012172699,217.77303844690323,215.58724164962769,213.68700659275055,215.21193873882294,216.98046213388443,214.71075081825256,216.45822674036026,217.17354661226273,216.45816695690155,217.09740018844604,216.27396953105927,214.3990280032158,217.30748796463013,214.64917242527008,217.87168818712234,217.92305439710617
-156,216.25385117530823,217.48098450899124,216.25385117530823,217.48098450899124,217.77769058942795,215.59570664167404,213.71398305892944,215.2044050693512,216.99754929542542,214.7794245481491,216.45416581630707,217.18518018722534,216.4568892121315,217.1307017803192,216.25206249952316,214.3719711303711,217.3132900595665,214.6353735923767,217.80728006362915,217.91865307092667
-155,216.25864827632904,217.48636150360107,216.25864827632904,217.48636150360107,217.78131556510925,215.60239470005035,213.73970013856888,215.21699517965317,217.01563823223114,214.8534380197525,216.44723469018936,217.19301730394363,216.45196455717087,217.16029447317123,216.23996609449387,214.35332649946213,217.3166068792343,214.62009459733963,217.74945783615112,217.91044974327087
-154,216.2577906847,217.49321794509888,216.2577906847,217.49321794509888,217.78389966487885,215.60763067007065,213.7642462849617,215.24743217229843,217.03424453735352,214.93093079328537,216.4391382932663,217.19776225090027,216.4431683421135,217.1885855793953,216.23758733272552,214.3444945216179,217.31760209798813,214.60422283411026,217.69953751564026,217.89874643087387
-153,216.24909281730652,217.5012465119362,216.24909281730652,217.5012465119362,217.78560191392899,215.61128789186478,213.78709197044373,215.2916009426117,217.05325281620026,215.0086885690689,216.43012553453445,217.19982743263245,216.4313099384308,217.21630024909973,216.24498403072357,214.34603869915009,217.31667345762253,214.5890153646469,217.65754187107086,217.8847319483757
-152,216.23107808828354,217.51014041900635,216.23107808828354,217.51014041900635,217.78614276647568,215.6127673983574,213.80755418539047,215.34427970647812,217.07203209400177,215.08481937646866,216.4202527999878,217.19943022727966,216.41753834486008,217.2428714632988,216.2612228989601,214.35736513137817,217.3144338130951,214.57576715946198,217.62286573648453,217.87043207883835
-151,216.203249335289,217.51977986097336,216.203249335289,217.51977986097336,217.78487819433212,215.6117176413536,213.8241360783577,215.40034651756287,217.08951151371002,215.15794909000397,216.40910822153091,217.19650012254715,216.40307015180588,217.26689952611923,216.2848383784294,214.37766647338867,217.31185162067413,214.56616121530533,217.59507244825363,217.85746955871582
-150,216.16536045074463,217.5305552482605,216.16536045074463,217.5305552482605,217.78184551000595,215.60788971185684,213.83570337295532,215.45578014850616,217.10389828681946,215.2262299656868,216.39654725790024,217.19135236740112,216.3872858285904,217.28800135850906,216.3145307302475,214.4065255522728,217.31011021137238,214.56187814474106,217.57392901182175,217.84659653902054
-149,216.11857551336288,217.54230374097824,216.11857551336288,217.54230374097824,217.77852421998978,215.6012962460518,213.84163653850555,215.50688582658768,217.1146429181099,215.28772032260895,216.38293904066086,217.18409395217896,216.37007856369019,217.30600035190582,216.34837174415588,214.44200855493546,217.31089198589325,214.5638799071312,217.5581612586975,217.83803063631058
-148,216.06473195552826,217.5552806854248,216.06473195552826,217.5552806854248,217.77547097206116,215.59305107593536,213.84178072214127,215.55191379785538,217.12177401781082,215.3417510986328,216.36921268701553,217.17552089691162,216.3517399430275,217.32002645730972,216.3842107653618,214.48130452632904,217.3157104253769,214.5719147324562,217.5459262728691,217.83172661066055
-147,216.0064188838005,217.56886732578278,216.0064188838005,217.56886732578278,217.77228492498398,215.5840591788292,213.83644127845764,215.59094500541687,217.12531447410583,215.38792771100998,216.35622024536133,217.16613936424255,216.3328213095665,217.32985490560532,216.42007982730865,214.52157980203629,217.325353205204,214.58544671535492,217.5360750555992,217.8274314403534
-146,215.946444272995,217.58206522464752,215.946444272995,217.58206522464752,217.76845389604568,215.5756196975708,213.8259859085083,215.6247123479843,217.12528145313263,215.42662292718887,216.3436842560768,217.15566009283066,216.31365180015564,217.33610624074936,216.4543098807335,214.56094175577164,217.33873826265335,214.60327869653702,217.5292398929596,217.82412707805634
-145,215.88748371601105,217.59474670886993,215.88748371601105,217.59474670886993,217.7627425789833,215.56931453943253,213.81112295389175,215.655087351799,217.12087416648865,215.4585244655609,216.33179384469986,217.14395534992218,216.29520040750504,217.33927035331726,216.48584884405136,214.59728199243546,217.35447812080383,214.62417370080948,217.52668631076813,217.8201246857643
-144,215.83254772424698,217.6071097254753,215.83254772424698,217.6071097254753,217.7537933588028,215.56566911935806,213.79207408428192,215.6829735636711,217.1113161444664,215.48461532592773,216.32063615322113,217.13103038072586,216.2787220478058,217.3402287364006,216.51401782035828,214.62906736135483,217.370958507061,214.64779382944107,217.5292962193489,217.81447911262512
-143,215.7850923538208,217.61959397792816,215.7850923538208,217.61959397792816,217.74083006381989,215.5638837814331,213.7693528532982,215.70875000953674,217.09641230106354,215.50516313314438,216.31082671880722,217.11735045909882,216.26527327299118,217.33982050418854,216.53877234458923,214.65556859970093,217.38643062114716,214.67276829481125,217.5380848646164,217.8065270781517
-142,215.74791902303696,217.63244235515594,215.74791902303696,217.63244235515594,217.72408521175385,215.56289112567902,213.744851231575,215.73311686515808,217.076205432415,215.51996409893036,216.3033316731453,217.10299503803253,216.25565153360367,217.33876609802246,216.56084382534027,214.67650842666626,217.39935499429703,214.69725781679153,217.55352234840393,217.79601329565048
-141,215.72209292650223,217.6456614136696,215.72209292650223,217.6456614136696,217.70399338006973,215.56211084127426,213.72006630897522,215.75549739599228,217.05059379339218,215.5284599661827,216.29907643795013,217.08812427520752,216.2496777176857,217.33730059862137,216.58093708753586,214.6924206018448,217.4090574979782,214.7204887866974,217.57584643363953,217.78237235546112
-140,215.70753568410873,217.6592457294464,215.70753568410873,217.6592457294464,217.6806902885437,215.56234908103943,213.6967260837555,215.77557188272476,217.02030646800995,215.53009444475174,216.29919308423996,217.072684943676,216.24770188331604,217.3352957367897,216.59965181350708,214.70451438426971,217.4156732559204,214.74276345968246,217.6051014661789,217.76599711179733
-139,215.70297187566757,217.67317175865173,215.70297187566757,217.67317175865173,217.65502548217773,215.56350880861282,213.67665475606918,215.7936499118805,216.9868066906929,215.52531027793884,216.304985165596,217.0568916797638,216.25005143880844,217.33259123563766,216.61742448806763,214.71435397863388,217.41975170373917,214.7641732096672,217.64106267690659,217.74783790111542
-138,215.70529770851135,217.68649131059647,215.70529770851135,217.68649131059647,217.62828689813614,215.56617230176926,213.66121172904968,215.810626745224,216.9506977200508,215.51501375436783,216.31747156381607,217.04041093587875,216.25578051805496,217.3298493027687,216.6341409087181,214.72408109903336,217.42217236757278,214.78572207689285,217.68339627981186,217.72935044765472
-137,215.71175318956375,217.69780296087265,215.71175318956375,217.69780296087265,217.60176730155945,215.57114964723587,213.65097832679749,215.82704240083694,216.91285890340805,215.50117671489716,216.33690494298935,217.02317798137665,216.26385879516602,217.32798194885254,216.65014499425888,214.73520386219025,217.4239126443863,214.8072348833084,217.73132646083832,217.71248066425323
-136,215.7198652625084,217.70550268888474,215.7198652625084,217.70550268888474,217.57720124721527,215.57884472608566,213.64597141742706,215.84368646144867,216.8737490773201,215.48586934804916,216.3633628487587,217.0052153468132,216.27321875095367,217.32786214351654,216.6666914820671,214.7481513619423,217.4254725575447,214.82828974723816,217.78402000665665,217.69832062721252
-135,215.72797012329102,217.7088383436203,215.72797012329102,217.7088383436203,217.55655348300934,215.58929359912872,213.64593559503555,215.86143171787262,216.83308678865433,215.46998286247253,216.39644992351532,216.98710882663727,216.28323411941528,217.33038520812988,216.68467605113983,214.76291465759277,217.42731302976608,214.8488494157791,217.84093701839447,217.6872895359993
-134,215.73483407497406,217.70732879638672,215.73483407497406,217.70732879638672,217.54109233617783,215.60176557302475,213.65055286884308,215.88083797693253,216.79061257839203,215.45407205820084,216.43505561351776,216.97033554315567,216.29344671964645,217.33620685338974,216.704614341259,214.7784425020218,217.42939180135727,214.86951231956482,217.9013610482216,217.67976462841034
-133,215.74020791053772,217.70066553354263,215.74020791053772,217.70066553354263,217.53126579523087,215.61543649435043,213.65876591205597,215.9017015695572,216.74662017822266,215.43892812728882,216.47825717926025,216.95593881607056,216.30325400829315,217.34558200836182,216.7267223596573,214.79332441091537,217.43114137649536,214.89071398973465,217.96356523036957,217.67610448598862
-132,215.7448005080223,217.68865597248077,215.7448005080223,217.68865597248077,217.52692651748657,215.62900513410568,213.66949343681335,215.92341178655624,216.70251488685608,215.42513573169708,216.52542108297348,216.94482731819153,216.31247168779373,217.35786777734756,216.75079715251923,214.80706131458282,217.43213725090027,214.9126587510109,218.02566385269165,217.6764874458313
-131,215.7496292591095,217.67163252830505,215.7496292591095,217.67163252830505,217.52695214748383,215.64108592271805,213.68288552761078,215.94586998224258,216.66042083501816,215.4129986166954,216.57557368278503,216.9378845691681,216.32156193256378,217.3716207742691,216.77649760246277,214.81921690702438,217.43154919147491,214.93571132421494,218.0857138633728,217.68132305145264
-130,215.75567722320557,217.65031307935715,215.75567722320557,217.65031307935715,217.53049331903458,215.65058934688568,213.69931155443192,215.96939086914062,216.62236046791077,215.40312039852142,216.6269646883011,216.9349009990692,216.33126151561737,217.3857878446579,216.80354130268097,214.83039432764053,217.4287856221199,214.95977824926376,218.14207357168198,217.6904416680336
-129,215.76358538866043,217.6263867020607,215.76358538866043,217.6263867020607,217.5365628004074,215.65703946352005,213.7188847064972,215.99369484186172,216.5904585123062,215.39613020420074,216.67779844999313,216.9343847632408,216.34189558029175,217.39933466911316,216.8317592740059,214.84142357110977,217.4231412410736,214.98398798704147,218.1936821937561,217.70321714878082
-128,215.77412337064743,217.602181494236,215.77412337064743,217.602181494236,217.54436707496643,215.6598504781723,213.74138790369034,216.0182956457138,216.56623262166977,215.39189165830612,216.72597110271454,216.9347152709961,216.35399895906448,217.41121208667755,216.86126905679703,214.85381269454956,217.4139320254326,215.0071592926979,218.23982840776443,217.7186644077301
-127,215.78830987215042,217.5795894265175,215.78830987215042,217.5795894265175,217.55372285842896,215.659144282341,213.766030728817,216.04330348968506,216.55001282691956,215.39021158218384,216.7690034508705,216.93395322561264,216.36745983362198,217.42144680023193,216.89224684238434,214.86826479434967,217.40075540542603,215.02821666002274,218.28008168935776,217.73572635650635
-126,215.80686712265015,217.56009531021118,215.80686712265015,217.56009531021118,217.56440329551697,215.65501153469086,213.79262965917587,216.0693215727806,216.54131323099136,215.3900637626648,216.80448508262634,216.93031775951385,216.38228863477707,217.43007636070251,216.92457121610641,214.88489872217178,217.38353389501572,215.04615199565887,218.31397253274918,217.75384867191315
-125,215.82955121994019,217.54460906982422,215.82955121994019,217.54460906982422,217.57597541809082,215.6474967598915,213.82100796699524,216.09570854902267,216.53913533687592,215.3904864192009,216.83134084939957,216.92214286327362,216.39874362945557,217.43683886528015,216.95787715911865,214.90388053655624,217.36204129457474,215.0608559846878,218.3416064977646,217.77252733707428
-124,215.85535043478012,217.53363406658173,215.85535043478012,217.53363406658173,217.58876913785934,215.63738375902176,213.8515540957451,216.12175351381302,216.54284340143204,215.39063894748688,216.84929764270782,216.90870821475983,216.41712200641632,217.44140255451202,216.99155670404434,214.92498928308487,217.33641052246094,215.07248294353485,218.36347478628159,217.79213857650757
-123,215.88317918777466,217.52745634317398,215.88317918777466,217.52745634317398,217.60303527116776,215.62616235017776,213.883984208107,216.14674597978592,216.5520223379135,215.38969385623932,216.8582665324211,216.89045935869217,216.4382348060608,217.44360774755478,217.02478152513504,214.94729441404343,217.30812817811966,215.0810956954956,218.37995892763138,217.81305360794067
-122,215.91338592767715,217.52646124362946,215.91338592767715,217.52646124362946,217.619214117527,215.61571127176285,213.9176483154297,216.170048058033,216.56648564338684,215.38731801509857,216.8584384918213,216.86860239505768,216.46261340379715,217.44357651472092,217.05665934085846,214.97004801034927,217.27898961305618,215.08708500862122,218.39121162891388,217.8358935713768
-121,215.94650161266327,217.53074753284454,215.94650161266327,217.53074753284454,217.63692772388458,215.60754483938217,213.9519646167755,216.19178181886673,216.58655858039856,215.38397151231766,216.85022062063217,216.84490025043488,216.49019306898117,217.44173455238342,217.08607685565948,214.99256789684296,217.25029438734055,215.09028083086014,218.3970244526863,217.86121904850006
-120,215.9826990365982,217.54021364450455,215.9826990365982,217.54021364450455,217.65577399730682,215.60282170772552,213.98620516061783,216.21204298734665,216.6122938990593,215.38067024946213,216.8337254524231,216.82070499658585,216.5204859972,217.4388279914856,217.11220979690552,215.0144486427307,217.22280991077423,215.09020549058914,218.3980306982994,217.88941448926926
-119,216.02228862047195,217.55432331562042,216.02228862047195,217.55432331562042,217.67566686868668,215.60226327180862,214.01919120550156,216.23105537891388,216.64349395036697,215.37872624397278,216.80952042341232,216.7966023683548,216.5527422428131,217.4356416463852,217.13476091623306,215.0350819826126,217.19751846790314,215.08626610040665,218.3952893614769,217.92048782110214
-118,216.06548589468002,217.57227784395218,216.06548589468002,217.57227784395218,217.69664162397385,215.60636603832245,214.0497915148735,216.24885535240173,216.67951875925064,215.37906152009964,216.77819365262985,216.77297794818878,216.58629125356674,217.43299907445908,217.15428483486176,215.0542575120926,217.17509001493454,215.07858729362488,218.38991862535477,217.9537683725357
-117,216.11171746253967,217.59313094615936,216.11171746253967,217.59313094615936,217.71796119213104,215.61431378126144,214.077472448349,216.26514613628387,216.71946144104004,215.38278585672379,216.7400614619255,216.7501345872879,216.61995977163315,217.43112927675247,217.17159056663513,215.07139885425568,217.15666109323502,215.06843614578247,218.38306599855423,217.98855817317963
-116,216.15915673971176,217.61606377363205,216.15915673971176,217.61606377363205,217.7395457625389,215.62419074773788,214.10270655155182,216.2801605463028,216.76219099760056,215.3907985687256,216.6954460144043,216.72864133119583,216.65280932188034,217.42967742681503,217.18736684322357,215.08622288703918,217.1430293917656,215.0580188035965,218.3759297132492,218.02434074878693
-115,216.2058004140854,217.63937842845917,216.2058004140854,217.63937842845917,217.76228445768356,215.6335518360138,214.12636202573776,216.2943281531334,216.80624639987946,215.40288829803467,216.6447685956955,216.7092568874359,216.6838630437851,217.42813110351562,217.2027050256729,215.0991044640541,217.13439112901688,215.04949098825455,218.36962974071503,218.06034809350967
-114,216.24999803304672,217.66139715909958,216.24999803304672,217.66139715909958,217.78657245635986,215.64062386751175,214.14892238378525,216.30785501003265,216.85008347034454,215.41807317733765,216.58919423818588,216.69284570217133,216.7116854786873,217.42616194486618,217.21849727630615,215.11141681671143,217.13071656227112,215.04431247711182,218.36507445573807,218.0949261188507
-113,216.29021733999252,217.68106377124786,216.29021733999252,217.68106377124786,217.81204968690872,215.64418065547943,214.17092418670654,216.32114380598068,216.8930412530899,215.43552845716476,216.53009641170502,216.6801257133484,216.73487782478333,217.42320173978806,217.23538249731064,215.1238969564438,217.13179045915604,215.04329991340637,218.3628233075142,218.1267597079277
-112,216.3250104188919,217.69792693853378,216.3250104188919,217.69792693853378,217.83810877799988,215.64402431249619,214.1928848028183,216.33453911542892,216.93491172790527,215.4550206065178,216.46932369470596,216.6717852950096,216.75268524885178,217.4181797504425,217.25384712219238,215.13703685998917,217.13720935583115,215.0463326573372,218.3630891442299,218.15531516075134
-111,216.3533462882042,217.713716506958,216.3533462882042,217.713716506958,217.86370730400085,215.64077639579773,214.21474313735962,216.34861153364182,216.9750828742981,215.47655153274536,216.4093189239502,216.6679140329361,216.7649627327919,217.41007095575333,217.27424430847168,215.15058422088623,217.14635914564133,215.05296343564987,218.36526131629944,218.180370926857
-110,216.37470215559006,217.72976726293564,216.37470215559006,217.72976726293564,217.8881994485855,215.6355865597725,214.23570603132248,216.3639554977417,217.01307600736618,215.49984937906265,216.3523227572441,216.66817766427994,216.77170324325562,217.39844870567322,217.29632091522217,215.16373032331467,217.15849488973618,215.06258565187454,218.36840546131134,218.2019619345665
-109,216.38896429538727,217.74685978889465,216.38896429538727,217.74685978889465,217.9110730290413,215.63008350133896,214.2551525235176,216.38098639249802,217.04904770851135,215.52483767271042,216.3000568151474,216.6721841096878,216.7730234861374,217.38347071409225,217.32014119625092,215.17574697732925,217.1729788184166,215.07452738285065,218.37149721384048,218.21948665380478
-108,216.39600986242294,217.76563477516174,216.39600986242294,217.76563477516174,217.93194210529327,215.62553769350052,214.2729331254959,216.39933276176453,217.08354663848877,215.55171167850494,216.25348043441772,216.67988801002502,216.76946932077408,217.36603206396103,217.34590983390808,215.18609297275543,217.18972390890121,215.08881264925003,218.37411111593246,218.2327629327774
-107,216.39632803201675,217.786969602108,216.39632803201675,217.786969602108,217.9502626657486,215.62224406003952,214.28970408439636,216.4183184504509,217.11698484420776,215.57975804805756,216.2130874991417,216.69191747903824,216.76210868358612,217.34715884923935,217.37307715415955,215.19451367855072,217.20859563350677,215.10573881864548,218.37607169151306,218.2417374253273
-106,216.3910375237465,217.81069487333298,216.3910375237465,217.81069487333298,217.9655612707138,215.62043917179108,214.30658650398254,216.4371606707573,217.14897936582565,215.60726910829544,216.17992943525314,216.7085058093071,216.75215023756027,217.3274269104004,217.40027689933777,215.2009716629982,217.22958010435104,215.12610793113708,218.37772446870804,218.2463942170143
-105,216.38218289613724,217.83582824468613,216.38218289613724,217.83582824468613,217.9782419204712,215.61976259946823,214.3248040676117,216.45464169979095,217.17857640981674,215.63241279125214,216.1558176279068,216.72904187440872,216.7409017086029,217.30786418914795,217.42618495225906,215.2056307196617,217.2526124715805,215.1507574915886,218.37971806526184,218.2468039393425
-104,216.37207984924316,217.86097145080566,216.37207984924316,217.86097145080566,217.98926311731339,215.6199293732643,214.3454202413559,216.46931606531143,217.20517671108246,215.6548610329628,216.14176684617996,216.75289571285248,216.729630112648,217.28986060619354,217.4498866200447,215.20911240577698,217.2773854136467,215.18027567863464,218.3825040459633,218.24355894327164
-103,216.3631236553192,217.88503366708755,216.3631236553192,217.88503366708755,218.00000435113907,215.61995589733124,214.36898130178452,216.47934329509735,217.22796112298965,215.67475128173828,216.1386736035347,216.7798085808754,216.7190203666687,217.27460765838623,217.47077691555023,215.21297132968903,217.30381536483765,215.21412128210068,218.38629114627838,218.23787611722946
-102,216.35708677768707,217.90645492076874,216.35708677768707,217.90645492076874,218.01156342029572,215.61856889724731,214.39586573839188,216.48367530107498,217.24538415670395,215.69233924150467,216.1461797952652,216.80947542190552,216.7094006538391,217.26321405172348,217.4892914891243,215.21942442655563,217.33125233650208,215.2515464425087,218.39089357852936,218.23131209611893
-101,216.35500955581665,217.92365020513535,216.35500955581665,217.92365020513535,218.02491080760956,215.6144562959671,214.42658913135529,216.48169726133347,217.25631260871887,215.7080517411232,216.16242229938507,216.84154623746872,216.70083725452423,217.25701636075974,217.50563365221024,215.2298863530159,217.35952866077423,215.2918666601181,218.39619332551956,218.22492557764053
-100,216.3572918176651,217.93560087680817,216.3572918176651,217.93560087680817,218.04029619693756,215.607767701149,214.46113181114197,216.47335547208786,217.2605916261673,215.72170913219452,216.1850380897522,216.87637466192245,216.69358146190643,217.25725877285004,217.51945680379868,215.24415212869644,217.38854944705963,215.3339718580246,218.40220034122467,218.2194452881813
-99,216.3639816045761,217.9419378042221,216.3639816045761,217.9419378042221,218.05768781900406,215.5991525053978,214.49909323453903,216.459139585495,217.25847733020782,215.73345082998276,216.21157610416412,216.91447687149048,216.68797141313553,217.2644698023796,217.53063768148422,215.26229590177536,217.41744804382324,215.3766894340515,218.40845829248428,218.21508485078812
-98,216.3748561143875,217.9424319267273,216.3748561143875,217.9424319267273,218.07675045728683,215.58931976556778,214.53945457935333,216.44008880853653,217.25097221136093,215.7433928847313,216.2404163479805,216.9559350013733,216.68381452560425,217.27837765216827,217.5392962694168,215.28472018241882,217.44548082351685,215.4191821217537,218.41368156671524,218.21172106266022
-97,216.3893347978592,217.937013566494,216.3893347978592,217.937013566494,218.09661954641342,215.57838904857635,214.58028900623322,216.41814804077148,217.23973554372787,215.75148087739944,216.27046120166779,217.0002167224884,216.6809167265892,217.2981081008911,217.54550403356552,215.31144380569458,217.4720179438591,215.46114087104797,218.41709554195404,218.20931160449982
-96,216.40571016073227,217.92586183547974,216.40571016073227,217.92586183547974,218.1159034371376,215.56683951616287,214.61878699064255,216.395652115345,217.22663193941116,215.75770860910416,216.30041390657425,217.04586619138718,216.67904114723206,217.32238334417343,217.54902064800262,215.3426415324211,217.49700796604156,215.50119864940643,218.41866153478622,218.20777368545532
-95,216.42174571752548,217.9093335866928,216.42174571752548,217.9093335866928,218.13330566883087,215.55595922470093,214.6521582007408,216.37483471632004,217.2135387659073,215.76216101646423,216.3287836909294,217.0909680724144,216.67786276340485,217.3501491546631,217.5504568219185,215.37884879112244,217.52022111415863,215.53797507286072,218.41844588518143,218.2073158621788
-94,216.43563038110733,217.88840770721436,216.43563038110733,217.88840770721436,218.1481170654297,215.5472251176834,214.67790108919144,216.3561532497406,217.20137530565262,215.76507645845413,216.3549923300743,217.13397240638733,216.67682588100433,217.38084250688553,217.5511080622673,215.41992104053497,217.54110687971115,215.5703206062317,218.41667342185974,218.20809322595596
-93,216.44645935297012,217.8645842075348,216.44645935297012,217.8645842075348,218.1602208018303,215.5414393544197,214.69398123025894,216.34000462293625,217.19025659561157,215.7667680978775,216.37840938568115,217.17320507764816,216.6754029393196,217.41386538743973,217.55185264348984,215.46503728628159,217.55929720401764,215.59636038541794,218.41386687755585,218.21028524637222
-92,216.45364809036255,217.8392812013626,216.45364809036255,217.8392812013626,218.16962987184525,215.53910499811172,214.70006263256073,216.32664275169373,217.17993307113647,215.76722013950348,216.39898663759232,217.20735359191895,216.67354571819305,217.44850140810013,217.55283153057098,215.5123369693756,217.57423627376556,215.61561226844788,218.4108372926712,218.21360766887665
-91,216.457077562809,217.81405156850815,216.457077562809,217.81405156850815,218.17684149742126,215.54085493087769,214.69734823703766,216.31620931625366,217.17000079154968,215.766743183136,216.41587752103806,217.23548811674118,216.6714483499527,217.4839398264885,217.55359292030334,215.5591431260109,217.5851429104805,215.62903851270676,218.40830850601196,218.21742463111877
-90,216.45730251073837,217.79072225093842,216.45730251073837,217.79072225093842,218.1822002530098,215.5471252799034,214.68737518787384,216.30872911214828,217.15955406427383,215.76611232757568,216.42834961414337,217.25717747211456,216.6696440577507,217.51936358213425,217.55342584848404,215.60252237319946,217.5916565656662,215.63760423660278,218.4067497253418,218.2209753394127
-89,216.4549897313118,217.77107578516006,216.4549897313118,217.77107578516006,218.18574553728104,215.55809193849564,214.67328065633774,216.30424457788467,217.14794033765793,215.766459107399,216.43642264604568,217.27226400375366,216.66851246356964,217.55429488420486,217.55131071805954,215.64047068357468,217.59343457221985,215.64277964830399,218.40673518180847,218.22372430562973
-88,216.45088386535645,217.75650763511658,216.45088386535645,217.75650763511658,218.1876943707466,215.57361954450607,214.6580582857132,216.3028838634491,217.13496536016464,215.76853477954865,216.4408774971962,217.28102672100067,216.66819483041763,217.58831369876862,217.54611402750015,215.6720609664917,217.5902779698372,215.64606350660324,218.4088426232338,218.22548919916153
-87,216.44577544927597,217.74750632047653,216.44577544927597,217.74750632047653,218.1886755824089,215.5925987958908,214.64521783590317,216.30408573150635,217.1207630634308,215.77293610572815,216.44252437353134,217.2842351794243,216.66865372657776,217.62060791254044,217.53720378875732,215.69691282510757,217.58317440748215,215.64768838882446,218.41346508264542,218.2261757850647
-86,216.44072461128235,217.74406814575195,216.44072461128235,217.74406814575195,218.18913102149963,215.61395287513733,214.6371477842331,216.30708038806915,217.1061138510704,215.77910965681076,216.44239896535873,217.2827000617981,216.66973984241486,217.6501926779747,217.52428930997849,215.71448397636414,217.5733317732811,215.64721035957336,218.42043673992157,218.2261479496956
-85,216.4369347691536,217.74616473913193,216.4369347691536,217.74616473913193,218.18937408924103,215.63701927661896,214.63541316986084,216.31228762865067,217.09200817346573,215.78589606285095,216.4415209889412,217.27750086784363,216.67141789197922,217.67640179395676,217.50742554664612,215.72373646497726,217.5623037815094,215.6441587805748,218.4290325641632,218.22598373889923
-84,216.435233771801,217.7537326812744,216.435233771801,217.7537326812744,218.189537525177,215.66093581914902,214.64089804887772,216.32015055418015,217.07907366752625,215.79321318864822,216.44046223163605,217.27005261182785,216.67350643873215,217.6990800499916,217.48707842826843,215.72386527061462,217.55195605754852,215.637919485569,218.4386025071144,218.2260714173317
-83,216.43643951416016,217.76609539985657,216.43643951416016,217.76609539985657,218.1894142627716,215.68486166000366,214.65377044677734,216.3307963013649,217.0677495598793,215.8004932999611,216.43952906131744,217.26129013299942,216.675106883049,217.71820038557053,217.4634985923767,215.71493184566498,217.54397571086884,215.6282835006714,218.44853764772415,218.22685825824738
-82,216.44129693508148,217.78231835365295,216.44129693508148,217.78231835365295,218.18890923261642,215.70835942029953,214.67332309484482,216.34451597929,217.05875784158707,215.8071095943451,216.43877005577087,217.25167620182037,216.6759541630745,217.73366355895996,217.43695098161697,215.69741106033325,217.53985053300858,215.6161294579506,218.4582639336586,218.22893953323364
-81,216.45030903816223,217.80159866809845,216.45030903816223,217.80159866809845,218.18794357776642,215.7311698794365,214.69823151826859,216.36099296808243,217.05257827043533,215.81212306022644,216.43794471025467,217.24196135997772,216.6763338446617,217.74551665782928,217.4082065820694,215.67195403575897,217.5409699678421,215.60255551338196,218.4668065905571,218.2332661151886
-80,216.4635795354843,217.82327502965927,216.4635795354843,217.82327502965927,218.18635666370392,215.7531145811081,214.72585713863373,216.37902188301086,217.0496889948845,215.81486922502518,216.43620389699936,217.23311471939087,216.67697513103485,217.75396490097046,217.37837421894073,215.63999319076538,217.54786854982376,215.58885771036148,218.47336661815643,218.24076503515244
-79,216.48062229156494,217.84695369005203,216.48062229156494,217.84695369005203,218.18415158987045,215.77403384447098,214.7532331943512,216.39750295877457,217.05007737874985,215.81586980819702,216.432892203331,217.22582864761353,216.67858803272247,217.7593839764595,217.3487046957016,215.603839635849,217.56041532754898,215.57646524906158,218.4779424071312,218.25168591737747
-78,216.50021159648895,217.87222760915756,216.50021159648895,217.87222760915756,218.18132948875427,215.7938607931137,214.77749294042587,216.4157117009163,217.05339163541794,215.81639140844345,216.42806601524353,217.22097599506378,216.68158787488937,217.76201397180557,217.3201567530632,215.56616646051407,217.57806903123856,215.56668907403946,218.48078566789627,218.2653855085373
-77,216.52094465494156,217.89828610420227,216.52094465494156,217.89828610420227,218.1779979467392,215.8124367594719,214.79692363739014,216.4329286813736,217.0588402748108,215.8179698586464,216.42242068052292,217.21884441375732,216.6861657500267,217.761880338192,217.29357385635376,215.5293340086937,217.60020810365677,215.56005346775055,218.4823107123375,218.28117138147354
-76,216.54172432422638,217.92417061328888,216.54172432422638,217.92417061328888,218.1746541261673,215.8293913602829,214.81125169992447,216.4484441280365,217.06546384096146,215.82217621803284,216.416758954525,217.21922141313553,216.69251930713654,217.75898039340973,217.269672870636,215.4956053495407,217.6256353855133,215.5567827820778,218.48289722204208,218.29846054315567
-75,216.56239926815033,217.94873315095901,216.56239926815033,217.94873315095901,218.1719709634781,215.84390771389008,214.82105976343155,216.4616909623146,217.0722455382347,215.83025467395782,216.41163736581802,217.22168862819672,216.70047217607498,217.75336402654648,217.24891662597656,215.46696603298187,217.6528872847557,215.5572354197502,218.48257821798325,218.31648981571198
-74,216.58319407701492,217.97121822834015,216.58319407701492,217.97121822834015,218.17058312892914,215.8552251458168,214.82720410823822,216.47236734628677,217.07814300060272,215.84338176250458,216.40782344341278,217.22613817453384,216.70995390415192,217.7453345656395,217.23155748844147,215.44506359100342,217.68027293682098,215.56158810853958,218.4815982580185,218.33451515436172
-73,216.60425823926926,217.99131780862808,216.60425823926926,217.99131780862808,218.17070239782333,215.86268013715744,214.83071964979172,216.48081225156784,217.08244967460632,215.86260801553726,216.40564042329788,217.2323015332222,216.72079348564148,217.73552024364471,217.21787935495377,215.43106818199158,217.70597100257874,215.56990092992783,218.48013561964035,218.3518054485321
-72,216.62547874450684,218.0093080997467,216.62547874450684,218.0093080997467,218.17200100421906,215.86583787202835,214.83277070522308,216.48789584636688,217.0848999619484,215.88829338550568,216.4048924446106,217.23973071575165,216.73265159130096,217.72482806444168,217.20768189430237,215.42516338825226,217.72808450460434,215.58202666044235,218.47847962379456,218.36766082048416
-71,216.64668941497803,218.02572709321976,216.64668941497803,218.02572709321976,218.1737358570099,215.8645462989807,214.83453834056854,216.49425464868546,217.08549171686172,215.92051059007645,216.40546041727066,217.24783438444138,216.7450434565544,217.71457958221436,217.2005476951599,215.42688858509064,217.7448810338974,215.5976538658142,218.47701221704483,218.38150250911713
-70,216.66745764017105,218.04060846567154,216.66745764017105,218.04060846567154,218.17537772655487,215.85914260149002,214.83721405267715,216.5002613067627,217.0846927165985,215.9586433172226,216.40753549337387,217.25615400075912,216.75785505771637,217.7058498263359,217.19611448049545,215.4355195760727,217.7552451491356,215.6163890361786,218.4760257601738,218.39303010702133
-69,216.68726867437363,218.05381190776825,216.68726867437363,218.05381190776825,218.1764214038849,215.85037010908127,214.84171909093857,216.5059529542923,217.08319580554962,216.00181591510773,216.4110063314438,217.26425182819366,216.77107954025269,217.69942104816437,217.19406646490097,215.4498987197876,217.7585216164589,215.63761699199677,218.47570073604584,218.40202432870865
-68,216.70559525489807,218.06536954641342,216.70559525489807,218.06536954641342,218.17646330595016,215.83907371759415,214.84884423017502,216.5112498998642,217.08149474859238,216.04872220754623,216.41532844305038,217.27230662107468,216.78493857383728,217.69556099176407,217.19406986236572,215.46833074092865,217.75430750846863,215.66062861680984,218.4761792421341,218.40815114974976
-67,216.72181409597397,218.0751559138298,216.72181409597397,218.0751559138298,218.17526614665985,215.82637333869934,214.85883861780167,216.51625853776932,217.07988196611404,216.0980263352394,216.4199879169464,217.28082662820816,216.79990088939667,217.69388979673386,217.19600600004196,215.48937970399857,217.7426233291626,215.68457412719727,218.47788339853287,218.41094052791595
-66,216.73521262407303,218.083169400692,216.73521262407303,218.083169400692,218.1730808019638,215.81385558843613,214.87117731571198,216.5213741660118,217.0786371231079,216.14825677871704,216.42464059591293,217.290396630764,216.81613790988922,217.69365721940994,217.19987279176712,215.5114049911499,217.72382575273514,215.7084236741066,218.48162305355072,218.4097592830658
-65,216.7454600930214,218.0890834927559,216.7454600930214,218.0890834927559,218.17034912109375,215.8032667040825,214.88504725694656,216.52732348442078,217.0778305530548,216.19825130701065,216.42912828922272,217.30168616771698,216.83371341228485,217.69397461414337,217.2058765888214,215.53254628181458,217.69843685626984,215.73084390163422,218.48800200223923,218.40381807088852
-64,216.75252038240433,218.09253931045532,216.75252038240433,218.09253931045532,218.16740328073502,215.79597967863083,214.89973908662796,216.53519850969315,217.07737451791763,216.24685895442963,216.43354684114456,217.31523019075394,216.85220474004745,217.69402372837067,217.21413332223892,215.55119842290878,217.66757744550705,215.75068295001984,218.49707168340683,218.3924970626831
-63,216.75645184516907,218.09341323375702,216.75645184516907,218.09341323375702,218.1644259095192,215.79296046495438,214.91513466835022,216.54543113708496,217.0773269534111,216.2930102944374,216.43847995996475,217.33118265867233,216.87111908197403,217.69305700063705,217.22425496578217,215.56626319885254,217.63292491436005,215.76698857545853,218.5083231329918,218.37556731700897
-62,216.75747269392014,218.09198731184006,216.75747269392014,218.09198731184006,218.16140592098236,215.79480302333832,214.93164014816284,216.55782759189606,217.07779270410538,216.33613032102585,216.44506913423538,217.34946590662003,216.88967502117157,217.6905289888382,217.23579037189484,215.57692313194275,217.5962786078453,215.77923035621643,218.52063912153244,218.35349434614182
-61,216.75584250688553,218.08876717090607,216.75584250688553,218.08876717090607,218.15814316272736,215.80144292116165,214.95021384954453,216.57182544469833,217.07896047830582,216.375810444355,216.4536907672882,217.36992466449738,216.90699350833893,217.68601620197296,217.24862271547318,215.58276933431625,217.559372484684,215.78733849525452,218.53296476602554,218.3271123766899
-60,216.7516484260559,218.08403873443604,216.7516484260559,218.08403873443604,218.15429556369781,215.8126820921898,214.97152304649353,216.5866625905037,217.08100712299347,216.41147351264954,216.46427059173584,217.39206916093826,216.92208617925644,217.67962139844894,217.2626103758812,215.5838315486908,217.5238916873932,215.79163891077042,218.5447211265564,218.2976058125496
-59,216.74481558799744,218.07792270183563,216.74481558799744,218.07792270183563,218.14975726604462,215.82857686281204,214.99527841806412,216.6015916466713,217.08412128686905,216.44282066822052,216.4761632680893,217.41480749845505,216.93391460180283,217.6716673374176,217.2776403427124,215.58008641004562,217.4914372563362,215.79236561059952,218.55530005693436,218.26655250787735
-58,216.73557537794113,218.0706503391266,216.73557537794113,218.0706503391266,218.14450979232788,215.84905910491943,215.02061140537262,216.61592441797256,217.08835595846176,216.46981590986252,216.4880846142769,217.43687802553177,216.94180631637573,217.6626490354538,217.29325550794601,215.5717053413391,217.46326982975006,215.78975915908813,218.56390929222107,218.23576748371124
-57,216.7243274450302,218.06245529651642,216.7243274450302,218.06245529651642,218.13835257291794,215.8739207983017,215.04666531085968,216.6294550895691,217.0936563014984,216.4926627278328,216.49889343976974,217.45710670948029,216.94539028406143,217.65332734584808,217.3090502023697,215.55908381938934,217.44014084339142,215.78425800800323,218.56987291574478,218.20690667629242
-56,216.71169483661652,218.05367815494537,216.71169483661652,218.05367815494537,218.13119119405746,215.90266889333725,215.07299464941025,216.64195954799652,217.10020524263382,216.51206803321838,216.50770074129105,217.4743532538414,216.94468051195145,217.6444206237793,217.32499796152115,215.54276907444,217.42239034175873,215.77632761001587,218.5730373263359,218.18165624141693
-55,216.69845288991928,218.04455107450485,216.69845288991928,218.04455107450485,218.12278693914413,215.93449795246124,215.09848552942276,216.65279287099838,217.10823434591293,216.52883410453796,216.51387524604797,217.48749297857285,216.9403197169304,217.63651263713837,217.3409463763237,215.523959338665,217.4099279642105,215.76657885313034,218.57366681098938,218.16159534454346
-54,216.68534755706787,218.03544729948044,216.68534755706787,218.03544729948044,218.1128448843956,215.96826088428497,215.12195885181427,216.66136175394058,217.11799103021622,216.54365134239197,216.51702064275742,217.49568110704422,216.9334869980812,217.62990647554398,217.356603205204,215.50382941961288,217.40243977308273,215.7553601861,218.57220780849457,218.14785242080688
-53,216.6730336546898,218.0266609787941,216.6730336546898,218.0266609787941,218.10127246379852,216.0022121667862,215.14233243465424,216.66717344522476,217.12928718328476,216.55689764022827,216.51707392930984,217.49849253892899,216.92555075883865,217.6244478225708,217.37184941768646,215.48373365402222,217.39990764856339,215.74311763048172,218.56920892000198,218.14104944467545
-52,216.6618664264679,218.01832455396652,216.6618664264679,218.01832455396652,218.0878142118454,216.03447777032852,215.15837520360947,216.66964411735535,217.14165019989014,216.56852251291275,216.5140544772148,217.49555897712708,216.91758608818054,217.61979234218597,217.3864951133728,215.4649208188057,217.40158253908157,215.73011523485184,218.56544059515,218.1409621834755
-51,216.652527987957,218.01057213544846,216.652527987957,218.01057213544846,218.07265400886536,216.06396001577377,215.16909682750702,216.66823840141296,217.15470004081726,216.5777743458748,216.50827461481094,217.48689675331116,216.91031390428543,217.61569410562515,217.40010201931,215.44842147827148,217.40638369321823,215.71645557880402,218.5616164803505,218.14649361371994
-50,216.6453913450241,218.00372403860092,216.6453913450241,218.00372403860092,218.05609679222107,216.0898181796074,215.17409271001816,216.66275036334991,217.1678496003151,216.5839142203331,216.5000203847885,217.4729968905449,216.90427094697952,217.6118735074997,217.412218272686,215.4348109960556,217.41344279050827,215.70223599672318,218.5583860874176,218.15658926963806
-49,216.64082515239716,217.99774503707886,216.64082515239716,217.99774503707886,218.03837138414383,216.11103957891464,215.17348474264145,216.6533010005951,217.18037259578705,216.58638536930084,216.48967373371124,217.45493406057358,216.899527490139,217.60830342769623,217.42231756448746,215.4243735074997,217.42169857025146,215.68711537122726,218.55595803260803,218.170119702816
-48,216.63875371217728,217.99220257997513,216.63875371217728,217.99220257997513,218.02009308338165,216.12702828645706,215.16781198978424,216.6401842236519,217.1914215683937,216.5846529006958,216.4779942035675,217.43433719873428,216.89561647176743,217.60537803173065,217.43005019426346,215.41713148355484,217.4302808046341,215.67106574773788,218.5541868209839,218.18574780225754
-47,216.63900315761566,217.9868208169937,216.63900315761566,217.9868208169937,218.00187492370605,216.13754779100418,215.15756011009216,216.6239229440689,217.20036685466766,216.5782670378685,216.46591240167618,217.41287100315094,216.89148235321045,217.60335725545883,217.43516039848328,215.4128704071045,217.43851083517075,215.65439784526825,218.5527577996254,218.20217818021774
-46,216.64101612567902,217.981279194355,216.64101612567902,217.981279194355,217.98420864343643,216.1431019306183,215.1433516740799,216.60487914085388,217.2067350745201,216.56690245866776,216.45423364639282,217.39209365844727,216.8859714269638,217.6024899482727,217.4374327659607,215.41112178564072,217.44561582803726,215.63743138313293,218.55127030611038,218.21823197603226
-45,216.6443314552307,217.9752196073532,216.6443314552307,217.9752196073532,217.96758645772934,216.14443147182465,215.1259863972664,216.5836359858513,217.2100482583046,216.55080741643906,216.44370180368423,217.3732316493988,216.878084897995,217.60299175977707,217.4367259144783,215.41126364469528,217.4508803486824,215.6209009885788,218.54924845695496,218.23294413089752
-44,216.64866346120834,217.96849298477173,216.64866346120834,217.96849298477173,217.95273864269257,216.14241981506348,215.1062068939209,216.56090086698532,217.20990920066833,216.53086668252945,216.4350105524063,217.35711419582367,216.86753195524216,217.60515654087067,217.43303883075714,215.41263818740845,217.4537768959999,215.60551941394806,218.54644411802292,218.24569261074066
-43,216.6536045074463,217.96150708198547,216.6536045074463,217.96150708198547,217.94009065628052,216.13770574331284,215.08504277467728,216.53720873594284,217.20625686645508,216.50868612527847,216.42843544483185,217.3442280292511,216.85401779413223,217.609316945076,217.42674124240875,215.4146768450737,217.45413202047348,215.5917853116989,218.54277116060257,218.2561920285225
-42,216.65868443250656,217.9549720287323,216.65868443250656,217.9549720287323,217.92967855930328,216.13071793317795,215.0633326768875,216.51291847229004,217.1989545226097,216.48622447252274,216.42410987615585,217.33472114801407,216.83761292696,217.61564880609512,217.4183458685875,215.41662991046906,217.45238542556763,215.5799635052681,218.53817570209503,218.26450765132904
-41,216.663565158844,217.9494907259941,216.663565158844,217.9494907259941,217.9217649102211,216.121351480484,215.04191708564758,216.48844158649445,217.1879169344902,216.46533107757568,216.42206758260727,217.3283331990242,216.81865537166595,217.6242863535881,217.408362865448,215.41759479045868,217.44929194450378,215.57011306285858,218.53269577026367,218.27101707458496
-40,216.6676031947136,217.9455686211586,216.6676031947136,217.9455686211586,217.916701734066,216.10933673381805,215.02151703834534,216.46463012695312,217.1736787557602,216.44775128364563,216.42229253053665,217.3242508172989,216.7978646159172,217.63498467206955,217.39723801612854,215.41647201776505,217.44567209482193,215.56213128566742,218.52640688419342,218.2760170698166
-39,216.67003536224365,217.9434489607811,216.67003536224365,217.9434489607811,217.914357483387,216.09417355060577,215.0027153491974,216.4426555633545,217.157264649868,216.4349217414856,216.4246815443039,217.3217203617096,216.77581411600113,217.64741545915604,217.3854353427887,215.41257053613663,217.44245475530624,215.55591350793839,218.51947623491287,218.27966952323914
-38,216.67011630535126,217.94324308633804,216.67011630535126,217.94324308633804,217.9146202802658,216.0752910375595,214.98599755764008,216.4236347079277,217.13992941379547,216.42795658111572,216.42899763584137,217.31993925571442,216.75295555591583,217.66117429733276,217.3734976053238,215.40548294782639,217.440325319767,215.55141800642014,218.51212751865387,218.28197956085205
-37,216.66726529598236,217.94486409425735,216.66726529598236,217.94486409425735,217.91735935211182,216.05243337154388,214.97170382738113,216.40811294317245,217.1229921579361,216.42773324251175,216.43480306863785,217.31819474697113,216.72977471351624,217.67591190338135,217.3621889948845,215.39576143026352,217.4393134713173,215.54849117994308,218.50476169586182,218.28280574083328
-36,216.66115015745163,217.94824343919754,216.66115015745163,217.94824343919754,217.92228192090988,216.0261229276657,214.95993614196777,216.3959919810295,217.10786259174347,216.4343186020851,216.44170647859573,217.31576418876648,216.70656698942184,217.6912761926651,217.35217082500458,215.3844782114029,217.4396329522133,215.54711854457855,218.49787735939026,218.2821605205536
-35,216.65161383152008,217.95312839746475,216.65161383152008,217.95312839746475,217.92916971445084,215.99692702293396,214.95081943273544,216.38700252771378,217.09567201137543,216.44705468416214,216.44920617341995,217.31210833787918,216.6836621761322,217.70687252283096,217.343816280365,215.372722864151,217.44138419628143,215.54750001430511,218.49188005924225,218.2800875902176
-34,216.63885480165482,217.9593929052353,216.63885480165482,217.9593929052353,217.93790698051453,215.96570056676865,214.94416058063507,216.38076305389404,217.08720982074738,216.4645898938179,216.45666313171387,217.30684381723404,216.66154670715332,217.72247010469437,217.33726942539215,215.3614274263382,217.4443656206131,215.54968804121017,218.48697102069855,218.2767837047577
-33,216.6231672167778,217.9667140841484,216.6231672167778,217.9667140841484,217.94824385643005,215.93358820676804,214.93947261571884,216.37658047676086,217.08315896987915,216.48537707328796,216.46347266435623,217.29975032806396,216.64111280441284,217.7379676103592,217.3323941230774,215.35122072696686,217.44829541444778,215.55360394716263,218.48337560892105,218.27258574962616
-32,216.6053066253662,217.97466325759888,216.6053066253662,217.97466325759888,217.95981401205063,215.90174973011017,214.9364430308342,216.37376064062119,217.0836809873581,216.50756704807281,216.46902990341187,217.29077470302582,216.62297648191452,217.75300949811935,217.32871806621552,215.3422485589981,217.45294731855392,215.559315264225,218.48137080669403,218.26791602373123
-31,216.58619153499603,217.98273539543152,216.58619153499603,217.98273539543152,217.97213107347488,215.87136667966843,214.9346118569374,216.3714012503624,217.08874553442,216.52873581647873,216.47257679700851,217.28011828660965,216.60751950740814,217.7668137550354,217.326001226902,215.33433121442795,217.4584789276123,215.56662952899933,218.4811648130417,218.26312392950058
-30,216.5668836236,217.99034696817398,216.5668836236,217.99034696817398,217.98488438129425,215.84344667196274,214.93393486738205,216.3685600757599,217.09806537628174,216.54685020446777,216.47337824106216,217.26821678876877,216.59554970264435,217.77856171131134,217.32422733306885,215.32700049877167,217.46503108739853,215.5751107931137,218.48290944099426,218.25846165418625
-29,216.54861813783646,217.997110247612,216.54861813783646,217.997110247612,217.9977275133133,215.81891131401062,214.93432366847992,216.36443227529526,217.1109745502472,216.56042450666428,216.4710757136345,217.25558388233185,216.58752620220184,217.7873985171318,217.32325464487076,215.31958919763565,217.47265845537186,215.5844628214836,218.48658990859985,218.25408697128296
-28,216.53226602077484,218.00276416540146,216.53226602077484,218.00276416540146,218.01014310121536,215.79829317331314,214.93557208776474,216.35869413614273,217.12674778699875,216.56847840547562,216.46568030118942,217.24297058582306,216.58362883329391,217.79266822338104,217.32274782657623,215.3117847442627,217.48145467042923,215.59470736980438,218.49209856987,218.24983763694763
-27,216.51842790842056,218.00733298063278,216.51842790842056,218.00733298063278,218.0213646888733,215.78166633844376,214.93741816282272,216.35143333673477,217.14446079730988,216.57069265842438,216.45756715536118,217.23094540834427,216.5836415886879,217.7941524386406,217.32251036167145,215.30318969488144,217.49187284708023,215.60610449314117,218.499261200428,218.24561309814453
-26,216.50716364383698,218.01086747646332,216.50716364383698,218.01086747646332,218.03038704395294,215.7686292529106,214.93933641910553,216.3430277109146,217.16321694850922,216.56746912002563,216.44719648361206,217.2198028564453,216.5869364142418,217.7918205857277,217.3222198486328,215.29380023479462,217.50436109304428,215.61881917715073,218.50798851251602,218.24116057157516
-25,216.49788600206375,218.0137904882431,216.49788600206375,218.0137904882431,218.03623151779175,215.7586914896965,214.94046014547348,216.33436405658722,217.18225103616714,216.55925339460373,216.4351550936699,217.2096866965294,216.59285521507263,217.78627401590347,217.3216986656189,215.28376364707947,217.51946461200714,215.63281255960464,218.51830953359604,218.23646301031113
-24,216.48989641666412,218.01659232378006,216.48989641666412,218.01659232378006,218.0379102230072,215.7515810728073,214.93998438119888,216.3261616230011,217.20090305805206,216.54676568508148,216.4220712184906,217.20037096738815,216.60055977106094,217.77850371599197,217.3207010626793,215.27356505393982,217.53740227222443,215.64811253547668,218.530275285244,218.23171609640121
-23,216.48237001895905,218.01949727535248,216.48237001895905,218.01949727535248,218.03469878435135,215.74754065275192,214.93701738119125,216.31876248121262,217.21857398748398,216.53094840049744,216.40847754478455,217.19118285179138,216.60918885469437,217.76943439245224,217.31891185045242,215.26404571533203,217.55784195661545,215.66468405723572,218.5437657237053,218.2272926568985
-22,216.47449749708176,218.02253538370132,216.47449749708176,218.02253538370132,218.02634209394455,215.74673902988434,214.93118238449097,216.312369287014,217.23466807603836,216.512236058712,216.39499533176422,217.1815015077591,216.6181074976921,217.75992184877396,217.3160154223442,215.25588816404343,217.57992577552795,215.68233197927475,218.55872118473053,218.22366231679916
-21,216.46556931734085,218.02538740634918,216.46556931734085,218.02538740634918,218.01293575763702,215.74912691116333,214.92221176624298,216.3068677186966,217.2485447525978,216.49108415842056,216.38206374645233,217.17063981294632,216.62673777341843,217.7507376074791,217.31162357330322,215.24940592050552,217.60268205404282,215.700417637825,218.5747194290161,218.22110933065414
-20,216.45497876405716,218.027645945549,216.45497876405716,218.027645945549,217.99495017528534,215.75447475910187,214.9098133444786,216.30213731527328,217.25967758893967,216.46789819002151,216.36982709169388,217.1582413315773,216.63461405038834,217.74241930246353,217.30564320087433,215.24466347694397,217.62494504451752,215.71839082241058,218.59095710515976,218.21988600492477
-19,216.4423886537552,218.02916949987411,216.4423886537552,218.02916949987411,217.97328728437424,215.76233822107315,214.89402985572815,216.298135638237,217.26784712076187,216.44299620389938,216.3584588766098,217.14429998397827,216.6414321064949,217.73530954122543,217.2980243563652,215.24144327640533,217.64562666416168,215.7360915541649,218.6064710021019,218.22017353773117
-18,216.42762279510498,218.02983671426773,216.42762279510498,218.02983671426773,217.94892477989197,215.77193295955658,214.8749604821205,216.294731259346,217.2729457616806,216.4165317416191,216.3480260372162,217.12911647558212,216.64686858654022,217.7296001315117,217.2889810204506,215.23940306901932,217.6634705066681,215.75328481197357,218.6202887892723,218.221885740757
-17,216.41090631484985,218.02952229976654,216.41090631484985,218.02952229976654,217.92281430959702,215.78225952386856,214.85306853055954,216.29188132286072,217.2752247452736,216.38859206438065,216.33846575021744,217.11309760808945,216.65076392889023,217.72525763511658,217.27901887893677,215.23831856250763,217.67748022079468,215.76978135108948,218.6315557360649,218.22478145360947
-16,216.39287012815475,218.02811342477798,216.39287012815475,218.02811342477798,217.89605820178986,215.79245418310165,214.82908141613007,216.28946816921234,217.27498042583466,216.3594930768013,216.32964235544205,217.0968382358551,216.65289705991745,217.722109913826,217.26879847049713,215.2380444407463,217.68691229820251,215.78542387485504,218.63941991329193,218.2282367348671
-15,216.3742880821228,218.02548682689667,216.3742880821228,218.02548682689667,217.86940467357635,215.8018273115158,214.80397826433182,216.28725159168243,217.27247005701065,216.3297799229622,216.32162219285965,217.08086597919464,216.65283274650574,217.71984332799911,217.25898319482803,215.23848938941956,217.6913913488388,215.79972577095032,218.64319854974747,218.23126405477524
-14,216.3557232618332,218.02127927541733,216.3557232618332,218.02127927541733,217.84365355968475,215.80945128202438,214.7788342833519,216.28534400463104,217.2680516242981,216.2997543811798,216.31448638439178,217.0656465291977,216.65026026964188,217.71814686059952,217.2502217888832,215.23946928977966,217.69087827205658,215.81208264827728,218.64252465963364,218.23303753137589
-13,216.3376511335373,218.01493394374847,216.3376511335373,218.01493394374847,217.81949400901794,215.81413012742996,214.75480818748474,216.28366822004318,217.2621227502823,216.2695237994194,216.3082498908043,217.05141478776932,216.6451489329338,217.71669512987137,217.24307590723038,215.24088060855865,217.68562358617783,215.82183420658112,218.63733512163162,218.23285746574402
-12,216.32064473628998,218.00588566064835,216.32064473628998,218.00588566064835,217.79744017124176,215.81496995687485,214.73323440551758,216.28220510482788,217.25499039888382,216.23930495977402,216.3027133345604,217.03840792179108,216.63763636350632,217.7150576710701,217.23786932229996,215.24248498678207,217.67573422193527,215.8283612728119,218.62790596485138,218.23020219802856
-11,216.30510234832764,217.99374002218246,216.30510234832764,217.99374002218246,217.77780216932297,215.81111496686935,214.71536737680435,216.28104448318481,217.24686378240585,216.20952188968658,216.2977477312088,217.0267167687416,216.62833040952682,217.7125279903412,217.23483180999756,215.24423557519913,217.6616073846817,215.83086198568344,218.6149924993515,218.22505295276642
-10,216.29114776849747,217.97819542884827,216.29114776849747,217.97819542884827,217.76072204113007,215.80183029174805,214.70237630605698,216.28039646148682,217.23816645145416,216.18051773309708,216.29269868135452,217.0163289308548,216.61801755428314,217.7085525393486,217.23410713672638,215.24613642692566,217.64369022846222,215.82864570617676,218.5994182229042,218.21794837713242
-9,216.2788724899292,217.9591634273529,216.2788724899292,217.9591634273529,217.74612230062485,215.7871115207672,214.69501519203186,216.2801963686943,217.22919476032257,216.15245640277863,216.28705698251724,217.00714653730392,216.6076918244362,217.70264720916748,217.23537969589233,215.24810206890106,217.62256056070328,215.82109439373016,218.58217644691467,218.20963978767395
-8,216.26824271678925,217.9367082118988,216.26824271678925,217.9367082118988,217.73389983177185,215.7676438689232,214.69390606880188,216.2804290652275,217.22047209739685,216.12591046094894,216.2802038192749,216.99910336732864,216.59812688827515,217.69462740421295,217.23796314001083,215.25001168251038,217.59915536642075,215.8078699707985,218.56430530548096,218.20116239786148
-7,216.25903236865997,217.91120076179504,216.25903236865997,217.91120076179504,217.72415328025818,215.74459040164948,214.6995211839676,216.28104162216187,217.21234184503555,216.10153084993362,216.27188384532928,216.9922569990158,216.5897839665413,217.68439209461212,217.24082243442535,215.25129252672195,217.5742592215538,215.78884488344193,218.5467174053192,218.19348347187042
-6,216.25088727474213,217.88329178094864,216.25088727474213,217.88329178094864,217.71667075157166,215.71943825483322,214.7115336060524,216.28173410892487,217.20491236448288,216.08003783226013,216.26177376508713,216.98672533035278,216.58315020799637,217.67205250263214,217.2426614165306,215.25132489204407,217.54834163188934,215.7644494175911,218.53038275241852,218.1874676346779
-5,216.2433119416237,217.85385650396347,216.2433119416237,217.85385650396347,217.71125984191895,215.6936439871788,214.72930842638016,216.28219920396805,217.1981527209282,216.06206160783768,216.24972307682037,216.98251843452454,216.57860207557678,217.65791910886765,217.24197751283646,215.24953240156174,217.52206563949585,215.73563677072525,218.51564317941666,218.18371295928955
-4,216.23564970493317,217.8238598704338,216.23564970493317,217.8238598704338,217.7076337337494,215.66876411437988,214.7515419125557,216.28228706121445,217.19162690639496,216.04812103509903,216.23585313558578,216.9796540737152,216.57621031999588,217.64246809482574,217.23767167329788,215.24517518281937,217.49595445394516,215.7037627696991,218.50260055065155,218.18237900733948
-3,216.22747141122818,217.79421818256378,216.22747141122818,217.79421818256378,217.7055782675743,215.6465284228325,214.77662652730942,216.28213346004486,217.18484795093536,216.03859692811966,216.22055661678314,216.9780200123787,216.57570600509644,217.62651866674423,217.22910517454147,215.2375866174698,217.47076392173767,215.67028611898422,218.49116778373718,218.18360430002213
-2,216.21852278709412,217.7658839225769,216.21852278709412,217.7658839225769,217.70488756895065,215.6282668709755,214.8031406402588,216.2818784713745,217.17731553316116,216.03369408845901,216.20440369844437,216.9771842956543,216.5764045715332,217.6110742688179,217.2162560224533,215.22595298290253,217.44743818044662,215.6367365717888,218.48082399368286,218.1871441602707
-1,216.2084829211235,217.73953837156296,216.2084829211235,217.73953837156296,217.7051152586937,215.61486381292343,214.82960379123688,216.28144615888596,217.16847449541092,216.03334599733353,216.188134431839,216.97695195674896,216.577732026577,217.59706264734268,217.1998307108879,215.20968353748322,217.42650055885315,215.6045140028,218.4710237979889,218.19257628917694
0,216.19739681482315,217.71556067466736,216.19739681482315,217.71556067466736,217.70593750476837,215.6063470840454,214.85490733385086,216.2807758450508,217.1578299999237,216.0371617078781,216.1723883152008,216.97775793075562,216.5789265036583,217.58519506454468,217.18083095550537,215.1883446574211,217.4082664847374,215.57496225833893,218.46109622716904,218.1991423368454
1,216.20464766025543,217.7133976817131,216.20464766025543,217.7133976817131,217.72344732284546,215.61779338121414,214.89464682340622,216.29674726724625,217.16597038507462,216.0759899020195,216.17508405447006,216.99496245384216,216.5904779434204,217.59015971422195,217.17758321762085,215.1877944469452,217.41303116083145,215.56955605745316,218.47430992126465,218.21655601263046
2,216.21108078956604,217.71294057369232,216.21108078956604,217.71294057369232,217.74216264486313,215.63220745325089,214.93260502815247,216.31320697069168,217.17143762111664,216.1180295944214,216.17618316411972,217.0154289007187,216.5997793674469,217.5983145236969,217.17578661441803,215.18455773591995,217.42005217075348,215.56864911317825,218.4858911037445,218.2337408065796
3,216.21759563684464,217.71395844221115,216.21759563684464,217.71395844221115,217.76174688339233,215.64913791418076,214.96821892261505,216.3294318318367,217.1747676730156,216.16213083267212,216.17616456747055,217.03950572013855,216.60652542114258,217.60978186130524,217.17611223459244,215.17994064092636,217.42938435077667,215.57189851999283,218.4953584074974,218.25045901536942
4,216.22474205493927,217.7161943912506,216.22474205493927,217.7161943912506,217.78205889463425,215.66813606023788,215.0009464621544,216.34467428922653,217.1769027709961,216.20688498020172,216.17541497945786,217.06736487150192,216.61097621917725,217.62418937683105,217.1791821718216,215.17539662122726,217.4408130645752,215.5785504579544,218.50246214866638,218.26638734340668
5,216.23314088582993,217.71911770105362,216.23314088582993,217.71911770105362,217.80293762683868,215.68861365318298,215.03090035915375,216.35835790634155,217.17891204357147,216.2509170770645,216.1743425130844,217.09899121522903,216.61380648612976,217.6410232782364,217.18516397476196,215.17231971025467,217.45391029119492,215.5876868367195,218.50732570886612,218.28094798326492
6,216.24337685108185,217.72228157520294,216.24337685108185,217.72228157520294,217.82435202598572,215.71010184288025,215.05830293893814,216.37024599313736,217.1819171309471,216.29322242736816,216.17323100566864,217.13382536172867,216.616184592247,217.65939408540726,217.1938425898552,215.17221224308014,217.4680163860321,215.5982460975647,218.50991809368134,218.29356157779694
7,216.25564235448837,217.72546529769897,216.25564235448837,217.72546529769897,217.8463607430458,215.73224812746048,215.0836056470871,216.3801281452179,217.1866866350174,216.33305269479752,216.17243909835815,217.17116820812225,216.61948609352112,217.6781752705574,217.2046102285385,215.1764909029007,217.4824366569519,215.60939192771912,218.51059836149216,218.30370032787323
8,216.27024334669113,217.72876805067062,216.27024334669113,217.72876805067062,217.8690258860588,215.755065202713,215.10759729146957,216.38835936784744,217.1942237019539,216.37007576227188,216.17241030931473,217.2101287841797,216.62523823976517,217.6963375210762,217.21666461229324,215.18576848506927,217.49638867378235,215.6208451986313,218.50988072156906,218.31066572666168
9,216.28751647472382,217.73246377706528,216.28751647472382,217.73246377706528,217.8922467827797,215.778639793396,215.13115233182907,216.39575827121735,217.2052582502365,216.40431767702103,216.17344629764557,217.24989140033722,216.63450586795807,217.71273690462112,217.22911322116852,215.20084583759308,217.50922137498856,215.6325746178627,218.50841796398163,218.31405383348465
10,216.3081710934639,217.73689150810242,216.3081710934639,217.73689150810242,217.9161022901535,215.8033516407013,215.15574860572815,216.4031276702881,217.22014266252518,216.4359189271927,216.1758195757866,217.2895780801773,216.64827233552933,217.72644448280334,217.24111050367355,215.2221006155014,217.5204359292984,215.64487081766129,218.50701475143433,218.31416672468185
11,216.3329360485077,217.74246448278427,216.3329360485077,217.74246448278427,217.94031500816345,215.8297437429428,215.18251395225525,216.41159999370575,217.23908191919327,216.4654244184494,216.1796686053276,217.32859653234482,216.66722506284714,217.73684310913086,217.25185304880142,215.24934041500092,217.52949559688568,215.65793800354004,218.5062921643257,218.31162816286087
12,216.36214303970337,217.74970281124115,216.36214303970337,217.74970281124115,217.96485966444016,215.85841608047485,215.21244990825653,216.42244416475296,217.26224678754807,216.4934402704239,216.18506759405136,217.3666688799858,216.69165247678757,217.74385172128677,217.26122915744781,215.28215211629868,217.53641772270203,215.6721395254135,218.5068171620369,218.30746644735336
13,216.39604133367538,217.75920790433884,216.39604133367538,217.75920790433884,217.98980915546417,215.890074968338,215.24639880657196,216.43673342466354,217.289764046669,216.52061808109283,216.19237393140793,217.40375316143036,216.72166460752487,217.74795240163803,217.2695552110672,215.3201230764389,217.54151690006256,215.68816047906876,218.50945401191711,218.30298101902008
14,216.43442398309708,217.77172315120697,216.43442398309708,217.77172315120697,218.01550489664078,215.92532056570053,215.28512877225876,216.45539993047714,217.32167601585388,216.54761385917664,216.20242595672607,217.44023883342743,216.7572357058525,217.75002562999725,217.27807372808456,215.36273658275604,217.5457340478897,215.70680791139603,218.51523905992508,218.2997207045555
15,216.47730499505997,217.788192152977,216.47730499505997,217.788192152977,218.04259794950485,215.9648755788803,215.32948571443558,216.4794191122055,217.35804748535156,216.57510042190552,216.2161911725998,217.47678714990616,216.7982969880104,217.75168704986572,217.28872388601303,215.40981775522232,217.55042827129364,215.72905880212784,218.5253285765648,218.29953956604004
16,216.52492541074753,217.8097267150879,216.52492541074753,217.8097267150879,218.07190489768982,216.00968194007874,215.3803038597107,216.51001125574112,217.3991156220436,216.6039293408394,216.23523032665253,217.51431113481522,216.84517973661423,217.7550003528595,217.30364894866943,215.46141254901886,217.55757170915604,215.75618135929108,218.540806889534,218.30461031198502
17,216.57770282030106,217.83767902851105,216.57770282030106,217.83767902851105,218.1046404838562,216.06052726507187,215.43879008293152,216.54842060804367,217.44555348157883,216.63574308156967,216.26130813360214,217.55397427082062,216.89874440431595,217.76245766878128,217.3253030180931,215.5183603167534,217.56937664747238,215.78938221931458,218.5631775856018,218.31702756881714
18,216.63668704032898,217.8738563656807,216.63668704032898,217.8738563656807,218.14233058691025,216.118477165699,215.50626319646835,216.59598696231842,217.4983104467392,216.67277038097382,216.29630488157272,217.59720426797867,216.96051281690598,217.77687227725983,217.35601353645325,215.58224648237228,217.58823627233505,215.83030313253403,218.5940027832985,218.33877736330032
19,216.70332568883896,217.9202315211296,216.70332568883896,217.9202315211296,218.1868039369583,216.18500113487244,215.58433228731155,216.6542140841484,217.55896043777466,216.7176964879036,216.3423851132393,217.64589142799377,217.03247267007828,217.80093306303024,217.3978853225708,215.65525579452515,217.6165713071823,215.88081777095795,218.6351199746132,218.37166756391525
20,216.77949726581573,217.97887563705444,216.77949726581573,217.97887563705444,218.24023896455765,216.26233065128326,215.67479586601257,216.72532618045807,217.6296702027321,216.77380549907684,216.40222507715225,217.70226764678955,217.11718785762787,217.8372145295143,217.452942609787,215.7403548359871,217.65710777044296,215.94326448440552,218.68856328725815,218.4175847172737
21,216.86772066354752,218.05190098285675,216.86772066354752,218.05190098285675,218.30517226457596,216.35306578874588,215.78034698963165,216.81190979480743,217.71295583248138,216.84454733133316,216.47886317968369,217.76910316944122,217.2174028158188,217.88837242126465,217.52322751283646,215.84139722585678,217.712750852108,216.02049589157104,218.7565438747406,218.47853255271912
22,216.97116255760193,218.14142894744873,216.97116255760193,218.14142894744873,218.3842664361,216.4604583978653,215.9040403366089,216.9167401790619,217.81148040294647,216.93341046571732,216.57563149929047,217.84954166412354,217.33587181568146,217.95714604854584,217.61101752519608,215.96252357959747,217.78672176599503,216.1157284975052,218.84111660718918,218.55646216869354
23,217.0934905409813,218.24974793195724,217.0934905409813,218.24974793195724,218.48048961162567,216.58792823553085,216.0493889451027,217.0429249405861,217.92804265022278,217.04375195503235,216.69606214761734,217.94682651758194,217.4752454161644,218.04612177610397,217.7187299132347,216.1073101758957,217.88244783878326,216.23292303085327,218.9443878531456,218.6530985236168
24,217.2385658621788,218.37906551361084,217.2385658621788,218.37906551361084,218.59678012132645,216.7388066649437,216.21974301338196,217.1938138604164,218.06550496816635,217.17855775356293,216.84341728687286,218.0642992258072,217.63784819841385,218.15765380859375,217.84917896986008,216.27940505743027,218.00324481725693,216.37647116184235,219.06838184595108,218.7699933052063
25,217.410047352314,218.5312659740448,217.410047352314,218.5312659740448,218.7358872294426,216.91625010967255,216.41820657253265,217.37255150079727,218.22674053907394,217.34056609869003,217.020632147789,218.20514315366745,217.82554811239243,218.2941596508026,218.00516140460968,216.4820133447647,218.1519826054573,216.55083215236664,219.21490931510925,218.90886795520782
26,217.6110070347786,218.70807510614395,217.6110070347786,218.70807510614395,218.89990025758743,217.12314987182617,216.6475812792778,217.58147245645523,218.41393965482712,217.53201830387115,217.23023402690887,218.37238055467606,218.03963446617126,218.4577997326851,218.18930888175964,216.71715360879898,218.33085852861404,216.75987255573273,219.38535606861115,219.0709924697876
27,217.84340435266495,218.91062426567078,217.84340435266495,218.91062426567078,219.0902979373932,217.36134213209152,216.9098426103592,217.82176917791367,218.62835043668747,217.75445342063904,217.47373396158218,218.56814581155777,218.28048741817474,218.64981907606125,218.403406560421,216.98597806692123,218.54088985919952,217.006272315979,219.58018642663956,219.25684374570847
28,218.10763347148895,219.13880157470703,218.10763347148895,219.13880157470703,219.30735051631927,217.63115119934082,217.205601811409,218.09349501132965,218.86986082792282,218.0080053806305,217.7512268424034,218.79289156198502,218.54747492074966,218.8703681230545,218.64798212051392,217.2883464694023,218.7819864153862,217.2911315560341,219.79891407489777,219.46614849567413
29,218.40257740020752,219.3910101056099,218.40257740020752,219.3910101056099,219.54978317022324,217.9312214255333,217.53369426727295,218.3948739171028,219.13675689697266,218.29144477844238,218.0607795715332,219.0453742146492,218.83878529071808,219.11825448274612,218.92181622982025,217.6223241686821,219.05253148078918,217.61364841461182,220.0395765900612,219.69751209020615
30,218.7244954109192,219.6636419892311,218.7244954109192,219.6636419892311,219.81450724601746,218.2581535577774,217.89073026180267,218.72208005189896,219.42572665214539,218.601760327816,218.39841723442078,219.3223995566368,219.15102314949036,219.39039504528046,219.22176921367645,217.9834902882576,219.34881526231766,217.97055757045746,220.2985336780548,219.94813644886017
31,219.06709641218185,219.95156282186508,219.06709641218185,219.95156282186508,220.0966010093689,218.6061770915985,218.27085334062576,219.06919711828232,219.7314487695694,218.93362110853195,218.75784862041473,219.61870121955872,219.47866696119308,219.68166929483414,219.54245656728745,218.36510628461838,219.66516768932343,218.355599462986,220.57047593593597,220.21391415596008
32,219.42149990797043,220.24814355373383,219.42149990797043,220.24814355373383,220.3891339302063,218.96696454286575,218.665487408638,219.42784625291824,220.04650872945786,219.27916502952576,219.13012617826462,219.9270462989807,219.81423825025558,219.98490810394287,219.87570714950562,218.75815188884735,219.99353832006454,218.75927603244781,220.84830510616302,220.48910129070282
33,219.77660298347473,220.5447514653206,219.77660298347473,220.5447514653206,220.683191716671,219.32957768440247,219.06303679943085,219.78730362653732,220.36122876405716,219.62826943397522,219.50376385450363,220.23806124925613,220.14764553308487,220.2909015417099,220.21084302663803,219.15096539258957,220.32370322942734,219.16873067617416,221.1233606338501,220.76589035987854
34,220.11965429782867,220.83069318532944,220.11965429782867,220.83069318532944,220.9682079553604,219.68049532175064,219.44947981834412,220.13442420959473,220.66387164592743,219.96855676174164,219.8649709224701,220.5404310822487,220.46656477451324,220.58838945627213,220.53495627641678,219.52949339151382,220.64326059818268,219.5683912038803,221.3855898976326,221.03462368249893
35,220.4364619255066,221.09390127658844,220.4364619255066,221.09390127658844,221.2325273156166,220.00438821315765,219.8089764714241,220.4541967511177,220.94125699996948,220.28573966026306,220.1984020471573,220.82142090797424,220.7574868798256,220.86445850133896,220.83386451005936,219.87792241573334,220.93834483623505,219.9403355717659,221.623917222023,221.2839915752411
36,220.71214950084686,221.32166242599487,220.71214950084686,221.32166242599487,221.46361315250397,220.28529298305511,220.12467139959335,220.7307100892067,221.1798877120018,220.56469058990479,220.48815113306046,221.06726396083832,221.00662845373154,221.10536795854568,221.09280359745026,220.17929339408875,221.19456541538239,220.26565086841583,221.82703471183777,221.50177258253098
37,220.9321972131729,221.5015339255333,220.9321972131729,221.5015339255333,221.64919131994247,220.50771760940552,220.3798131942749,220.94834697246552,221.36672466993332,220.7905804514885,220.71893340349197,221.26418954133987,221.2012495994568,221.2977169752121,221.29763621091843,220.4166985154152,221.39799171686172,220.52575689554214,221.98434227705002,221.67590910196304
38,221.08398747444153,221.6227387189865,221.08398747444153,221.6227387189865,221.77835714817047,220.65807086229324,220.5597489476204,221.09351009130478,221.49034398794174,220.95025259256363,220.87749487161636,221.40006572008133,221.33049893379211,221.42979508638382,221.43608635663986,220.5756287574768,221.53655409812927,220.70428824424744,222.0868742465973,221.7957702279091
39,221.15842360258102,221.6776471734047,221.15842360258102,221.6776471734047,221.84294766187668,220.72626674175262,220.65342324972153,221.15609341859818,221.5423521399498,221.03376805782318,220.95413541793823,221.4656417965889,221.38685220479965,221.4931316971779,221.49938863515854,220.6455208659172,221.6014923453331,220.78957259655,222.12830710411072,221.8535333275795
40,221.1509222984314,221.6627121567726,221.1509222984314,221.6627121567726,221.83864378929138,220.70712769031525,220.65493458509445,221.1308597922325,221.51891565322876,221.03561383485794,220.9439759850502,221.45590192079544,221.36706161499023,221.4834161400795,221.48306810855865,220.62151992321014,221.58855319023132,220.77582401037216,222.1057094335556,221.8449757695198
41,221.06200474500656,221.57891952991486,221.06200474500656,221.57891952991486,221.76542532444,220.60125643014908,220.5643247961998,221.01839745044708,221.42096382379532,220.95570921897888,220.84795838594437,221.37089556455612,221.2725734114647,221.40136975049973,221.38765341043472,220.50512647628784,221.49876308441162,220.66405737400055,222.0199158191681,221.77010148763657
42,220.8973912000656,221.43141096830368,220.8973912000656,221.43141096830368,221.62742453813553,220.4150961637497,220.38763964176178,220.82524698972702,221.2539479136467,220.79914909601212,220.67254614830017,221.21556609869003,221.1095654964447,221.25239890813828,221.2187385559082,220.3039146065712,221.3382264971733,220.46150839328766,221.87557363510132,221.63315522670746
43,220.6674132347107,221.22887927293777,220.6674132347107,221.22887927293777,221.43247574567795,220.1597815155983,220.13568472862244,220.56280654668808,221.02734768390656,220.57539582252502,220.42868441343307,220.99920278787613,220.8879515528679,221.04608589410782,220.98643511533737,220.03037732839584,221.11690139770508,220.18043720722198,221.68058681488037,221.44216161966324
44,220.38588720560074,220.98245179653168,220.38588720560074,220.98245179653168,221.1911883354187,219.84948563575745,219.82279920578003,220.2457035779953,220.75361102819443,220.29720079898834,220.13020652532578,220.73423773050308,220.62017261981964,220.7945979833603,220.70394730567932,219.70020592212677,220.8474521636963,219.8367999792099,221.4444122314453,221.2079063653946
45,220.06814879179,220.7045922279358,220.06814879179,220.7045922279358,220.91564071178436,219.49985659122467,219.46501833200455,219.8900381922722,220.4467892050743,219.97918486595154,219.79231715202332,220.43467444181442,220.32001394033432,220.51138973236084,220.3863890171051,219.33029836416245,220.5436314344406,219.44853293895721,221.17817401885986,220.94287985563278
46,219.7291520833969,220.4079841375351,219.7291520833969,220.4079841375351,220.61839187145233,219.1271316409111,219.0788791179657,219.5121300816536,220.12105917930603,219.63672786951065,219.43022286891937,220.1147756576538,220.00127744674683,220.2099489569664,220.04888570308685,218.93776202201843,220.21944177150726,219.03386783599854,220.89353358745575,220.6601119041443
47,219.38281631469727,220.10440319776535,219.38281631469727,220.10440319776535,220.31161308288574,218.74660867452621,218.67989081144333,219.12752163410187,219.7896289229393,219.28448051214218,219.05822199583054,219.78801226615906,219.67625975608826,219.90296590328217,219.7054419517517,218.5382825732231,219.88818246126175,218.60978257656097,220.60168105363846,220.37171387672424
48,219.0411034822464,219.80419600009918,219.0411034822464,219.80419600009918,220.00645977258682,218.3719984292984,218.28169637918472,218.75001090765,219.4643116593361,218.93519324064255,218.6888993382454,219.4660234451294,219.3556166291237,219.60178595781326,219.36849629878998,218.14564472436905,219.56168800592422,218.19123929738998,220.31274503469467,220.08820915222168
49,218.71389585733414,219.51564663648605,218.71389585733414,219.51564663648605,219.712632894516,218.01428693532944,217.8958219885826,218.39081817865372,219.15490967035294,218.5994210243225,218.33277887105942,219.15829402208328,219.04829800128937,219.31563180685043,219.04815286397934,217.77091294527054,219.24975055456161,217.79059720039368,220.0355668067932,219.81822192668915
50,218.4086502790451,219.2448907494545,218.4086502790451,219.2448907494545,219.43770092725754,217.68169248104095,217.53107297420502,218.0582081079483,218.86902993917465,218.28542864322662,217.9981341958046,218.87204056978226,218.76129776239395,219.05139589309692,218.75199300050735,217.42171400785446,218.9598760008812,217.4173476099968,219.7771338224411,219.56856441497803
51,218.13025480508804,218.99613976478577,218.13025480508804,218.99613976478577,219.1869745850563,217.37988835573196,217.19373834133148,217.75776535272598,218.61157780885696,217.99879223108292,217.69084465503693,218.61210370063782,218.49976831674576,218.81373006105423,218.48473143577576,217.10326582193375,218.69734245538712,217.0784648656845,219.54251384735107,219.34410226345062
52,217.88113898038864,218.77192610502243,217.88113898038864,218.77192610502243,218.96371346712112,217.11223077774048,216.88797277212143,217.49253463745117,218.38506948947906,217.74244892597198,217.41434019804,218.3811302781105,218.26676833629608,218.60529869794846,218.24903696775436,216.8181797862053,218.46522051095963,216.77837640047073,219.33495473861694,219.14772242307663
53,217.66132807731628,218.573486328125,217.66132807731628,218.573486328125,218.76957976818085,216.87970769405365,216.61590659618378,217.26304405927658,218.18983906507492,217.51723462343216,217.16998386383057,218.1798915863037,218.06345564126968,218.4267464876175,218.04572755098343,216.5670799612999,218.26472771167755,216.51914793252945,219.15595769882202,218.98055666685104
54,217.46902477741241,218.40106344223022,217.46902477741241,218.40106344223022,218.60497224330902,216.68135076761246,216.378024995327,217.06803542375565,218.02463459968567,217.32226711511612,216.95725029706955,218.00770771503448,217.8892747759819,218.27704519033432,217.87358355522156,216.34879398345947,218.09567457437515,216.30069041252136,219.00533282756805,218.8423268198967
55,217.30167770385742,218.25379794836044,217.30167770385742,218.25379794836044,218.46913796663284,216.5144597887993,216.17384707927704,216.90520083904266,217.88728111982346,217.1555090546608,216.77440577745438,217.86312854290009,217.7422981262207,218.15393716096878,217.73026579618454,216.16096979379654,217.95668411254883,216.12117117643356,218.8815400004387,218.7319804430008
56,217.15615677833557,218.1301013827324,217.15615677833557,218.1301013827324,218.3606144785881,216.3754604458809,216.00223749876022,216.77149319648743,217.7748657464981,217.01411491632462,216.61889868974686,217.7439449429512,217.6200550198555,218.05424028635025,217.61260735988617,216.00031006336212,217.84559392929077,215.97784233093262,218.78245866298676,218.64740300178528
57,217.02929031848907,218.02770441770554,217.02929031848907,218.02770441770554,218.27702671289444,216.26090198755264,215.86120688915253,216.66358947753906,217.68391114473343,216.89477264881134,216.48756486177444,217.64731496572495,217.51988983154297,217.9742140173912,217.51688706874847,215.86309814453125,217.75957679748535,215.86760431528091,218.7055146098137,218.58556067943573
58,216.9181536436081,217.94381457567215,216.9181536436081,217.94381457567215,218.2152139544487,216.16741436719894,215.74787819385529,216.57780569791794,217.61041617393494,216.79449862241745,216.37740725278854,217.5702692270279,217.4391930103302,217.91017293930054,217.4394519329071,215.74583262205124,217.69542360305786,215.78698313236237,218.64815211296082,218.54289853572845
59,216.82069194316864,217.87575805187225,216.82069194316864,217.87575805187225,218.17170596122742,216.0913822054863,215.65896904468536,216.51055121421814,217.55053919553757,216.711286008358,216.28556048870087,217.50978022813797,217.37529748678207,217.8584235906601,217.37668180465698,215.6453362107277,217.6495913863182,215.73214572668076,218.60748118162155,218.51578253507614
60,216.73550260066986,217.82083827257156,216.73550260066986,217.82083827257156,218.1429596543312,216.02912586927414,215.5909469127655,216.45823800563812,217.50061166286469,216.6436111330986,216.20934355258942,217.4626492857933,217.32550245523453,217.8157371878624,217.32540678977966,215.55881029367447,217.61830019950867,215.6994337439537,218.58056670427322,218.50026112794876
61,216.66197603940964,217.77657568454742,216.66197603940964,217.77657568454742,218.12549251317978,215.97760945558548,215.54036968946457,216.41751509904861,217.45733577013016,216.58974069356918,216.14622044563293,217.42558020353317,217.28689873218536,217.77942728996277,217.2827908396721,215.483773291111,217.59802186489105,215.68512904644012,218.5645267367363,218.4925315976143
62,216.6000800728798,217.74078059196472,216.6000800728798,217.74078059196472,218.11592572927475,215.93477219343185,215.50407153367996,216.38559633493423,217.41838371753693,216.54754531383514,216.09421575069427,217.39542561769485,217.25674337148666,217.74725133180618,217.24654340744019,215.41828221082687,217.58550381660461,215.68521165847778,218.55668967962265,218.4891357421875
63,216.5501788854599,217.71143513917923,216.5501788854599,217.71143513917923,218.11112666130066,215.89904671907425,215.479289829731,216.36034893989563,217.38171648979187,216.51476126909256,216.05174833536148,217.36952501535416,217.2323996424675,217.7173200249672,217.21504706144333,215.36114072799683,217.57808089256287,215.6957843899727,218.55441391468048,218.48712742328644
64,216.5123805999756,217.68678432703018,216.5123805999756,217.68678432703018,218.1083489060402,215.86936795711517,215.46395933628082,216.34014511108398,217.34601724147797,216.4891510605812,216.01753669977188,217.34592926502228,217.21154350042343,217.68807500600815,217.18730825185776,215.31154960393906,217.57370173931122,215.71311902999878,218.55527997016907,218.4843139052391
65,216.48631048202515,217.66510903835297,216.48631048202515,217.66510903835297,218.10508626699448,215.84483498334885,215.45621877908707,216.32398295402527,217.31098979711533,216.4687882065773,215.99053138494492,217.32328534126282,217.1921562552452,217.6585857272148,217.16292321681976,215.26850640773773,217.5709332227707,215.73416578769684,218.5571106672287,218.47897028923035
66,216.47127491235733,217.64495927095413,216.47127491235733,217.64495927095413,218.09931921958923,215.82470548152924,215.45419520139694,216.3112615942955,217.27692663669586,216.4518722295761,215.96978092193604,217.30076199769974,217.17252480983734,217.62812477350235,217.14212822914124,215.23165321350098,217.56888842582703,215.75639075040817,218.55832862854004,218.4701583981514
67,216.46604251861572,217.62523645162582,216.46604251861572,217.62523645162582,218.0896812081337,215.80858927965164,215.4560329914093,216.3014640212059,217.24432396888733,216.43700128793716,215.95412284135818,217.2778702378273,217.15163284540176,217.59603786468506,217.12534761428833,215.2004707455635,217.56698912382126,215.77777206897736,218.55802220106125,218.45741027593613
68,216.4689092040062,217.60527783632278,216.4689092040062,217.60527783632278,218.0755499601364,215.79661506414413,215.459710419178,216.29407685995102,217.21350222826004,216.42307269573212,215.9424288868904,217.25463712215424,217.12903767824173,217.56185799837112,217.11322462558746,215.17422705888748,217.56452006101608,215.79700595140457,218.555979013443,218.4405009150505
69,216.47794765233994,217.58503514528275,216.47794765233994,217.58503514528275,218.05700689554214,215.78885132074356,215.4627338051796,216.2887197136879,217.18472987413406,216.40961599349976,215.9338452219963,217.23144352436066,217.1048521399498,217.52533340454102,217.106330037117,215.15191853046417,217.5610209107399,215.8131377696991,218.55231070518494,218.41943550109863
70,216.49116617441177,217.5649118423462,216.49116617441177,217.5649118423462,218.03434842824936,215.78508859872818,215.4628980755806,216.28508573770523,217.15809321403503,216.3965201973915,215.9278564453125,217.20865887403488,217.07978701591492,217.48644244670868,217.10520666837692,215.13255560398102,217.55607956647873,215.82543605566025,218.54722410440445,218.39449137449265
71,216.50669890642166,217.54533129930496,216.50669890642166,217.54533129930496,218.0081965327263,215.78454339504242,215.45842903852463,216.28296434879303,217.13326078653336,216.3840719461441,215.92383378744125,217.18693548440933,217.05506467819214,217.44583576917648,217.10999488830566,215.11534959077835,217.54959160089493,215.8334492444992,218.54080176353455,218.36593836545944
72,216.52285832166672,217.52679026126862,216.52285832166672,217.52679026126862,217.97935616970062,215.786323428154,215.44786024093628,216.28213763237,217.11011350154877,216.37237548828125,215.92138922214508,217.167194545269,217.03239530324936,217.40467822551727,217.12051951885223,215.09948801994324,217.54162007570267,215.83666002750397,218.5332378745079,218.33424931764603
73,216.5382000207901,217.5099321603775,216.5382000207901,217.5099321603775,217.94852405786514,215.78915506601334,215.430484354496,216.28245621919632,217.08899414539337,216.36171370744705,215.9202237725258,217.15075719356537,217.0138053894043,217.36401039361954,217.13620322942734,215.08413952589035,217.53227323293686,215.83461916446686,218.52473270893097,218.30044674873352
74,216.5519027709961,217.49541348218918,216.5519027709961,217.49541348218918,217.91640442609787,215.79129844903946,215.40626102685928,216.28365194797516,217.07012432813644,216.35251021385193,215.92007875442505,217.13894867897034,217.00069618225098,217.325097322464,217.15610814094543,215.06886130571365,217.52181482315063,215.8273891210556,218.51554697752,218.26552349328995
75,216.5633973479271,217.48389476537704,216.5633973479271,217.48389476537704,217.8839209675789,215.7908884882927,215.37577259540558,216.28554338216782,217.0539402961731,216.3446096777916,215.92064315080643,217.1326796412468,216.9937110543251,217.28922200202942,217.1788169145584,215.05341428518295,217.51071178913116,215.81560611724854,218.50623148679733,218.23033142089844
76,216.57245975732803,217.47601801156998,216.57245975732803,217.47601801156998,217.85189789533615,215.78615367412567,215.34022974967957,216.28796833753586,217.0410726070404,216.33777397871017,215.92131370306015,217.13226222991943,216.99283182621002,217.25744116306305,217.20256918668747,215.03796339035034,217.4994301199913,215.79994720220566,218.4972762465477,218.1961949467659
77,216.5789561867714,217.4722034931183,216.5789561867714,217.4722034931183,217.82105499505997,215.77590292692184,215.30106168985367,216.29086792469025,217.03191912174225,216.3321345448494,215.92156207561493,217.1372417807579,216.99728709459305,217.23061102628708,217.22546821832657,215.0229538679123,217.4880729317665,215.78114354610443,218.48918390274048,218.1646032333374
78,216.58230727910995,217.47266048192978,216.58230727910995,217.47266048192978,217.79202389717102,215.75943166017532,215.26018196344376,216.29430443048477,217.02650076150894,216.32781964540482,215.92088788747787,217.14684569835663,217.00601905584335,217.2096438407898,217.2456049323082,215.00819462537766,217.47690004110336,215.76000106334686,218.48223310709,218.13671654462814
79,216.58198815584183,217.47734701633453,216.58198815584183,217.47734701633453,217.76515692472458,215.73712575435638,215.21945267915726,216.2979717850685,217.02473133802414,216.32460129261017,215.91893476247787,217.15988355875015,217.01800906658173,217.19534021615982,217.26140117645264,214.99320727586746,217.46664583683014,215.7373126745224,218.47647541761398,218.1132241487503
80,216.57758820056915,217.48582911491394,216.57758820056915,217.48582911491394,217.7406805753708,215.71013724803925,215.18031013011932,216.3013322353363,217.02664613723755,216.3224537372589,215.91557931900024,217.17468410730362,217.03218173980713,217.18807744979858,217.27174866199493,214.97800362110138,217.45814323425293,215.7138330936432,218.47191339731216,218.09388864040375
81,216.5688037276268,217.49754238128662,216.5688037276268,217.49754238128662,217.7185595035553,215.68024855852127,215.14368271827698,216.30368572473526,217.0319876074791,216.32129472494125,215.91067242622375,217.18981605768204,217.04744654893875,217.18787682056427,217.2761389017105,214.962575674057,217.451888859272,215.689979493618,218.468647480011,218.07837784290314
82,216.55560410022736,217.51170337200165,216.55560410022736,217.51170337200165,217.6986420750618,215.64982515573502,215.1101212501526,216.30501157045364,217.0402408838272,216.3212144970894,215.90442031621933,217.20373457670212,217.06292343139648,217.1946458220482,217.27464830875397,214.94622951745987,217.44814664125443,215.66593104600906,218.4667758345604,218.06647926568985
83,216.53844052553177,217.527428150177,216.53844052553177,217.527428150177,217.6812229156494,215.62207627296448,215.07978284358978,216.30565071105957,217.0502918958664,216.3221732378006,215.89728212356567,217.21528470516205,217.07819229364395,217.20801043510437,217.26747554540634,214.9283383488655,217.4470912218094,215.64122647047043,218.46623599529266,218.05774694681168
84,216.51816123723984,217.5437942147255,216.51816123723984,217.5437942147255,217.66623216867447,215.60022604465485,215.05215919017792,216.3060040473938,217.06107199192047,216.3239711523056,215.89006924629211,217.22338944673538,217.0928896665573,217.22697633504868,217.25516563653946,214.9083440899849,217.44903486967087,215.61528462171555,218.46682339906693,218.0513338446617
85,216.49523222446442,217.5604642033577,216.49523222446442,217.5604642033577,217.65325713157654,215.58705818653107,215.0266291499138,216.30654937028885,217.0717379450798,216.32647436857224,215.88368117809296,217.22732543945312,217.10664319992065,217.2502237558365,217.23825293779373,214.88584089279175,217.45420098304749,215.58774656057358,218.46822875738144,218.04664939641953
86,216.47028690576553,217.57727307081223,216.47028690576553,217.57727307081223,217.64202451705933,215.5839248895645,215.0026684999466,216.3077991604805,217.08210670948029,216.3298841714859,215.87876439094543,217.22711545228958,217.1195775270462,217.27616798877716,217.217582821846,214.85999208688736,217.46234661340714,215.5585994720459,218.47019469738007,218.04337334632874
87,216.44408041238785,217.59415113925934,216.44408041238785,217.59415113925934,217.63227677345276,215.591310441494,214.97959089279175,216.30991953611374,217.09244471788406,216.33409452438354,215.87565672397614,217.22290813922882,217.1316711306572,217.30324631929398,217.1940495967865,214.8302544951439,217.47284108400345,215.52813464403152,218.4722061753273,218.04133826494217
88,216.41764843463898,217.61112171411514,216.41764843463898,217.61112171411514,217.62385827302933,215.60848104953766,214.95700085163116,216.3132992386818,217.10327416658401,216.3387439250946,215.87482488155365,217.21509343385696,217.14289981126785,217.33018684387207,217.16885095834732,214.79722207784653,217.48454475402832,215.49703693389893,218.47369748353958,218.04046082496643
89,216.3918371796608,217.62738424539566,216.3918371796608,217.62738424539566,217.61676144599915,215.63361477851868,214.93519908189774,216.31878274679184,217.1154345870018,216.34377413988113,215.8762160539627,217.20449197292328,217.15320348739624,217.35592204332352,217.14359939098358,214.7627665400505,217.49612939357758,215.46612173318863,218.47437119483948,218.04061406850815
90,216.36676055192947,217.64190244674683,216.36676055192947,217.64190244674683,217.61068338155746,215.66417610645294,214.91461378335953,216.32706516981125,217.12960052490234,216.3492146730423,215.87941133975983,217.19184112548828,217.16217231750488,217.3797841668129,217.12019169330597,214.729008436203,217.50667464733124,215.43671721220016,218.47376537322998,218.04180866479874
91,216.34272915124893,217.65402287244797,216.34272915124893,217.65402287244797,217.60539609193802,215.69681948423386,214.89585107564926,216.33859807252884,217.14631044864655,216.3546069264412,215.88450610637665,217.17797416448593,217.16903471946716,217.401560485363,217.10011714696884,214.69797855615616,217.51586043834686,215.41023981571198,218.47135519981384,218.0444359779358
92,216.32038152217865,217.66294240951538,216.32038152217865,217.66294240951538,217.6009995341301,215.72806507349014,214.87902384996414,216.35350328683853,217.16576218605042,216.3590693473816,215.8917538523674,217.1637790799141,217.17222195863724,217.42047828435898,217.0841419696808,214.67150783538818,217.52354288101196,215.3873992562294,218.46675217151642,218.04853701591492
93,216.3007201552391,217.66784167289734,216.3007201552391,217.66784167289734,217.5980115532875,215.75490027666092,214.86336636543274,216.3713510632515,217.18811172246933,216.36165016889572,215.90128737688065,217.15021812915802,217.17014187574387,217.43528985977173,217.0729582309723,214.65079313516617,217.5297573208809,215.36810559034348,218.45963829755783,218.05415242910385
94,216.28456318378448,217.66832756996155,216.28456318378448,217.66832756996155,217.59711128473282,215.77461647987366,214.84748721122742,216.39151006937027,217.21361136436462,216.36222767829895,215.91359186172485,217.13807487487793,217.16162115335464,217.44557601213455,217.06727743148804,214.63675451278687,217.5344586968422,215.35174012184143,218.4493710398674,218.06084913015366
95,216.2726257443428,217.66422843933105,216.2726257443428,217.66422843933105,217.59840333461761,215.7855685353279,214.8302245736122,216.41287583112717,217.24227631092072,216.36132633686066,215.92823660373688,217.12812942266464,217.14584285020828,217.45114719867706,217.06745487451553,214.63025802373886,217.5378224849701,215.3375374674797,218.4352120757103,218.06808024644852
96,216.2652666568756,217.6557897925377,216.2652666568756,217.6557897925377,217.60194200277328,215.78697949647903,214.81110364198685,216.43426257371902,217.27290832996368,216.35927295684814,215.94539642333984,217.1206842660904,217.12215894460678,217.45219367742538,217.0735566020012,214.63239175081253,217.54065251350403,215.32477927207947,218.41683727502823,218.07528376579285
97,216.26257294416428,217.64359480142593,216.26257294416428,217.64359480142593,217.60747653245926,215.7789409160614,214.7902557849884,216.45417672395706,217.3040121793747,216.35568571090698,215.96477073431015,217.1155196428299,217.09075319766998,217.44902420043945,217.08541840314865,214.6436272263527,217.54320710897446,215.31342428922653,218.39417058229446,218.08233094215393
98,216.2642867565155,217.6285621523857,216.2642867565155,217.6285621523857,217.6151381134987,215.7625721693039,214.76789009571075,216.47090202569962,217.33478397130966,216.35023015737534,215.98632979393005,217.1119990348816,217.05251955986023,217.44218438863754,217.10212498903275,214.66284382343292,217.54552561044693,215.30324059724808,218.36749452352524,218.08849120140076
99,216.26969200372696,217.61189782619476,216.26969200372696,217.61189782619476,217.62468045949936,215.73995566368103,214.74354028701782,216.4830902814865,217.36447650194168,216.3430353999138,216.00988340377808,217.10934430360794,217.00896567106247,217.43194395303726,217.12207573652267,214.68865609169006,217.54740458726883,215.29416239261627,218.33742594718933,218.09253680706024
100,216.27758103609085,217.59451574087143,216.27758103609085,217.59451574087143,217.63606023788452,215.71285676956177,214.71672588586807,216.49000364542007,217.39220488071442,216.33517760038376,216.03485184907913,217.1063916683197,216.96186488866806,217.4188253879547,217.1433540582657,214.7194982767105,217.5483961701393,215.28638446331024,218.30493193864822,218.094269156456
101,216.2869297862053,217.5769828557968,216.2869297862053,217.5769828557968,217.64961647987366,215.68293678760529,214.68738615512848,216.4920672774315,217.41688936948776,216.32780784368515,216.05999290943146,217.10168528556824,216.9130176305771,217.40368497371674,217.16362875699997,214.7539439201355,217.54834508895874,215.2803139090538,218.2711017727852,218.09446096420288
102,216.29691445827484,217.5603563785553,216.29691445827484,217.5603563785553,217.6653983592987,215.6525912284851,214.65521597862244,216.49052250385284,217.4376260638237,216.32196021080017,216.08330130577087,217.09389942884445,216.86367094516754,217.38773852586746,217.18024784326553,214.79072362184525,217.54682976007462,215.27604871988297,218.23709666728973,218.09419816732407
103,216.30660086870193,217.54514080286026,216.30660086870193,217.54514080286026,217.68308645486832,215.62467855215073,214.62011867761612,216.48655706644058,217.45374327898026,216.31855982542038,216.10284477472305,217.08257108926773,216.8144472837448,217.37240207195282,217.19114536046982,214.82906407117844,217.54363626241684,215.2735796570778,218.20334309339523,218.09400987625122
104,216.3157093524933,217.53192842006683,216.3157093524933,217.53192842006683,217.70230042934418,215.60197514295578,214.5829001069069,216.48172384500504,217.46451979875565,216.31771767139435,216.1175667643547,217.0684734582901,216.76591181755066,217.3590345978737,217.1953540444374,214.8678047657013,217.53859424591064,215.2731381058693,218.17047464847565,218.09448558092117
105,216.3241977095604,217.52126854658127,216.3241977095604,217.52126854658127,217.72248554229736,215.5862761735916,214.54515498876572,216.47775328159332,217.46929824352264,216.3190477490425,216.1280859708786,217.05388581752777,216.7186912894249,217.34836423397064,217.19257938861847,214.90494710206985,217.53222388029099,215.27526718378067,218.13924688100815,218.09593331813812
106,216.33186435699463,217.51308017969131,216.33186435699463,217.51308017969131,217.74302595853806,215.57864087820053,214.50853687524796,216.4760658144951,217.46841704845428,216.32226622104645,216.13451236486435,217.0411576628685,216.67307275533676,217.34046775102615,217.18270456790924,214.93866556882858,217.52536022663116,215.27991610765457,218.11060518026352,218.09688645601273
107,216.33829599618912,217.50670236349106,216.33829599618912,217.50670236349106,217.76262718439102,215.57958489656448,214.47420853376389,216.47633373737335,217.46244758367538,216.3273812532425,216.1374427676201,217.03219854831696,216.62921285629272,217.3353254199028,217.1664024591446,214.96786665916443,217.51858013868332,215.28740626573563,218.08551281690598,218.09586083889008
108,216.34358191490173,217.50151324272156,216.34358191490173,217.50151324272156,217.77973371744156,215.58908998966217,214.44282525777817,216.47818273305893,217.45254004001617,216.3340209722519,216.13823240995407,217.0285890698433,216.5871503353119,217.33269304037094,217.14527797698975,214.9920642375946,217.51221787929535,215.29746061563492,218.0649412870407,218.09232079982758
109,216.34827917814255,217.49691611528397,216.34827917814255,217.49691611528397,217.7928962111473,215.60667484998703,214.41409879922867,216.48134672641754,217.44080758094788,216.3414176106453,216.13808780908585,217.03082466125488,216.54852217435837,217.33187609910965,217.1213999390602,215.01080733537674,217.506871342659,215.31036937236786,218.04980051517487,218.08587312698364
110,216.35287594795227,217.49215108156204,216.35287594795227,217.49215108156204,217.8013254404068,215.6314623951912,214.38824915885925,216.48505890369415,217.42957562208176,216.34899997711182,216.1377231478691,217.03836333751678,216.5155400633812,217.33163219690323,217.09694081544876,215.02423757314682,217.50275176763535,215.32655423879623,218.0405935049057,218.07609647512436
111,216.3576601743698,217.48608523607254,216.3576601743698,217.48608523607254,217.80489951372147,215.66166466474533,214.36589378118515,216.48832881450653,217.4204843044281,216.3562827706337,216.13691383600235,217.05036574602127,216.4901401400566,217.33018845319748,217.07352328300476,215.03247702121735,217.4992060661316,215.34571063518524,218.03691393136978,218.06269991397858
112,216.36260801553726,217.47758024930954,216.36260801553726,217.47758024930954,217.8039140701294,215.6954635977745,214.34797936677933,216.49018913507462,217.41475051641464,216.36282885074615,216.1349110007286,217.06507033109665,216.47438651323318,217.3263924717903,217.05262553691864,215.0353044271469,217.49610483646393,215.36708146333694,218.03825879096985,218.04580640792847
113,216.36685889959335,217.46635806560516,216.36685889959335,217.46635806560516,217.79813081026077,215.7319659590721,214.33462351560593,216.49019980430603,217.41321521997452,216.3683021068573,216.13151502609253,217.08112716674805,216.46926099061966,217.3193742632866,217.0357916355133,215.03205054998398,217.49296486377716,215.39006787538528,218.04384714365005,218.02602016925812
114,216.36981981992722,217.45252394676208,216.36981981992722,217.45252394676208,217.78761059045792,215.7707281112671,214.32615768909454,216.48784816265106,217.41594767570496,216.3721525669098,216.12664890289307,217.0975462794304,216.47451490163803,217.30882167816162,217.02446871995926,215.02241092920303,217.48952078819275,215.41420739889145,218.0530064702034,218.00401782989502
115,216.37128621339798,217.43610256910324,216.37128621339798,217.43610256910324,217.7726707458496,215.8108410835266,214.32307243347168,216.48143362998962,217.421856880188,216.37374234199524,216.12022042274475,217.11324906349182,216.4898126721382,217.2949105501175,217.01963716745377,215.00678306818008,217.48545116186142,215.4392506480217,218.06528759002686,217.98094886541367
116,216.37122982740402,217.41745334863663,216.37122982740402,217.41745334863663,217.7536855340004,215.8512857556343,214.32530397176743,216.4706215262413,217.42966163158417,216.37141877412796,216.11236011981964,217.12749606370926,216.51389610767365,217.27841466665268,217.02150458097458,214.98500108718872,217.4804710149765,215.46505337953568,218.08045595884323,217.95780116319656
117,216.36947298049927,217.397270321846,216.36947298049927,217.397270321846,217.7319867014885,215.89167857170105,214.3321030139923,216.45562785863876,217.43851947784424,216.36350083351135,216.1030973792076,217.14034086465836,216.54511392116547,217.26006430387497,217.03012013435364,214.9573541879654,217.47432380914688,215.49148523807526,218.09745955467224,217.93535268306732
118,216.36595100164413,217.37641060352325,216.36595100164413,217.37641060352325,217.70843994617462,215.93148761987686,214.3429378271103,216.4369456768036,217.4474813938141,216.34898859262466,216.0922594666481,217.15208876132965,216.58140069246292,217.24060887098312,217.04474848508835,214.9241337776184,217.467216193676,215.518410384655,218.11466974020004,217.91400814056396
119,216.36065167188644,217.35542553663254,216.36065167188644,217.35542553663254,217.68360155820847,215.97013694047928,214.3573963046074,216.41500222682953,217.45533901453018,216.3288003206253,216.0799456834793,217.16297501325607,216.6203966140747,217.22062623500824,217.06431901454926,214.88622534275055,217.45939564704895,215.54596936702728,218.13116979599,217.8931558728218
120,216.3534277677536,217.33406001329422,216.3534277677536,217.33406001329422,217.6580455303192,216.00717443227768,214.37551760673523,216.3903089761734,217.4610647559166,216.3051490187645,216.06668668985367,217.17290794849396,216.66018855571747,217.20079255104065,217.08767837285995,214.8457020521164,217.45105838775635,215.57402050495148,218.14665871858597,217.87203693389893
121,216.34460026025772,217.3114309310913,216.34460026025772,217.3114309310913,217.63177210092545,216.04234433174133,214.39670872688293,216.36358678340912,217.46420508623123,216.28032463788986,216.05349266529083,217.18196296691895,216.69864869117737,217.18150168657303,217.11339837312698,214.80455547571182,217.44218456745148,215.60153192281723,218.16083151102066,217.85073083639145
122,216.3349830508232,217.2869331240654,216.3349830508232,217.2869331240654,217.60455679893494,216.0750230550766,214.42085546255112,216.33523386716843,217.4649305343628,216.25602805614471,216.0412117242813,217.1901671886444,216.73367875814438,217.16332548856735,217.1403505206108,214.76452523469925,217.4328697323799,215.62692910432816,218.17299073934555,217.83030712604523
123,216.3257513642311,217.2608517408371,216.3257513642311,217.2608517408371,217.57683032751083,216.104434132576,214.4473761320114,216.30549609661102,217.4640382528305,216.23370802402496,216.02959883213043,217.19785284996033,216.7636682987213,217.14690232276917,217.1672540307045,214.72712069749832,217.4230551123619,215.6483782529831,218.18242847919464,217.81158018112183
124,216.3178277015686,217.23412764072418,216.3178277015686,217.23412764072418,217.54883742332458,216.13012593984604,214.47536623477936,216.2743200659752,217.4623122215271,216.21404165029526,216.0180503129959,217.2052189707756,216.78802436590195,217.13252538442612,217.19296896457672,214.69307696819305,217.41303896903992,215.66453367471695,218.1884223818779,217.79517728090286
125,216.3112685084343,217.20869034528732,216.3112685084343,217.20869034528732,217.52021074295044,216.1520635485649,214.5038338303566,216.24191987514496,217.46033036708832,216.19757682085037,216.00638657808304,217.21203303337097,216.80698490142822,217.12052834033966,217.21636307239532,214.66318303346634,217.40336376428604,215.67435085773468,218.19035416841507,217.78152656555176
126,216.30595934391022,217.18660670518875,216.30595934391022,217.18660670518875,217.49085366725922,216.17017006874084,214.53252679109573,216.20922070741653,217.45864754915237,216.18441879749298,215.99518656730652,217.21743708848953,216.82063108682632,217.11172890663147,217.23644363880157,214.6381954550743,217.3948255777359,215.67732656002045,218.18764698505402,217.77059930562973
127,216.3019860982895,217.17006784677505,216.3019860982895,217.17006784677505,217.46059757471085,216.18371284008026,214.56224685907364,216.1768370270729,217.45760399103165,216.174434363842,215.9856255054474,217.22052496671677,216.82885706424713,217.10694313049316,217.25214141607285,214.6181896328926,217.38888144493103,215.67268526554108,218.18017548322678,217.76239275932312
128,216.29974627494812,217.16052681207657,216.29974627494812,217.16052681207657,217.42924624681473,216.19171857833862,214.59395587444305,216.14479863643646,217.45686024427414,216.16746068000793,215.97866624593735,217.2206260561943,216.8317747116089,217.10678833723068,217.26300418376923,214.60386192798615,217.38649332523346,215.65971094369888,218.16780352592468,217.75696873664856
129,216.29942053556442,217.1592036485672,216.29942053556442,217.1592036485672,217.39721876382828,216.19331324100494,214.62822657823563,216.11385601758957,217.45545727014542,216.16269212961197,215.97430646419525,217.2172902226448,216.8300360441208,217.11082792282104,217.26861548423767,214.59576499462128,217.38772851228714,215.6382191181183,218.15069013834,217.75476670265198
130,216.30079984664917,217.16681027412415,216.30079984664917,217.16681027412415,217.36535972356796,216.18801897764206,214.66484105587006,216.08538955450058,217.45213133096695,216.15961933135986,215.97169756889343,217.21032625436783,216.8240093588829,217.11873924732208,217.26887547969818,214.5938965678215,217.3922929763794,215.6081857085228,218.1295872926712,217.7559413909912
131,216.3027994632721,217.18358778953552,216.3027994632721,217.18358778953552,217.334635078907,216.17558443546295,214.70368391275406,216.06043308973312,217.44574600458145,216.15760552883148,215.96928650140762,217.19942635297775,216.81401014328003,217.13025653362274,217.2643268108368,214.59768813848495,217.39937949180603,215.57051306962967,218.1049808859825,217.7605278491974
132,216.30324864387512,217.20917975902557,216.30324864387512,217.20917975902557,217.30651235580444,216.15638381242752,214.74427086114883,216.03986221551895,217.43583697080612,216.1557940840721,215.9651279449463,217.18414735794067,216.79992830753326,217.14501875638962,217.2560309767723,214.60662162303925,217.40846347808838,215.52706164121628,218.0776041150093,217.76904225349426
133,216.3000801205635,217.24261927604675,216.3000801205635,217.24261927604675,217.28215235471725,216.13163763284683,214.78572982549667,216.02433568239212,217.4228419661522,216.1537030339241,215.95792025327682,217.1643818616867,216.78240549564362,217.1625815629959,217.24480724334717,214.61990064382553,217.41924268007278,215.47914284467697,218.04849660396576,217.78148531913757
134,216.2925470471382,217.28185015916824,216.2925470471382,217.28185015916824,217.2623193860054,216.10279273986816,214.82583862543106,216.01476955413818,217.40726453065872,216.15190356969833,215.94744277000427,217.1408724784851,216.76262950897217,217.18210870027542,217.23202902078629,214.63727378845215,217.43183189630508,215.42714434862137,218.01837074756622,217.79671543836594
135,216.28019165992737,217.32439267635345,216.28019165992737,217.32439267635345,217.24737799167633,216.07136696577072,214.86256700754166,216.01122534275055,217.389777302742,216.15035128593445,215.93433141708374,217.11500084400177,216.74208348989487,217.20196115970612,217.21893668174744,214.6584711074829,217.4466009736061,215.37179052829742,217.98778825998306,217.81420344114304
136,216.26269155740738,217.3670945763588,216.26269155740738,217.3670945763588,217.23751765489578,216.03957682847977,214.89446330070496,216.01330173015594,217.37095946073532,216.1488779783249,215.91911095380783,217.0884751677513,216.7225320339203,217.22045135498047,217.2063997387886,214.68289417028427,217.46354633569717,215.3139749765396,217.9574083685875,217.83370876312256
137,216.2399805188179,217.4062957763672,216.2399805188179,217.4062957763672,217.23270243406296,216.00926768779755,214.91877400875092,216.02105116844177,217.3514565229416,216.14798831939697,215.9016307592392,217.0625222325325,216.70516592264175,217.23661333322525,217.1956580877304,214.7099613547325,217.4819301366806,215.2537727355957,217.92791879177094,217.85524398088455
138,216.21256911754608,217.43778896331787,216.21256911754608,217.43778896331787,217.23298555612564,215.9818172454834,214.933917760849,216.0346394777298,217.33241963386536,216.1474825143814,215.88089454174042,217.03772127628326,216.69087368249893,217.24999552965164,217.18773239850998,214.73945486545563,217.5008064508438,215.19150805473328,217.9001595377922,217.87853509187698
139,216.1807267665863,217.4584214091301,216.1807267665863,217.4584214091301,217.2382566332817,215.95844250917435,214.93970376253128,216.05362957715988,217.31505113840103,216.14757251739502,215.8552646636963,217.01527553796768,216.68033707141876,217.2607673406601,217.18340277671814,214.77048379182816,217.51877027750015,215.12785321474075,217.87432718276978,217.9032837152481
140,216.1452478170395,217.4676632285118,216.1452478170395,217.4676632285118,217.24813890457153,215.93921822309494,214.93727868795395,216.07683527469635,217.29991781711578,216.14823192358017,215.8236255645752,216.995619058609,216.67407417297363,217.26926404237747,217.18271696567535,214.8019637465477,217.5342634320259,215.0635558962822,217.85018187761307,217.92969805002213
141,216.10820746421814,217.46569573879242,216.10820746421814,217.46569573879242,217.26206642389297,215.9232532978058,214.93087017536163,216.10348588228226,217.2868686914444,216.14879834651947,215.78566098213196,216.97848868370056,216.67213988304138,217.2766181230545,217.18527656793594,214.8336764574051,217.54477673768997,215.00077867507935,217.82779455184937,217.95823454856873
142,216.07153767347336,217.45336228609085,216.07153767347336,217.45336228609085,217.27910500764847,215.9094368815422,214.92442989349365,216.13242900371552,217.2757390141487,216.1491150856018,215.74147433042526,216.96326506137848,216.67435312271118,217.28387528657913,217.19059002399445,214.86535036563873,217.5485379099846,214.94206941127777,217.80792009830475,217.98912340402603
143,216.03749406337738,217.43161582946777,216.03749406337738,217.43161582946777,217.298189163208,215.89718347787857,214.92072796821594,216.16226440668106,217.26610451936722,216.1491817831993,215.691814661026,216.94918411970139,216.68073797225952,217.2917657494545,217.1979450583458,214.8965368270874,217.5448185801506,214.88959687948227,217.79130202531815,218.02307307720184
144,216.0086790919304,217.40167880058289,216.0086790919304,217.40167880058289,217.31853598356247,215.88561463356018,214.9213924407959,216.19151896238327,217.25697964429855,216.14807909727097,215.6384556889534,216.93563497066498,216.69108361005783,217.30058538913727,217.20657390356064,214.92677038908005,217.53386253118515,214.84512221813202,217.77833592891693,218.06054037809372
145,215.9869042634964,217.3645819425583,215.9869042634964,217.3645819425583,217.33898532390594,215.87403893470764,214.92823964357376,216.21807837486267,217.2468500137329,216.1454135775566,215.58362287282944,216.922871530056,216.70556193590164,217.31072056293488,217.2155977487564,214.95542472600937,217.51663303375244,214.80960929393768,217.76883202791214,218.09980952739716
146,215.97306954860687,217.32117623090744,215.97306954860687,217.32117623090744,217.35812336206436,215.8621311187744,214.9420056939125,216.2397921681404,217.23404026031494,216.14118093252182,215.52950179576874,216.91137200593948,216.72399300336838,217.32217228412628,217.22472310066223,214.98204171657562,217.49431252479553,214.78333538770676,217.76232254505157,218.1382891535759
147,215.96719908714294,217.27279156446457,215.96719908714294,217.27279156446457,217.37513583898544,215.8500457406044,214.9630771279335,216.25560396909714,217.2177693247795,216.13532501459122,215.4778692126274,216.9011488556862,216.74559420347214,217.33464378118515,217.2335822582245,215.00632226467133,217.46749991178513,214.7659177184105,217.75844675302505,218.17351478338242
148,215.96879088878632,217.22150546312332,215.96879088878632,217.22150546312332,217.3898047208786,215.83739894628525,214.99127769470215,216.2660002708435,217.19773215055466,216.12820887565613,215.430972635746,216.8931075334549,216.77006310224533,217.34793210029602,217.24085932970047,215.02787947654724,217.43842327594757,214.75718080997467,217.7564818263054,218.20293748378754
149,215.97738963365555,217.16931957006454,215.97738963365555,217.16931957006454,217.4019576907158,215.82324486970901,215.02633380889893,216.27196222543716,217.17350673675537,216.12119269371033,215.39187234640121,216.88843804597855,216.7979986667633,217.36099523305893,217.2454732656479,215.04616516828537,217.40967613458633,214.7568552494049,217.75487911701202,218.22623884677887
150,215.99152582883835,217.11795550584793,215.99152582883835,217.11795550584793,217.41139847040176,215.8066365122795,215.06724178791046,216.2745732665062,217.14576691389084,216.11559200286865,215.36340552568436,216.88859230279922,216.82919734716415,217.37246561050415,217.24563574790955,215.06040489673615,217.3830349445343,214.76412683725357,217.7511309981346,218.2426889538765
151,216.00775891542435,217.06965070962906,216.00775891542435,217.06965070962906,217.4182706475258,215.78717249631882,215.11222219467163,216.27416586875916,217.1157357096672,216.112198472023,215.3478358387947,216.89401680231094,216.8634603023529,217.38007205724716,217.24024784564972,215.0698340535164,217.3603977560997,214.77858382463455,217.74397200345993,218.25166457891464
152,216.02349585294724,217.02670854330063,216.02349585294724,217.02670854330063,217.4224123954773,215.76476603746414,215.15963470935822,216.27128690481186,217.08584570884705,216.11223274469376,215.3461332321167,216.90502613782883,216.90095615386963,217.38130402565002,217.22824776172638,215.07360887527466,217.34264439344406,214.7987470626831,217.73320120573044,218.25258541107178
153,216.0356656908989,216.99121361970901,216.0356656908989,216.99121361970901,217.42382687330246,215.73981750011444,215.20713728666306,216.26606506109238,217.05802184343338,216.1166679263115,215.35851341485977,216.9223865866661,216.94236224889755,217.37376844882965,217.209337413311,215.07115763425827,217.32998901605606,214.82310259342194,217.71852773427963,218.24497717618942
154,216.04209232330322,216.96537286043167,216.04209232330322,216.96537286043167,217.42243242263794,215.71271979808807,215.25265765190125,216.25898456573486,217.03365057706833,216.12709206342697,215.384186565876,216.94578975439072,216.9869486093521,217.3561474084854,217.18363344669342,215.06232410669327,217.32245981693268,214.85020512342453,217.7000606060028,218.22923529148102
155,216.04306930303574,216.95067059993744,216.04306930303574,216.95067059993744,217.41827410459518,215.6843227148056,215.294240295887,216.25046110153198,217.01465910673141,216.14381355047226,215.42167764902115,216.9746972322464,217.03282988071442,217.32909625768661,217.15221804380417,215.04720175266266,217.3199937939644,214.8783824443817,217.67893254756927,218.2059519290924
156,216.03917491436005,216.94764214754105,216.03917491436005,216.94764214754105,217.41120874881744,215.6561924815178,215.33074456453323,216.24076849222183,217.00281810760498,216.1654361486435,215.4688709974289,217.00796383619308,217.0780331492424,217.29435074329376,217.11615353822708,215.0254390835762,217.32195150852203,214.90738248825073,217.65661108493805,218.17533200979233
157,216.0314691066742,216.95565205812454,216.0314691066742,216.95565205812454,217.4012724161148,215.63046324253082,215.36271065473557,216.23043358325958,216.99947595596313,216.18894749879837,215.5235748887062,217.04417979717255,217.12004107236862,217.25482273101807,217.07777094841003,214.99510431289673,217.3280302286148,214.93654042482376,217.6343401670456,218.13810861110687
158,216.02171230316162,216.97368973493576,216.02171230316162,216.97368973493576,217.38943350315094,215.60915100574493,215.39027404785156,216.22090607881546,217.00572925806046,216.212248980999,215.58332204818726,217.08190762996674,217.15600806474686,217.21392172574997,217.04023796319962,214.95521867275238,217.3378046154976,214.96487122774124,217.61348938941956,218.09517222642899
159,216.01147001981735,217.0012314915657,216.01147001981735,217.0012314915657,217.37630254030228,215.59329217672348,215.41279697418213,216.21398615837097,217.02277600765228,216.2342963218689,215.64594238996506,217.11994844675064,217.18470907211304,217.17599076032639,217.0062804222107,214.90693044662476,217.35018682479858,214.99184900522232,217.59533298015594,218.0480883717537
160,216.00195747613907,217.0377191901207,216.00195747613907,217.0377191901207,217.3620035648346,215.58305263519287,215.42982268333435,216.21119439601898,217.05073195695877,216.25373035669327,215.70951348543167,217.1570104956627,217.20515763759613,217.14491480588913,216.97820389270782,214.8530547618866,217.36361473798752,215.0181521177292,217.58081257343292,217.99851471185684
161,215.99407947063446,217.0831258893013,215.99407947063446,217.0831258893013,217.34708201885223,215.57832086086273,215.44032740592957,216.21389245986938,217.08785903453827,216.26900565624237,215.77158576250076,217.19257766008377,217.2177129983902,217.12376075983047,216.95816659927368,214.7969709634781,217.37664860486984,215.04407370090485,217.57072442770004,217.94888627529144
162,215.98759824037552,217.13665372133255,215.98759824037552,217.13665372133255,217.33275657892227,215.5787353515625,215.44343972206116,216.22323739528656,217.132071018219,216.27814716100693,215.83102756738663,217.2259156703949,217.22405421733856,217.11496257781982,216.94754749536514,214.74323040246964,217.38805919885635,215.0693348646164,217.56534016132355,217.90163260698318
163,215.9817560315132,217.1984508037567,215.9817560315132,217.1984508037567,217.32098495960236,215.58404529094696,215.4396052956581,216.24018049240112,217.18054884672165,216.27892071008682,215.8872275352478,217.25622063875198,217.2264769077301,217.11979633569717,216.94655346870422,214.69425159692764,217.39827245473862,215.09463161230087,217.5648290514946,217.8593596816063
164,215.97731584310532,217.26783728599548,215.97731584310532,217.26783728599548,217.31277990341187,215.59266126155853,215.43072646856308,216.26578438282013,217.23110592365265,216.27059692144394,215.93922489881516,217.28324991464615,217.22713977098465,217.1380379796028,216.95437222719193,214.6519023180008,217.40731251239777,215.12146419286728,217.5690661072731,217.82475692033768
165,215.97601675987244,217.34376740455627,215.97601675987244,217.34376740455627,217.30838590860367,215.6040745973587,215.41851341724396,216.29978281259537,217.28304529190063,216.25425070524216,215.9873799085617,217.3070297241211,217.22792106866837,217.16763108968735,216.9697550535202,214.61772561073303,217.415422976017,215.15130996704102,217.5784711241722,217.8005478978157
166,215.9788252711296,217.424198448658,215.9788252711296,217.424198448658,217.3074915409088,215.6184076666832,215.40524637699127,216.34170258045197,217.33618038892746,216.23225766420364,216.0325806736946,217.32792150974274,217.2304276227951,217.20612382888794,216.99222040176392,214.59335207939148,217.42315077781677,215.18487757444382,217.59319311380386,217.78736650943756
167,215.98790299892426,217.5082334280014,215.98790299892426,217.5082334280014,217.31085067987442,215.63562083244324,215.39339172840118,216.38969069719315,217.3908565044403,216.20714837312698,216.07523834705353,217.34652626514435,217.23528385162354,217.2509868144989,217.02093029022217,214.5824298262596,217.43036031723022,215.22191727161407,217.6131516098976,217.78583598136902
168,216.00480616092682,217.59415447711945,216.00480616092682,217.59415447711945,217.3202913403511,215.6551055908203,215.38394236564636,216.44149708747864,217.44792556762695,216.18266540765762,216.11597913503647,217.36277723312378,217.24387234449387,217.29902291297913,217.05563235282898,214.58694940805435,217.43790531158447,215.2622390985489,217.63859069347382,217.7959994673729
169,216.03160762786865,217.67930501699448,216.03160762786865,217.67930501699448,217.33811503648758,215.67640817165375,215.3791972398758,216.49417531490326,217.50744551420212,216.16461312770844,216.15662640333176,217.37800085544586,217.2589236497879,217.34775745868683,217.09549498558044,214.60758417844772,217.4456354379654,215.30434000492096,217.66932678222656,217.81740844249725
170,216.0716102719307,217.76099944114685,216.0716102719307,217.76099944114685,217.36596012115479,215.69706171751022,215.3789039850235,216.54483807086945,217.56907558441162,216.15578013658524,216.19755864143372,217.3935455083847,217.28086692094803,217.3958957195282,217.1386917233467,214.64207690954208,217.45367926359177,215.3462884426117,217.70505899190903,217.8482419848442
171,216.126050055027,217.83855378627777,216.126050055027,217.83855378627777,217.40489798784256,215.7151699066162,215.38347446918488,216.59132087230682,217.63300323486328,216.15755558013916,216.23790180683136,217.4107482433319,217.3091093301773,217.44435459375381,217.18368619680405,214.6889989376068,217.46281266212463,215.3858432173729,217.74579548835754,217.88574421405792
172,216.19421565532684,217.91300928592682,216.19421565532684,217.91300928592682,217.45454090833664,215.72964853048325,215.3933431506157,216.6317526102066,217.69776040315628,216.17056584358215,216.27717512845993,217.42951571941376,217.34253138303757,217.4940164089203,217.22941321134567,214.74650812149048,217.47301375865936,215.42267698049545,217.7910082936287,217.92795741558075
173,216.2740285396576,217.98431026935577,216.2740285396576,217.98431026935577,217.51404690742493,215.74043482542038,215.40797144174576,216.66602843999863,217.76332491636276,216.19490098953247,216.3149894475937,217.44840210676193,217.37963372468948,217.54594004154205,217.27434396743774,214.8130292892456,217.48382836580276,215.45820808410645,217.84068322181702,217.97435826063156
174,216.36427795886993,218.05329459905624,216.36427795886993,218.05329459905624,217.58366441726685,215.7510942220688,215.42709547281265,216.6943061351776,217.8290421962738,216.22848272323608,216.35230147838593,217.46579772233963,217.41921800374985,217.60062855482101,217.31709545850754,214.8862869143486,217.49455696344376,215.49364578723907,217.89564222097397,218.02430564165115
175,216.46427738666534,218.1194235086441,216.46427738666534,218.1194235086441,217.66245555877686,215.76489979028702,215.45059859752655,216.71728813648224,217.8957880139351,216.27325493097305,216.3914813399315,217.47917622327805,217.4605565071106,217.65506392717361,217.35475504398346,214.96550744771957,217.50361520051956,215.53041744232178,217.956318795681,218.07885485887527
176,216.5732883810997,218.18107932806015,216.5732883810997,218.18107932806015,217.74929493665695,215.7866326570511,215.4798043370247,216.7355718612671,217.96360623836517,216.3281717300415,216.43649369478226,217.48725378513336,217.50319796800613,217.70585948228836,217.3845683336258,215.05093854665756,217.50921487808228,215.56932264566422,218.02343851327896,218.1389337182045
177,216.69013220071793,218.23708939552307,216.69013220071793,218.23708939552307,217.84234392642975,215.82113033533096,215.51429611444473,216.75024765729904,218.03244537115097,216.39151418209076,216.48836702108383,217.49217355251312,217.54821652173996,217.75156980752945,217.4062099456787,215.14205092191696,217.51104128360748,215.60955905914307,218.09762960672379,218.20495223999023
178,216.81114184856415,218.2860083580017,216.81114184856415,218.2860083580017,217.93919879198074,215.86992990970612,215.55690848827362,216.76309210062027,218.10239219665527,216.46476978063583,216.54799634218216,217.4982072710991,217.59555810689926,217.79127806425095,217.420569896698,215.23736256361008,217.5104171037674,215.65182614326477,218.17531961202621,218.27641940116882
179,216.93356269598007,218.32716619968414,216.93356269598007,218.32716619968414,218.03617948293686,215.9349467754364,215.60892391204834,216.77648001909256,218.17374122142792,216.54747688770294,216.61495143175125,217.509033203125,217.64478820562363,217.82558631896973,217.43022537231445,215.3330523967743,217.50891834497452,215.7003259062767,218.25463461875916,218.35361456871033
180,217.05441761016846,218.35951220989227,217.05441761016846,218.35951220989227,218.13145244121552,216.01546972990036,215.673197388649,216.7930170893669,218.24397265911102,216.63881129026413,216.6885957121849,217.52677762508392,217.69549250602722,217.85694068670273,217.4372180700302,215.42547285556793,217.5083858370781,215.75975173711777,218.33370172977448,218.43487125635147
