shift,pair_00,pair_01,pair_02,pair_03,pair_04,pair_05,pair_06,pair_07,pair_08,pair_09,pair_10,pair_11,pair_12,pair_13,pair_14,pair_15,pair_16,pair_17,pair_18
-180,212.69356089830399,209.15432834625244,209.35461658239365,212.21279507875443,211.14808189868927,209.91162145137787,211.57162111997604,217.3987501859665,211.76146465539932,210.39825481176376,211.44283044338226,210.7804120182991,211.1010187268257,209.94187772274017,212.12329590320587,218.05130845308304,212.66428518295288,211.10260528326035,212.1841452717781
-179,212.6410595178604,209.04049974679947,209.2750185728073,212.18109333515167,211.0044372677803,209.80037343502045,211.41884392499924,217.31995338201523,211.66899651288986,210.26009833812714,211.36232072114944,210.68737667798996,211.01102954149246,209.83182221651077,212.0751559138298,218.01306533813477,212.66464632749557,211.02070665359497,212.15068185329437
-178,212.5778831243515,208.9332930445671,209.20494318008423,212.1551097035408,210.88272833824158,209.69376760721207,211.2861481308937,217.23767983913422,211.57605510950089,210.11646777391434,211.29505628347397,210.5930951833725,210.93521428108215,209.7068464756012,212.01599818468094,217.97748231887817,212.65579026937485,210.94843566417694,212.10865926742554
-177,212.50715398788452,208.82512855529785,209.14296454191208,212.1358289718628,210.78404319286346,209.59669029712677,211.17169803380966,217.15378546714783,211.48366618156433,209.96526110172272,211.2382819056511,210.49720364809036,210.86960512399673,209.5720421075821,211.94929420948029,217.94214671850204,212.63426929712296,210.8853086233139,212.0602353811264
-176,212.43232887983322,208.7162322998047,209.09025716781616,212.12094193696976,210.70553541183472,209.51611495018005,211.07540345191956,217.0703810453415,211.3951905965805,209.8124861717224,211.1871212720871,210.39510452747345,210.80919283628464,209.42919981479645,211.87218499183655,217.90384823083878,212.59832382202148,210.83397233486176,212.00061571598053
-175,212.3593607544899,208.60319250822067,209.0518137216568,212.10681301355362,210.6440235376358,209.45339906215668,210.99628460407257,216.98822766542435,211.31567883491516,209.66452968120575,211.1357815861702,210.28569793701172,210.7530432343483,209.28121155500412,211.7822346687317,217.86084085702896,212.54859745502472,210.79204672574997,211.93110293149948
-174,212.2892343401909,208.48190873861313,209.02928751707077,212.09009569883347,210.59655910730362,209.40414482355118,210.934141933918,216.90911257266998,211.24353528022766,209.52441668510437,211.08002388477325,210.17333006858826,210.702612221241,209.13715863227844,211.67931830883026,217.81115835905075,212.4900513291359,210.75733149051666,211.85300999879837
-173,212.22291004657745,208.35073971748352,209.02396458387375,212.0691447854042,210.55982315540314,209.3627486228943,210.89073079824448,216.8359044790268,211.18048721551895,209.39658349752426,211.02107244729996,210.06104284524918,210.65385258197784,208.99664801359177,211.5663885474205,217.7549387216568,212.42907524108887,210.73006129264832,211.7687091231346
-172,212.16225492954254,208.21294766664505,209.0337811112404,212.04204446077347,210.5304405093193,209.32040852308273,210.86552143096924,216.77029246091843,211.12610918283463,209.2860934138298,210.96047860383987,209.95186161994934,210.60449016094208,208.8621470928192,211.44928866624832,217.6929074525833,212.3688896894455,210.70800411701202,211.67823201417923
-171,212.1097750067711,208.07138401269913,209.05757176876068,212.0084329843521,210.50691026449203,209.27198296785355,210.85788869857788,216.71450519561768,211.07813614606857,209.19560080766678,210.89895683526993,209.84933763742447,210.55696749687195,208.73738211393356,211.33363765478134,217.62672704458237,212.31691634655,210.68858075141907,211.58352547883987
-170,212.0685310959816,207.93189024925232,209.09429281949997,211.9691699743271,210.4918162226677,209.21506822109222,210.86491644382477,216.66980111598969,211.0354835987091,209.12585484981537,210.83619636297226,209.7537487745285,210.5108892917633,208.62090426683426,211.2261796593666,217.55963003635406,212.27680510282516,210.6661221385002,211.48393321037292
-169,212.0378042459488,207.7979149222374,209.1426050066948,211.92384070158005,210.48956698179245,209.15052247047424,210.88114100694656,216.6372967362404,210.99590253829956,209.0788711309433,210.7709732055664,209.66582268476486,210.4643634557724,208.51603084802628,211.13106226921082,217.49399054050446,212.24773359298706,210.63735443353653,211.37829446792603
-168,212.01703709363937,207.66899609565735,209.19892102479935,211.87522304058075,210.4993816614151,209.08006858825684,210.90193229913712,216.61665469408035,210.95876586437225,209.05426394939423,210.70331019163132,209.59002405405045,210.41701662540436,208.42433559894562,211.0499347448349,217.43243473768234,212.23013615608215,210.59717839956284,211.2685541510582
-167,212.00459975004196,207.55300360918045,209.25844144821167,211.82244420051575,210.51968723535538,209.0032593011856,210.92457282543182,216.60638642311096,210.92541444301605,209.04857659339905,210.63557571172714,209.52866929769516,210.3684093952179,208.34902334213257,210.9821058511734,217.3767666220665,212.22629171609879,210.5462139248848,211.15793019533157
-166,211.99933284521103,207.45354729890823,209.31782966852188,211.76607006788254,210.54641139507294,208.9205169081688,210.94724118709564,216.60453033447266,210.89570134878159,209.05762296915054,210.57257336378098,209.48287373781204,210.31676131486893,208.29586321115494,210.92610436677933,217.3269988298416,212.2353811264038,210.48474460840225,211.05024015903473
-165,212.00047689676285,207.3760815858841,209.3749784231186,211.70617991685867,210.5754532814026,208.83651787042618,210.9669394493103,216.60845172405243,210.87246441841125,209.07841181755066,210.51837295293808,209.4491440653801,210.25999248027802,208.2648206949234,210.87832868099213,217.28341042995453,212.25624579191208,210.41573584079742,210.95107811689377
-164,212.00652247667313,207.32302767038345,209.4288645386696,211.64366048574448,210.6022047996521,208.75686365365982,210.9793062210083,216.61461472511292,210.8540500998497,209.10688823461533,210.47353971004486,209.42843735218048,210.1993030309677,208.25822842121124,210.83492583036423,217.24434566497803,212.28669077157974,210.34539675712585,210.86504781246185
-163,212.01598930358887,207.29289811849594,209.47892385721207,211.58324724435806,210.62124317884445,208.68270832300186,210.9822831749916,216.61896389722824,210.83829724788666,209.13888651132584,210.4378029704094,209.4197947382927,210.13647830486298,208.27469283342361,210.7935084104538,217.20839166641235,212.32332891225815,210.280111849308,210.7923732995987
-162,212.02821815013885,207.2842200398445,209.52314549684525,211.5285131931305,210.63274335861206,208.61613845825195,210.97595769166946,216.61872851848602,210.82229381799698,209.17079401016235,210.4080229997635,209.42119055986404,210.07430255413055,208.30888640880585,210.7515932917595,217.17501145601273,212.36052095890045,210.22101664543152,210.73785996437073
-161,212.0385138988495,207.29669123888016,209.56018269062042,211.48231726884842,210.63475918769836,208.5592423081398,210.9573821425438,216.61145716905594,210.80358946323395,209.20453560352325,210.38356029987335,209.430859208107,210.01587915420532,208.35747003555298,210.70672750473022,217.1431604027748,212.39063197374344,210.17018735408783,210.70036911964417
-160,212.04255264997482,207.32516765594482,209.58676624298096,211.44530129432678,210.62512451410294,208.51655453443527,210.92894184589386,216.59527605772018,210.7825070619583,209.24379044771194,210.36296564340591,209.4473847746849,209.96419113874435,208.41434335708618,210.65874856710434,217.11217641830444,212.41013324260712,210.12613981962204,210.6785927414894
-159,212.03876930475235,207.36367678642273,209.6012105345726,211.41661304235458,210.60278874635696,208.48868983983994,210.89440017938614,216.56969153881073,210.75714021921158,209.28758347034454,210.34586107730865,209.4715325832367,209.92027205228806,208.4730163216591,210.60898834466934,217.0814625620842,212.4182042479515,210.08565074205399,210.6666939854622
-158,212.02542877197266,207.41103774309158,209.60185635089874,211.39568787813187,210.5669488310814,208.47603112459183,210.85644322633743,216.53576463460922,210.72621351480484,209.33082324266434,210.33237594366074,209.5028645992279,209.884719312191,208.52774262428284,210.55611115694046,217.0515137910843,212.41468214988708,210.04757940769196,210.66002893447876
-157,212.00369429588318,207.46425867080688,209.58873093128204,211.3812673687935,210.51710081100464,208.47902762889862,210.81699353456497,216.4943209886551,210.6911438703537,209.36914563179016,210.32258713245392,209.54041320085526,209.85760068893433,208.57338553667068,210.49522233009338,217.02312922477722,212.40257173776627,210.0081057548523,210.65319335460663
-156,211.97480803728104,207.5207399725914,209.56411015987396,211.37213212251663,210.45405733585358,208.4932769536972,210.77401471138,216.44748145341873,210.6520430445671,209.39864695072174,210.31718027591705,209.58403635025024,209.83756232261658,208.60836243629456,210.4280163049698,216.99729120731354,212.38600093126297,209.9672008752823,210.64359772205353
-155,211.941015958786,207.5766196846962,209.53010034561157,211.36623406410217,210.3791687488556,208.51340425014496,210.72640377283096,216.39748585224152,210.60882902145386,209.41698616743088,210.31593084335327,209.629310131073,209.82077991962433,208.63277971744537,210.35288041830063,216.974813580513,212.36856025457382,209.92621624469757,210.6293671131134
-154,211.90714091062546,207.62611091136932,209.49146562814713,211.3619133234024,210.2956925034523,208.53725057840347,210.67383140325546,216.34649670124054,210.56331396102905,209.42225182056427,210.31807208061218,209.67273610830307,209.8054559826851,208.6478187441826,210.2709560394287,216.95600670576096,212.35277545452118,209.88472366333008,210.60776883363724
-153,211.8744249343872,207.66794216632843,209.4501742720604,211.35879451036453,210.2074243426323,208.56453037261963,210.61476176977158,216.29693484306335,210.51666796207428,209.41458159685135,210.32257097959518,209.71080440282822,209.78869688510895,208.653211414814,210.18378341197968,216.9399470090866,212.3406229019165,209.84411931037903,210.58049684762955
-152,211.84281355142593,207.70261991024017,209.4083166718483,211.35743528604507,210.1183282136917,208.5965228676796,210.55028182268143,216.2507956624031,210.46965605020523,209.39662724733353,210.32842618227005,209.7406474351883,209.769804418087,208.64987897872925,210.0922245979309,216.92448073625565,212.33393949270248,209.80405974388123,210.54732072353363
-151,211.81204909086227,207.7285572886467,209.3691390156746,211.35829657316208,210.03241807222366,208.63233345746994,210.48119282722473,216.209879219532,210.42330479621887,209.37054908275604,210.33501541614532,209.76380920410156,209.75027704238892,208.64076673984528,209.9988454580307,216.907997071743,212.3333888053894,209.76571118831635,210.50869917869568
-150,211.7822299003601,207.74599027633667,209.33495825529099,211.36204826831818,209.95140516757965,208.6695757508278,210.40858310461044,216.17600178718567,210.379500746727,209.3385922908783,210.34239876270294,209.7820501923561,209.73242604732513,208.62709707021713,209.90842962265015,216.89059031009674,212.33965754508972,209.72972720861435,210.46792989969254
-149,211.75245809555054,207.75498455762863,209.3046214580536,211.37084186077118,209.87714129686356,208.70427179336548,210.33421486616135,216.15098983049393,210.34215885400772,209.30341756343842,210.34945231676102,209.79708802700043,209.71650713682175,208.61392772197723,209.82385033369064,216.87284916639328,212.35211050510406,209.69661861658096,210.42646837234497
-148,211.72324341535568,207.75721329450607,209.27685236930847,211.38422733545303,209.8119237422943,208.73136585950851,210.26232212781906,216.13694953918457,210.3145506978035,209.26627284288406,210.35415142774582,209.81088262796402,209.702495098114,208.6049137711525,209.7470868229866,216.8554430603981,212.36997854709625,209.66728109121323,210.38652098178864
-147,211.69432693719864,207.75391972064972,209.25206220149994,211.40207594633102,209.75805270671844,208.74697989225388,210.1955189704895,216.13444834947586,210.29830884933472,209.22738540172577,210.35428124666214,209.82482320070267,209.6912122964859,208.6033393740654,209.6790012717247,216.83899664878845,212.39329731464386,209.64271026849747,210.34775352478027
-146,211.6652221083641,207.74564445018768,209.22775220870972,211.4250522851944,209.71692806482315,208.74815821647644,210.1360810995102,216.142436504364,210.29139292240143,209.18762463331223,210.34745359420776,209.8416787981987,209.68203610181808,208.61072462797165,209.61788564920425,216.82353329658508,212.4209652543068,209.62098985910416,210.3092011809349
-145,211.63666135072708,207.73086750507355,209.20404690504074,211.4524121284485,209.68666124343872,208.73328495025635,210.0843629837036,216.15982669591904,210.2925733923912,209.14702010154724,210.33254659175873,209.86338299512863,209.67307764291763,208.62662142515182,209.56390166282654,216.8090559244156,212.45234954357147,209.60056960582733,210.27216506004333
-144,211.60883164405823,207.71095395088196,209.18261152505875,211.4833477139473,209.66480261087418,208.70474189519882,210.04124116897583,216.18475478887558,210.30019164085388,209.10522466897964,210.31050062179565,209.89033728837967,209.66401153802872,208.6480051279068,209.51697301864624,216.79514622688293,212.48651427030563,209.58084404468536,210.23788517713547
-143,211.5827367901802,207.68782782554626,209.16537737846375,211.51790940761566,209.6503175497055,208.66646921634674,210.00821030139923,216.2146914601326,210.31236094236374,209.06256520748138,210.28136140108109,209.92087244987488,209.6542751789093,208.67181408405304,209.47749030590057,216.78002893924713,212.5211935043335,209.56257396936417,210.20853751897812
-142,211.55890828371048,207.6616137623787,209.15208214521408,211.55409264564514,209.64033675193787,208.62320804595947,209.98516446352005,216.2465745806694,210.3290303349495,209.02003455162048,210.24509876966476,209.9510982632637,209.6473867893219,208.69455617666245,209.4470626115799,216.76178240776062,212.5546145439148,209.54632687568665,210.18615978956223
-141,211.5377253293991,207.63330525159836,209.14129161834717,211.58966583013535,209.63245397806168,208.57872605323792,209.9714287519455,216.2772492170334,210.3490834236145,208.97856944799423,210.20348864793777,209.9790482521057,209.64555269479752,208.7120085954666,209.4254648089409,216.73925119638443,212.58530986309052,209.53200107812881,210.17121767997742
-140,211.52112412452698,207.60299718379974,209.1318330168724,211.62214094400406,209.6267607808113,208.53427410125732,209.96575558185577,216.30486196279526,210.37273412942886,208.93981951475143,210.15925407409668,210.00243359804153,209.6496540904045,208.7219545841217,209.41296565532684,216.71147972345352,212.61196142435074,209.52062875032425,210.1635895371437
-139,211.51078975200653,207.5700085759163,209.12354040145874,211.65016502141953,209.62317043542862,208.48980832099915,209.9659422636032,216.32827293872833,210.40009546279907,208.90517556667328,210.11487233638763,210.01933485269547,209.66003394126892,208.72478866577148,209.41063970327377,216.67896127700806,212.63385647535324,209.51423066854477,210.1637921333313
-138,211.50703865289688,207.53473216295242,209.1168886423111,211.67273116111755,209.6212579011917,208.44439965486526,209.96988785266876,216.34746301174164,210.43176138401031,208.87521767616272,210.0727437734604,210.0279656648636,209.6757019162178,208.72430276870728,209.4185842871666,216.64373314380646,212.65053886175156,209.5134283900261,210.17292034626007
-137,211.50908857584,207.49749541282654,209.11108207702637,211.68947112560272,209.62110644578934,208.3973149061203,209.97498852014542,216.36257129907608,210.4675768017769,208.8493721485138,210.03451496362686,210.02678662538528,209.69480913877487,208.72378116846085,209.43503749370575,216.60799330472946,212.66175919771194,209.51659047603607,210.19089168310165
-136,211.5153757929802,207.45826297998428,209.1054739356041,211.70026791095734,209.6230010986328,208.3495414853096,209.9785425066948,216.374281167984,210.50768554210663,208.82787054777145,210.00049221515656,210.0142685174942,209.71607702970505,208.72620058059692,209.45746731758118,216.57322424650192,212.66629630327225,209.52209812402725,210.21546840667725
-135,211.5241426229477,207.41936761140823,209.09989720582962,211.70551019906998,209.62634348869324,208.30096995830536,209.9783296585083,216.3840287923813,210.5517663359642,208.8125878572464,209.97036117315292,209.98986768722534,209.73797357082367,208.7323848605156,209.48324382305145,216.54096561670303,212.66439044475555,209.52844458818436,210.24554532766342
-134,211.53356087207794,207.3850281238556,209.094276368618,211.70706349611282,209.63070845603943,208.25305318832397,209.97425544261932,216.39346951246262,210.59925842285156,208.80390644073486,209.94423973560333,209.95483022928238,209.75925493240356,208.74254471063614,209.50942194461823,216.51262599229813,212.65708607435226,209.53508108854294,210.2780760526657
-133,211.5423767566681,207.35781437158585,209.0881451368332,211.70601695775986,209.63521879911423,208.20727217197418,209.96653765439987,216.40421879291534,210.64819449186325,208.80035316944122,209.92253082990646,209.91067922115326,209.7786247730255,208.75593554973602,209.53201562166214,216.48918080329895,212.64450526237488,209.54178023338318,210.31091570854187
-132,211.54952991008759,207.33904856443405,209.08007949590683,211.7029909491539,209.64037322998047,208.16452848911285,209.95735776424408,216.4168062210083,210.69613647460938,208.80227100849152,209.9066737294197,209.86027133464813,209.79433339834213,208.770842730999,209.54899561405182,216.47144722938538,212.626151740551,209.54836302995682,210.34312349557877
-131,211.5545037984848,207.32805490493774,209.06876695156097,211.6990178823471,209.64705550670624,208.12475711107254,209.9487025141716,216.43102532625198,210.74146842956543,208.8120527267456,209.89787709712982,209.80644643306732,209.80397480726242,208.78684216737747,209.5596473813057,216.45961183309555,212.6018888950348,209.55559039115906,210.3728659749031
-130,211.5566017627716,207.32350713014603,209.05218225717545,211.69395995140076,209.65417647361755,208.0873612165451,209.94184118509293,216.4466410279274,210.78293895721436,208.83128440380096,209.89590620994568,209.75136375427246,209.80679988861084,208.8047382235527,209.56377482414246,216.45356822013855,212.5711252093315,209.56389290094376,210.39993238449097
-129,211.5546184182167,207.32383888959885,209.03023147583008,211.68788069486618,209.6613685488701,208.05217093229294,209.9373249411583,216.46349728107452,210.81933760643005,208.8586339354515,209.8996058702469,209.69714695215225,209.80237931013107,208.82460737228394,209.56209117174149,216.45341402292252,212.53405994176865,209.57216268777847,210.4227960705757
-128,211.5484181046486,207.32752519845963,209.00519210100174,211.68184465169907,209.66908180713654,208.0194364786148,209.9360489845276,216.48092359304428,210.84865272045135,208.89085459709167,209.90728175640106,209.64678019285202,209.7906391620636,208.84515416622162,209.5570610165596,216.45937353372574,212.4910798072815,209.57936197519302,210.43923836946487
-127,211.53878259658813,207.3323484659195,208.97834450006485,211.67709475755692,209.67820638418198,207.98949962854385,209.93832886219025,216.4982100725174,210.86903035640717,208.9268291592598,209.9182876944542,209.6025731563568,209.77279388904572,208.86459851264954,209.5523117184639,216.4719227552414,212.44283950328827,209.58465158939362,210.44766557216644
-126,211.5258782505989,207.33677631616592,208.95004081726074,211.67417871952057,209.68905872106552,207.96428948640823,209.9433398246765,216.51486158370972,210.8793310523033,208.96568155288696,209.93134152889252,209.5652410387993,209.75028139352798,208.88233351707458,209.55120396614075,216.49103355407715,212.39003121852875,209.58753407001495,210.44701236486435
-125,211.5098163485527,207.3391950726509,208.92048209905624,211.67301607131958,209.69972163438797,207.9459486603737,209.95097011327744,216.53033220767975,210.87923312187195,209.006649851799,209.94629365205765,209.53568750619888,209.7247022986412,208.89768654108047,209.5560752749443,216.51610207557678,212.33449977636337,209.58802044391632,210.43710684776306
-124,211.49224042892456,207.33870768547058,208.89076912403107,211.67348325252533,209.70837527513504,207.93643724918365,209.96088534593582,216.5442698597908,210.87089884281158,209.05024802684784,209.9637789130211,209.51403552293777,209.69786703586578,208.90896326303482,209.56852746009827,216.54618960618973,212.27885872125626,209.58726567029953,210.4195629954338
-123,211.4748038649559,207.33448731899261,208.86151361465454,211.67481899261475,209.71473348140717,207.93777704238892,209.97255009412766,216.55708408355713,210.857850253582,209.09587460756302,209.98357462882996,209.49867236614227,209.6711078286171,208.9151971936226,209.58902323246002,216.57973319292068,212.22526335716248,209.58684474229813,210.3962630033493
-122,211.45926362276077,207.32604336738586,208.8333631157875,211.67607080936432,209.7191345691681,207.9517399072647,209.98468881845474,216.56994199752808,210.84265875816345,209.1417471766472,210.00614708662033,209.4898380637169,209.64573615789413,208.91597265005112,209.61777234077454,216.6152664422989,212.17503291368484,209.5867850780487,210.36903375387192
-121,211.44640719890594,207.31241405010223,208.80652159452438,211.67609536647797,209.72313755750656,207.97889763116837,209.99623256921768,216.58376836776733,210.82565116882324,209.18580347299576,210.03169858455658,209.48840403556824,209.62286013364792,208.91114783287048,209.65381050109863,216.65157586336136,212.12961220741272,209.58650439977646,210.34050261974335
-120,211.43710672855377,207.29440599679947,208.78138935565948,211.67465561628342,209.72781640291214,208.01884126663208,210.00753206014633,216.59954553842545,210.80648350715637,209.22663456201553,210.06111854314804,209.49422681331635,209.60288727283478,208.9002475142479,209.6947392821312,216.6880818605423,212.08925312757492,209.58515638113022,210.31250447034836
-119,211.43176174163818,207.27404230833054,208.75800454616547,211.67189103364944,209.73299688100815,208.07005268335342,210.01831722259521,216.61800348758698,210.78436249494553,209.26338255405426,210.09523046016693,209.50527960062027,209.58613777160645,208.88326942920685,209.73935014009476,216.7253042459488,212.05372935533524,209.58168184757233,210.28661501407623
-118,211.43026691675186,207.2534453868866,208.7354315519333,211.66807794570923,209.73891758918762,208.13005363941193,210.0279402732849,216.63910150527954,210.75901412963867,209.2950166463852,210.1346166729927,209.51926231384277,209.5732519030571,208.8621586561203,209.7861260175705,216.76397520303726,212.02303212881088,209.5751576423645,210.26489341259003
-117,211.4320848584175,207.23451310396194,208.7132647037506,211.6636330485344,209.74573427438736,208.19586998224258,210.03548002243042,216.66308271884918,210.73173385858536,209.32056361436844,210.17844355106354,209.53451663255692,209.56528615951538,208.83896625041962,209.8330855369568,216.8047017455101,211.99661988019943,209.56629931926727,210.2487837076187
-116,211.43600469827652,207.219000518322,208.69125819206238,211.65962785482407,209.75377011299133,208.26401042938232,210.04121470451355,216.6897605061531,210.70441633462906,209.3393959403038,210.22507256269455,209.54919457435608,209.56397968530655,208.81574380397797,209.8781545162201,216.84769129753113,211.97285890579224,209.55601823329926,210.23952317237854
-115,211.44071155786514,207.20902395248413,208.6691477894783,211.65645098686218,209.76315367221832,208.33070302009583,210.0458413362503,216.71838611364365,210.67922395467758,209.35119318962097,210.27265965938568,209.56145215034485,209.57052272558212,208.79314041137695,209.9196171760559,216.8919496536255,211.94935458898544,209.54479038715363,210.23751890659332
-114,211.44537729024887,207.20608812570572,208.64763748645782,211.65308964252472,209.7733308672905,208.3920869231224,210.05000752210617,216.74789136648178,210.65772932767868,209.356678545475,210.31911182403564,209.57044285535812,209.58492064476013,208.77074420452118,209.9563311934471,216.93601673841476,211.92440152168274,209.53392857313156,210.24258810281754
-113,211.4491490125656,207.21118807792664,208.62855505943298,211.6487141251564,209.78351575136185,208.44449311494827,210.05322855710983,216.7768179178238,210.64140570163727,209.35724049806595,210.36290550231934,209.5769972205162,209.6058490872383,208.74785232543945,209.9876445531845,216.9786492586136,211.89708983898163,209.52425187826157,210.2546758055687
-112,211.45210230350494,207.22431230545044,208.61316668987274,211.64245504140854,209.7924855351448,208.48579454421997,210.0537033677101,216.80367189645767,210.63161146640778,209.3546660542488,210.40303975343704,209.58332377672195,209.6316180229187,208.72349417209625,210.01208263635635,217.0186796784401,211.86691641807556,209.5157060623169,210.27273750305176
-111,211.4546883702278,207.2448297739029,208.60293942689896,211.63402557373047,209.79900646209717,208.51533603668213,210.0497876405716,216.82715207338333,210.62888765335083,209.35043704509735,210.4391723871231,209.59205985069275,209.66042029857635,208.69731652736664,210.0287600159645,217.05498111248016,211.83400321006775,209.50901889801025,210.29527658224106
-110,211.4573436975479,207.27112609148026,208.5993037223816,211.62411403656006,209.80319392681122,208.53272730112076,210.04055255651474,216.8464732170105,210.6324999332428,209.34747576713562,210.4716894030571,209.60453075170517,209.69058614969254,208.67053484916687,210.03761053085327,217.08708024024963,211.79993975162506,209.50469905138016,210.32004344463348
-109,211.46043944358826,207.30224442481995,208.60337096452713,211.61282366514206,209.8065648674965,208.5391657948494,210.02587348222733,216.86109048128128,210.640684902668,209.34808307886124,210.50033277273178,209.62174248695374,209.72101897001266,208.64435410499573,210.0385798215866,217.11540645360947,211.766515314579,209.50230485200882,210.34488689899445
-108,211.4651649594307,207.3372027873993,208.61551827192307,211.59911447763443,209.81079655885696,208.53664928674698,210.0067172050476,216.87056064605713,210.6517115831375,209.35235178470612,210.5254219174385,209.64399886131287,209.7501735687256,208.62033462524414,210.03209745883942,217.14098989963531,211.73521918058395,209.50073391199112,210.36814731359482
-107,211.47367364168167,207.37456876039505,208.63521313667297,211.58212119340897,209.8172077536583,208.5275735259056,209.9846586585045,216.8751841187477,210.6643544435501,209.3594001531601,210.54745054244995,209.67060244083405,209.77660298347473,208.59997791051865,210.0201357603073,217.16490405797958,211.7078953385353,209.4980479478836,210.3881927728653
-106,211.48618286848068,207.41349536180496,208.66046410799026,211.56184941530228,209.82691317796707,208.5145753622055,209.96161979436874,216.87599056959152,210.67764967679977,209.36911934614182,210.56603664159775,209.7003996372223,209.79927676916122,208.5833496451378,210.00379914045334,217.18841165304184,211.68591976165771,209.49304074048996,210.40353858470917
-105,211.50197595357895,207.45218086242676,208.6879094839096,211.53921550512314,209.84147483110428,208.50006121397018,209.9397884607315,216.8735601902008,210.69054400920868,209.3820927143097,210.58126360177994,209.73144954442978,209.81781893968582,208.57022732496262,209.9838502407074,217.21286261081696,211.6708783507347,209.4856106042862,210.41343134641647
-104,211.5196699500084,207.49046927690506,208.71462553739548,211.51596385240555,209.86106210947037,208.4861228466034,209.92124950885773,216.86844742298126,210.7030091881752,209.3978931903839,210.59394598007202,209.76254642009735,209.83151161670685,208.55964463949203,209.96129274368286,217.23920220136642,211.66371804475784,209.47585195302963,210.41715002059937
-103,211.53764086961746,207.52985805273056,208.73959225416183,211.4948690533638,209.88441157341003,208.4754855632782,209.9071171283722,216.8609778881073,210.7146356701851,209.41556179523468,210.6056605577469,209.79159897565842,209.84048056602478,208.55086433887482,209.9374617934227,217.26691234111786,211.6640242934227,209.4644631743431,210.4139582514763
-102,211.55444818735123,207.57077038288116,208.76251953840256,211.47807639837265,209.90953946113586,208.47108751535416,209.89776742458344,216.85146886110306,210.7253788113594,209.43362146615982,210.61701756715775,209.81621885299683,209.84526926279068,208.5432783961296,209.91424399614334,217.29530441761017,211.67085182666779,209.45254975557327,210.40299713611603
-101,211.56944531202316,207.612507045269,208.78518372774124,211.4667838215828,209.9336725473404,208.47464209794998,209.89318984746933,216.84049153327942,210.73517894744873,209.45027077198029,210.62824934720993,209.83522999286652,209.8468737602234,208.5367534160614,209.89271354675293,217.322996199131,211.68413347005844,209.44185262918472,210.38466107845306
-100,211.58235996961594,207.6542191505432,208.80761396884918,211.4612967967987,209.95391535758972,208.48662948608398,209.89276558160782,216.82895755767822,210.74400609731674,209.4627280831337,210.6404459476471,209.84748673439026,209.8463985323906,208.53262776136398,209.87322813272476,217.34830617904663,211.70392513275146,209.4342337846756,210.36044198274612
-99,211.59404492378235,207.6939730644226,208.8281802535057,211.46172630786896,209.9684755206108,208.50718021392822,209.89633560180664,216.81805056333542,210.7519777417183,209.46844047307968,210.65393888950348,209.85333240032196,209.84480679035187,208.53199928998947,209.85609620809555,217.36947244405746,211.7291386127472,209.4309645295143,210.33215314149857
-98,211.60542213916779,207.72917526960373,208.84576094150543,211.46871143579483,209.97651767730713,208.53633630275726,209.90445178747177,216.80871695280075,210.75893604755402,209.46535456180573,210.66905564069748,209.85355365276337,209.84254443645477,208.53547674417496,209.84127402305603,217.38488268852234,211.75868320465088,209.4328247308731,210.30156272649765
-97,211.617349922657,207.75791800022125,208.86013305187225,211.48263347148895,209.97788751125336,208.5733127593994,209.91681897640228,216.80152118206024,210.76590013504028,209.45225822925568,210.68543815612793,209.84855437278748,209.8399938941002,208.54212135076523,209.82859462499619,217.39307737350464,211.79066014289856,209.43953716754913,210.2704883813858
-96,211.63005936145782,207.78015434741974,208.87094777822495,211.50344836711884,209.97339296340942,208.61600214242935,209.9325640797615,216.79729825258255,210.77387082576752,209.42967456579208,210.7004571557045,209.83950901031494,209.83763873577118,208.55214685201645,209.81781786680222,217.39334750175476,211.82248532772064,209.4505261182785,210.24095702171326
-95,211.6431400179863,207.7962800860405,208.8787350654602,211.53019434213638,209.96382945775986,208.66217118501663,209.95023441314697,216.79675447940826,210.78428399562836,209.39892381429672,210.71093374490738,209.82751715183258,209.8350151181221,208.565001308918,209.80919122695923,217.385981798172,211.85274094343185,209.46504151821136,210.21471363306046
-94,211.6560730934143,207.80721992254257,208.88521724939346,211.56122314929962,209.95005917549133,208.70971810817719,209.96774619817734,216.79968112707138,210.79811298847198,209.36103135347366,210.7143793106079,209.8138519525528,209.83155071735382,208.57963889837265,209.8029586672783,217.3719419836998,211.88168567419052,209.4823289513588,210.19209587574005
-93,211.66831922531128,207.8141012787819,208.8918741941452,211.5943278670311,209.9336760044098,208.75633722543716,209.98293733596802,216.80568075180054,210.815724670887,209.3172527551651,210.70989030599594,209.79984772205353,209.8264771103859,208.59576004743576,209.7997853755951,217.3527135848999,211.90915250778198,209.50114852190018,210.17319971323013
-92,211.6793555021286,207.8179348707199,208.89913195371628,211.62732726335526,209.9164132475853,208.80025267601013,209.99444961547852,216.8137698173523,210.8362037539482,209.26834732294083,210.69809967279434,209.78664660453796,209.81886833906174,208.61306083202362,209.80002057552338,217.32967966794968,211.93577939271927,209.52072751522064,210.1584837436676
-91,211.68920803070068,207.81840652227402,208.90702366828918,211.65843510627747,209.90031164884567,208.84050863981247,210.0013872385025,216.82216531038284,210.85806065797806,209.21608078479767,210.680169403553,209.77506738901138,209.80868709087372,208.63067150115967,209.8037806749344,217.30400520563126,211.96207731962204,209.54001623392105,210.1483947634697
-90,211.69849675893784,207.81431829929352,208.91378086805344,211.6848179101944,209.88590002059937,208.87723690271378,210.0040538907051,216.82933086156845,210.88032752275467,209.16155886650085,210.65755528211594,209.76510953903198,209.7967619895935,208.64765906333923,209.81102788448334,217.2770897746086,211.98823910951614,209.5575032234192,210.1431224346161
-89,211.7078542113304,207.80599904060364,208.91761696338654,211.70395320653915,209.87360149621964,208.91002142429352,210.0039417743683,216.83435380458832,210.9023416042328,209.10654336214066,210.63196110725403,209.75713282823563,209.78352266550064,208.66316163539886,209.82140254974365,217.25091636180878,212.01375836133957,209.5712013244629,210.1436533331871
-88,211.71818166971207,207.79349797964096,208.91776740550995,211.71351832151413,209.86387360095978,208.93831539154053,210.0025749206543,216.83754187822342,210.92364221811295,209.0536190867424,210.6057282090187,209.7515930533409,209.76952195167542,208.676591694355,209.83395183086395,217.2268288731575,212.03841698169708,209.57947033643723,210.1504276394844
-87,211.7298485636711,207.77641773223877,208.91363525390625,211.7127228975296,209.85766875743866,208.96200758218765,210.00129961967468,216.83951270580292,210.94345670938492,209.00575649738312,210.58086282014847,209.74851989746094,209.75541186332703,208.68798923492432,209.8475866317749,217.20551943778992,212.06301176548004,209.5813552737236,210.16340255737305
-86,211.7428982257843,207.75478333234787,208.90382087230682,211.7017571926117,209.85571438074112,208.98126423358917,210.00148832798004,216.84063851833344,210.960291326046,208.96497708559036,210.55913525819778,209.74757605791092,209.74173551797867,208.69703179597855,209.86084973812103,217.1870443224907,212.08821016550064,209.57634645700455,210.18159419298172
-85,211.7564898133278,207.72850733995438,208.88855302333832,211.68271607160568,209.85787391662598,208.99589097499847,210.00301402807236,216.841548204422,210.97283965349197,208.93226343393326,210.54133266210556,209.7484593987465,209.72870540618896,208.70298624038696,209.87228071689606,217.17102932929993,212.11405223608017,209.5656971335411,210.20332890748978
-84,211.7694690823555,207.6975468993187,208.87011110782623,211.6574671268463,209.8634113073349,209.00584262609482,210.0056426525116,216.8432578444481,210.97949349880219,208.90771102905273,210.52725791931152,209.7508643269539,209.71693247556686,208.70589518547058,209.88068467378616,217.15684694051743,212.14013516902924,209.5512531399727,210.22677445411682
-83,211.78049504756927,207.66264444589615,208.85110092163086,211.62736231088638,209.87142491340637,209.0108590722084,210.00846642255783,216.84695148468018,210.9793958067894,208.89154505729675,210.51614332199097,209.75413793325424,209.70776504278183,208.7072297334671,209.88489663600922,217.14372473955154,212.1657117009163,209.53567999601364,210.24969428777695
-82,211.7887743115425,207.6253843307495,208.83467096090317,211.59368187189102,209.88087862730026,209.01026660203934,210.01096087694168,216.85345804691315,210.97231447696686,208.8834871649742,210.5067463517189,209.75698548555374,209.70163118839264,208.70869261026382,209.88441914319992,217.1310366988182,212.18985706567764,209.52183324098587,210.26929038763046
-81,211.7937576174736,207.587719976902,208.8231789469719,211.55798947811127,209.89054679870605,209.00331419706345,210.01298940181732,216.86302721500397,210.95875883102417,208.883047580719,210.49753093719482,209.7578255534172,209.69848495721817,208.71181422472,209.87986356019974,217.11872708797455,212.21186435222626,209.5123537182808,210.2822732925415
-80,211.79541993141174,207.552108168602,208.81797736883163,211.52234345674515,209.89948683977127,208.98945343494415,210.0143620967865,216.8754912018776,210.9398945569992,208.88904374837875,210.4866698384285,209.75613236427307,209.6985411643982,208.71696954965591,209.8724393248558,217.10687637329102,212.23114430904388,209.5091295838356,210.28594368696213
-79,211.79440540075302,207.52071422338486,208.81879997253418,211.48923873901367,209.90775620937347,208.96882092952728,210.01456701755524,216.89036148786545,210.91692107915878,208.90003389120102,210.47249472141266,209.75186997652054,209.7023316025734,208.72343051433563,209.86307471990585,217.09484189748764,212.24768263101578,209.51302587985992,210.2793526649475
-78,211.79012191295624,207.4946478009224,208.82439309358597,211.4611759185791,209.91583317518234,208.9415202140808,210.01271390914917,216.90689873695374,210.89034581184387,208.91493493318558,210.4538112282753,209.74492794275284,209.71035653352737,208.73053842782974,209.85261392593384,217.0819207429886,212.26008808612823,209.52395778894424,210.26274359226227
-77,211.7822988629341,207.4734252691269,208.83247196674347,211.44021475315094,209.9243048429489,208.90826493501663,210.0076246857643,216.92454516887665,210.86093831062317,208.93245363235474,210.4298278093338,209.73592960834503,209.7236828804016,208.73731368780136,209.84077203273773,217.06779944896698,212.26755779981613,209.54086512327194,210.2372226715088
-76,211.77103620767593,207.45634829998016,208.84002739191055,211.42831152677536,209.93314218521118,208.87029260396957,209.99777287244797,216.94321012496948,210.8296564221382,208.9515282511711,210.40041130781174,209.7254250049591,209.74274241924286,208.74301344156265,209.8263846039772,217.05226933956146,212.2699674963951,209.56200683116913,210.20534843206406
-75,211.7573640346527,207.44321137666702,208.84430664777756,211.4261136651039,209.94188475608826,208.82900500297546,209.98259645700455,216.96267175674438,210.797906935215,208.97172808647156,210.36645412445068,209.71353536844254,209.7671667933464,208.74778193235397,209.80854362249374,217.03574007749557,212.2676141858101,209.58569586277008,210.17011314630508
-74,211.7425509095192,207.43426102399826,208.8427015542984,211.43299233913422,209.95040249824524,208.78518557548523,209.96293437480927,216.98256754875183,210.76694202423096,208.99296134710312,210.32983112335205,209.70100831985474,209.79542887210846,208.75170612335205,209.78710412979126,217.0189853310585,212.26124930381775,209.6100009083748,210.1351539492607
-73,211.72756624221802,207.42920017242432,208.8329764008522,211.4475622177124,209.95789748430252,208.74072933197021,209.94064873456955,217.0020956993103,210.7379846572876,209.0153933763504,210.29306161403656,209.68806338310242,209.82606291770935,208.7550671696663,209.76205623149872,217.00264358520508,212.25210219621658,209.63270461559296,210.10353767871857
-72,211.71267306804657,207.42783296108246,208.8136703968048,211.4679656624794,209.96378934383392,208.6988810300827,209.91818803548813,217.02019011974335,210.7110477089882,209.03782033920288,210.2591409087181,209.67389142513275,209.85794800519943,208.7578358054161,209.73361670970917,216.9873788356781,212.24156004190445,209.65203166007996,210.07734394073486
-71,211.69828188419342,207.4301793575287,208.78521287441254,211.4922096133232,209.96791607141495,208.6625816822052,209.89783364534378,217.0358162522316,210.6862229704857,209.05837947130203,210.23098200559616,209.6574953198433,209.89055687189102,208.75854724645615,209.70293766260147,216.97376054525375,212.23045015335083,209.66655230522156,210.05772590637207
-70,211.68416583538055,207.43527728319168,208.7496349811554,211.51790517568588,209.96973651647568,208.63279110193253,209.88179343938828,217.04822409152985,210.66416722536087,209.075009226799,210.21062248945236,209.63797974586487,209.92331498861313,208.75586360692978,209.67181777954102,216.96214616298676,212.21924996376038,209.67531031370163,210.04444235563278
-69,211.67060220241547,207.44163644313812,208.7101590037346,211.54306161403656,209.96851420402527,208.60996633768082,209.87165749073029,217.05708241462708,210.64564448595047,209.08536636829376,210.19962310791016,209.6147866845131,209.9553461074829,208.74920958280563,209.6419415473938,216.95255374908447,212.2081544995308,209.67796975374222,210.03702920675278
-68,211.65807312726974,207.44690710306168,208.67044228315353,211.56581950187683,209.96365451812744,208.59450936317444,209.86809051036835,217.06229853630066,210.63131803274155,209.0876653790474,210.19828927516937,209.58816570043564,209.9856414794922,208.738818526268,209.6152896285057,216.94475662708282,212.19724416732788,209.6754305958748,210.03467482328415
-67,211.64691799879074,207.44944566488266,208.6336161494255,211.58504742383957,209.95484364032745,208.58692175149918,209.87082958221436,217.06416475772858,210.6220217347145,209.0810215473175,210.20564144849777,209.55892223119736,210.0131580233574,208.72486782073975,209.59321081638336,216.9384742975235,212.18665891885757,209.66926938295364,210.03559565544128
-66,211.6375737786293,207.44815057516098,208.60204243659973,211.60059815645218,209.94242572784424,208.587056517601,209.87929195165634,217.06320375204086,210.61778211593628,209.0657743215561,210.22052991390228,209.52790194749832,210.03615945577621,208.70801359415054,209.57601082324982,216.93343484401703,212.1771714091301,209.66150510311127,210.0384658575058
-65,211.6302148103714,207.44223481416702,208.57701414823532,211.61306238174438,209.92848044633865,208.59459668397903,209.89224135875702,217.06024736166,210.6178372502327,209.0428985953331,210.24148446321487,209.4962773323059,210.05330431461334,208.68955844640732,209.56421595811844,216.9290981888771,212.1691501736641,209.65399128198624,210.0424913764
-64,211.62434428930283,207.43162089586258,208.56008875370026,211.62339228391647,209.91471302509308,208.60908299684525,209.9084620475769,217.05612915754318,210.62153208255768,209.01425766944885,210.26725149154663,209.46557992696762,210.06429195404053,208.67110645771027,209.55785340070724,216.9253185391426,212.16238635778427,209.6477478146553,210.04732578992844
-63,211.61943119764328,207.41648268699646,208.5511453151703,211.6323636174202,209.90286165475845,208.62942200899124,209.92723202705383,217.05143857002258,210.62863636016846,208.98224711418152,210.2966114282608,209.4362160563469,210.0696024298668,208.65406996011734,209.55621683597565,216.92218297719955,212.15601736307144,209.64236861467361,210.05309718847275
-62,211.615578353405,207.39771956205368,208.5507286787033,211.64069199562073,209.8945518732071,208.6539085507393,209.94763177633286,217.04698646068573,210.63915759325027,208.94910126924515,210.32869601249695,209.40948671102524,210.06972879171371,208.6400575041771,209.55789059400558,216.91936630010605,212.14870184659958,209.636596262455,210.05960142612457
-61,211.6128391623497,207.37755727767944,208.55914497375488,211.64892768859863,209.89073657989502,208.68070966005325,209.96880078315735,217.04360228776932,210.65265023708344,208.9175362586975,210.36187380552292,209.38658219575882,210.06505066156387,208.62992203235626,209.5612678527832,216.9168911576271,212.13870072364807,209.62961274385452,210.066730260849
-60,211.61155712604523,207.35802948474884,208.57528936862946,211.65762042999268,209.89143866300583,208.7079443335533,209.9899600148201,217.0418782234192,210.66777563095093,208.8896067738533,210.39426708221436,209.36838221549988,210.05659985542297,208.62373733520508,209.56480181217194,216.91510158777237,212.12480974197388,209.62043249607086,210.07471668720245
-59,211.61215329170227,207.34065008163452,208.5984194278717,211.6677344441414,209.89545732736588,208.73397034406662,210.00977098941803,217.04218327999115,210.6831676363945,208.8665715456009,210.424329996109,209.35527044534683,210.04596328735352,208.62099516391754,209.56786108016968,216.91437149047852,212.10667258501053,209.60890567302704,210.08356142044067
-58,211.61459356546402,207.3268627524376,208.6278669834137,211.67998617887497,209.90065890550613,208.75741291046143,210.02746307849884,217.044637799263,210.69756299257278,208.84911692142487,210.45078414678574,209.3471526503563,210.035053730011,208.62039649486542,209.5701801776886,216.91527324914932,212.08497101068497,209.5953117609024,210.09401869773865
-57,211.61857390403748,207.31813687086105,208.66261911392212,211.69474071264267,209.90428626537323,208.77775460481644,210.0424588918686,217.04932236671448,210.70961833000183,208.83721655607224,210.4725850224495,209.34421902894974,210.02467954158783,208.62139385938644,209.5722478032112,216.91815119981766,212.060786485672,209.58003056049347,210.1064863204956
-56,211.62345558404922,207.3156441450119,208.70128291845322,211.71217316389084,209.90450191497803,208.79449623823166,210.0546572804451,217.05598598718643,210.717788875103,208.83064949512482,210.48850291967392,209.3462450504303,210.01496863365173,208.62238335609436,209.57506835460663,216.92319184541702,212.0357123017311,209.56263476610184,210.1205803155899
-55,211.6284544467926,207.31918448209763,208.7419354915619,211.73239040374756,209.89980572462082,208.8081825375557,210.0652357339859,217.0640026330948,210.72148847579956,208.82881444692612,210.49773889780045,209.3525111079216,210.00607877969742,208.62145727872849,209.5789240002632,216.93035179376602,212.01225858926773,209.54265075922012,210.13569521903992
-54,211.6337332725525,207.32829982042313,208.78272926807404,211.7553854584694,209.88988250494003,208.81923788785934,210.0746387243271,217.07286781072617,210.72089272737503,208.83144235610962,210.50005388259888,209.36242079734802,209.9985489845276,208.61701571941376,209.5844031572342,216.93921864032745,211.9921361207962,209.52009099721909,210.15174090862274
-53,211.63935393095016,207.34192097187042,208.82217568159103,211.78057295084,209.87560921907425,208.8286162018776,210.0834235548973,217.08213609457016,210.71630668640137,208.8391432762146,210.495747923851,209.37609618902206,209.9929747581482,208.60772973299026,209.59226649999619,216.94910842180252,211.97635972499847,209.49525952339172,210.16886097192764
-52,211.64451050758362,207.35896146297455,208.85906273126602,211.80716359615326,209.858134329319,208.83747446537018,210.09224426746368,217.09138506650925,210.70888763666153,208.85130220651627,210.4858381152153,209.39370852708817,209.989772439003,208.5927037000656,209.60350543260574,216.95908445119858,211.96544486284256,209.46876978874207,210.1870243549347
-51,211.64827185869217,207.37746626138687,208.89179742336273,211.83417654037476,209.83888685703278,208.8465000987053,210.1010348200798,217.10021793842316,210.6997069120407,208.86687242984772,210.4718338251114,209.41575348377228,209.9883298277855,208.572084069252,209.61916303634644,216.96827989816666,211.95919704437256,209.44172483682632,210.2067952156067
-50,211.6496263742447,207.3954854607582,208.91960728168488,211.8602111339569,209.8191310763359,208.8562227487564,210.1094941496849,217.10824805498123,210.68965327739716,208.8849545121193,210.45558029413223,209.44206780195236,209.9877631664276,208.5471115708351,209.63956767320633,216.97593545913696,211.9566336274147,209.4149510860443,210.2281431555748
-49,211.64792853593826,207.41087806224823,208.94181144237518,211.88467997312546,209.79912477731705,208.86690318584442,210.11667323112488,217.1152828335762,210.67907959222794,208.90381705760956,210.4388353228569,209.47258710861206,209.9867092370987,208.51886934041977,209.66440600156784,216.98136389255524,211.95694810152054,209.3894483447075,210.25030368566513
-48,211.6431976556778,207.42191225290298,208.95831739902496,211.9070536494255,209.7787806391716,208.87877613306046,210.1219957470894,217.1213237643242,210.668585896492,208.92240017652512,210.42384856939316,209.50658649206161,209.983745098114,208.48920613527298,209.69296896457672,216.98421770334244,211.9593950510025,209.36600863933563,210.27197682857513
-47,211.63545727729797,207.42711091041565,208.96898037195206,211.92649960517883,209.7582356929779,208.89120036363602,210.12411177158356,217.1263039112091,210.65815645456314,208.93934220075607,210.41271859407425,209.54315078258514,209.97764831781387,208.4597356915474,209.72320520877838,216.9842369556427,211.9628564119339,209.34479904174805,210.29101693630219
-46,211.62491983175278,207.42606514692307,208.9739888906479,211.9423432946205,209.73739230632782,208.90359139442444,210.1227703690529,217.13033187389374,210.6479480266571,208.95277655124664,210.4069018959999,209.5812304019928,209.9684145450592,208.43243432044983,209.7527934908867,216.98149591684341,211.966403901577,209.3259152173996,210.30678457021713
-45,211.61199736595154,207.41913676261902,208.97392386198044,211.9531593322754,209.71580684185028,208.91553086042404,210.11831843852997,217.1337000131607,210.63790273666382,208.96140027046204,210.40743762254715,209.6194321513176,209.95646613836288,208.40863239765167,209.78037947416306,216.97654885053635,211.96893578767776,209.30942457914352,210.31882578134537
-44,211.5979790687561,207.40687721967697,208.97021502256393,211.95811992883682,209.69446110725403,208.92608267068863,210.11159151792526,217.1366464495659,210.62820100784302,208.96448922157288,210.4147905111313,209.65568655729294,209.94178384542465,208.38904970884323,209.80451184511185,216.97013968229294,211.97004252672195,209.2954803109169,210.32685732841492
-43,211.5836843252182,207.39034986495972,208.96376729011536,211.95610320568085,209.67476207017899,208.9350847005844,210.10369443893433,217.13927513360977,210.6194269657135,208.9611121416092,210.428916990757,209.68869388103485,209.92495042085648,208.37452459335327,209.8242536187172,216.96300679445267,211.9700881242752,209.2842544913292,210.33075487613678
-42,211.56976115703583,207.3715916275978,208.95618283748627,211.94704151153564,209.65835720300674,208.94221156835556,210.09558898210526,217.14137214422226,210.61136662960052,208.95099234580994,210.44893264770508,209.71651780605316,209.90682536363602,208.36523348093033,209.8393196463585,216.9561208486557,211.96960055828094,209.27465122938156,210.3304483294487
-41,211.55618673563004,207.35219353437424,208.9487645626068,211.93144357204437,209.6469730734825,208.94642686843872,210.08773052692413,217.14256817102432,210.60398596525192,208.9344024658203,210.47330111265182,209.7382157444954,209.88748544454575,208.36183547973633,209.85087805986404,216.95037400722504,211.96935373544693,209.26524567604065,210.32534611225128
-40,211.5429654121399,207.33331257104874,208.94191682338715,211.9101539850235,209.64204227924347,208.94716638326645,210.08052945137024,217.14244163036346,210.5975689291954,208.91197276115417,210.49993354082108,209.75313597917557,209.86684864759445,208.36440187692642,209.8594759106636,216.9462930560112,211.96994590759277,209.25486344099045,210.31495475769043
-39,211.52927547693253,207.3164023756981,208.93673765659332,211.88426107168198,209.6437040567398,208.9435229897499,210.07371735572815,217.14087295532227,210.59238189458847,208.8842049241066,210.5268806219101,209.7608843445778,209.8451770544052,208.37229895591736,209.86588841676712,216.9440787434578,211.97206687927246,209.24255281686783,210.2983049750328
-38,211.51491749286652,207.30212658643723,208.93372064828873,211.8556770682335,209.65190535783768,208.93491929769516,210.06679910421371,217.1381292939186,210.5889995098114,208.85257583856583,210.55237704515457,209.7621192932129,209.82216811180115,208.38451820611954,209.87085831165314,216.94415187835693,211.9765626192093,209.22822749614716,210.27487659454346
-37,211.4994062781334,207.29069888591766,208.9322408437729,211.82691144943237,209.6659904718399,208.92086780071259,210.0602056980133,217.13451325893402,210.5873042345047,208.81845921278,210.57431441545486,209.7570252418518,209.79825592041016,208.4002167582512,209.87450689077377,216.94695687294006,211.9840708374977,209.2120354771614,210.24392187595367
-36,211.48275065422058,207.28258419036865,208.93203800916672,211.80038368701935,209.68482834100723,208.90177482366562,210.0537942647934,217.1303368806839,210.58680588006973,208.7837506532669,210.59141635894775,209.74610072374344,209.77520936727524,208.41803354024887,209.8766092658043,216.95270556211472,211.99491947889328,209.19457519054413,210.20538252592087
-35,211.465176820755,207.27782887220383,208.9324077963829,211.77785068750381,209.70725113153458,208.87792789936066,210.04700881242752,217.12579137086868,210.58713483810425,208.75137305259705,210.60205936431885,209.73020207881927,209.75448733568192,208.43688476085663,209.87727481126785,216.96143609285355,212.0093104839325,209.17664277553558,210.16049259901047
-34,211.4470036625862,207.2761949300766,208.93279498815536,211.7604775428772,209.73181676864624,208.85010814666748,210.03978610038757,217.12131524085999,210.58787387609482,208.72365790605545,210.60539162158966,209.70988911390305,209.73691576719284,208.45612621307373,209.87664246559143,216.97308576107025,212.02667313814163,209.15921032428741,210.11104422807693
-33,211.42835545539856,207.2780945301056,208.93251609802246,211.748372733593,209.75660425424576,208.81925243139267,210.03232342004776,217.1170442700386,210.58840662240982,208.70239746570587,210.60185861587524,209.68608844280243,209.72351467609406,208.47551268339157,209.87504869699478,216.98726534843445,212.04641735553741,209.1434809565544,210.0593650341034
-32,211.41006755828857,207.28305929899216,208.93126547336578,211.74095404148102,209.78009915351868,208.78726261854172,210.02437901496887,217.1127868294716,210.58842527866364,208.68930286169052,210.59234088659286,209.65964698791504,209.7146868109703,208.49540358781815,209.87231808900833,217.00323295593262,212.06736367940903,209.1305981874466,210.00734686851501
-31,211.3932431936264,207.29135930538177,208.9283516407013,211.73686587810516,209.80024254322052,208.75611490011215,210.01607674360275,217.10823786258698,210.58767515420914,208.6847054362297,210.57821589708328,209.63132840394974,209.71033364534378,208.5159804224968,209.86827731132507,217.01975017786026,212.08773106336594,209.12188559770584,209.95736545324326
-30,211.3780214190483,207.30180794000626,208.92291510105133,211.7345883846283,209.81659865379333,208.72810077667236,210.0073195695877,217.1028534770012,210.58662515878677,208.68814140558243,210.56089359521866,209.60219287872314,209.7103511095047,208.53765070438385,209.86186987161636,217.03571599721909,212.10576337575912,209.1184047460556,209.91204571723938
-29,211.36464267969131,207.31306958198547,208.91460251808167,211.73219567537308,209.82908737659454,208.70504450798035,209.99791759252548,217.0962112545967,210.58484709262848,208.6991661787033,210.54111075401306,209.57349061965942,209.7144651412964,208.56072598695755,209.85240203142166,217.0500689148903,212.1203054189682,209.1204115152359,209.87312734127045
-28,211.3527238368988,207.3230298757553,208.90297174453735,211.72788500785828,209.83858716487885,208.68830001354218,209.9874622821808,217.08805286884308,210.5821104645729,208.716159760952,210.5194456577301,209.54720044136047,209.7215421795845,208.5843886733055,209.83959066867828,217.06209045648575,212.13076013326645,209.1276651620865,209.8412778377533
-27,211.34191715717316,207.32989138364792,208.88801139593124,211.72009855508804,209.84638768434525,208.67928314208984,209.97584599256516,217.0784913301468,210.57896691560745,208.73732334375381,210.49655961990356,209.52429848909378,209.73051822185516,208.60742670297623,209.82339483499527,217.0712467432022,212.13641238212585,209.1389188170433,209.81654161214828
-26,211.33101791143417,207.33192855119705,208.870123565197,211.70860648155212,209.85417968034744,208.67859876155853,209.96294659376144,217.06797701120377,210.57553029060364,208.76068341732025,210.47286784648895,209.5051869750023,209.74002885818481,208.62855350971222,209.80443793535233,217.0771146416664,212.1372194290161,209.1529928445816,209.7985572218895
-25,211.31946504116058,207.32845890522003,208.85093969106674,211.69348073005676,209.8633024096489,208.6864069700241,209.94863921403885,217.0572793483734,210.57185977697372,208.7848207950592,210.44834566116333,209.489515542984,209.7486139535904,208.6470908522606,209.78339385986328,217.07976305484772,212.1334012746811,209.16848403215408,209.78656154870987
-24,211.30738425254822,207.31886792182922,208.8320415019989,211.67512899637222,209.87456893920898,208.70217019319534,209.93270862102509,217.04712295532227,210.56835675239563,208.80784058570862,210.4236083626747,209.47715437412262,209.75520759820938,208.66206640005112,209.7611014842987,217.07938873767853,212.12438994646072,209.18399852514267,209.77957355976105
-23,211.29489922523499,207.30373340845108,208.81520742177963,211.65497559309006,209.88845819234848,208.72464793920517,209.91571456193924,217.0383621454239,210.56460362672806,208.82915991544724,210.39856666326523,209.46783298254013,209.7593691945076,208.67286378145218,209.73812472820282,217.0761160850525,212.1104280948639,209.19822853803635,209.77691906690598
-22,211.28293752670288,207.28329634666443,208.80133628845215,211.63430440425873,209.9045261144638,208.75253427028656,209.8982539176941,217.0316417813301,210.56038480997086,208.84845972061157,210.3728768825531,209.46105080842972,209.760884642601,208.67956978082657,209.71425706148148,217.07011371850967,212.09181928634644,209.20999974012375,209.77701252698898
-21,211.27186542749405,207.2586032152176,208.79163801670074,211.61432605981827,209.92264586687088,208.78377556800842,209.88082140684128,217.02711862325668,210.55496937036514,208.86480176448822,210.34627652168274,209.45652663707733,209.7600258588791,208.6825047135353,209.68931686878204,217.06189423799515,212.06959569454193,209.21868354082108,209.77870500087738
-20,211.26193863153458,207.23148381710052,208.7863849401474,211.59609305858612,209.9416819214821,208.8165019750595,209.86413168907166,217.0245510339737,210.54824596643448,208.87781208753586,210.31807762384415,209.45419466495514,209.75679165124893,208.6825624704361,209.66396647691727,217.0519815683365,212.04506182670593,209.22401440143585,209.7803019285202
-19,211.25360715389252,207.20328265428543,208.7858191728592,211.58007615804672,209.96051597595215,208.84853780269623,209.8486578464508,217.02342134714127,210.53975331783295,208.88787120580673,210.28852021694183,209.45359617471695,209.75152051448822,208.68072021007538,209.6387996673584,217.04089653491974,212.0190418958664,209.22564762830734,209.78022330999374
-18,211.2469836473465,207.1755774617195,208.79049265384674,211.56677907705307,209.97738575935364,208.8771567940712,209.83420383930206,217.02307552099228,210.52901059389114,208.895068526268,210.2577309012413,209.45432478189468,209.74388152360916,208.67800307273865,209.614999294281,217.02891379594803,211.99186670780182,209.22333681583405,209.77714550495148
-17,211.24262857437134,207.15060704946518,208.79982072114944,211.55703723430634,209.9912360906601,208.90023463964462,209.82048320770264,217.02256512641907,210.51552563905716,208.89932644367218,210.22604382038116,209.45671033859253,209.73422849178314,208.6754725575447,209.59476572275162,217.01623451709747,211.96346080303192,209.217802464962,209.77084797620773
-16,211.24040365219116,207.12991297245026,208.81404542922974,211.55042332410812,210.00135189294815,208.91676533222198,209.80681306123734,217.02128279209137,210.49947714805603,208.90019130706787,210.19425755739212,209.4598907828331,209.72321808338165,208.67339706420898,209.57992631196976,217.00283735990524,211.93423479795456,209.20984607934952,209.76081997156143
-15,211.24032723903656,207.11407816410065,208.8313878774643,211.545918405056,210.00705927610397,208.92492085695267,209.7919836640358,217.01867067813873,210.48086774349213,208.89756071567535,210.16234266757965,209.46391308307648,209.7117022871971,208.67173182964325,209.57247334718704,216.98890393972397,211.9046831727028,209.20036578178406,209.74678868055344
-14,211.24192249774933,207.10221594572067,208.8497986793518,211.54287481307983,210.00807791948318,208.92395716905594,209.77552044391632,217.01431447267532,210.46010237932205,208.89197158813477,210.13096624612808,209.4686183333397,209.70063996315002,208.67026448249817,209.57273823022842,216.97505110502243,211.8757365345955,209.18997526168823,209.72900438308716
-13,211.24473667144775,207.09352093935013,208.86694049835205,211.54065835475922,210.00352889299393,208.91445177793503,209.75716656446457,217.0078701376915,210.43784642219543,208.88358026742935,210.10078340768814,209.4731119275093,209.69088119268417,208.66815721988678,209.58029490709305,216.96220177412033,211.8483728170395,209.17973452806473,209.70858907699585
-12,211.24787187576294,207.0860024690628,208.8802911043167,211.5389569401741,209.99444073438644,208.89752978086472,209.73658221960068,216.9991139769554,210.41444170475006,208.87359964847565,210.07300621271133,209.47689896821976,209.68344521522522,208.66459184885025,209.5946208834648,216.95134377479553,211.82316821813583,209.16985028982162,209.6864196062088
-11,211.25056886672974,207.0778841972351,208.88780736923218,211.5376273393631,209.9814739227295,208.8739511370659,209.71368891000748,216.9880183339119,210.3902586698532,208.8624893426895,210.04863798618317,209.47892129421234,209.6789956688881,208.65912348031998,209.61498326063156,216.94347894191742,211.800882935524,209.16073894500732,209.6638019680977
-10,211.2528451681137,207.06742411851883,208.8873055577278,211.5368236899376,209.96596598625183,208.8458333015442,209.68943405151367,216.97455990314484,210.36609262228012,208.85079753398895,210.0287417769432,209.47795867919922,209.67773592472076,208.65145736932755,209.6401143670082,216.93915754556656,211.7822397351265,209.1524577140808,209.64264792203903
-9,211.25463247299194,207.05280476808548,208.87856191396713,211.53678238391876,209.94867599010468,208.81515675783157,209.66422373056412,216.9589905142784,210.3420557975769,208.83871793746948,210.01374334096909,209.4733271598816,209.67928087711334,208.64229601621628,209.66863077878952,216.93826150894165,211.76839011907578,209.1440613269806,209.62483662366867
-8,211.25526922941208,207.03284645080566,208.86199909448624,211.53750228881836,209.92992943525314,208.78328436613083,209.63946056365967,216.94152683019638,210.31802886724472,208.82656008005142,210.0037192106247,209.4635710120201,209.68378692865372,208.63237285614014,209.69932407140732,216.94009298086166,211.7595318555832,209.13568246364594,209.61229354143143
-7,211.25412899255753,207.0071387887001,208.83781397342682,211.5392193198204,209.90990775823593,208.75188487768173,209.61680567264557,216.92250657081604,210.29517763853073,208.81481266021729,209.99891930818558,209.4470067024231,209.69112986326218,208.6229571700096,209.7312309741974,216.94336032867432,211.75529563426971,209.12690365314484,209.60633474588394
-6,211.25007265806198,206.97699189186096,208.80709129571915,211.5417532324791,209.8891805410385,208.72199606895447,209.59723508358002,216.90226584672928,210.27412867546082,208.80401223897934,209.9986771941185,209.42227858304977,209.70076048374176,208.61505222320557,209.76232773065567,216.94657284021378,211.7548235654831,209.11752051115036,209.6075639128685
-5,211.2427392601967,206.9440079331398,208.7717688679695,211.54487943649292,209.8678211569786,208.6941021680832,209.58151948451996,216.88096553087234,210.25584834814072,208.7940016388893,210.002003967762,209.3893900513649,209.71179097890854,208.60865712165833,209.79125678539276,216.94829905033112,211.75721681118011,209.1070151925087,209.6154215335846
-4,211.23235893249512,206.91087186336517,208.7345005273819,211.54844391345978,209.84662556648254,208.66829878091812,209.57058852910995,216.85871928930283,210.24063766002655,208.78488832712173,210.00750160217285,209.3494548201561,209.72285223007202,208.60348796844482,209.81685239076614,216.9471641778946,211.76143950223923,209.09520292282104,209.62850266695023
-3,211.21882063150406,206.88098120689392,208.69750195741653,211.55186313390732,209.825459420681,208.64388275146484,209.56441408395767,216.83567887544632,210.2284225821495,208.77675461769104,210.01377737522125,209.30385518074036,209.73212695121765,208.59968084096909,209.839011490345,216.94208031892776,211.76589733362198,209.08163160085678,209.64563196897507
-2,211.2022207379341,206.85708659887314,208.66342788934708,211.55522364377975,209.8047833442688,208.62072843313217,209.56213122606277,216.81197774410248,210.21787285804749,208.76918745040894,210.0198427438736,209.254798412323,209.73833215236664,208.59687411785126,209.85701167583466,216.93221855163574,211.76927423477173,209.06608015298843,209.66535717248917
-1,211.18339282274246,206.84200143814087,208.63397932052612,211.55826181173325,209.7850508093834,208.59823071956635,209.56254124641418,216.78762513399124,210.20841187238693,208.76268684864044,210.02491480112076,209.20537608861923,209.7406212091446,208.594056725502,209.87036204338074,216.91712564229965,211.77112025022507,209.048198223114,209.68617802858353
0,211.16220551729202,206.8370459675789,208.61106395721436,211.56045758724213,209.76734572649002,208.57648348808289,209.56451535224915,216.7628328204155,210.19936752319336,208.75740307569504,210.0280093550682,209.1582270860672,209.73862034082413,208.59060871601105,209.8794475197792,216.89670723676682,211.77137327194214,209.02793276309967,209.70641762018204
1,211.15549528598785,206.8508129119873,208.6105316877365,211.58061361312866,209.76073968410492,208.57188493013382,209.57494163513184,216.7609379887581,210.204772233963,208.7655410170555,210.04526734352112,209.12139475345612,209.73623245954514,208.59034818410873,209.89503920078278,216.89272159337997,211.78286945819855,209.00597232580185,209.72372961044312
2,211.14589589834213,206.87538200616837,208.61681777238846,211.59908533096313,209.75797873735428,208.56712400913239,209.5855325460434,216.75959300994873,210.2114281654358,208.77474570274353,210.06023186445236,209.08885926008224,209.7308034300804,208.5896673798561,209.9084793329239,216.88584274053574,211.79503065347672,208.98342674970627,209.73689436912537
3,211.1339213848114,206.90994316339493,208.62965428829193,211.61491298675537,209.75875276327133,208.56269335746765,209.59558027982712,216.75857496261597,210.21916735172272,208.78423976898193,210.07205057144165,209.06185561418533,209.72373270988464,208.58884233236313,209.91904264688492,216.87684780359268,211.80942434072495,208.9614771604538,209.7457212805748
4,211.1210315823555,206.95220202207565,208.64835584163666,211.62777376174927,209.76267969608307,208.5594174861908,209.60471564531326,216.757752597332,210.22773110866547,208.79290175437927,210.08023703098297,209.04162496328354,209.71618109941483,208.5875209569931,209.92662823200226,216.86676144599915,211.8265489935875,208.9418118596077,209.75018495321274
5,211.10853159427643,206.99934941530228,208.67157459259033,211.63695311546326,209.76840353012085,208.5580707192421,209.61288440227509,216.7571029663086,210.23722195625305,208.79954481124878,210.08391267061234,209.02894341945648,209.7098307609558,208.58537411689758,209.93096816539764,216.85682612657547,211.84756642580032,208.92563807964325,209.75027006864548
6,211.09746611118317,207.04808503389359,208.69745349884033,211.64235246181488,209.77515143156052,208.55971026420593,209.6202706694603,216.7567120194435,210.24788618087769,208.80394661426544,210.08270728588104,209.02413898706436,209.7061723470688,208.58257788419724,209.93209314346313,216.84801417589188,211.87212824821472,208.91439563035965,209.74694168567657
7,211.0889104604721,207.0958502292633,208.7244654893875,211.6441149711609,209.78225004673004,208.56442993879318,209.62710851430893,216.75669038295746,210.25975894927979,208.8056588768959,210.07682597637177,209.0274418592453,209.7060199379921,208.57855731248856,209.92996948957443,216.841388463974,211.89986383914948,208.9079688191414,209.7408030629158
8,211.08352583646774,207.14105677604675,208.7517729997635,211.64226204156876,209.78891760110855,208.57239186763763,209.63289028406143,216.7571069598198,210.27322459220886,208.80511963367462,210.06682991981506,209.03883200883865,209.71048402786255,208.57421481609344,209.92460894584656,216.83758521080017,211.93022394180298,208.90663427114487,209.73239970207214
9,211.08249926567078,207.18285542726517,208.77866572141647,211.63768076896667,209.79469269514084,208.58374589681625,209.63750064373016,216.75833594799042,210.28787851333618,208.80267906188965,210.05346077680588,209.0577147603035,209.71991956233978,208.57062828540802,209.9158272743225,216.83665919303894,211.96229392290115,208.91046607494354,209.72229099273682
10,211.08563655614853,207.22069853544235,208.8054666519165,211.63102173805237,209.79969865083694,208.59769105911255,209.64086627960205,216.76075768470764,210.30345648527145,208.79953932762146,210.0381674170494,209.08262085914612,209.734401345253,208.56947374343872,209.90389603376389,216.83852529525757,211.99508571624756,208.9203563928604,209.7106333374977
11,211.09365731477737,207.25472724437714,208.8318400979042,211.6235181093216,209.80424690246582,208.61389648914337,209.64271861314774,216.7646952867508,210.31925463676453,208.7962583899498,210.02284890413284,209.1117593050003,209.75317412614822,208.57160198688507,209.88870972394943,216.84271508455276,212.02709692716599,208.93635070323944,209.69714438915253
12,211.10609251260757,207.28473150730133,208.85776317119598,211.61617404222488,209.8093317747116,208.63126349449158,209.64376133680344,216.77072221040726,210.33377248048782,208.7935563325882,210.00911158323288,209.14365988969803,209.774768948555,208.57786738872528,209.8709374666214,216.84856188297272,212.05661571025848,208.95876562595367,209.68221735954285
13,211.12200248241425,207.31080490350723,208.88316482305527,211.60946488380432,209.81526345014572,208.64835888147354,209.64460808038712,216.77921450138092,210.3458878993988,208.79163640737534,209.9985529780388,209.17703080177307,209.7978092432022,208.58923035860062,209.85055911540985,216.85551285743713,212.08231300115585,208.98690712451935,209.66519808769226
14,211.1404750943184,207.33293443918228,208.90843534469604,211.60330659151077,209.8229312300682,208.66408455371857,209.64590275287628,216.79058384895325,210.35549008846283,208.79047268629074,209.99245029687881,209.21015536785126,209.8205422759056,208.60570430755615,209.82799243927002,216.86285012960434,212.10256272554398,209.0193389058113,209.64606338739395
15,211.1604244709015,207.35109794139862,208.93358904123306,211.5983294248581,209.8328636288643,208.67792373895645,209.64876741170883,216.80521416664124,210.3617427945137,208.79048472642899,209.9918736219406,209.24246847629547,209.84066808223724,208.62650048732758,209.80383151769638,216.8701056241989,212.11648827791214,209.05475342273712,209.62548184394836
16,211.18062537908554,207.36556166410446,208.9586066007614,211.59390956163406,209.8453819155693,208.68988573551178,209.6540852189064,216.8233841061592,210.36550736427307,208.79204910993576,209.99736416339874,209.27355688810349,209.85655909776688,208.65118938684464,209.7796150445938,216.8767392039299,212.1231551170349,209.09168779850006,209.6044161915779
17,211.20026296377182,207.37622731924057,208.98375511169434,211.58967649936676,209.8603514432907,208.69952774047852,209.66278487443924,216.84497731924057,210.36695194244385,208.79607981443405,210.00936955213547,209.30323511362076,209.86728179454803,208.6793646812439,209.75678718090057,216.88225877285004,212.12190973758698,209.1283057332039,209.58403664827347
18,211.21921515464783,207.38204020261765,209.0086845755577,211.58472383022308,209.87718850374222,208.70767909288406,209.6752708554268,216.8699488043785,210.36659932136536,208.80367696285248,210.02836912870407,209.33123570680618,209.87261176109314,208.7103660106659,209.73650360107422,216.88650566339493,212.11345559358597,209.16336327791214,209.56570291519165
19,211.23752188682556,207.38221609592438,209.03271532058716,211.57863795757294,209.8949412703514,208.71599024534225,209.69083154201508,216.89817517995834,210.36560142040253,208.81511586904526,210.05380809307098,209.3578743338585,209.87209862470627,208.74387472867966,209.7201464176178,216.88921827077866,212.09915524721146,209.19536936283112,209.55077850818634
20,211.25507879257202,207.376566529274,209.05619251728058,211.5709130167961,209.91224616765976,208.72576981782913,209.7083516716957,216.92954337596893,210.36435556411743,208.83004528284073,210.08421045541763,209.38333803415298,209.86641550064087,208.77910220623016,209.70841205120087,216.89022368192673,212.08077895641327,209.22261834144592,209.540101647377
21,211.2723097205162,207.36581474542618,209.07904893159866,211.5609294772148,209.92708605527878,208.73798060417175,209.72720670700073,216.96429461240768,210.36361581087112,208.84780251979828,210.1179460287094,209.40745133161545,209.85545831918716,208.81578421592712,209.7016303539276,216.88963973522186,212.06042939424515,209.24336057901382,209.53415447473526
22,211.28910011053085,207.3504095673561,209.10148572921753,211.54856806993484,209.93831968307495,208.75335615873337,209.74747669696808,217.00240337848663,210.3641176223755,208.8673952817917,210.15291213989258,209.43015486001968,209.8403344154358,208.85268449783325,209.69996845722198,216.88766103982925,212.03974187374115,209.25704312324524,209.53341680765152
23,211.30513888597488,207.3324494957924,209.1236862540245,211.5339111685753,209.9450262784958,208.7713624238968,209.76909971237183,217.0435129404068,210.36636865139008,208.88720774650574,210.18694162368774,209.45162057876587,209.8226271867752,208.88854402303696,209.702929854393,216.88471680879593,212.02026623487473,209.2627997994423,209.53771167993546
24,211.31982445716858,207.3131154179573,209.14543741941452,211.5174012184143,209.9467750787735,208.79026687145233,209.79206383228302,217.08702260255814,210.37047857046127,208.90573811531067,210.21790874004364,209.4714817404747,209.8045729994774,208.92248964309692,209.7107498049736,216.88110226392746,212.00329399108887,209.26049160957336,209.5473044514656
25,211.3333142399788,207.29446429014206,209.166568338871,211.49963521957397,209.9436159133911,208.8088486790657,209.81640547513962,217.13206553459167,210.37588274478912,208.92205780744553,210.2448462843895,209.4894222021103,209.7883978486061,208.95297628641129,209.7240509390831,216.8768052458763,211.98934161663055,209.25082397460938,209.5617574453354
26,211.34574216604233,207.27800166606903,209.1867737174034,211.4814773797989,209.93599689006805,208.82540464401245,209.84143960475922,217.17761778831482,210.38227152824402,208.9357677102089,210.2673705816269,209.5058150291443,209.77493405342102,208.9779972434044,209.74270832538605,216.87195926904678,211.97861975431442,209.23506420850754,209.58072233200073
27,211.35713267326355,207.26482594013214,209.20625460147858,211.46356505155563,209.92483699321747,208.8390543460846,209.866364300251,217.22243440151215,210.3888566493988,208.94682455062866,210.28543972969055,209.52121829986572,209.76552271842957,208.9969283938408,209.76680248975754,216.86679363250732,211.97119253873825,209.2147547006607,209.6033765077591
28,211.36768233776093,207.25559204816818,209.2250348329544,211.4472535252571,209.9115441441536,208.84963017702103,209.89040464162827,217.26519566774368,210.39533549547195,208.95513677597046,210.29856741428375,209.5357917547226,209.76056838035583,209.00932657718658,209.79531300067902,216.8611587882042,211.96703165769577,209.19115418195724,209.6285553574562
29,211.3773974776268,207.24979662895203,209.24316084384918,211.43303656578064,209.89749121665955,208.85680621862411,209.9131560921669,217.30470997095108,210.40173679590225,208.96136909723282,210.30725765228271,209.5496647953987,209.7603461742401,209.01503056287766,209.82710772752762,216.8548469543457,211.96614372730255,209.16643154621124,209.6551941037178
30,211.38638639450073,207.24636828899384,209.25964295864105,211.42158943414688,209.88391375541687,208.86089807748795,209.93420273065567,217.3400036096573,210.4086953997612,208.9666543006897,210.31230503320694,209.56360030174255,209.7647875547409,209.01434987783432,209.86105304956436,216.8476036787033,211.96830558776855,209.14286190271378,209.68268966674805
31,211.39493650197983,207.24426186084747,209.2739658355713,211.41345876455307,209.87164038419724,208.86308532953262,209.9533542394638,217.37022238969803,210.41692411899567,208.97167205810547,210.31529384851456,209.57790791988373,209.77443385124207,209.00763583183289,209.89579284191132,216.8393902182579,211.9732992053032,209.12269002199173,209.71137404441833
32,211.4029599428177,207.24232864379883,209.28541541099548,211.40828841924667,209.8614982366562,208.86465722322464,209.9708587527275,217.39484053850174,210.42763143777847,208.97679841518402,210.3178489804268,209.59172612428665,209.78945463895798,208.9962364435196,209.93019098043442,216.83048456907272,211.98046040534973,209.10776633024216,209.74135756492615
33,211.41019189357758,207.23962932825089,209.29429852962494,211.40621823072433,209.85373508930206,208.86731815338135,209.98623251914978,217.4137064218521,210.44133406877518,208.98298126459122,210.32133835554123,209.60346442461014,209.8102315068245,208.98099374771118,209.963036775589,216.82140523195267,211.98847717046738,209.09895420074463,209.77274829149246
34,211.41677302122116,207.23542952537537,209.30069231987,211.40684950351715,209.84890234470367,208.87256956100464,209.9995173215866,217.4273089170456,210.45800065994263,208.99030697345734,210.32644313573837,209.61146646738052,209.83697789907455,208.96293479204178,209.9930813908577,216.81278777122498,211.99619615077972,209.0970749258995,209.80511969327927
35,211.42262053489685,207.22937673330307,209.30429995059967,211.40940153598785,209.84647864103317,208.8807681798935,210.01057541370392,217.4362468123436,210.47709822654724,208.99863374233246,210.33322751522064,209.61544823646545,209.86941587924957,208.94355982542038,210.01944541931152,216.80537223815918,212.00204771757126,209.101664185524,209.83792293071747
36,211.428102850914,207.22199493646622,209.30458092689514,211.41327208280563,209.84599632024765,208.89137721061707,210.0191611647606,217.4413143992424,210.49770092964172,209.00761032104492,210.3417437672615,209.6145544052124,209.90676283836365,208.92357337474823,210.0413726568222,216.79979532957077,212.0051470398903,209.11186891794205,209.87047845125198
37,211.43265956640244,207.21436935663223,209.30168133974075,211.4175825715065,209.846770465374,208.90473783016205,210.02519983053207,217.4435340166092,210.51872444152832,209.0172730088234,210.35221934318542,209.60842376947403,209.94804966449738,208.90385633707047,210.05877858400345,216.7965847849846,212.00462073087692,209.1259794831276,209.9014163017273
38,211.43592417240143,207.20778095722198,209.29535084962845,211.4217529296875,209.84744477272034,208.92014634609222,210.02874320745468,217.4435932636261,210.5394223332405,209.02768725156784,210.36443305015564,209.5972068309784,209.992021381855,208.88596111536026,210.07171672582626,216.7959259748459,212.00025856494904,209.14292746782303,209.9283886551857
39,211.43723571300507,207.2031751871109,209.28499990701675,211.42562049627304,209.84766173362732,208.93666887283325,210.03052634000778,217.44172555208206,210.55856120586395,209.0380927324295,210.37778675556183,209.58172351121902,210.0369600057602,208.87109965085983,210.08089643716812,216.79782962799072,211.99131363630295,209.16116255521774,209.94985288381577
40,211.43610215187073,207.20125514268875,209.27080589532852,211.42946827411652,209.8474930524826,208.95384699106216,210.03066492080688,217.43810510635376,210.57480037212372,209.04761588573456,210.39190638065338,209.56323099136353,210.08088821172714,208.86037224531174,210.08723044395447,216.8021935224533,211.97747433185577,209.1798500418663,209.96454346179962
41,211.4326028227806,207.202463388443,209.2537522315979,211.43324679136276,209.84834283590317,208.97111558914185,210.02986580133438,217.43291181325912,210.58717840909958,209.05670875310898,210.40639024972916,209.543097615242,210.12196946144104,208.85484129190445,210.09130692481995,216.80872344970703,211.95830017328262,209.19813579320908,209.97203451395035
42,211.42734670639038,207.20668119192123,209.23505866527557,211.43718165159225,209.85142314434052,208.9885162115097,210.02878654003143,217.4261308312416,210.59516459703445,209.06581616401672,210.42039000988007,209.52253234386444,210.15846914052963,208.85536175966263,210.0943542122841,216.81671446561813,211.93359744548798,209.2153349518776,209.97313791513443
43,211.4208800792694,207.21359252929688,209.2158442735672,211.44194620847702,209.85784393548965,209.0059888958931,210.02802121639252,217.41726177930832,210.5985135436058,209.0751760005951,210.4331552386284,209.50315588712692,210.18906331062317,208.86241072416306,210.0977639555931,216.8256737589836,211.90378612279892,209.2323459982872,209.9697163105011
44,211.41399335861206,207.22217148542404,209.1973512172699,211.44763976335526,209.86833131313324,209.02327781915665,210.02820509672165,217.40590679645538,210.59771317243576,209.08522766828537,210.44381469488144,209.486545920372,210.2127777338028,208.87564027309418,210.10242182016373,216.83502197265625,211.87001579999924,209.24962532520294,209.96300446987152
45,211.40745604038239,207.23182475566864,209.1815949678421,211.45405584573746,209.88320344686508,209.0402079820633,210.0297663807869,217.3917510509491,210.59342128038406,209.09631651639938,210.45230615139008,209.47433841228485,210.22965276241302,208.89412158727646,210.10962343215942,216.84411001205444,211.8336951136589,209.26785731315613,209.95422315597534
46,211.40152740478516,207.2420585155487,209.16943860054016,211.46139538288116,209.90216130018234,209.05641919374466,210.03305345773697,217.37462389469147,210.58635258674622,209.10831475257874,210.45874392986298,209.46738135814667,210.24044132232666,208.91676074266434,210.11939471960068,216.85209757089615,211.79673957824707,209.2877897620201,209.9451009631157
47,211.39632618427277,207.25187820196152,209.16152167320251,211.46998423337936,209.92468214035034,209.07098937034607,210.03876847028732,217.354323387146,210.57784181833267,209.12005519866943,210.46316587924957,209.4658932685852,210.2464615702629,208.94178140163422,210.13163304328918,216.85804051160812,211.76143795251846,209.3096605539322,209.93672382831573
48,211.39232099056244,207.2600001692772,209.15825599431992,211.4795297384262,209.9499403834343,209.08266979455948,210.04662883281708,217.33094334602356,210.56890666484833,209.12976878881454,210.46518886089325,209.46965956687927,210.24868446588516,208.96737396717072,210.14593416452408,216.8615102171898,211.7299866080284,209.33297181129456,209.93016874790192
49,211.39006733894348,207.26616925001144,209.1592057943344,211.49003821611404,209.97675800323486,209.09099286794662,210.05623883008957,217.30491334199905,210.56062489748,209.1356440782547,210.46409314870834,209.47760844230652,210.24776524305344,208.99169838428497,210.16208028793335,216.86205404996872,211.70413184165955,209.3570351600647,209.92631042003632
50,211.3903540968895,207.27073961496353,209.16403049230576,211.50170081853867,210.00434190034866,209.09510725736618,210.06685268878937,217.2770033478737,210.5533548593521,209.1368711590767,210.45908617973328,209.48842823505402,210.24375754594803,209.01346027851105,210.1787621974945,216.85934340953827,211.68498235940933,209.38032627105713,209.92571341991425
51,211.39340329170227,207.2741133570671,209.17193192243576,211.51446610689163,210.03216689825058,209.09495282173157,210.0787605047226,217.24811017513275,210.54694908857346,209.1342859864235,210.44999742507935,209.5010420680046,210.23689156770706,209.031116604805,210.1947740316391,216.853506565094,211.67373514175415,209.4016291499138,209.92848110198975
52,211.3983473777771,207.27630698680878,209.18226528167725,211.5284982919693,210.05912095308304,209.09168428182602,210.09134536981583,217.2190176844597,210.54140371084213,209.12861740589142,210.4369478225708,209.5147950053215,210.22669833898544,209.0436178445816,210.20946490764618,216.84508603811264,211.6708768606186,209.41993874311447,209.9343159198761
53,211.40445512533188,207.27771240472794,209.19400429725647,211.5436633825302,210.08417934179306,209.0870824456215,210.10439938306808,217.19056063890457,210.5368579030037,209.12073570489883,210.4205286502838,209.52950954437256,210.21270340681076,209.0505154132843,210.2226406931877,216.83495140075684,211.67596119642258,209.43439310789108,209.9428117275238
54,211.41102439165115,207.2792643904686,209.20685851573944,211.55983519554138,210.10652112960815,209.082221865654,210.11751472949982,217.16348028182983,210.5348298549652,209.11143976449966,210.40176439285278,209.54477643966675,210.19500690698624,209.05155992507935,210.23539179563522,216.82435232400894,211.68815404176712,209.4447233080864,209.9531746506691
55,211.4169979095459,207.28203642368317,209.22048366069794,211.57576042413712,210.12666141986847,209.07795256376266,210.1298103928566,217.1381914615631,210.53663885593414,209.10149604082108,210.3818062543869,209.55955427885056,210.17452263832092,209.04762238264084,210.24844574928284,216.81440323591232,211.70603543519974,209.45094734430313,209.9645437002182
56,211.42116475105286,207.28603094816208,209.23397886753082,211.59007197618484,210.14540535211563,209.0741983652115,210.14075887203217,217.1148446202278,210.54344058036804,209.09125292301178,210.3620987534523,209.57285022735596,210.1519364118576,209.03960251808167,210.2624853849411,216.806069791317,211.72742998600006,209.45289951562881,209.97633236646652
57,211.4221009016037,207.28993201255798,209.24609279632568,211.60071116685867,210.1634539961815,209.07028317451477,210.1498508453369,217.0933329463005,210.5556856393814,209.08033394813538,210.34450435638428,209.58397805690765,210.12815219163895,209.02865225076675,210.27786445617676,216.80046850442886,211.75032234191895,209.45090836286545,209.98732018470764
58,211.41882067918777,207.29284477233887,209.25551164150238,211.60602974891663,210.1820285320282,209.06468480825424,210.15646296739578,217.07340931892395,210.57319176197052,209.0678820014,210.3309549689293,209.59289664030075,210.1030204296112,209.0160267353058,210.29483777284622,216.79844027757645,211.77307111024857,209.4457302093506,209.99660921096802
59,211.41100108623505,207.294007062912,209.2609366774559,211.60572862625122,210.2017081975937,209.05709129571915,210.1596256494522,217.05524122714996,210.5962357521057,209.05323880910873,210.32255667448044,209.5988175868988,210.07608836889267,209.00357055664062,210.31384825706482,216.80044090747833,211.79452139139175,209.4383241534233,210.00348395109177
60,211.39840906858444,207.29289412498474,209.2614570260048,211.59980183839798,210.22247087955475,209.0474636554718,210.1591529250145,217.03884363174438,210.62458926439285,209.03537929058075,210.31965959072113,209.60102635622025,210.0476557612419,208.993122279644,210.33501595258713,216.80677038431168,211.81423819065094,209.42920237779617,210.00750184059143
61,211.38077008724213,207.28947538137436,209.2561200261116,211.58890974521637,210.2438195347786,209.03622722625732,210.15522176027298,217.02438658475876,210.65751552581787,209.0135741829872,210.32161444425583,209.59881794452667,210.01925539970398,208.98638707399368,210.3575388789177,216.8175110220909,211.832104742527,209.41824167966843,210.00842171907425
62,211.35921692848206,207.28356677293777,209.24495327472687,211.57437843084335,210.2652788758278,209.024338722229,210.14806008338928,217.01211202144623,210.69414627552032,208.9890689253807,210.328069627285,209.59175896644592,209.9938341975212,208.98415476083755,210.3794595003128,216.83205443620682,211.84861260652542,209.40511673688889,210.00598865747452
63,211.3353809118271,207.27581644058228,209.22871696949005,211.5572303533554,210.28604072332382,209.0124881863594,210.13800573349,217.0019457936287,210.73282891511917,208.96306335926056,210.33845365047455,209.5800747871399,209.97426688671112,208.9869756102562,210.39874929189682,216.84944051504135,211.86424040794373,209.3896787762642,210.00001353025436
64,211.31099343299866,207.26799684762955,209.20855516195297,211.53857320547104,210.30445057153702,209.00152099132538,210.12599581480026,216.99354618787766,210.77133852243423,208.9372400045395,210.35199409723282,209.5645536184311,209.96246522665024,208.99513286352158,210.41321575641632,216.8687807917595,211.87979835271835,209.3715294599533,209.99093753099442
65,211.2880168557167,207.26137709617615,209.18599700927734,211.51919120550156,210.31885695457458,208.9930904507637,210.1139373779297,216.9864632487297,210.80721884965897,208.91340363025665,210.36768525838852,209.54672366380692,209.95946276187897,209.0088147521019,210.42145425081253,216.8889155983925,211.8958638906479,209.35003048181534,209.97857123613358
66,211.26846653223038,207.25652068853378,209.1624630689621,211.4991984963417,210.3278867006302,208.9887471795082,210.1031649708748,216.98012894392014,210.83802288770676,208.8933389186859,210.38451755046844,209.52834969758987,209.96500384807587,209.02766942977905,210.42285788059235,216.90864551067352,211.91244572401047,209.32480537891388,209.96313500404358
67,211.25412547588348,207.25436282157898,209.13964539766312,211.4788836836815,210.33043944835663,208.98981869220734,210.0949620604515,216.97407120466232,210.86210817098618,208.87977147102356,210.40190756320953,209.51133155822754,209.97831523418427,209.05135720968246,210.41831403970718,216.92675310373306,211.9297980070114,209.2961704134941,209.94522094726562
68,211.24588829278946,207.2546900510788,209.1188771724701,211.45872008800507,210.32559686899185,208.99682015180588,210.08976238965988,216.9683187007904,210.87893068790436,208.87408930063248,210.4192526936531,209.49708008766174,209.99822342395782,209.07974058389664,210.40909886360168,216.9422269463539,211.94762116670609,209.2656443119049,209.92534297704697
69,211.24370115995407,207.2573862671852,209.10138165950775,211.43920534849167,210.31325620412827,209.0105518102646,210.0882632136345,216.96290743350983,210.8884437084198,208.87531107664108,210.43592524528503,209.48590463399887,210.02337956428528,209.11162436008453,210.39707046747208,216.9542272090912,211.96544736623764,209.2346090078354,209.9047280550003
70,211.247143805027,207.2618173956871,209.08853870630264,211.42103350162506,210.29444295167923,209.03090178966522,210.09071922302246,216.95833903551102,210.8912451863289,208.88255214691162,210.45151847600937,209.47777497768402,210.052090883255,209.1456988453865,210.38460844755173,216.9619951248169,211.98359811306,209.20440727472305,209.88371086120605
71,211.25602340698242,207.26717567443848,209.0811710357666,211.40521723031998,210.2708376646042,209.05732381343842,210.09682816267014,216.9551461338997,210.88843816518784,208.89504843950272,210.46645152568817,209.47223037481308,210.0826340317726,209.18095046281815,210.3736441731453,216.96508705615997,212.00150352716446,209.17633414268494,209.86327922344208
72,211.26936769485474,207.27273452281952,209.0790372490883,211.39235800504684,210.24376791715622,209.0898079276085,210.1060335636139,216.95346677303314,210.88139408826828,208.91168028116226,210.4807931780815,209.46789872646332,210.11389011144638,209.2165253162384,210.3654100894928,216.96340554952621,212.01803344488144,209.15169548988342,209.84438407421112
73,211.28582739830017,207.27832132577896,209.08221411705017,211.38252568244934,210.21426266431808,209.12778675556183,210.11791026592255,216.95356768369675,210.8718850016594,208.93019157648087,210.49331957101822,209.46343606710434,210.1451455950737,209.25121182203293,210.36015582084656,216.9574432373047,212.03251659870148,209.1317799091339,209.8272261619568
74,211.30414456129074,207.28394573926926,209.09084635972977,211.3755573630333,210.1839149594307,209.16967117786407,210.131794154644,216.95581924915314,210.86174792051315,208.94804739952087,210.503092110157,209.45860773324966,210.17561846971512,209.2833405137062,210.35778099298477,216.94794738292694,212.04409676790237,209.11751157045364,209.81245869398117
75,211.3232365846634,207.29037064313889,209.10505205392838,211.37125778198242,210.15507012605667,209.2137907743454,210.14578664302826,216.96073538064957,210.85230934619904,208.9625425338745,210.50875598192215,209.453098654747,210.20439916849136,209.31207370758057,210.35835582017899,216.93579214811325,212.05257105827332,209.10840582847595,209.80033433437347
76,211.34067702293396,207.29788488149643,209.1255685687065,211.36897140741348,210.12999039888382,209.25850689411163,210.15841668844223,216.96899247169495,210.84385871887207,208.9710352420807,210.50953805446625,209.4461231827736,210.23068153858185,209.33747482299805,210.36171853542328,216.92199605703354,212.0580376982689,209.10297363996506,209.79019463062286
77,211.35405761003494,207.3062949180603,209.1529701948166,211.36802554130554,210.11067521572113,209.30148363113403,210.1688067317009,216.9808633327484,210.8357725739479,208.97226059436798,210.50571310520172,209.43735432624817,210.25401997566223,209.35932177305222,210.36706095933914,216.90768951177597,212.06070309877396,209.09903305768967,209.78160750865936
78,211.36160761117935,207.31647044420242,209.18652737140656,211.36837577819824,210.0987033843994,209.34058564901352,210.1775217652321,216.9961023926735,210.82759219408035,208.96597409248352,210.4981747865677,209.42572504281998,210.27435171604156,209.3774202466011,210.37352669239044,216.8941169977188,212.06107819080353,209.09458285570145,209.7748345732689
79,211.36268770694733,207.3298150897026,209.22476905584335,211.3699558377266,210.09422940015793,209.3735756278038,210.18527901172638,217.01464545726776,210.82035833597183,208.9522294998169,210.48813730478287,209.4097397327423,210.2916829586029,209.3917075395584,210.38064515590668,216.88304710388184,212.05948066711426,209.08795142173767,209.77031880617142
80,211.35687935352325,207.3466840982437,209.26564967632294,211.37353920936584,210.09654116630554,209.3984151482582,210.19208627939224,217.0365059375763,210.81549960374832,208.93120861053467,210.476420044899,209.3883398771286,210.3066002726555,209.40177112817764,210.38852775096893,216.87634027004242,212.0559703707695,209.07797706127167,209.7692013978958
81,211.3445902466774,207.36716252565384,209.3069162964821,211.38006788492203,210.1051041483879,209.4138669371605,210.19863098859787,217.0620121359825,210.8140003681183,208.90377587080002,210.46389836072922,209.36181730031967,210.31988382339478,209.40642994642258,210.39714127779007,216.87583321332932,212.05039829015732,209.06425750255585,209.7724140882492
82,211.32713496685028,207.39079892635345,209.34635877609253,211.39052361249924,210.1186653971672,209.41898107528687,210.2062427997589,217.09177941083908,210.81585812568665,208.87157821655273,210.4509637951851,209.3319829106331,210.33225005865097,209.40346658229828,210.4065330028534,216.88297086954117,212.04222297668457,209.04684960842133,209.7799174785614
83,211.30601167678833,207.4162511229515,209.38151198625565,211.4047816991806,210.13599890470505,209.41367101669312,210.216694355011,217.12622278928757,210.81981498003006,208.83613628149033,210.43846452236176,209.30095303058624,210.34362202882767,209.3911509513855,210.41719448566437,216.89858400821686,212.0310840010643,209.0257014632225,209.79184252023697
84,211.2831261754036,207.44187051057816,209.41043758392334,211.4220593571663,210.1558365225792,209.39906638860703,210.23107010126114,217.16585689783096,210.82439690828323,208.79915195703506,210.4274536371231,209.27130591869354,210.35293102264404,209.36847406625748,210.42938429117203,216.92309021949768,212.01679641008377,209.00159746408463,209.80772668123245
85,211.260438144207,207.46583902835846,209.4318971633911,211.4408415555954,210.1768038868904,209.37751507759094,210.24942123889923,217.21115159988403,210.82768201828003,208.7635254263878,210.41882455348969,209.24633711576462,210.35905081033707,209.3361427783966,210.4425163269043,216.95599031448364,211.99992471933365,208.97667759656906,209.82668030261993
86,211.23964774608612,207.48630678653717,209.44515717029572,211.45992428064346,210.1984242796898,209.35190623998642,210.27081525325775,217.26247364282608,210.82852870225906,208.73197221755981,210.41276824474335,209.22894877195358,210.36046135425568,209.29598540067673,210.45599108934402,216.99615043401718,211.98082226514816,208.95240539312363,209.84726029634476
87,211.22207486629486,207.50113135576248,209.44944161176682,211.4796651005745,210.22008514404297,209.32535076141357,210.29465079307556,217.320106446743,210.82626634836197,208.70635682344437,210.40882849693298,209.2213026881218,210.35596805810928,209.2508282661438,210.4686381816864,217.04292356967926,211.95994478464127,208.93034493923187,209.86739218235016
88,211.20876663923264,207.50750422477722,209.44525426626205,211.50069934129715,210.24111795425415,209.3001530766487,210.3203488588333,217.38375574350357,210.82035547494888,208.6880503296852,210.4058100581169,209.2240054011345,210.34436738491058,209.2040078639984,210.4798172712326,217.0955809354782,211.93846893310547,208.91244089603424,209.88461136817932
89,211.2004656791687,207.50356954336166,209.4337112903595,211.5228529572487,210.26114559173584,209.2773015499115,210.3460338115692,217.45265793800354,210.8114663362503,208.67820304632187,210.40216344594955,209.23583507537842,210.32556867599487,209.1593166589737,210.48875492811203,217.15335446596146,211.91758447885513,208.89892023801804,209.896566092968
90,211.19759052991867,207.48918199539185,209.41611868143082,211.5451164841652,210.28001821041107,209.25754070281982,210.36971348524094,217.52549874782562,210.8003813624382,208.6768326163292,210.39703595638275,209.25554603338242,210.30039030313492,209.119863986969,210.4946590065956,217.21529442071915,211.898699760437,208.88923543691635,209.9016711115837
91,211.19930040836334,207.46614062786102,209.39351963996887,211.5664376616478,210.29732412099838,209.2409638762474,210.3898981809616,217.60070943832397,210.7879614830017,208.68355238437653,210.39090639352798,209.28096175193787,210.26991295814514,209.08811211585999,210.4967441558838,217.28018790483475,211.883458673954,208.88280445337296,209.89918208122253
92,211.20373421907425,207.4361149072647,209.36740601062775,211.5860577225685,210.31324988603592,209.22720682621002,210.4049877524376,217.6763752102852,210.77473777532578,208.6987167596817,210.38389962911606,209.3092908859253,210.23602706193924,209.0650377869606,210.4948229789734,217.34663248062134,211.8736035823822,208.8799083828926,209.88902854919434
93,211.20867604017258,207.40103191137314,209.3393714427948,211.60375797748566,210.32786339521408,209.21570938825607,210.41309022903442,217.75022572278976,210.7605362534523,208.722383081913,210.37635451555252,209.3373521566391,210.20150327682495,209.05094754695892,210.4885083436966,217.4132575392723,211.87045747041702,208.88072729110718,209.87216573953629
94,211.21196860074997,207.3635207414627,209.31097316741943,211.61898803710938,210.34021121263504,209.20547747612,210.41290640830994,217.81960767507553,210.74478721618652,208.75295495986938,210.3686339855194,209.36312466859818,210.16919124126434,209.0459994673729,210.47751373052597,217.4785497188568,211.87443697452545,208.88487422466278,209.85030335187912
95,211.21217584609985,207.3266448378563,209.28407889604568,211.63077408075333,210.3485985994339,209.19582682847977,210.40367102622986,217.8817269206047,210.72678637504578,208.7879867553711,210.36121886968613,209.3854882121086,210.1408144235611,209.04883539676666,210.46225714683533,217.54096162319183,211.88500499725342,208.89118003845215,209.82502418756485
96,211.20969200134277,207.29331576824188,209.26036405563354,211.63854151964188,210.35122829675674,209.1870025396347,210.38559085130692,217.9344230890274,210.70552957057953,208.82503110170364,210.35461974143982,209.40294015407562,210.1181207895279,209.0578058362007,210.44328647851944,217.59858691692352,211.90131932497025,208.8982452750206,209.79783689975739
97,211.20530050992966,207.26619225740433,209.24004900455475,211.64129132032394,210.34754198789597,209.17921048402786,210.35991370677948,217.97592532634735,210.6797592639923,208.86182433366776,210.34870553016663,209.41511690616608,210.10188400745392,209.07081365585327,210.42143791913986,217.64950358867645,211.9223530292511,208.90454536676407,209.77033668756485
98,211.19953936338425,207.24706327915192,209.22329360246658,211.63856399059296,210.33792144060135,209.17305213212967,210.32841527462006,218.0047024488449,210.6486383676529,208.89732134342194,210.34369212388992,209.4222228527069,210.09143334627151,209.0857676267624,210.3978990316391,217.69055104255676,211.9466796517372,208.9089241027832,209.7442073225975
99,211.1931505203247,207.23625087738037,209.2094258069992,211.63038820028305,210.32352262735367,209.16959130764008,210.29343390464783,218.01944208145142,210.61232405900955,208.9313673377037,210.33984851837158,209.42454707622528,210.08514112234116,209.1003065109253,210.3743230700493,217.71814185380936,211.97224992513657,208.9104869365692,209.72061306238174
100,211.18719190359116,207.2329305410385,209.1979775428772,211.61755567789078,210.3064602613449,209.16917890310287,210.25713193416595,218.0193482041359,210.5719118118286,208.96362674236298,210.33661037683487,209.42349362373352,210.08081722259521,209.1124279499054,210.35263693332672,217.73057490587234,211.99748039245605,208.90936142206192,209.69986128807068
101,211.18181496858597,207.23584246635437,209.18930840492249,211.60119134187698,210.2877733707428,209.1721265912056,210.22102320194244,218.00431096553802,210.52857846021652,208.99336248636246,210.33369386196136,209.41986215114594,210.0765540599823,209.12106561660767,210.33404743671417,217.72723573446274,212.02145105600357,208.9069475531578,209.68211084604263
102,211.17679619789124,207.24325454235077,209.183411359787,211.58221644163132,210.26767110824585,209.17849951982498,210.1849449276924,217.97499591112137,210.4836661219597,209.01969772577286,210.33027750253677,209.41480654478073,210.07076132297516,209.1257694363594,210.31910455226898,217.70723462104797,212.04371982812881,208.90477287769318,209.66723650693893
103,211.1718584895134,207.25281500816345,209.17973393201828,211.56097048521042,210.2463509440422,209.18816244602203,210.1491271853447,217.93272405862808,210.43817514181137,209.04187750816345,210.3253623843193,209.41053068637848,210.06214106082916,209.1278247833252,210.30740368366241,217.67066031694412,212.06447452306747,208.90487629175186,209.65393275022507
104,211.1667075753212,207.26205271482468,209.17801105976105,211.53829419612885,210.22331738471985,209.20172011852264,210.11418718099594,217.8784163594246,210.39330679178238,209.05908924341202,210.31903046369553,209.40872466564178,210.05015569925308,209.1285645365715,210.29811590909958,217.61852675676346,212.08423483371735,208.90873801708221,209.64183151721954
105,211.16051810979843,207.26900565624237,209.17834728956223,211.515460729599,210.19914078712463,209.21965926885605,210.08083415031433,217.81298178434372,210.35043370723724,209.0701805949211,210.3113443851471,209.40997046232224,210.03562992811203,209.1310340166092,210.28964883089066,217.55292409658432,212.10346138477325,208.91639018058777,209.63095128536224
106,211.15262484550476,207.27180951833725,209.18017953634262,211.4929314851761,210.1754075884819,209.24249792099,210.0502588748932,217.73821038007736,210.31069362163544,209.07441467046738,210.302121758461,209.41392493247986,210.01965874433517,209.13791233301163,210.2814747095108,217.47639447450638,212.12205576896667,208.92722487449646,209.62271797657013
107,211.14274924993515,207.26813459396362,209.18327355384827,211.47023659944534,210.15297186374664,209.27050083875656,210.02356028556824,217.6555676460266,210.2750848531723,209.07115530967712,210.29199105501175,209.42033660411835,210.00355523824692,209.14946764707565,210.27328616380692,217.39194065332413,212.14005702733994,208.93976747989655,209.6198045015335
108,211.1310253739357,207.2564908862114,209.1881411075592,211.4460489153862,210.13246476650238,209.30275911092758,210.0018145442009,217.56686651706696,210.24431037902832,209.06047981977463,210.28121727705002,209.4293516278267,209.98929673433304,209.16471910476685,210.26444876194,217.30250751972198,212.1572835445404,208.95186334848404,209.62383198738098
109,211.11787378787994,207.23695784807205,209.1949268579483,211.42005521059036,210.1141185760498,209.33765190839767,209.986308157444,217.47483098506927,210.21850126981735,209.04316997528076,210.27016353607178,209.44140923023224,209.97770977020264,209.1826644539833,210.25420320034027,217.2106894850731,212.17288041114807,208.96187108755112,209.63574999570847
110,211.10369902849197,207.2107864022255,209.20451712608337,211.3934527039528,210.09940910339355,209.37270671129227,209.9780120253563,217.38296669721603,210.1977095603943,209.02175396680832,210.26088589429855,209.45686638355255,209.96804696321487,209.20180916786194,210.24256479740143,217.11908608675003,212.1859740614891,208.9679230451584,209.65526205301285
111,211.08922082185745,207.17916083335876,209.2175105214119,211.3667949438095,210.0892549753189,209.40596044063568,209.97703456878662,217.29507440328598,210.18223094940186,208.99872833490372,210.2559248805046,209.47580683231354,209.9595200419426,209.22057139873505,210.23054271936417,217.02964371442795,212.19627565145493,208.96901589632034,209.6799554824829
112,211.0747755765915,207.14491069316864,209.2333961725235,211.34145510196686,210.08409184217453,209.43603593111038,209.98288077116013,217.2144015431404,210.17253822088242,208.97669833898544,210.2568206191063,209.4973948597908,209.9517096877098,209.23844838142395,210.21966445446014,216.94392454624176,212.20402336120605,208.96489226818085,209.70689594745636
113,211.06149226427078,207.11201804876328,209.25139051675797,211.31836062669754,210.08344864845276,209.4617222547531,209.99499988555908,217.142913043499,210.16814410686493,208.95897561311722,210.26462757587433,209.52061492204666,209.94424659013748,209.25480967760086,210.21146953105927,216.86319649219513,212.20868957042694,208.95612066984177,209.7339688539505
114,211.049773812294,207.08474111557007,209.27147734165192,211.2984584569931,210.08747333288193,209.4817185997963,210.0115692615509,217.08128291368484,210.1685511469841,208.9481628537178,210.27911633253098,209.54449152946472,209.93749129772186,209.2703753709793,210.20686268806458,216.78814429044724,212.21042490005493,208.94412088394165,209.7605094909668
115,211.03960078954697,207.06674033403397,209.29310357570648,211.2828397154808,210.0967691540718,209.49540728330612,210.03160202503204,217.02928799390793,210.1737957596779,208.94566649198532,210.29924768209457,209.56839799880981,209.9319545030594,209.2867916226387,210.20600813627243,216.71882432699203,212.2099205851555,208.93097299337387,209.7865059375763
116,211.03135472536087,207.06176739931107,209.31320577859879,211.2721409201622,210.11143720149994,209.50285702943802,210.05331230163574,216.9855586886406,210.1838241815567,208.95163118839264,210.3234840631485,209.5905767083168,209.9278708100319,209.30544024705887,210.20878463983536,216.65518194437027,212.2076478600502,208.9189071059227,209.81160324811935
117,211.0248429775238,207.07228755950928,209.32913273572922,211.26645416021347,210.1313471198082,209.50472742319107,210.0760157108307,216.94780331850052,210.19833171367645,208.96479040384293,210.34976834058762,209.6087949872017,209.925343811512,209.32637786865234,210.2149509191513,216.59755492210388,212.20309937000275,208.90903621912003,209.83489441871643
118,211.02013832330704,207.09833896160126,209.33792340755463,211.265307366848,210.15556007623672,209.5022715330124,210.09950256347656,216.91304296255112,210.21653079986572,208.98292857408524,210.37652838230133,209.62177616357803,209.92463105916977,209.34943914413452,210.22432297468185,216.546619951725,212.19623440504074,208.90237492322922,209.85506391525269
119,211.01745009422302,207.13874167203903,209.33728873729706,211.26758122444153,210.18326091766357,209.4966853260994,210.12344068288803,216.87828767299652,210.23761558532715,209.00360870361328,210.40231204032898,209.62906336784363,209.92501145601273,209.3730737566948,210.23581802845,216.5025817155838,212.18804955482483,208.89965856075287,209.87076926231384
120,211.01539570093155,207.19003683328629,209.32594645023346,211.27152824401855,210.21375960111618,209.48873221874237,210.14658802747726,216.8417850136757,210.26097357273102,209.02526140213013,210.42581444978714,209.63009577989578,209.92570561170578,209.39497691392899,210.24857777357101,216.4656564593315,212.17966318130493,208.90090602636337,209.88091111183167
121,211.01167970895767,207.2480880022049,209.30405950546265,211.27494806051254,210.24550646543503,209.47805577516556,210.1675169467926,216.80328834056854,210.28599083423615,209.04660958051682,210.44608867168427,209.6244232058525,209.92602014541626,209.41347563266754,210.26224130392075,216.4358915090561,212.17151647806168,208.9057958126068,209.88494390249252
122,211.00608360767365,207.30887681245804,209.27309548854828,211.27658492326736,210.27602750062943,209.46383249759674,210.18582624197006,216.76332783699036,210.31335240602493,209.06698459386826,210.46205514669418,209.6130649447441,209.92544013261795,209.4258325099945,210.2770779132843,216.4128212928772,212.16462182998657,208.9138435125351,209.883296251297
123,210.999072432518,207.36884438991547,209.23606610298157,211.27562004327774,210.30276280641556,209.44370824098587,210.2014303803444,216.72289872169495,210.34407103061676,209.08604043722153,210.4728968143463,209.5971155166626,209.9226849079132,209.42948520183563,210.29410070180893,216.3953948020935,212.1596655845642,208.92440390586853,209.87760668992996
124,210.9911448955536,207.42366290092468,209.19658315181732,211.27129936218262,210.32342493534088,209.4152237176895,210.2160269021988,216.68295067548752,210.37840127944946,209.10352557897568,210.47897547483444,209.57759660482407,209.916786134243,209.4238640666008,210.3143743276596,216.3822727203369,212.1567422747612,208.93694919347763,209.86953854560852
125,210.98250019550323,207.46777230501175,209.15713220834732,211.2622610926628,210.33790624141693,209.37915587425232,210.23192489147186,216.64415842294693,210.4146574139595,209.1188509464264,210.48139870166779,209.55723559856415,209.90753138065338,209.41012114286423,210.33809727430344,216.37175172567368,212.15581339597702,208.94970136880875,209.86138850450516
126,210.97296220064163,207.49543619155884,209.12114173173904,211.24826902151108,210.34589397907257,209.3372665643692,210.24990218877792,216.607490837574,210.45117509365082,209.1318337917328,210.4816535115242,209.53807133436203,209.89521831274033,209.38986259698868,210.3639709353447,216.3615215420723,212.15672659873962,208.96075266599655,209.85455679893494
127,210.96301263570786,207.50398170948029,209.09212166070938,211.22983902692795,210.34751105308533,209.2906210422516,210.2704576253891,216.574349462986,210.48547744750977,209.14259272813797,210.48112386465073,209.5222601890564,209.88076025247574,209.36495757102966,210.39074271917343,216.34897470474243,212.1587936282158,208.96896135807037,209.85122537612915
128,210.95372182130814,207.49209541082382,209.07319551706314,211.20789313316345,210.34311866760254,209.24018496274948,210.29315781593323,216.54637622833252,210.51581305265427,209.1513370871544,210.4814851284027,209.5119353532791,209.8663009405136,209.3381398320198,210.41816169023514,216.33195769786835,212.1602201461792,208.97337847948074,209.85263299942017
129,210.94627207517624,207.460539996624,209.06668573617935,211.1841595172882,210.33340859413147,209.1859141588211,210.31688910722733,216.52498543262482,210.54051220417023,209.15964615345,210.48391914367676,209.50862395763397,209.8534353375435,209.31216490268707,210.44518786668777,216.3092445731163,212.1598797440529,208.9741308093071,209.85864055156708
130,210.94187819957733,207.41214448213577,209.07348412275314,211.1615474820137,210.32017266750336,209.12988418340683,210.34100532531738,216.5108191370964,210.5580329298973,209.1680538058281,210.48831802606583,209.5135447382927,209.84288656711578,209.28938627243042,210.4711433649063,216.28005862236023,212.15786510705948,208.97171199321747,209.8690659403801
131,210.9407650232315,207.35073232650757,209.09253799915314,211.1421337723732,210.3048738837242,209.07330828905106,210.36498790979385,216.5037938952446,210.56695181131363,209.17667627334595,210.49417477846146,209.52608102560043,209.8358541727066,209.2708991765976,210.49571859836578,216.2442924976349,212.15506583452225,208.96822893619537,209.8827085494995
132,210.94171380996704,207.28171265125275,209.12161445617676,211.12758326530457,210.2891929745674,209.0165073275566,210.3879024386406,216.50319856405258,210.56517672538757,209.18559366464615,210.50068950653076,209.54554682970047,209.83229368925095,209.25687885284424,210.51967936754227,216.20305848121643,212.15291327238083,208.96563732624054,209.89688003063202
133,210.9445829987526,207.21008557081223,209.15820348262787,211.1196375489235,210.27575528621674,208.96061301231384,210.4103246331215,216.50813406705856,210.55208772420883,209.19354712963104,210.50573408603668,209.57079941034317,209.83125895261765,209.24681317806244,210.5453004837036,216.1578426361084,212.15310448408127,208.9635499715805,209.90997356176376
134,210.94880908727646,207.1390631198883,209.20123809576035,211.11859142780304,210.26759892702103,208.9066253900528,210.4328367114067,216.51790422201157,210.52945762872696,209.19943434000015,210.5064024925232,209.60045111179352,209.83349186182022,209.2386485338211,210.57521110773087,216.10979735851288,212.15677374601364,208.96072274446487,209.92118382453918
135,210.95399290323257,207.0718396306038,209.2502738237381,211.12464463710785,210.26674485206604,208.8566255569458,210.455413043499,216.53209364414215,210.50029188394547,209.2043958902359,210.50156849622726,209.63351422548294,209.8411849141121,209.23044288158417,210.6109247803688,216.06087523698807,212.16624176502228,208.95561027526855,209.93107455968857
136,210.96134895086288,207.01050633192062,209.30335199832916,211.13866293430328,210.27308821678162,208.81279146671295,210.47780191898346,216.55021131038666,210.46852838993073,209.20907771587372,210.48960334062576,209.66896998882294,209.8539872765541,209.22094905376434,210.65247976779938,216.01343059539795,212.18273252248764,208.9469029903412,209.94065082073212
137,210.97242242097855,206.95763939619064,209.3596195578575,211.16154032945633,210.28651469945908,208.7759855389595,210.49964773654938,216.57196635007858,210.43725609779358,209.2131933569908,210.47059237957,209.7068366408348,209.87014770507812,209.20826041698456,210.6989089846611,215.9690801501274,212.20726919174194,208.93455106019974,209.9518712759018
138,210.9881116747856,206.9154678583145,209.4165540933609,211.19301575422287,210.30502700805664,208.74714183807373,210.52031862735748,216.59736973047256,210.40790647268295,209.2168482542038,210.44539713859558,209.74532556533813,209.8875606060028,209.19120359420776,210.74844425916672,215.92958164215088,212.24144929647446,208.92051601409912,209.96574783325195
139,211.00922471284866,206.88507908582687,209.47085237503052,211.23272061347961,210.32437747716904,208.72852951288223,210.5380226969719,216.62602466344833,210.38170886039734,209.21971839666367,210.4161787033081,209.78252559900284,209.90375584363937,209.16953313350677,210.7995919585228,215.89650279283524,212.28594410419464,208.9058431982994,209.98169523477554
140,211.0360124707222,206.8671805858612,209.5203629732132,211.27932751178741,210.3400342464447,208.72224628925323,210.55192118883133,216.65764564275742,210.3600447177887,209.22202360630035,210.3870136141777,209.81648170948029,209.91781443357468,209.1429153084755,210.8502396941185,215.87079006433487,212.33973014354706,208.89175462722778,209.99924510717392
141,211.0664403438568,206.86136162281036,209.56397265195847,211.33069252967834,210.3507330417633,208.72906613349915,210.56210231781006,216.69164216518402,210.34405851364136,209.22285044193268,210.3605716228485,209.8455566763878,209.92853325605392,209.11145544052124,210.8976393342018,215.85316115617752,212.4007292985916,208.87919610738754,210.01809829473495
142,211.09756314754486,206.86639189720154,209.60077112913132,211.38342720270157,210.3556545972824,208.74902576208115,210.5679721236229,216.72725027799606,210.33425199985504,209.22049647569656,210.33731591701508,209.86831265687943,209.9353193640709,209.07671934366226,210.93883216381073,215.84440672397614,212.46415549516678,208.86806231737137,210.03666096925735
143,211.12628465890884,206.88007551431656,209.63040989637375,211.43510979413986,210.35528713464737,208.78049558401108,210.5691903233528,216.76372003555298,210.3290284872055,209.21322637796402,210.31713330745697,209.88277715444565,209.93946236371994,209.0410339832306,210.96985214948654,215.8450533747673,212.5259609222412,208.86004674434662,210.05336332321167
144,211.1500951051712,206.90086352825165,209.65475076436996,211.48431253433228,210.34960609674454,208.82269084453583,210.56514781713486,216.8002524971962,210.3273354768753,209.19970840215683,210.29938691854477,209.88648909330368,209.9420149922371,209.0075744986534,210.98842823505402,215.85477381944656,212.5824397802353,208.85704827308655,210.0684336423874
145,211.16807979345322,206.9282972216606,209.6733322739601,211.529048204422,210.33966499567032,208.8734092116356,210.55552065372467,216.83625608682632,210.32827132940292,209.17924809455872,210.28312593698502,209.879030585289,209.9437952041626,208.97860711812973,210.9938387274742,215.87279975414276,212.6320099234581,208.8619492650032,210.08284312486649
146,211.17977994680405,206.9615877866745,209.6867663860321,211.5677455663681,210.32816326618195,208.93302929401398,210.54238313436508,216.8705819249153,210.3306606411934,209.15281891822815,210.26709914207458,209.86145663261414,209.94646883010864,208.95575714111328,210.9873932003975,215.89828199148178,212.6751914024353,208.87777572870255,210.09688293933868
147,211.18505054712296,207.00026881694794,209.6960855126381,211.60021674633026,210.31633526086807,208.99993628263474,210.52647745609283,216.90170061588287,210.33524483442307,209.12068212032318,210.250850379467,209.83513236045837,209.9497026205063,208.94111341238022,210.97083485126495,215.93053549528122,212.7133172750473,208.90744143724442,210.11031371355057
148,211.18431973457336,207.0423430800438,209.7012778520584,211.6265652179718,210.30742251873016,209.07083970308304,210.50737363100052,216.92913168668747,210.34282010793686,209.08636379241943,210.2348576784134,209.80266690254211,209.95267695188522,208.93692362308502,210.94575983285904,215.96813172101974,212.74806427955627,208.9524855017662,210.12179762125015
149,211.17986887693405,207.08712208271027,209.70358008146286,211.6478129029274,210.3038249015808,209.14042580127716,210.48508793115616,216.95271283388138,210.35267508029938,209.05314964056015,210.22091627120972,209.7660846710205,209.95731645822525,208.94323325157166,210.91440480947495,216.0096081495285,212.7821301817894,209.014279961586,210.12806463241577
150,211.17416274547577,207.13555943965912,209.70302003622055,211.66472858190536,210.30696815252304,209.2046405673027,210.45778959989548,216.97266453504562,210.36516869068146,209.02308571338654,210.21119451522827,209.72873824834824,209.96503442525864,208.9570196866989,210.87940329313278,216.0530481338501,212.8161080479622,209.09258955717087,210.1241807937622
151,211.17065489292145,207.1884824037552,209.7021158337593,211.67676973342896,210.3184381723404,209.26200956106186,210.42727136611938,216.98957377672195,210.3787384033203,208.99655693769455,210.20762664079666,209.69400542974472,209.97692769765854,208.9768351316452,210.84411853551865,216.09615063667297,212.84980690479279,209.1846126317978,210.1061441898346
152,211.1717308163643,207.24531811475754,209.70304322242737,211.68265742063522,210.33925199508667,209.30839705467224,210.39337688684464,217.00343424081802,210.39221680164337,208.97055798768997,210.21123468875885,209.66430008411407,209.99558252096176,208.99983447790146,210.81298983097076,216.1365061402321,212.88237589597702,209.2865273952484,210.07353448867798
153,211.17847746610641,207.30346924066544,209.70766800642014,211.6830266714096,210.3700914978981,209.33913207054138,210.35884314775467,217.01430010795593,210.4051062464714,208.94392651319504,210.2204338312149,209.64213567972183,210.02247780561447,209.02354228496552,210.78990292549133,216.17165809869766,212.91334581375122,209.39598405361176,210.02738690376282
154,211.19145148992538,207.36059564352036,209.7175970673561,211.68034106492996,210.41092973947525,209.3513098359108,210.32715338468552,217.023291349411,210.41648268699646,208.9172728061676,210.23408162593842,209.62869185209274,210.05907559394836,209.0446981191635,210.77745252847672,216.19961512088776,212.9419338107109,209.50946927070618,209.97017699480057
155,211.20968633890152,207.415077149868,209.7341826558113,211.6771383881569,210.46459639072418,209.34509587287903,210.30144673585892,217.03134030103683,210.42500615119934,208.89209097623825,210.24906718730927,209.62567859888077,210.10527443885803,209.06291699409485,210.77679872512817,216.2183872461319,212.96885240077972,209.6204686164856,209.90524715185165
156,211.2327024936676,207.46660768985748,209.75435036420822,211.67481487989426,210.5325084924698,209.3240008354187,210.28364843130112,217.03887164592743,210.43090736865997,208.87031626701355,210.2618244290352,209.63634592294693,210.16051918268204,209.07801795005798,210.78897881507874,216.22635740041733,212.9943015575409,209.72415095567703,209.8371238708496
157,211.26140475273132,207.51710456609726,209.77682209014893,211.67734795808792,210.61429178714752,209.29230815172195,210.27479553222656,217.0462613105774,210.43274027109146,208.85392445325851,210.26861602067947,209.65884470939636,210.22327834367752,209.08890229463577,210.81281381845474,216.22361278533936,213.0172147154808,209.81426030397415,209.77299892902374
158,211.2948711514473,207.56698644161224,209.80128455162048,211.6863807439804,210.70617938041687,209.25508219003677,210.27531391382217,217.05329740047455,210.4304654598236,208.84618324041367,210.26652210950851,209.6951144337654,210.29107427597046,209.09813219308853,210.84591978788376,216.2116430401802,213.03733706474304,209.88649487495422,209.7182023525238
159,211.33259266614914,207.61886018514633,209.82797122001648,211.7037924528122,210.8015610575676,209.21840953826904,210.28486448526382,217.0603467822075,210.4251617193222,208.8481770157814,210.25340795516968,209.742809176445,210.36219382286072,209.10577487945557,210.88268637657166,216.1923468708992,213.05431598424911,209.93683052062988,209.67588543891907
160,211.37388849258423,207.67557209730148,209.8600001335144,211.7332084774971,210.892304956913,209.18467622995377,210.30240392684937,217.06761866807938,210.41942244768143,208.86072498559952,210.22801971435547,209.80074220895767,210.43465554714203,209.1146724820137,210.919671356678,216.16834264993668,213.06652545928955,209.96273547410965,209.6473999619484
161,211.4186511039734,207.73687797784805,209.89627134799957,211.77857154607773,210.97360223531723,209.15672385692596,210.3266298174858,217.0757650732994,210.41555911302567,208.8867793083191,210.18991219997406,209.8684601187706,210.50722378492355,209.12804317474365,210.95233643054962,216.14384245872498,213.07218205928802,209.96516472101212,209.63176238536835
162,211.46539747714996,207.80358523130417,209.936569750309,211.83904045820236,211.0383065342903,209.13496613502502,210.35661470890045,217.08593940734863,210.41552484035492,208.92482775449753,210.1375448703766,209.94228774309158,210.5808401107788,209.14712888002396,210.98158305883408,216.1235966682434,213.07030260562897,209.94578611850739,209.63129073381424
163,211.51360857486725,207.8767021894455,209.98153966665268,211.9115862250328,211.0838379263878,209.1220162510872,210.38968390226364,217.0990360379219,210.42191153764725,208.97592508792877,210.07083624601364,210.02319395542145,210.6540004014969,209.1722502708435,211.01029348373413,216.1117343902588,213.0602690577507,209.90740555524826,209.6476245522499
164,211.5602502822876,207.95388513803482,210.02861833572388,211.99110275506973,211.11129516363144,209.11732745170593,210.422425031662,217.1160889863968,210.4343108534813,209.03983908891678,209.99058145284653,210.1119054555893,210.725730240345,209.20214992761612,211.04303985834122,216.1114930510521,213.041583776474,209.85627096891403,209.68401646614075
165,211.6020463705063,208.0297912955284,210.07251304388046,212.0744527578354,211.12365639209747,209.1190888285637,210.45468473434448,217.13905656337738,210.45268273353577,209.11188340187073,209.90168237686157,210.206618309021,210.7947278022766,209.23507791757584,211.08335530757904,216.12461107969284,213.0145418047905,209.80209827423096,209.7397801876068
166,211.6366182565689,208.10190403461456,210.1064134836197,212.15522515773773,211.12556505203247,209.12668925523758,210.48723036050797,217.1664501428604,210.47881120443344,209.18544709682465,209.80997025966644,210.30858755111694,210.8639150261879,209.26835012435913,211.13303899765015,216.15202111005783,212.98081612586975,209.7512177824974,209.81539517641068
167,211.66385436058044,208.16513735055923,210.12633955478668,212.22643142938614,211.12271654605865,209.1422912478447,210.51770800352097,217.19761645793915,210.51289784908295,209.25472378730774,209.71920758485794,210.4161078929901,210.93471324443817,209.30153954029083,211.19432151317596,216.1930530667305,212.9435739517212,209.71295350790024,209.9093667268753
168,211.68219155073166,208.21744668483734,210.1263249516487,212.2843416929245,211.11978775262833,209.16658574342728,210.54389309883118,217.23165065050125,210.55814057588577,209.31732553243637,209.63424026966095,210.52919751405716,211.006413936615,209.3341257572174,211.2711040377617,216.24515843391418,212.9043099284172,209.69310688972473,210.02213203907013
169,211.69279444217682,208.25755631923676,210.10588377714157,212.3230021595955,211.1226669549942,209.2014627456665,210.5631765127182,217.26738393306732,210.6161013841629,209.37747985124588,209.5563895702362,210.64569866657257,211.07955932617188,209.36617863178253,211.3622452020645,216.30599564313889,212.86809188127518,209.69723969697952,210.152125954628
170,211.70065820217133,208.28382915258408,210.06959038972855,212.34268242120743,211.13205981254578,209.24879658222198,210.5747674703598,217.30415892601013,210.6875897049904,209.4396887421608,209.48965972661972,210.76598489284515,211.15406548976898,209.40204298496246,211.46925127506256,216.37447357177734,212.83857810497284,209.72667092084885,210.29293316602707
171,211.70965206623077,208.30243676900864,210.02253502607346,212.3459568619728,211.14845341444016,209.30800783634186,210.57872265577316,217.3421111702919,210.77395939826965,209.5079915523529,209.43911796808243,210.88763165473938,211.2264032959938,209.44515174627304,211.59047198295593,216.44990998506546,212.8186245560646,209.78026449680328,210.4402555823326
172,211.72397792339325,208.31879019737244,209.97156232595444,212.3386470079422,211.175057888031,209.3766729235649,210.57667577266693,217.38118487596512,210.87653064727783,209.5896423459053,209.40871930122375,211.00623506307602,211.29739105701447,209.5006666779518,211.7221429347992,216.53127294778824,212.80974143743515,209.8552577495575,210.59285986423492
173,211.74830156564713,208.33945733308792,209.92100125551224,212.32592904567719,211.20997321605682,209.45297706127167,210.57044702768326,217.4197518825531,210.98929250240326,209.69089698791504,209.40158891677856,211.12318736314774,211.36815631389618,209.57759606838226,211.8637838959694,216.6174099445343,212.81223076581955,209.95018982887268,210.74820637702942
174,211.78659522533417,208.37351608276367,209.8720440864563,212.31115049123764,211.25011497735977,209.53325480222702,210.56651097536087,217.45647597312927,211.1063408255577,209.80959302186966,209.42223399877548,211.2406924366951,211.43618553876877,209.6804581284523,212.01407635211945,216.706320643425,212.8253031373024,210.06463837623596,210.90192478895187
175,211.84106981754303,208.42617535591125,209.8273913860321,212.29801440238953,211.2921969294548,209.6180454492569,210.5657651424408,217.49090880155563,211.22119331359863,209.94223016500473,209.46993774175644,211.36194717884064,211.5058794617653,209.80686962604523,212.16856104135513,216.79578703641891,212.84432023763657,210.19506692886353,211.05226635932922
176,211.91116970777512,208.50348365306854,209.78732007741928,212.29249042272568,211.334145963192,209.71302741765976,210.57717835903168,217.52327644824982,211.32705336809158,210.08983546495438,209.54272156953812,211.48600041866302,211.5765329003334,209.9536738395691,212.32227808237076,216.88292813301086,212.87188124656677,210.33798843622208,211.1937534213066
177,211.99758499860764,208.60769402980804,209.7549198269844,212.29450023174286,211.37697476148605,209.81815654039383,210.60547864437103,217.5528808236122,211.4236466884613,210.24906849861145,209.63898241519928,211.6073716878891,211.64954084157944,210.12031811475754,212.47065436840057,216.96705496311188,212.9072699546814,210.4894403219223,211.32304352521896
178,212.09859389066696,208.7374466061592,209.73125612735748,212.30309861898422,211.42452543973923,209.93394511938095,210.65442740917206,217.57917845249176,211.5120655298233,210.41166293621063,209.76544576883316,211.72597706317902,211.72293841838837,210.3042603135109,212.6098547577858,217.04677510261536,212.95054411888123,210.64801388978958,211.44245779514313
179,212.21313601732254,208.88847690820694,209.72206163406372,212.3143785595894,211.48092085123062,210.05505400896072,210.7244291305542,217.6027231812477,211.59613698720932,210.58377009630203,209.92415010929108,211.83813071250916,211.79773539304733,210.5006439089775,212.74014991521835,217.12141942977905,212.99630999565125,210.80979877710342,211.55227971076965
180,212.34045058488846,209.05479341745377,209.73633766174316,212.3270589709282,211.54942274093628,210.1780925989151,210.81722021102905,217.6263188123703,211.67674005031586,210.7654168009758,210.11148422956467,211.9396333694458,211.87134355306625,210.70616400241852,212.86005073785782,217.19281470775604,213.0435711145401,210.96732169389725,211.66548562049866
