shift,pair_00,pair_01,pair_02,pair_03,pair_04,pair_05,pair_06,pair_07,pair_08,pair_09,pair_10,pair_11,pair_12,pair_13,pair_14,pair_15,pair_16,pair_17,pair_18,pair_19,pair_20,pair_21,pair_22,pair_23,pair_24,pair_25
-180,215.75894939899445,216.63970720767975,217.45760476589203,216.19517451524734,218.11201202869415,217.32790750265121,217.61144840717316,217.60909020900726,215.98985958099365,218.2282354235649,218.35842156410217,218.6788519024849,217.4688618183136,216.90959304571152,217.48024785518646,217.81034243106842,217.83681172132492,215.33676278591156,216.16789954900742,215.10536980628967,219.11251360177994,217.46430617570877,217.64297544956207,216.4114882349968,217.65570574998856,218.4353450536728
-179,215.6872968673706,216.57218396663666,217.44051337242126,216.1639478802681,218.0609868168831,217.27919000387192,217.5809485912323,217.5822422504425,215.94094860553741,218.21996665000916,218.26109737157822,218.6486434340477,217.44763588905334,216.86965757608414,217.43365800380707,217.79287767410278,217.8226392865181,215.3266357779503,216.06243187189102,215.0283678174019,219.07571375370026,217.38617324829102,217.5800098180771,216.33307266235352,217.60922634601593,218.38779109716415
-178,215.61522018909454,216.5049308538437,217.4267327785492,216.13469743728638,218.02040857076645,217.23575395345688,217.5530549287796,217.5470228791237,215.88768923282623,218.222491979599,218.16978120803833,218.6163009405136,217.43179368972778,216.83435797691345,217.3906746506691,217.77840042114258,217.80198162794113,215.3190393447876,215.97723251581192,214.9609043598175,219.0381134748459,217.31405740976334,217.51339173316956,216.2705004811287,217.56756108999252,218.33577287197113
-177,215.54237645864487,216.4347734451294,217.4132523536682,216.10561096668243,217.99078387022018,217.1975000500679,217.52872502803802,217.500541806221,215.83321171998978,218.23344099521637,218.08544731140137,218.58243018388748,217.41814172267914,216.79956752061844,217.34959572553635,217.76587617397308,217.77175617218018,215.31277924776077,215.91175484657288,214.90312725305557,219.0028275847435,217.2469590306282,217.44509679079056,216.22319906949997,217.53125101327896,218.2775315642357
-176,215.4712699651718,216.35822182893753,217.39854168891907,216.07733964920044,217.9712221622467,217.16440868377686,217.50864493846893,217.4418721795082,215.78091031312943,218.25020176172256,218.01029640436172,218.5488117337227,217.4086595773697,216.76350128650665,217.30885404348373,217.75530767440796,217.73129999637604,215.30507963895798,215.86311733722687,214.8528255224228,218.97160667181015,217.18286401033401,217.37570053339005,216.19098180532455,217.5001375079155,218.21282821893692
-175,215.40349459648132,216.27423918247223,217.37978327274323,216.04883950948715,217.96017909049988,217.13619792461395,217.49249285459518,217.37320619821548,215.73353898525238,218.27130192518234,217.94526064395905,218.5160630941391,217.40667498111725,216.72530686855316,217.26720213890076,217.74629694223404,217.68077105283737,215.29620838165283,215.82854717969894,214.80748683214188,218.94520539045334,217.12063217163086,217.3093785047531,216.1725047826767,217.47513139247894,218.14246386289597
-174,215.34043222665787,216.1823970079422,217.35334104299545,216.0208107829094,217.9561047554016,217.11074525117874,217.48185098171234,217.29619735479355,215.6922156214714,218.2957289814949,217.89072543382645,218.48250323534012,217.4113363623619,216.68315422534943,217.221599817276,217.73685842752457,217.6212893128395,215.283608853817,215.80374610424042,214.76694184541702,218.92161893844604,217.06073480844498,217.24859201908112,216.16582989692688,217.4564789533615,218.068117082119
-173,215.28230875730515,216.0824818611145,217.31822323799133,215.99528926610947,217.95757472515106,217.08687740564346,217.47698605060577,217.21345192193985,215.65978288650513,218.32169383764267,217.84606289863586,218.4478821158409,217.42043733596802,216.63922494649887,217.16822254657745,217.72537451982498,217.55609035491943,215.26688861846924,215.78359335660934,214.72944182157516,218.8977192044258,217.0037631392479,217.19379544258118,216.1675037741661,217.44491308927536,217.99197149276733
-172,215.23084598779678,215.97304278612137,217.27369624376297,215.97270184755325,217.96227031946182,217.0652116537094,217.4769816994667,217.12726575136185,215.63784539699554,218.34751719236374,217.81004589796066,218.41222763061523,217.43388372659683,216.59654742479324,217.10511380434036,217.71032518148422,217.4874762892723,215.2460042834282,215.76450592279434,214.69372695684433,218.87230372428894,216.95119869709015,217.14480239152908,216.17408847808838,217.44037383794785,217.91543704271317
-171,215.18545949459076,215.85523068904877,217.2205832004547,215.95193880796432,217.96761912107468,217.04721558094025,217.48088020086288,217.041517496109,215.62729769945145,218.3713554739952,217.78013825416565,218.3752537369728,217.4499193429947,216.55986911058426,217.03076839447021,217.6911563873291,217.41648244857788,215.221324801445,215.74367028474808,214.66091239452362,218.84510654211044,216.9029865860939,217.09908485412598,216.18343204259872,217.44031524658203,217.84008848667145
-170,215.1469743847847,215.73068076372147,217.15957921743393,215.93209809064865,217.97242325544357,217.0350417494774,217.4876790046692,216.96117317676544,215.62805926799774,218.39128184318542,217.7546100616455,218.33550173044205,217.46680825948715,216.53523117303848,216.94853693246841,217.6673006415367,217.34316128492355,215.19207894802094,215.7181220650673,214.6332523226738,218.8172025680542,216.85894417762756,217.0560233592987,216.19366937875748,217.44252395629883,217.76740729808807
-169,215.11348408460617,215.60370576381683,217.09263944625854,215.91088700294495,217.97593981027603,217.02975231409073,217.49578815698624,216.8894613981247,215.63801050186157,218.40528619289398,217.7321878671646,218.29297292232513,217.48261719942093,216.52444356679916,216.86337876319885,217.6384897828102,217.26850241422653,215.1570284962654,215.68656384944916,214.61048692464828,218.790147960186,216.82153111696243,217.01585513353348,216.20322483778,217.44446128606796,217.69924992322922
-168,215.08436965942383,215.476771235466,217.02238428592682,215.8880981206894,217.9788996577263,217.03027087450027,217.5029182434082,216.83035498857498,215.65537917613983,218.41207486391068,217.71199786663055,218.24798220396042,217.49593955278397,216.5283626317978,216.7784879207611,217.604079246521,217.19314193725586,215.11513942480087,215.6493837237358,214.59302777051926,218.76632845401764,216.79014617204666,216.98120111227036,216.21061617136002,217.44360250234604,217.6377471089363
-167,215.0587923526764,215.35258984565735,216.9516960978508,215.86289596557617,217.98213291168213,217.03485214710236,217.50680124759674,216.78659600019455,215.67732691764832,218.41258096694946,217.69507896900177,218.20105582475662,217.5059015750885,216.54663330316544,216.6972867846489,217.56378412246704,217.11852771043777,215.06778186559677,215.60828417539597,214.58155798912048,218.74720603227615,216.76473927497864,216.95587968826294,216.21368330717087,217.43723541498184,217.58416426181793
-166,215.03529423475266,215.23464345932007,216.88189667463303,215.8345993757248,217.98507392406464,217.04082864522934,217.50474381446838,216.76002490520477,215.69912791252136,218.4078803062439,217.68150001764297,218.15330892801285,217.51278960704803,216.57917594909668,216.62181794643402,217.51804369688034,217.0454939007759,215.0155372619629,215.56411027908325,214.57489603757858,218.73345464468002,216.74535065889359,216.94422268867493,216.2119807600975,217.4234778881073,217.53956824541092
-165,215.013188123703,215.12549942731857,216.8133825659752,215.803385078907,217.9872640967369,217.0463845729828,217.49456948041916,216.75020426511765,215.7172256708145,218.39918315410614,217.67292684316635,218.10589170455933,217.51693522930145,216.62402093410492,216.5522671341896,217.46799141168594,216.97467291355133,214.95913022756577,215.51782500743866,214.572523355484,218.723837018013,216.7303832769394,216.94791686534882,216.20537984371185,217.40195751190186,217.50479394197464
-164,214.99245429039001,215.028648853302,216.74644434452057,215.76873636245728,217.9876453280449,217.0519424676895,217.4761242866516,216.75603717565536,215.72785395383835,218.38706248998642,217.67079508304596,218.0601054430008,217.51785218715668,216.67873114347458,216.48815488815308,217.41600328683853,216.9070097208023,214.89968883991241,215.47137939929962,214.57409298419952,218.7167907357216,216.7187626361847,216.96517598628998,216.1951413154602,217.37518429756165,217.4805892109871
-163,214.97302520275116,214.94665092229843,216.68164885044098,215.73089337348938,217.98613530397415,217.05770599842072,217.4501746892929,216.7761921286583,215.72899746894836,218.37150084972382,217.67590582370758,218.016672372818,217.5143929719925,216.73964256048203,216.43038815259933,217.36412000656128,216.8431846499443,214.83855336904526,215.42725938558578,214.57834327220917,218.70962339639664,216.70831274986267,216.99355280399323,216.1822122335434,217.34442937374115,217.46658539772034
-162,214.95465576648712,214.87981337308884,216.6201366186142,215.69086748361588,217.98247396945953,217.06381237506866,217.4191029071808,216.80905485153198,215.71960151195526,218.35322082042694,217.68928736448288,217.97659397125244,217.50612592697144,216.80423337221146,216.38004273176193,217.31327730417252,216.7836071252823,214.77564227581024,215.3879628777504,214.58350563049316,218.7001377940178,216.6969501376152,217.02997893095016,216.16771268844604,217.31263422966003,217.461905002594
-161,214.93706065416336,214.8275869488716,216.5637282729149,215.64925652742386,217.97518944740295,217.07097578048706,217.3862046599388,216.85331112146378,215.70002365112305,218.33357620239258,217.71121448278427,217.94041389226913,217.49264234304428,216.8700795173645,216.33767318725586,217.26355075836182,216.72868448495865,214.71145302057266,215.35530537366867,214.58838844299316,218.68597793579102,216.68338471651077,217.07196325063705,216.1532917022705,217.28143656253815,217.46525287628174
-160,214.91948914527893,214.7879245877266,216.5123599767685,215.6057329773903,217.9636309146881,217.07828652858734,217.35391122102737,216.9070786833763,215.67240023612976,218.31319415569305,217.74067521095276,217.90776801109314,217.47363340854645,216.93585282564163,216.30396765470505,217.21584928035736,216.67929577827454,214.64735251665115,215.3304802775383,214.59243977069855,218.66552352905273,216.66621923446655,217.1162548661232,216.1399176120758,217.25164610147476,217.47442680597305
-159,214.90178561210632,214.75785899162292,216.4652437567711,215.56077599525452,217.94792848825455,217.08527171611786,217.3240310549736,216.96833205223083,215.6404196023941,218.29207676649094,217.7761225104332,217.8790088891983,217.44980692863464,217.00038081407547,216.28004777431488,217.17074865102768,216.63618832826614,214.58465135097504,215.31366008520126,214.5965194106102,218.63757693767548,216.64371156692505,217.1597952246666,216.12971764802933,217.22499054670334,217.48686963319778
-158,214.88568150997162,214.73479264974594,216.42279940843582,215.51469737291336,217.92908442020416,217.09236305952072,217.2970649600029,217.03443455696106,215.60779494047165,218.27062904834747,217.81566560268402,217.85389077663422,217.42142289876938,217.0621452331543,216.26565247774124,217.12841469049454,216.6000018119812,214.52540403604507,215.30347979068756,214.60102236270905,218.60220271348953,216.61390054225922,217.19994294643402,216.1264625787735,217.20302325487137,217.5009058713913
-157,214.8730744123459,214.71693807840347,216.3845049738884,215.46873658895493,217.90756314992905,217.10029006004333,217.2724453806877,217.10320556163788,215.57714146375656,218.24955409765244,217.8564448952675,217.8321549296379,217.38827168941498,217.1198332309723,216.26079720258713,217.089049577713,216.57116800546646,214.47077137231827,215.29766184091568,214.6067634820938,218.55986255407333,216.57583355903625,217.23483335971832,216.13087952136993,217.18585401773453,217.51458716392517
-156,214.8662036061287,214.70211899280548,216.34936767816544,215.42701876163483,217.88330161571503,217.10922473669052,217.24892556667328,217.172622859478,215.54957234859467,218.22986507415771,217.8954929113388,217.81363290548325,217.35095006227493,217.17158460617065,216.26427859067917,217.05230677127838,216.54955673217773,214.4222750067711,215.29353684186935,214.61356019973755,218.51083314418793,216.52879977226257,217.26395046710968,216.14382553100586,217.17376482486725,217.52703368663788
-155,214.86588883399963,214.68946993350983,216.3168967962265,215.3928849697113,217.85610854625702,217.1184400320053,217.2251393198967,217.24060136079788,215.52422761917114,218.2120767235756,217.93107122182846,217.79806554317474,217.311805665493,217.21609956026077,216.27429711818695,217.01936239004135,216.53443706035614,214.38143545389175,215.28834146261215,214.6211942434311,218.4559217095375,216.47393226623535,217.28855121135712,216.16471922397614,217.16702741384506,217.53832894563675
-154,214.87094390392303,214.6780260205269,216.28690248727798,215.36796367168427,217.8257960677147,217.12754291296005,217.19917184114456,217.30579507350922,215.49964463710785,218.19616186618805,217.96292197704315,217.78548938035965,217.2721598148346,217.25236719846725,216.28883749246597,216.99094104766846,216.52424973249435,214.3481903076172,215.28101509809494,214.62964922189713,218.39786279201508,216.41204208135605,217.30973136425018,216.19196128845215,217.16518968343735,217.5485638976097
-153,214.87975144386292,214.66704338788986,216.25910526514053,215.3530477285385,217.79328203201294,217.13670325279236,217.1700273156166,217.36648988723755,215.47523468732834,218.18183434009552,217.99034470319748,217.77555292844772,217.23279112577438,217.2791365981102,216.30547231435776,216.96641963720322,216.51723939180374,214.32170248031616,215.27033001184464,214.6381338238716,218.3392173051834,216.34461218118668,217.32806092500687,216.223737180233,217.16709506511688,217.55770194530487
-152,214.8896263241768,214.65764552354813,216.23265779018402,215.34842485189438,217.759820997715,217.14591681957245,217.13620102405548,217.42135459184647,215.4503783583641,218.16911160945892,218.01313722133636,217.76917457580566,217.1938580274582,217.2949623465538,216.32202422618866,216.9449023604393,216.51276570558548,214.30093264579773,215.25507247447968,214.64589178562164,218.28186696767807,216.2734313607216,217.34388065338135,216.25757336616516,217.17124599218369,217.56586170196533
-151,214.89794200658798,214.65016758441925,216.20754140615463,215.35357987880707,217.72669357061386,217.155812561512,217.0961909890175,217.46959418058395,215.42461425065994,218.15757650136948,218.03156250715256,217.76704066991806,217.15528565645218,217.2985098361969,216.33591508865356,216.9254560470581,216.51045507192612,214.2850468158722,215.2344789505005,214.6518971323967,218.22788429260254,216.20052009820938,217.3570162653923,216.29099559783936,217.17677706480026,217.5727310180664
-150,214.90328389406204,214.64345115423203,216.18454641103745,215.36713844537735,217.69525104761124,217.16664439439774,217.0493819117546,217.5111482143402,215.3991283774376,218.14657479524612,218.0456456542015,217.76924949884415,217.1164568066597,217.28927046060562,216.34573411941528,216.90766835212708,216.5103207230568,214.27266782522202,215.2092314362526,214.6552243232727,218.17943620681763,216.12799447774887,217.36726534366608,216.3225405216217,217.18391460180283,217.57872939109802
-149,214.9049972295761,214.63669747114182,216.16453516483307,215.38716155290604,217.66605633497238,217.1782060265541,216.99674880504608,217.54585552215576,215.3744952082634,218.1361552476883,218.0557046532631,217.77627009153366,217.0763698220253,217.26740568876266,216.35259890556335,216.89168393611908,216.5136278271675,214.26285308599472,215.18005084991455,214.65549898147583,218.13912934064865,216.05897718667984,217.37485790252686,216.35108613967896,217.19320660829544,217.58516198396683
-148,214.90436446666718,214.6296997666359,216.1483706831932,215.41202837228775,217.63964849710464,217.19044756889343,216.94058364629745,217.57306730747223,215.35142827033997,218.12618601322174,218.06210964918137,217.78858494758606,217.03538244962692,217.23458141088486,216.3561162352562,216.8777573108673,216.52044093608856,214.25589030981064,215.1497267484665,214.6533638238907,218.10881620645523,215.99719893932343,217.38011890649796,216.37515634298325,217.20599192380905,217.59271961450577
-147,214.90287947654724,214.6223385334015,216.13676172494888,215.43987250328064,217.61604171991348,217.20296949148178,216.88405472040176,217.5920414328575,215.32970261573792,218.11632549762726,218.06507259607315,217.80654352903366,216.99448680877686,217.19374656677246,216.35537242889404,216.8659529685974,216.5307822227478,214.25179612636566,215.12251448631287,214.64904153347015,218.08939361572266,215.9459566473961,217.38297206163406,216.39398682117462,217.22265321016312,217.6019722223282
-146,214.9018131494522,214.61549228429794,216.12903851270676,215.46811360120773,217.59566700458527,217.21593755483627,216.83055740594864,217.60239207744598,215.3090482354164,218.1058714389801,218.06495290994644,217.82967603206635,216.95507925748825,217.14739161729813,216.34905987977982,216.85723066329956,216.54439216852188,214.24980169534683,215.100951731205,214.64269316196442,218.0800752043724,215.90958678722382,217.38358980417252,216.40662360191345,217.2428022623062,217.61321824789047
-145,214.9018310904503,214.6100473999977,216.12392359972,215.4945319890976,217.57935100793839,217.22913092374802,216.7836092710495,217.60485744476318,215.2900189757347,218.09395587444305,218.06167793273926,217.85637974739075,216.91921538114548,217.09756940603256,216.33672034740448,216.85274124145508,216.5610786676407,214.2488767504692,215.0863094329834,214.63341057300568,218.07909762859344,215.89185965061188,217.3819878101349,216.41222351789474,217.26581931114197,217.62601280212402
-144,214.90358740091324,214.60679095983505,216.1208971142769,215.51735883951187,217.56797683238983,217.24180388450623,216.7459123134613,217.60018026828766,215.2734333872795,218.08001112937927,218.0554461479187,217.88477098941803,216.88843804597855,217.04724162817,216.3189678788185,216.85328435897827,216.58059531450272,214.2480451464653,215.07834321260452,214.62133365869522,218.08432841300964,215.89423686265945,217.37798434495926,216.4113221168518,217.2911001443863,217.64017111063004
-143,214.90712743997574,214.60642790794373,216.1197105050087,215.53518003225327,217.56237924098969,217.25362122058868,216.7195737361908,217.5893445611,215.2599925994873,218.0636328458786,218.04598373174667,217.9127534031868,216.86441373825073,216.9982082247734,216.29679143428802,216.8595415353775,216.60239452123642,214.2464656829834,215.07610672712326,214.60878574848175,218.09359872341156,215.91559892892838,217.37114930152893,216.40547668933868,217.3175260424614,217.65527272224426
-142,214.911836206913,214.60917365550995,216.12120008468628,215.54730838537216,217.56385219097137,217.26473796367645,216.7057927250862,217.5740728378296,215.24973475933075,218.04474222660065,218.03279197216034,217.93835937976837,216.84965348243713,216.9518569111824,216.2719578742981,216.87177217006683,216.6254841685295,214.24386429786682,215.07895082235336,214.59803944826126,218.1050769686699,215.951953291893,217.36089444160461,216.39696896076202,217.34367960691452,217.67053520679474
-141,214.91650986671448,214.61488246917725,216.1265110373497,215.5534086227417,217.57264357805252,217.27573347091675,216.70478814840317,217.55620378255844,215.24222999811172,218.0228721499443,218.01574593782425,217.9604967236519,216.84611999988556,216.91127580404282,216.2467035651207,216.89115983247757,216.6486210823059,214.2421277165413,215.08640086650848,214.59145218133926,218.11736023426056,215.999338388443,217.34681284427643,216.3880689740181,217.3681064248085,217.685193836689
-140,214.91975206136703,214.62381303310394,216.1367536187172,215.55371582508087,217.5882163643837,217.28724992275238,216.71608489751816,217.53768748044968,215.2366252541542,217.99761778116226,217.99551475048065,217.97837978601456,216.85432142019272,216.87963378429413,216.22305965423584,216.91899758577347,216.6705955862999,214.24228650331497,215.09752702713013,214.58873361349106,218.12859815359116,216.05399453639984,217.32869160175323,216.38024365901947,217.38925874233246,217.69847351312637
-139,214.920961022377,214.6343896985054,216.15283584594727,215.54954117536545,217.6104873418808,217.29921346902847,216.7384733557701,217.52029430866241,215.23284143209457,217.96911948919296,217.97294491529465,217.99155074357986,216.8744210600853,216.85810321569443,216.2033108472824,216.95484673976898,216.69064110517502,214.24506789445877,215.11225986480713,214.58859676122665,218.13729453086853,216.11359465122223,217.30671906471252,216.3747859597206,217.404980301857,217.70964992046356
-138,214.91926676034927,214.64446073770523,216.17611408233643,215.54230976104736,217.63838815689087,217.3113909959793,216.77036941051483,217.50513684749603,215.2329283952713,217.93857043981552,217.94898986816406,218.00012534856796,216.90485000610352,216.84687662124634,216.18927651643753,216.99763613939285,216.70802384614944,214.25174820423126,215.12994027137756,214.59105628728867,218.1425982117653,216.17662453651428,217.28195255994797,216.37238401174545,217.41339498758316,217.718121945858
-137,214.91365951299667,214.65215474367142,216.20716029405594,215.53325498104095,217.6697055697441,217.32340043783188,216.81060940027237,217.4927368760109,215.23849922418594,217.90718561410904,217.92498242855072,218.00517857074738,216.94311636686325,216.8445422053337,216.18251311779022,217.04589599370956,216.7225729227066,214.26271533966064,215.14938777685165,214.59582787752151,218.14439368247986,216.24132442474365,217.25551998615265,216.37299805879593,217.41315376758575,217.724159181118
-136,214.9038791656494,214.65624225139618,216.24604105949402,215.5236241221428,217.7025404572487,217.33481174707413,216.85692447423935,217.48258489370346,215.25143426656723,217.87656873464584,217.90239971876144,218.00807183980942,216.9862766265869,216.84950232505798,216.18364119529724,217.0979306101799,216.73493802547455,214.2783518433571,215.1708310842514,214.60342818498611,218.14314299821854,216.30623191595078,217.2288059592247,216.37720555067062,217.40374916791916,217.72809195518494
-135,214.88935160636902,214.65635323524475,216.2924389243126,215.51455760002136,217.7356052994728,217.34516006708145,216.90649819374084,217.47397953271866,215.27278065681458,217.8483955860138,217.88296914100647,218.0102521777153,217.0321804881096,216.86026841402054,216.1930207014084,217.15103340148926,216.74589067697525,214.29956620931625,215.1946942806244,214.61455357074738,218.13941258192062,216.37043529748917,217.20350968837738,216.38552099466324,217.385695874691,217.73043167591095
-134,214.86949729919434,214.65226274728775,216.3457880616188,215.5069546699524,217.76754504442215,217.35442680120468,216.95710790157318,217.46677953004837,215.30249708890915,217.824353992939,217.86808705329895,218.0136352777481,217.07900696992874,216.87505930662155,216.2103516459465,217.20288681983948,216.75645649433136,214.32770282030106,215.22035187482834,214.6291682124138,218.1338129043579,216.4336714744568,217.18085795640945,216.39742493629456,217.36018824577332,217.7315821647644
-133,214.84448462724686,214.64497488737106,216.40512412786484,215.50208574533463,217.79745930433273,217.36241286993027,217.00707638263702,217.46079403162003,215.3389409184456,217.80579936504364,217.85861045122147,218.019866168499,217.12487822771072,216.89245283603668,216.2351644039154,217.25195384025574,216.76756244897842,214.36318957805634,215.24695831537247,214.64785426855087,218.12670403718948,216.49577564001083,217.16279512643814,216.41118788719177,217.32910472154617,217.73119413852692
-132,214.81430965662003,214.63603270053864,216.47009932994843,215.5008133649826,217.82458502054214,217.36889171600342,217.0546885728836,217.45610719919205,215.38016843795776,217.7932665348053,217.8552307486534,218.02990692853928,217.16879904270172,216.91147470474243,216.26728802919388,217.29659378528595,216.77993005514145,214.40503668785095,215.27350068092346,214.66964173316956,218.11845070123672,216.5566337108612,217.15113413333893,216.42454278469086,217.29467475414276,217.72952389717102
-131,214.77975100278854,214.62658196687698,216.539997279644,215.50375366210938,217.84887796640396,217.3744434118271,217.09927427768707,217.4527473449707,215.42463958263397,217.786363363266,217.85797083377838,218.04388165473938,217.21000736951828,216.93120557069778,216.30530458688736,217.3350972533226,216.79395669698715,214.4521525502205,215.29898834228516,214.69437795877457,218.1097093820572,216.61606860160828,217.14700609445572,216.43615692853928,217.2589030265808,217.7269522547722
-130,214.74252033233643,214.61759853363037,216.61319488286972,215.5110626220703,217.87078416347504,217.37990242242813,217.14056080579758,217.45072615146637,215.47064900398254,217.78360360860825,217.86567825078964,218.06118696928024,217.24800103902817,216.950945854187,216.34720343351364,217.36635917425156,216.81002128124237,214.50354731082916,215.32235312461853,214.72273099422455,218.10100185871124,216.67425853013992,217.15152502059937,216.44480043649673,217.2237679362297,217.7232124209404
-129,214.70393562316895,214.61025828123093,216.6872638463974,215.52239298820496,217.89063793420792,217.3858718276024,217.17879617214203,217.45028424263,215.5155640244484,217.7835631966591,217.87691938877106,218.08084046840668,217.28257983922958,216.9699428677559,216.39152473211288,217.38958716392517,216.82845777273178,214.55787247419357,215.34366005659103,214.75514113903046,218.09320521354675,216.7302669286728,217.1647943854332,216.45076495409012,217.19095540046692,217.7179178595543
-128,214.66548174619675,214.60651379823685,216.75923204421997,215.53758788108826,217.90907835960388,217.39189618825912,217.2142255306244,217.45082658529282,215.55665242671967,217.78537088632584,217.8902634382248,218.10185021162033,217.31396573781967,216.98726230859756,216.4371216893196,217.40459024906158,216.84919279813766,214.61338180303574,215.36315441131592,214.79097771644592,218.08694070577621,216.78261506557465,217.18514889478683,216.45518803596497,217.16195458173752,217.71054500341415
-127,214.62831270694733,214.60868787765503,216.8265700340271,215.55644035339355,217.92704284191132,217.39744591712952,217.24660104513168,217.4516842365265,215.5917153954506,217.78805589675903,217.90438932180405,218.1233622431755,217.34233087301254,217.00203430652618,216.4831382036209,217.41228580474854,216.87164998054504,214.66857492923737,215.38126331567764,214.82885724306107,218.082357943058,216.8294089436531,217.21099972724915,216.45976305007935,217.1379932165146,217.70104521512985
-126,214.59378838539124,214.61917239427567,216.88705855607986,215.57897502183914,217.9452383518219,217.40189653635025,217.27544397115707,217.45262223482132,215.6191275715828,217.79087454080582,217.91787362098694,218.14467895030975,217.36755114793777,217.01316249370575,216.52904206514359,217.4135132431984,216.89454770088196,214.7214191555977,215.39817267656326,214.86785054206848,218.07952624559402,216.86938828229904,217.2407986521721,216.46669107675552,217.12008845806122,217.68910551071167
-125,214.56347239017487,214.6385709643364,216.93912303447723,215.60504806041718,217.96384954452515,217.4047273993492,217.30058562755585,217.45360791683197,215.6376902461052,217.7937971353531,217.92981678247452,218.1653636097908,217.3891783952713,217.02007550001144,216.5746408700943,217.40899640321732,216.91655761003494,214.77044868469238,215.41393023729324,214.90745604038239,218.07813954353333,216.90216279029846,217.27314245700836,216.4776834845543,217.108725130558,217.67446291446686
-124,214.53843992948532,214.6669979095459,216.98208343982697,215.63381153345108,217.98263150453568,217.4062558412552,217.3219707608223,217.4545699954033,215.64667457342148,217.79800462722778,217.93939244747162,218.18551927804947,217.4070326089859,217.02258610725403,216.6203066110611,217.40040665864944,216.93608701229095,214.81431990861893,215.42917597293854,214.94684982299805,218.0780338048935,216.9278593659401,217.30674666166306,216.49382305145264,217.10407358407974,217.6570507287979
-123,214.51943081617355,214.70403641462326,217.0153387784958,215.66437274217606,218.0015452504158,217.40680122375488,217.33916199207306,217.45516955852509,215.64656561613083,217.80484384298325,217.9462788105011,218.20509326457977,217.42154574394226,217.0217307806015,216.6665340065956,217.39009886980057,216.95179396867752,214.85140872001648,215.4445685148239,214.98503720760345,218.0789471268654,216.9463268518448,217.34064888954163,216.5154487490654,217.10658031702042,217.63730603456497
-122,214.50583094358444,214.7480109333992,217.0380191206932,215.69640123844147,218.02041679620743,217.40682500600815,217.35242372751236,217.45519191026688,215.63877737522125,217.8150069117546,217.95045906305313,218.2240589261055,217.43378722667694,217.01830518245697,216.71356403827667,217.37968385219574,216.96433341503143,214.88046514987946,215.46080911159515,215.02131938934326,218.08063942193985,216.95707923173904,217.3736419081688,216.54251527786255,217.11652421951294,217.61620372533798
-121,214.49662518501282,214.7966057062149,217.04982560873032,215.73024517297745,218.0381977558136,217.40640151500702,217.36213409900665,217.45449149608612,215.62454342842102,217.82883352041245,217.95238852500916,218.2423580288887,217.44384104013443,217.01245313882828,216.76117300987244,217.3702071905136,216.9740571975708,214.90104258060455,215.47808015346527,215.05443519353867,218.0832012295723,216.9596048593521,217.40476047992706,216.5741646885872,217.13329899311066,217.59475129842758
-120,214.49055391550064,214.84766829013824,217.05152821540833,215.76552098989487,218.05383867025375,217.40496450662613,217.36895036697388,217.4534437060356,215.6053524017334,217.84653270244598,217.95322608947754,218.26000356674194,217.45138615369797,217.00360268354416,216.80796605348587,217.36253798007965,216.98022943735123,214.9124594926834,215.49635916948318,215.0823291540146,218.08708608150482,216.9542087316513,217.43299102783203,216.6091170310974,217.1550171971321,217.57416027784348
-119,214.4870412349701,214.89978110790253,217.04493296146393,215.80179065465927,218.06694263219833,217.40164053440094,217.37379378080368,217.45257967710495,215.58306872844696,217.86789458990097,217.95427668094635,218.2763648033142,217.45628625154495,216.99125683307648,216.85183280706406,217.35711896419525,216.98279815912247,214.91399973630905,215.51587051153183,215.10360091924667,218.09235471487045,216.9412983059883,217.45753693580627,216.64616614580154,217.17936462163925,217.55532801151276
-118,214.48556435108185,214.9515202641487,217.0327861905098,215.83842647075653,218.07746350765228,217.3954480290413,217.37780559062958,217.45191490650177,215.55946552753448,217.89224648475647,217.95660269260406,218.29072719812393,217.4598731994629,216.97550910711288,216.89145958423615,217.35404407978058,216.98211711645126,214.90480268001556,215.53716003894806,215.11831724643707,218.0987862944603,216.9214636683464,217.47817546129227,216.68435621261597,217.20430827140808,217.53880351781845
-117,214.48534792661667,215.00219869613647,217.01749050617218,215.87487524747849,218.0856053829193,217.38643199205399,217.38240772485733,217.45183837413788,215.536527633667,217.91879665851593,217.9609495997429,218.30246502161026,217.46310144662857,216.95676612854004,216.92576426267624,217.35373359918594,216.97815972566605,214.88536232709885,215.56109684705734,215.1280353665352,218.10614562034607,216.89539754390717,217.4947254061699,216.72244906425476,217.2283770442009,217.52480971813202
-116,214.48604887723923,215.05220061540604,217.00153535604477,215.91001051664352,218.09175235033035,217.37489706277847,217.38931274414062,217.45279598236084,215.51620876789093,217.94689190387726,217.966972053051,218.31050896644592,217.46661299467087,216.93535780906677,216.95370864868164,217.3564950823784,216.97125482559204,214.8579318523407,215.58762776851654,215.13483774662018,218.11426484584808,216.8636068701744,217.5070876479149,216.75872498750687,217.25086098909378,217.5134117603302
-115,214.48771452903748,215.10171574354172,216.98671567440033,215.9425630569458,218.09629142284393,217.3618556857109,217.3997728228569,217.45497858524323,215.50030714273453,217.97605150938034,217.9741200208664,218.31400209665298,217.47041922807693,216.91165733337402,216.97570353746414,217.3626353740692,216.96206659078598,214.82528483867645,215.61610502004623,215.14093792438507,218.12289142608643,216.827010512352,217.51559937000275,216.79124760627747,217.27206599712372,217.5045965909958
-114,214.49022632837296,215.15025341510773,216.97403925657272,215.97134679555893,218.10026890039444,217.3487542271614,217.4141206741333,217.45814222097397,215.48966926336288,218.00588089227676,217.9815894961357,218.31228202581406,217.4737704396248,216.88557469844818,216.99182903766632,217.37247949838638,216.95154470205307,214.7915180325508,215.6452214717865,215.14785367250443,218.1322479248047,216.78739750385284,217.52078330516815,216.8182736635208,217.29308718442917,217.49845170974731
-113,214.4941976070404,215.19743478298187,216.96401351690292,215.99530762434006,218.10490155220032,217.33670508861542,217.43217879533768,217.46222120523453,215.48422211408615,218.0359811782837,217.98835146427155,218.3055899143219,217.47586750984192,216.85702508687973,217.0015972852707,217.38667553663254,216.94129186868668,214.75997459888458,215.67297685146332,215.1563636660576,218.1426523923874,216.74766486883163,217.52349376678467,216.83864283561707,217.3151257634163,217.49512124061584
-112,214.50023639202118,215.24300116300583,216.9575336575508,216.01367634534836,218.11096477508545,217.32660967111588,217.45316767692566,217.46766036748886,215.48423552513123,218.06613010168076,217.9935747385025,218.29620444774628,217.47550505399704,216.82647967338562,217.00478839874268,217.40557968616486,216.93361991643906,214.7333766222,215.6970179080963,215.16682302951813,218.1543715596199,216.710080742836,217.52425450086594,216.8518294095993,217.33846008777618,217.4947303533554
-111,214.50817787647247,215.28662860393524,216.95544266700745,216.0260351896286,218.11828833818436,217.3186285495758,217.47569978237152,217.47498774528503,215.4894316792488,218.0963769555092,217.99691718816757,218.28502649068832,217.47229570150375,216.7950490117073,217.00154334306717,217.42876034975052,216.93028742074966,214.714131295681,215.71528178453445,215.1790927052498,218.16756784915924,216.67556357383728,217.52300995588303,216.85796856880188,217.3627868294716,217.4973333477974
-110,214.5185273885727,215.32802188396454,216.95887303352356,216.0321404337883,218.12613081932068,217.31311690807343,217.49880409240723,217.4844267964363,215.49925816059113,218.12663388252258,217.9980233311653,218.2723649740219,217.4660161137581,216.76407122612,216.9919080734253,217.45521128177643,216.93214464187622,214.70358151197433,215.7269949913025,215.19237768650055,218.1825254559517,216.64432394504547,217.52004182338715,216.85775476694107,217.38746166229248,217.5022160410881
-109,214.53221493959427,215.36740136146545,216.96740520000458,216.03210496902466,218.133957862854,217.30974477529526,217.52168053388596,217.4964896440506,215.51262837648392,218.15658086538315,217.99625444412231,218.2588609457016,217.45668655633926,216.73483699560165,216.97598361968994,217.48356968164444,216.9393585920334,214.70181226730347,215.7316393852234,215.20573168992996,218.19951355457306,216.6161105632782,217.5156980752945,216.85198259353638,217.41140186786652,217.5083732008934
-108,214.5494965314865,215.40516102313995,216.9799960255623,216.0263552069664,218.14126300811768,217.3074957728386,217.543383538723,217.51132380962372,215.5278091430664,218.18586963415146,217.99154806137085,218.2451894879341,217.4450192451477,216.7086135149002,216.95424473285675,217.51198959350586,216.95193141698837,214.70883417129517,215.72991687059402,215.21846449375153,218.21855878829956,216.5904616713524,217.51030147075653,216.84132766723633,217.43379998207092,217.5146919488907
-107,214.5701840519905,215.4414120912552,216.99598854780197,216.0157806277275,218.1477551460266,217.3052682876587,217.5641553401947,217.52875912189484,215.54296451807022,218.2140290737152,217.98432689905167,218.23252767324448,217.43202888965607,216.68613505363464,216.92858147621155,217.53871023654938,216.96930462121964,214.72442036867142,215.722066283226,215.22951477766037,218.239572763443,216.56674510240555,217.50463742017746,216.82697939872742,217.45374059677124,217.5205106139183
-106,214.59377259016037,215.47574985027313,217.0143727660179,216.0024344921112,218.15351164340973,217.30245608091354,217.58378225564957,217.5481528043747,215.55718713998795,218.2406336069107,217.97512620687485,218.22182923555374,217.41908073425293,216.6676166653633,216.9009381532669,217.56186401844025,216.9904226064682,214.74792218208313,215.70871031284332,215.23685508966446,218.2624146938324,216.54451477527618,217.5002121925354,216.8102456331253,217.47033429145813,217.52603340148926
-105,214.61928635835648,215.507826089859,217.03415876626968,215.98864233493805,218.1586610674858,217.29852265119553,217.60253018140793,217.56866037845612,215.569444835186,218.26506054401398,217.96461910009384,218.2137218117714,217.40683770179749,216.6531879901886,216.87287628650665,217.5796604156494,217.01433205604553,214.7787766456604,215.69087260961533,215.24068522453308,218.2863649725914,216.5238075852394,217.49808287620544,216.79252117872238,217.4833927154541,217.53158086538315
-104,214.645150244236,215.53726869821548,217.05416637659073,215.97565627098083,218.1634582877159,217.29274106025696,217.62073183059692,217.5885085463524,215.578595161438,218.28651255369186,217.95352989435196,218.20882481336594,217.39545041322708,216.64430302381516,216.8458776473999,217.59121304750443,217.04045569896698,214.81586921215057,215.67007905244827,215.24191266298294,218.31064742803574,216.50479543209076,217.4988067150116,216.77496820688248,217.49365282058716,217.53734576702118
-103,214.6703418493271,215.56374031305313,217.07255911827087,215.96423226594925,218.16849702596664,217.28459173440933,217.63844627141953,217.6058673262596,215.58379900455475,218.30459159612656,217.9422973394394,218.20734864473343,217.3847734928131,216.64201498031616,216.8213323354721,217.5964139699936,217.06812769174576,214.85741704702377,215.64833664894104,215.24044632911682,218.33490830659866,216.48766696453094,217.50242674350739,216.75874042510986,217.50143003463745,217.54351365566254
-102,214.69448345899582,215.58641070127487,217.0871902704239,215.9538322687149,218.1747743487358,217.2741985321045,217.65578770637512,217.61967194080353,215.5845541357994,218.3196616768837,217.9316076040268,218.20906400680542,217.3745248913765,216.64579784870148,216.7999034523964,217.59613645076752,217.09629237651825,214.90139150619507,215.62821573019028,215.2356191277504,218.35858136415482,216.47236961126328,217.50855255126953,216.7448963522911,217.50625973939896,217.55010730028152
-101,214.71704095602036,215.6045944094658,217.0964875817299,215.94363474845886,218.18344283103943,217.26283246278763,217.67334192991257,217.62979328632355,215.58060669898987,218.33245640993118,217.92219001054764,218.21327131986618,217.36458826065063,216.6538206934929,216.78167915344238,217.59165436029434,217.12457287311554,214.94507950544357,215.61280971765518,215.22713315486908,218.38119757175446,216.4589136838913,217.51700848340988,216.73467350006104,217.50753915309906,217.55677139759064
-100,214.73836743831635,215.61863827705383,217.09997045993805,215.9329555630684,218.19548857212067,217.25200879573822,217.69162166118622,217.63647955656052,215.57186192274094,218.34377026557922,217.91526794433594,218.21906334161758,217.35498666763306,216.66477954387665,216.76689380407333,217.5841674208641,217.15318661928177,214.98542040586472,215.6045801639557,215.21542823314667,218.40251833200455,216.4477636218071,217.52720439434052,216.72829633951187,217.50470852851868,217.56327104568481
-99,214.75757884979248,215.62865602970123,217.09814321994781,215.9225355386734,218.21106040477753,217.2428236603737,217.71024578809738,217.64031332731247,215.55834484100342,218.35437899827957,217.91185474395752,218.22532814741135,217.3447322845459,216.6781662106514,216.75591951608658,217.57513999938965,217.18163806200027,215.01991736888885,215.60505658388138,215.2014566063881,218.42255061864853,216.4394332766533,217.53870058059692,216.7257061600685,217.49809914827347,217.5693994164467
-98,214.77374225854874,215.63504368066788,217.09222030639648,215.91491848230362,218.22960096597672,217.23683393001556,217.72825437784195,217.64147347211838,215.5412170290947,218.36472123861313,217.91316437721252,218.23107206821442,217.33235889673233,216.69349938631058,216.74989181756973,217.56622076034546,217.20924246311188,215.0479520559311,215.61413270235062,215.1859434247017,218.4421010017395,216.43417501449585,217.55081379413605,216.72655147314072,217.4892189502716,217.57519191503525
-97,214.78687888383865,215.63822025060654,217.0835919380188,215.91121912002563,218.2500860095024,217.23483353853226,217.74505186080933,217.64002990722656,215.52138823270798,218.37494587898254,217.9196361899376,218.23500245809555,217.31641280651093,216.71015429496765,216.74876123666763,217.55834472179413,217.23552733659744,215.07018887996674,215.6308354139328,215.17039889097214,218.46127486228943,216.43211632966995,217.5626904964447,216.72993457317352,217.47954738140106,217.58077543973923
-96,214.7972297668457,215.6386393904686,217.07384884357452,215.91187262535095,218.27107506990433,217.23671025037766,217.76034712791443,217.63651698827744,215.4997243285179,218.38524252176285,217.93057471513748,218.2362538576126,217.2960708141327,216.72808748483658,216.75108969211578,217.55187040567398,217.2600069642067,215.08814311027527,215.65478044748306,215.1563708782196,218.47972691059113,216.43385618925095,217.57332181930542,216.7342745065689,217.47017407417297,217.58648216724396
-95,214.80516856908798,215.63693952560425,217.06536835432053,215.91675877571106,218.2914589047432,217.24203145503998,217.77438002824783,217.631915807724,215.47712421417236,218.39570826292038,217.9442555308342,218.2342768907547,217.27095222473145,216.74760961532593,216.755533516407,217.5476634502411,217.2818148136139,215.10289996862411,215.68516367673874,215.1449231505394,218.49712282419205,216.4401758313179,217.58158165216446,216.7376228570938,217.46200543642044,217.5928910970688
-94,214.81074446439743,215.63373005390167,217.06040251255035,215.92533272504807,218.30982899665833,217.24992167949677,217.78648698329926,217.6266617178917,215.45477086305618,218.40641671419144,217.9586879014969,218.22907435894012,217.24178260564804,216.76876318454742,216.7610204219818,217.54634201526642,217.2996683716774,215.11584788560867,215.72108674049377,215.13755828142166,218.51316553354263,216.45065987110138,217.58625835180283,216.7387547492981,217.45552265644073,217.6010422706604
-93,214.81437027454376,215.62882894277573,217.0594783425331,215.93696171045303,218.3247542977333,217.26014971733093,217.79622650146484,217.62059271335602,215.4346500635147,218.41740238666534,217.97177147865295,218.22117793560028,217.21014952659607,216.7913237810135,216.7666373848915,217.54811698198318,217.31253212690353,215.12856286764145,215.76104873418808,215.13636964559555,218.52774554491043,216.46387284994125,217.58694577217102,216.73711150884628,217.45078921318054,217.6116355061531
-92,214.81657755374908,215.62222933769226,217.0626341700554,215.9507319331169,218.33549082279205,217.27256500720978,217.80374079942703,217.61406630277634,215.41875034570694,218.42849224805832,217.98194229602814,218.2115318775177,217.1780064702034,216.81518650054932,216.7718527317047,217.55289858579636,217.3197265267372,215.14133149385452,215.802809715271,215.14304721355438,218.54107123613358,216.47872626781464,217.58376735448837,216.73195827007294,217.44820249080658,217.62489932775497
-91,214.81727540493011,215.6139194369316,217.06960481405258,215.9656303524971,218.34270060062408,217.2864750623703,217.8091402053833,217.6070962548256,215.40805292129517,218.43978881835938,217.98864024877548,218.20133930444717,217.14689314365387,216.83975023031235,216.77604353427887,217.56027764081955,217.3207373023033,215.1539202928543,215.8438692688942,215.1583548784256,218.55331909656525,216.49464643001556,217.57776021957397,216.7231371998787,217.44787621498108,217.64036697149277
-90,214.81591928005219,215.603884100914,217.07988131046295,215.98099839687347,218.34722673892975,217.30132347345352,217.8121211528778,217.59954524040222,215.40298575162888,218.45097988843918,217.99159175157547,218.19170981645584,217.11829942464828,216.8640140891075,216.77930343151093,217.56947702169418,217.3154655098915,215.16675478219986,215.88174712657928,215.18239200115204,218.56430023908615,216.5115242600441,217.57045757770538,216.71108388900757,217.44918882846832,217.65746599435806
-89,214.81202685832977,215.5924527645111,217.09247463941574,215.9967458844185,218.3497901558876,217.31670808792114,217.81238514184952,217.59165412187576,215.40284019708633,218.46180230379105,217.99037593603134,218.18358528614044,217.0929393172264,216.88632625341415,216.78264129161835,217.5798311829567,217.30473428964615,215.1804393529892,215.9142302274704,215.21408772468567,218.57359105348587,216.52950876951218,217.56304174661636,216.69671803712845,217.45118647813797,217.6756947040558
-88,214.80539739131927,215.57968014478683,217.10601264238358,216.01271778345108,218.35141342878342,217.332703769207,217.81008636951447,217.58383017778397,215.40670150518417,218.47233664989471,217.98494559526443,218.1774104833603,217.07095456123352,216.90591990947723,216.78680884838104,217.5912548303604,217.28905123472214,215.19536024332047,215.94002705812454,215.2520415186882,218.58072131872177,216.54839891195297,217.5561045408249,216.6817210316658,217.45271182060242,217.6945229768753
-87,214.79602605104446,215.56495130062103,217.1194662451744,216.0283328294754,218.35306352376938,217.3498363494873,217.80560421943665,217.57639396190643,215.41348135471344,218.48277688026428,217.97546535730362,218.17368149757385,217.0521132349968,216.9224242568016,216.7921342253685,217.60315370559692,217.26914638280869,215.21129268407822,215.95841789245605,215.2945351600647,218.58532238006592,216.56755077838898,217.54956924915314,216.66730892658234,217.452632188797,217.71337115764618
-86,214.78458553552628,215.54796260595322,217.13278836011887,216.04327994585037,218.35511082410812,217.3682215809822,217.79912024736404,217.56962096691132,215.4224727153778,218.492684841156,217.96236270666122,218.1728014945984,217.03588849306107,216.93576776981354,216.79859709739685,217.61502766609192,217.24643033742905,215.227741420269,215.96905785799026,215.33954590559006,218.58744478225708,216.58665317296982,217.54312294721603,216.65417206287384,217.45014703273773,217.7317151427269
-85,214.7723673582077,215.52889651060104,217.14673799276352,216.057735145092,218.35773986577988,217.38771414756775,217.7905240058899,217.5639414191246,215.4329908490181,218.50133627653122,217.9466392993927,218.17490887641907,217.02200984954834,216.94510632753372,216.80578935146332,217.6261909008026,217.22277265787125,215.24431163072586,215.97298604249954,215.3848529458046,218.5875740647316,216.60582172870636,217.53688859939575,216.6430280804634,217.44509226083755,217.74895703792572
-84,214.76100993156433,215.50858241319656,217.1621407866478,216.07180804014206,218.36093431711197,217.40793323516846,217.78012269735336,217.55961161851883,215.44451570510864,218.508102953434,217.92972612380981,218.17991095781326,217.0104786157608,216.94999831914902,216.813158929348,217.6360575556755,217.20018875598907,215.2602949142456,215.97176778316498,215.4283019900322,218.58602231740952,216.62543779611588,217.53110933303833,216.63442808389664,217.4378004670143,217.76474171876907
-83,214.75189304351807,215.48737567663193,217.17953330278397,216.08489346504211,218.36464202404022,217.42813783884048,217.768272459507,217.55692845582962,215.45680391788483,218.51234763860703,217.91327726840973,218.18751180171967,217.0010557770729,216.95078164339066,216.8203171491623,217.6443634033203,217.18017894029617,215.27532076835632,215.96650010347366,215.46822446584702,218.58308506011963,216.64570558071136,217.52607321739197,216.62861049175262,217.4290270805359,217.77914184331894
-82,214.74627029895782,215.4658910036087,217.19852942228317,216.09624069929123,218.3688127398491,217.44796419143677,217.7555788755417,217.55604988336563,215.47006821632385,218.5135178565979,217.89869332313538,218.197221159935,216.993643283844,216.94868057966232,216.827612221241,217.6509370803833,217.1640169620514,215.2887412905693,215.95814818143845,215.50352185964584,218.57888835668564,216.66675293445587,217.5227791070938,216.62544810771942,217.41971516609192,217.79240721464157
-81,214.74509251117706,215.44500690698624,217.21816009283066,216.10482740402222,218.373260140419,217.4674025774002,217.74264061450958,217.5571929216385,215.48408150672913,218.51109737157822,217.8869189620018,218.20911794900894,216.98884850740433,216.94489246606827,216.8356367945671,217.6556802392006,217.15319794416428,215.30030798912048,215.94761550426483,215.5335857272148,218.5737995505333,216.68880546092987,217.52207839488983,216.62497109174728,217.41093635559082,217.80482697486877
-80,214.74896389245987,215.4255902171135,217.23708182573318,216.1091890335083,218.3778510093689,217.4866954088211,217.73008662462234,217.560620367527,215.49832963943481,218.5045867562294,217.87877118587494,218.2233451604843,216.98785036802292,216.94019603729248,216.8449831008911,217.658853828907,217.14867234230042,215.31058651208878,215.93590021133423,215.55810952186584,218.56829994916916,216.71196764707565,217.524760723114,216.62741178274155,217.40423667430878,217.81637877225876
-79,214.75789481401443,215.4086338877678,217.25358736515045,216.10810983181,218.38252079486847,217.5062985420227,217.71804177761078,217.5664380788803,215.51236200332642,218.4939842224121,217.87516087293625,218.23927956819534,216.99178385734558,216.93551409244537,216.85565334558487,217.66089010238647,217.15082621574402,215.31939113140106,215.923990547657,215.57691502571106,218.56295722723007,216.73585253953934,217.5316162109375,216.6329409480095,217.40065509080887,217.82679748535156
-78,214.77120631933212,215.3947823047638,217.26628923416138,216.10089719295502,218.38725447654724,217.52649927139282,217.70698082447052,217.57476598024368,215.52560049295425,218.47987443208694,217.87659430503845,218.25619024038315,217.0013678073883,216.93140596151352,216.8674247264862,217.66184550523758,217.15956634283066,215.3259027004242,215.9125189781189,215.59009569883347,218.55847245454788,216.75971114635468,217.54269272089005,216.64141762256622,217.40069246292114,217.83563631772995
-77,214.78761714696884,215.38427662849426,217.27433812618256,216.08758580684662,218.39213341474533,217.5473347902298,217.69745886325836,217.5855803489685,215.53716683387756,218.46307492256165,217.88319009542465,218.27317905426025,217.01689213514328,216.92831921577454,216.87993317842484,217.66158509254456,217.17439597845078,215.3289246559143,215.90229547023773,215.59791368246078,218.555238366127,216.78298634290695,217.55782198905945,216.65274411439896,217.40451365709305,217.84249728918076
-76,214.8056309223175,215.37699156999588,217.2774686217308,216.0690392255783,218.39670753479004,217.56840580701828,217.6900184750557,217.59845876693726,215.54665166139603,218.4450163245201,217.89455372095108,218.28946763277054,217.0382804274559,216.92695838212967,216.89236891269684,217.65975439548492,217.19449919462204,215.32727122306824,215.89434307813644,215.60079962015152,218.55349969863892,216.80496883392334,217.57688456773758,216.66700953245163,217.4119988679886,217.84729635715485
-75,214.8236647248268,215.37252467870712,217.2757830619812,216.04670226573944,218.40044248104095,217.58905333280563,217.68466144800186,217.61297172307968,215.55422365665436,218.42724013328552,217.9099142551422,218.30444395542145,217.06501722335815,216.9280530810356,216.9039301276207,217.65610533952713,217.21893918514252,215.3203945159912,215.88957983255386,215.59972602128983,218.55348014831543,216.82488363981247,217.59918409585953,216.68406999111176,217.4231863617897,217.85038632154465
-74,214.84061616659164,215.3708557486534,217.26980078220367,216.02237099409103,218.40274941921234,217.60879009962082,217.68131357431412,217.6286679506302,215.5605028271675,218.41139298677444,217.9282107949257,218.31775468587875,217.0959918498993,216.93180960416794,216.9142717719078,217.6505799293518,217.24668091535568,215.30839496850967,215.88836407661438,215.59556764364243,218.5553578734398,216.84188675880432,217.62380230426788,216.70416170358658,217.4382699728012,217.8521367907524
-73,214.8560054898262,215.37216764688492,217.26017153263092,215.99827295541763,218.40314346551895,217.62743586301804,217.67981439828873,217.64526176452637,215.56601804494858,218.39843422174454,217.9482456445694,218.32895797491074,217.13001334667206,216.93783903121948,216.92344450950623,217.6431321501732,217.27664917707443,215.29166704416275,215.8911446928978,215.58913588523865,218.55917489528656,216.85516047477722,217.64971661567688,216.7277576327324,217.4572651386261,217.852964758873
-72,214.87005400657654,215.37654900550842,217.24774742126465,215.97666108608246,218.4009985923767,217.64528703689575,217.67972552776337,217.66228902339935,215.57106119394302,218.38878273963928,217.96909844875336,218.33737325668335,217.1657681465149,216.9457882642746,216.93168491125107,217.63414216041565,217.30766397714615,215.2710952758789,215.89789539575577,215.58081322908401,218.56479293107986,216.8643102645874,217.6758952140808,216.75453293323517,217.47988134622574,217.8532886505127
-71,214.88343459367752,215.38394057750702,217.2337012887001,215.95968002080917,218.39567506313324,217.6629496216774,217.68067008256912,217.6790943145752,215.57586234807968,218.3825445175171,217.98978185653687,218.34252607822418,217.2015318274498,216.9551501274109,216.93923407793045,217.623739361763,217.33877784013748,215.24782538414001,215.90804588794708,215.57094538211823,218.5720290541649,216.8693118095398,217.70123612880707,216.7839134335518,217.50553476810455,217.85341024398804
-70,214.8965044617653,215.39471024274826,217.21933388710022,215.94896113872528,218.38679188489914,217.68104076385498,217.6821267604828,217.69504863023758,215.58079808950424,218.37937587499619,218.00911611318588,218.34421795606613,217.23559802770615,216.96518647670746,216.94593340158463,217.6117502450943,217.36880415678024,215.22327107191086,215.92071169614792,215.56040507555008,218.58047503232956,216.8702134490013,217.72474002838135,216.81528341770172,217.53322225809097,217.8536837697029
-69,214.90937530994415,215.40928584337234,217.20629292726517,215.94557201862335,218.3744096159935,217.69998389482498,217.6833330988884,217.7099648118019,215.5862443447113,218.3783656358719,218.02634328603745,218.34248405694962,217.26642668247223,216.97560340166092,216.95154243707657,217.59819853305817,217.39674884080887,215.1987926363945,215.93554067611694,215.55027240514755,218.58970469236374,216.86720901727676,217.74596524238586,216.84732168912888,217.5614937543869,217.85438472032547
-68,214.92206221818924,215.42714792490005,217.19600117206573,215.94959032535553,218.35916483402252,217.71994441747665,217.6837666630745,217.72376960515976,215.59267508983612,218.37846732139587,218.0410459637642,218.33750468492508,217.2929654121399,216.98682069778442,216.95637172460556,217.5828817486763,217.42195349931717,215.17563235759735,215.95250248908997,215.54196536540985,218.5992551445961,216.8609477877617,217.76458704471588,216.87863504886627,217.5885877609253,217.85577470064163
-67,214.93460685014725,215.4476826786995,217.18970787525177,215.96029114723206,218.3418585062027,217.7405915260315,217.68300431966782,217.7367399930954,215.60092961788177,218.37887334823608,218.05319809913635,218.32959657907486,217.314837038517,216.99926888942719,216.96073722839355,217.5656710267067,217.4439713358879,215.15448421239853,215.97141474485397,215.53686702251434,218.60871022939682,216.85266757011414,217.78063881397247,216.9078619480133,217.6128249168396,217.85832917690277
-66,214.94706791639328,215.47030037641525,217.18821901082993,215.9762820005417,218.32339709997177,217.76143205165863,217.68082112073898,217.74931210279465,215.61216980218887,218.3789575099945,218.06321823596954,218.3190843462944,217.33206194639206,217.0131140947342,216.9647576212883,217.5466912984848,217.46251195669174,215.13571190834045,215.9911961555481,215.53594398498535,218.61765545606613,216.84354639053345,217.7943108677864,216.9340323805809,217.63302171230316,217.86274373531342
-65,214.95965230464935,215.49458801746368,217.19194585084915,215.99610674381256,218.30497336387634,217.78185880184174,217.67727571725845,217.76194244623184,215.62702494859695,218.37824112176895,218.07150918245316,218.30614471435547,217.3450208902359,217.0280750989914,216.96799170970917,217.52618956565857,217.47735220193863,215.11983358860016,216.01032316684723,215.53944224119186,218.62594282627106,216.83472740650177,217.80593872070312,216.95657616853714,217.6486256122589,217.86968874931335
-64,214.9722312092781,215.51964783668518,217.20091956853867,216.01859539747238,218.2880979180336,217.80097442865372,217.67265164852142,217.77493113279343,215.64549362659454,218.37624925374985,218.07840317487717,218.29113179445267,217.3542771935463,217.04347187280655,216.96952259540558,217.50438046455383,217.48839336633682,215.10736626386642,216.02716326713562,215.54747837781906,218.63323670625687,216.82703632116318,217.8160760998726,216.97498840093613,217.65959578752518,217.87969386577606
-63,214.98432928323746,215.54418367147446,217.2146850824356,216.0428603887558,218.27449172735214,217.81799811124802,217.66727674007416,217.78843653202057,215.66721963882446,218.37250620126724,218.08441030979156,218.27418386936188,217.36014288663864,217.05903220176697,216.9683853983879,217.48155307769775,217.49556148052216,215.09847223758698,216.04032409191132,215.5596290230751,218.63925755023956,216.82116866111755,217.82537829875946,216.98878103494644,217.66613548994064,217.89264512062073
-62,214.99542713165283,215.56708574295044,217.2324194908142,216.06820410490036,218.2655885219574,217.83210444450378,217.66163259744644,217.80228650569916,215.6915031671524,218.36679953336716,218.09010004997253,218.25541996955872,217.36311411857605,217.07453030347824,216.9638739824295,217.45812511444092,217.4989309310913,215.09279012680054,216.04861396551132,215.57520246505737,218.64364904165268,216.8176627755165,217.8344773054123,216.9975853562355,217.6682077050209,217.9082282781601
-61,215.00501996278763,215.58728003501892,217.25327968597412,216.09418708086014,218.2620768547058,217.84256690740585,217.65621054172516,217.8161542415619,215.71755224466324,218.35896557569504,218.0959986448288,218.2351867556572,217.36345076560974,217.0893992781639,216.9557558298111,217.43436914682388,217.49883168935776,215.08985567092896,216.05115580558777,215.59334135055542,218.64585131406784,216.8169601559639,217.8439908027649,217.00111520290375,217.66631245613098,217.92593324184418
-60,215.01298224925995,215.60412460565567,217.27620232105255,216.1206395626068,218.26408272981644,217.84873473644257,217.65147072076797,217.8296059370041,215.74426978826523,218.34879976511002,218.1024653315544,218.21382874250412,217.36113721132278,217.10307496786118,216.9440422654152,217.4106044769287,217.49634456634521,215.08918970823288,216.0478394627571,215.61326122283936,218.64524674415588,216.8193491101265,217.8541560769081,216.99967283010483,217.66141098737717,217.94495803117752
-59,215.01906025409698,215.61725270748138,217.30024284124374,216.14746189117432,218.2711832523346,217.85026681423187,217.64787554740906,217.84236454963684,215.77041393518448,218.33626276254654,218.1093019247055,218.1917724609375,217.35603892803192,217.11501383781433,216.92885571718216,217.38721215724945,217.49316024780273,215.09018164873123,216.03915375471115,215.63428676128387,218.6416307091713,216.82468163967133,217.8649806380272,216.99400979280472,217.65478563308716,217.96471971273422
-58,215.02315044403076,215.62674647569656,217.32419282197952,216.17458736896515,218.28262025117874,217.84715050458908,217.64598375558853,217.85416215658188,215.79492163658142,218.32120436429977,218.115986764431,218.1694363951683,217.34786480665207,217.12475204467773,216.91062754392624,217.36472737789154,217.49092227220535,215.09254717826843,216.0260550379753,215.65613895654678,218.63514614105225,216.8324880003929,217.87592995166779,216.98453575372696,217.64749997854233,217.98490750789642
-57,215.025239944458,215.63318467140198,217.3468877673149,216.20174980163574,218.29744923114777,217.83975595235825,217.64611899852753,217.86488246917725,215.81709319353104,218.3033316731453,218.1219152212143,218.1473616361618,217.33661955595016,217.13199472427368,216.8901491165161,217.3437716960907,217.49071180820465,215.09599137306213,216.0096840262413,215.67876011133194,218.62635326385498,216.84198439121246,217.88626772165298,216.9718452692032,217.64029198884964,218.00533747673035
-56,215.02469491958618,215.63786482810974,217.36737096309662,216.22849839925766,218.31444638967514,217.8284187912941,217.6482761502266,217.87454634904861,215.83639204502106,218.282624065876,218.12657970190048,218.12643241882324,217.3223894238472,217.1365451812744,216.8681218624115,217.32543736696243,217.4932101368904,215.09975785017014,215.99127393960953,215.70247584581375,218.6162097454071,216.85251760482788,217.89479511976242,216.95682948827744,217.63381719589233,218.02587008476257
-55,215.02135145664215,215.6418954730034,217.3847531080246,216.25418376922607,218.3325405716896,217.8135740160942,217.65214335918427,217.88351100683212,215.85247898101807,218.2595598101616,218.12928968667984,218.10764527320862,217.30570352077484,217.13814252614975,216.84501856565475,217.31082153320312,217.49847745895386,215.103111743927,215.97203308343887,215.72794610261917,218.60561311244965,216.8636679649353,217.90019673109055,216.94061088562012,217.62844240665436,218.04614293575287
-54,215.01551151275635,215.64613729715347,217.39860606193542,216.2781612277031,218.3510820865631,217.79564553499222,217.65709674358368,217.89185148477554,215.8653685450554,218.2348449230194,218.12947976589203,218.0917413830757,217.28747308254242,217.13640421628952,216.8214983344078,217.30083960294724,217.5058877468109,215.10542023181915,215.95324993133545,215.75560235977173,218.59537702798843,216.87533557415009,217.90164417028427,216.92401093244553,217.62426137924194,218.06549853086472
-53,215.00755310058594,215.65110963582993,217.40902626514435,216.29984253644943,218.36955684423447,217.77485275268555,217.66242575645447,217.89974975585938,215.87513613700867,218.20970541238785,218.12693125009537,218.07957708835602,217.26885092258453,217.1311936378479,216.79833912849426,217.2963224053383,217.5146135687828,215.10644936561584,215.93628364801407,215.78551149368286,218.5861743092537,216.8873674273491,217.89902651309967,216.90793818235397,217.62154757976532,218.0832560658455
-52,214.99780309200287,215.65754401683807,217.4162449836731,216.31914526224136,218.38781142234802,217.75138980150223,217.66737896203995,217.90715152025223,215.881944835186,218.18576979637146,218.12142384052277,218.07203501462936,217.25071620941162,217.12253892421722,216.77620673179626,217.2978823184967,217.52402526140213,215.1064264178276,215.9223204255104,215.81777197122574,218.5784814953804,216.89961236715317,217.89254212379456,216.89325672388077,217.6207184791565,218.09884184598923
-51,214.9868484735489,215.66614347696304,217.4207044839859,216.33608663082123,218.40617221593857,217.7258672118187,217.67133939266205,217.91396737098694,215.8859675526619,218.1645569205284,218.11282461881638,218.0696297287941,217.23362910747528,217.11090779304504,216.75560802221298,217.30566090345383,217.533267557621,215.10591077804565,215.91189485788345,215.8517742753029,218.5724288225174,216.91220450401306,217.88267636299133,216.88070249557495,217.62200593948364,218.111509680748
-50,214.97514021396637,215.6772616505623,217.42294788360596,216.35092675685883,218.42485457658768,217.69919592142105,217.67390805482864,217.92007958889008,215.88770043849945,218.14750748872757,218.10072940587997,218.07266783714294,217.21794134378433,217.09663367271423,216.73708939552307,217.3198425769806,217.54165023565292,215.105526804924,215.90520304441452,215.88693863153458,218.56825464963913,216.92534905672073,217.87009400129318,216.87088495492935,217.6251444220543,218.12064164876938
-49,214.96301674842834,215.6909962296486,217.42345470190048,216.3638010621071,218.44384652376175,217.67241567373276,217.67446118593216,217.9252988100052,215.88741207122803,218.13562494516373,218.08461916446686,218.08112382888794,217.20384085178375,217.08023101091385,216.72116827964783,217.34065824747086,217.54859697818756,215.10570442676544,215.90182292461395,215.92275172472,218.56619411706924,216.93895703554153,217.85558861494064,216.86401891708374,217.6296574473381,218.1256577372551
-48,214.95093828439713,215.70712274312973,217.42251020669937,216.37454110383987,218.4631154537201,217.64694476127625,217.67256969213486,217.92953753471375,215.88546931743622,218.1292440891266,218.0642518401146,218.09459501504898,217.19145798683167,217.06241470575333,216.70834624767303,217.36796689033508,217.55368638038635,215.106860101223,215.9011617898941,215.95805943012238,218.56629580259323,216.95231968164444,217.84027993679047,216.8602883219719,217.6350258588791,218.12621027231216
-47,214.93931829929352,215.7252636551857,217.42047423124313,216.3828517794609,218.48253786563873,217.6242749094963,217.66838920116425,217.9326034784317,215.88235878944397,218.12844675779343,218.03992807865143,218.1124711036682,217.18090218305588,217.04393762350082,216.69900971651077,217.40113270282745,217.5563866496086,215.10942459106445,215.90258276462555,215.99198478460312,218.5684968829155,216.96441286802292,217.82499700784683,216.8593663573265,217.6407281756401,218.12227910757065
-46,214.9280827641487,215.7446539402008,217.41781389713287,216.38869339227676,218.5018226504326,217.6058031320572,217.66205394268036,217.9343472123146,215.87861758470535,218.1335067152977,218.01217132806778,218.13369864225388,217.17221027612686,217.02563363313675,216.6934448480606,217.4387890100479,217.55648678541183,215.11399233341217,215.90499752759933,216.02369379997253,218.5721496939659,216.97434240579605,217.8101548552513,216.86062783002853,217.64605152606964,218.11407029628754
-45,214.91690802574158,215.76446956396103,217.41493129730225,216.39196586608887,218.52045196294785,217.5924398303032,217.65344387292862,217.93466383218765,215.87502682209015,218.14423716068268,217.98150169849396,218.1571388244629,217.1652146577835,217.00843316316605,216.69178992509842,217.4791716337204,217.55423253774643,215.12097489833832,215.90686160326004,216.0524251461029,218.5765032172203,216.98147416114807,217.79587316513062,216.86320102214813,217.65069216489792,218.10207843780518
-44,214.90552163124084,215.7841920852661,217.4120054244995,216.39257276058197,218.5377997159958,217.58433777093887,217.64268738031387,217.93333715200424,215.87280386686325,218.15995717048645,217.94873869419098,218.18178832530975,217.1599704027176,216.9935438632965,216.69445139169693,217.52048516273499,217.5502980351448,215.13047778606415,215.9070798754692,216.07773703336716,218.58083271980286,216.98553508520126,217.78209149837494,216.86657667160034,217.65453577041626,218.0869014263153
-43,214.8938735127449,215.80326598882675,217.40915805101395,216.39079809188843,218.55303817987442,217.58095288276672,217.63009876012802,217.93023043870926,215.87310642004013,218.17967647314072,217.9148736000061,218.20684164762497,217.15644240379333,216.9820864200592,216.70178228616714,217.56106221675873,217.54549992084503,215.14206486940384,215.90529227256775,216.09957081079483,218.58471071720123,216.98671805858612,217.7687977552414,216.87046259641647,217.65758818387985,218.069306910038
-42,214.88223218917847,215.8215029835701,217.40616697072983,216.38724660873413,218.5655621290207,217.58121812343597,217.6164247393608,217.92519545555115,215.87693583965302,218.20200020074844,217.88098990917206,218.23131495714188,217.15451622009277,216.9746019244194,216.71386516094208,217.59954583644867,217.540689766407,215.15480184555054,215.9015588760376,216.11781477928162,218.58789086341858,216.98552787303925,217.75577044487,216.87499403953552,217.65966534614563,218.05030226707458
-41,214.87150937318802,215.83814299106598,217.40285617113113,216.38264042139053,218.57507628202438,217.58388209342957,217.60269898176193,217.91826099157333,215.88486850261688,218.22557264566422,217.84804499149323,218.25431537628174,217.15393888950348,216.97108125686646,216.73040902614594,217.63478392362595,217.53640758991241,215.1674209833145,215.89615082740784,216.1324541568756,218.59005707502365,216.98245310783386,217.74318158626556,216.88027238845825,217.66082882881165,218.03084325790405
-40,214.8622824549675,215.85224848985672,217.3992390036583,216.37808167934418,218.58157336711884,217.58767461776733,217.5898847579956,217.90954047441483,215.89716631174088,218.24897277355194,217.8168557882309,218.27513360977173,217.15441179275513,216.9709191918373,216.7506669163704,217.665953040123,217.5330461859703,215.17851889133453,215.88946497440338,216.1437000632286,218.59086978435516,216.97806698083878,217.7311749458313,216.8866303563118,217.6613273024559,218.01169502735138
-39,214.85518014431,215.86297690868378,217.3956515789032,216.37443333864212,218.58520555496216,217.59138137102127,217.57889086008072,217.89954096078873,215.91370928287506,218.27118861675262,217.78800791502,218.29351967573166,217.15568608045578,216.97331166267395,216.77387660741806,217.69237190485,217.5308256149292,215.18703317642212,215.88184988498688,216.1516981124878,218.5902851819992,216.97289031744003,217.7198470234871,216.89414924383163,217.6613870859146,217.99334734678268
-38,214.85076987743378,215.8698746562004,217.39272528886795,216.3720623254776,218.5861309170723,217.59408909082413,217.5703451037407,217.8889325261116,215.93395310640335,218.29153102636337,217.76178622245789,218.30945539474487,217.15724557638168,216.9772070646286,216.79931074380875,217.71355229616165,217.52970176935196,215.19224750995636,215.8736343383789,216.15676164627075,218.58849972486496,216.9670951962471,217.7092854976654,216.90246999263763,217.66101771593094,217.97604137659073
-37,214.84940391778946,215.87256813049316,217.39136618375778,216.3712795972824,218.5846209526062,217.5951622724533,217.5647208094597,217.87829381227493,215.95689970254898,218.30967873334885,217.73842060565948,218.32284671068192,217.1583611369133,216.9816717505455,216.8264935016632,217.72919327020645,217.5292734503746,215.1934613585472,215.86508291959763,216.1590964794159,218.58583962917328,216.9605188369751,217.69950187206268,216.91121274232864,217.6601836681366,217.9598218202591
-36,214.8511639237404,215.87070035934448,217.3924017548561,216.37229996919632,218.58107364177704,217.59424674510956,217.56222188472748,217.8682256937027,215.9811760187149,218.3250514268875,217.71808886528015,218.33346569538116,217.1583024263382,216.98569560050964,216.85541492700577,217.73910188674927,217.52913457155228,215.19089078903198,215.85630917549133,216.15915369987488,218.58271408081055,216.9530487060547,217.69067937135696,216.91975408792496,217.65854287147522,217.94434654712677
-35,214.8558014035225,215.86427104473114,217.39622032642365,216.37528550624847,218.57603520154953,217.5913723707199,217.5629227757454,217.85932910442352,216.0050412416458,218.3370537161827,217.7009441256523,218.340933740139,217.1563441157341,216.98841083049774,216.88614839315414,217.74340534210205,217.52875208854675,215.1853048801422,215.84743148088455,216.15751028060913,218.57925271987915,216.94452685117722,217.68323820829391,216.9274269938469,217.656010389328,217.92904764413834
-34,214.86280089616776,215.85375821590424,217.4028155207634,216.380222260952,218.57020658254623,217.5869191288948,217.56684124469757,217.85206830501556,216.02637207508087,218.34525352716446,217.68698489665985,218.34497720003128,217.1518308520317,216.9890496134758,216.91852796077728,217.74219352006912,217.5277344584465,215.1777384877205,215.83827143907547,216.1544816493988,218.57548743486404,216.93478721380234,217.67773461341858,216.93405091762543,217.65269929170609,217.91362881660461
-33,214.87100172042847,215.83969646692276,217.41167670488358,216.38681709766388,218.5643544793129,217.58127331733704,217.57374238967896,217.8469074368477,216.043231010437,218.34936159849167,217.67602175474167,218.3453689813614,217.14411157369614,216.98712384700775,216.9523498415947,217.73589450120926,217.52589732408524,215.1691705584526,215.8285761475563,216.15004593133926,218.57137840986252,216.9240534901619,217.67479234933853,216.9397367835045,217.6486620903015,217.89800292253494
-32,214.87964969873428,215.82273310422897,217.42176514863968,216.39456748962402,218.55904334783554,217.57458198070526,217.58329313993454,217.84375530481339,216.0541278719902,218.34918528795242,217.6679344177246,218.3419194817543,217.13297337293625,216.98253113031387,216.98716980218887,217.7250024676323,217.52308183908463,215.1602093577385,215.8181512951851,216.14416974782944,218.56699299812317,216.91268056631088,217.67491227388382,216.94448918104172,217.6439825296402,217.88227081298828
-31,214.8882200717926,215.80388468503952,217.4317725300789,216.40308541059494,218.55483001470566,217.56677770614624,217.5953374505043,217.84242516756058,216.0578773021698,218.34477508068085,217.66260588169098,218.3345983028412,217.11847150325775,216.97557127475739,217.02199095487595,217.70995002985,217.51925176382065,215.15142279863358,215.8070353269577,216.13643658161163,218.56233072280884,216.90095281600952,217.67835623025894,216.94818943738937,217.6386017203331,217.8666724562645
-30,214.89597189426422,215.78407472372055,217.4406115412712,216.4118217229843,218.55193376541138,217.55788975954056,217.60951125621796,217.84266591072083,216.05412590503693,218.33668905496597,217.6599869132042,218.32361203432083,217.10075759887695,216.96669149398804,217.0555607676506,217.69145584106445,217.5146026611328,215.1437120437622,215.79554134607315,216.1261894106865,218.55725866556168,216.88924944400787,217.68513053655624,216.9508341550827,217.63252937793732,217.8512318134308
-29,214.90212178230286,215.7641173005104,217.44740682840347,216.4200765490532,218.55047643184662,217.5479520559311,217.62521827220917,217.84411787986755,216.04311156272888,218.325836956501,217.66008162498474,218.3093239068985,217.08031088113785,216.95651936531067,217.08624696731567,217.6702622771263,217.50952744483948,215.13834327459335,215.78432685136795,216.11305058002472,218.55158692598343,216.8779075741768,217.69478565454483,216.95273035764694,217.625654399395,217.83591616153717
-28,214.90592646598816,215.74439281225204,217.45129084587097,216.4267054796219,218.55053007602692,217.53700923919678,217.64186829328537,217.84637761116028,216.02572798728943,218.31321269273758,217.6631117463112,218.2923502922058,217.05779504776,216.94555407762527,217.11250245571136,217.64698499441147,217.5045045018196,215.13640213012695,215.7742981314659,216.0966156721115,218.54516196250916,216.86728811264038,217.70678502321243,216.95428478717804,217.61784440279007,217.82074677944183
-27,214.9068684577942,215.72516375780106,217.45159494876862,216.4305655360222,218.5521222949028,217.52531772851944,217.65873038768768,217.8490071296692,216.00323277711868,218.29971265792847,217.66919577121735,218.27329659461975,217.03386813402176,216.93415862321854,217.13284295797348,217.6225569844246,217.5000792145729,215.13872802257538,215.76613664627075,216.076753616333,218.53797107934952,216.85772144794464,217.7204106450081,216.95627409219742,217.6089984178543,217.80587488412857
-26,214.9050676226616,215.70662903785706,217.44808119535446,216.43078929185867,218.55542534589767,217.51319366693497,217.6749525666237,217.85134375095367,215.9772608280182,218.2858703136444,217.6783785223961,218.25257813930511,217.00922203063965,216.92266607284546,217.146036028862,217.59778255224228,217.4966697692871,215.14600306749344,215.76023316383362,216.0533813238144,218.53014200925827,216.8494318127632,217.73462373018265,216.9592985510826,217.59874558448792,217.79136657714844
-25,214.90115547180176,215.6887469291687,217.4407843351364,216.42627668380737,218.5604744553566,217.50099730491638,217.68985331058502,217.85267841815948,215.94944721460342,218.27208280563354,217.69071727991104,218.2308224439621,216.98449391126633,216.9112018942833,217.15149331092834,217.573371052742,217.49432861804962,215.1581815481186,215.75686264038086,216.02653247117996,218.52190625667572,216.84271031618118,217.74829202890396,216.9638947248459,217.58666169643402,217.77743911743164
-24,214.8959560394287,215.67145216464996,217.42984127998352,216.41618937253952,218.56702554225922,217.48896831274033,217.70274686813354,217.852334856987,215.92146998643875,218.25857692956924,217.70614606142044,218.2086431980133,216.96037769317627,216.89976280927658,217.14909833669662,217.54989153146744,217.49294823408127,215.17463994026184,215.75621330738068,215.99670058488846,218.51340425014496,216.83772033452988,217.76028990745544,216.97028768062592,217.5724156498909,217.76439082622528
-23,214.89042752981186,215.6545603275299,217.41557848453522,216.40029579401016,218.5745255947113,217.47713673114777,217.71313214302063,217.84973484277725,215.8945826292038,218.24539124965668,217.72446912527084,218.18658620119095,216.9373025894165,216.8881597518921,217.13950544595718,217.52772957086563,217.49209892749786,215.1946205496788,215.75847458839417,215.96476465463638,218.504964530468,216.8342896103859,217.76964229345322,216.97827464342117,217.55557757616043,217.7526844739914
-22,214.8853623867035,215.6375052332878,217.39846020936966,216.37885510921478,218.5824236869812,217.46563279628754,217.7208110690117,217.84467142820358,215.86965423822403,218.23245930671692,217.74508273601532,218.16507023572922,216.91572856903076,216.8761481642723,217.1241528391838,217.50710612535477,217.49118453264236,215.21675544977188,215.7638117671013,215.9317911863327,218.49692249298096,216.83221757411957,217.77564173936844,216.9873048067093,217.53580302000046,217.742769241333
-21,214.88143008947372,215.6199832558632,217.37905490398407,216.35239601135254,218.58984285593033,217.45472693443298,217.7257495522499,217.8372631072998,215.84726959466934,218.21958476305008,217.7671453356743,218.14446038007736,216.89596915245056,216.8633080124855,217.10476517677307,217.48819267749786,217.48934358358383,215.23895972967148,215.77173417806625,215.89867985248566,218.48929113149643,216.83080291748047,217.7776579260826,216.99679309129715,217.5130339860916,217.7350240945816
-20,214.87910544872284,215.6017445921898,217.35792481899261,216.32206058502197,218.59575635194778,217.44441801309586,217.72825491428375,217.8276577591896,215.82788383960724,218.20650535821915,217.78936123847961,218.12505048513412,216.87794530391693,216.8494215607643,217.0833147764206,217.4709553718567,217.48574936389923,215.25860738754272,215.78133863210678,215.86646181344986,218.48200249671936,216.82914972305298,217.77549028396606,217.00564873218536,217.48731690645218,217.72969967126846
-19,214.87801641225815,215.58302015066147,217.3357942700386,216.28917229175568,218.59896904230118,217.43467670679092,217.72888857126236,217.81628435850143,215.8116553425789,218.19302874803543,217.81050938367844,218.10696125030518,216.86167234182358,216.83441680669785,217.06156015396118,217.4554721713066,217.47971498966217,215.27354389429092,215.7916150689125,215.83590376377106,218.47496807575226,216.82639610767365,217.76951587200165,217.01279270648956,217.4589810371399,217.72711503505707
-18,214.87726175785065,215.56429678201675,217.31350564956665,216.25513350963593,218.59843695163727,217.4253892302513,217.72813510894775,217.80364346504211,215.79867166280746,218.17899483442307,217.82920271158218,218.09023958444595,216.84678369760513,216.81822443008423,217.0410925745964,217.44159215688705,217.47093176841736,215.28195577859879,215.80161452293396,215.80771154165268,218.467836022377,216.8220575451851,217.76048171520233,217.01712769269943,217.42848885059357,217.72742331027985
-17,214.87569773197174,215.54597371816635,217.29214787483215,216.22124588489532,218.5935463309288,217.41646963357925,217.72629511356354,217.78990828990936,215.788798391819,218.16419684886932,217.8443347811699,218.07479387521744,216.8330112695694,216.80088132619858,217.02279847860336,217.4288586974144,217.45911407470703,215.28242522478104,215.81068140268326,215.78255379199982,218.46020090579987,216.81586092710495,217.7495642900467,217.01796978712082,217.39663743972778,217.7307955622673
-16,214.87245452404022,215.5286829471588,217.27259612083435,216.1885244846344,218.58396756649017,217.40813505649567,217.72341388463974,217.77527523040771,215.78199702501297,218.1484288573265,217.85506117343903,218.0603541135788,216.81980043649673,216.78263264894485,217.0071865916252,217.41716665029526,217.44406574964523,215.27431964874268,215.8185538649559,215.76101237535477,218.4516126513481,216.80771261453629,217.7379179596901,217.01470267772675,217.3641414642334,217.7369213104248
-15,214.8665936589241,215.51283991336823,217.2555559873581,216.15787130594254,218.56957286596298,217.4004951119423,217.71967142820358,217.75992852449417,215.77843528985977,218.1312569975853,217.8608037829399,218.0466302037239,216.80667054653168,216.76404440402985,216.99404031038284,217.40614902973175,217.42586416006088,215.2577185034752,215.8250411748886,215.74347645044327,218.4418386220932,216.79806125164032,217.72665870189667,217.00695621967316,217.33171808719635,217.74524599313736
-14,214.85763853788376,215.49867749214172,217.24160087108612,216.1296751499176,218.55087900161743,217.39353692531586,217.71501117944717,217.74419516324997,215.77796977758408,218.1122920513153,217.86145013570786,218.03329628705978,216.7936539053917,216.74555736780167,216.98309808969498,217.39569330215454,217.40505754947662,215.2332050204277,215.8299476504326,215.72994899749756,218.43086230754852,216.787495970726,217.71662575006485,216.9948172569275,217.30008125305176,217.75511449575424
-13,214.84579980373383,215.48635107278824,217.2308742403984,216.10413002967834,218.52847546339035,217.38722622394562,217.7094908952713,217.72815316915512,215.78055441379547,218.09126549959183,217.8573421239853,218.02001655101776,216.7808017730713,216.72733211517334,216.97399884462357,217.38536274433136,217.38223922252655,215.20205038785934,215.83322602510452,215.71975326538086,218.41881996393204,216.77681308984756,217.70805925130844,216.97874093055725,217.2699362039566,217.76543194055557
-12,214.83163905143738,215.4754090309143,217.22325360774994,216.08135110139847,218.50308722257614,217.3814812898636,217.7029749751091,217.71211749315262,215.78577089309692,218.06808030605316,217.84918755292892,218.0065211057663,216.76822447776794,216.7094155550003,216.96621257066727,217.37472212314606,217.35817021131516,215.16566771268845,215.8347470164299,215.71200239658356,218.40601921081543,216.76685535907745,217.70076090097427,216.95922821760178,217.24186474084854,217.77535367012024
-11,214.81622582674026,215.46542358398438,217.2182606458664,216.0613055229187,218.47542124986649,217.37630873918533,217.69511276483536,217.6961303949356,215.7933830022812,218.04271984100342,217.8379386663437,217.99268877506256,216.7561639547348,216.69172298908234,216.95922195911407,217.3636276125908,217.33364921808243,215.12586623430252,215.83451068401337,215.70582151412964,218.39298474788666,216.75800037384033,217.6945177912712,216.93710380792618,217.21635460853577,217.78420889377594
-10,214.80068391561508,215.45565593242645,217.21550989151,216.04381668567657,218.44580966234207,217.37173318862915,217.6855971813202,217.6803656220436,215.80292749404907,218.0154086947441,217.8246927857399,217.9786462187767,216.7448970079422,216.6741532087326,216.95240712165833,217.35203540325165,217.309295296669,215.08450949192047,215.83250510692596,215.70068407058716,218.3802651166916,216.7505385875702,217.68918162584305,216.91302120685577,217.19364219903946,217.79139775037766
-9,214.78601396083832,215.44554352760315,217.21465075016022,216.0287300348282,218.41453331708908,217.36787390708923,217.67427682876587,217.66495567560196,215.81364780664444,217.9866349697113,217.81037497520447,217.96469342708588,216.73470371961594,216.65682351589203,216.94509649276733,217.33982676267624,217.2855418920517,215.04349732398987,215.82887184619904,215.69626677036285,218.3683493733406,216.74474787712097,217.6845970749855,216.88785254955292,217.17360401153564,217.79661709070206
-8,214.773029088974,215.4349683523178,217.21514612436295,216.0160523056984,218.3817053437233,217.36484545469284,217.66090047359467,217.6499828696251,215.82501512765884,217.95686811208725,217.79587399959564,217.95134282112122,216.72598427534103,216.63997775316238,216.9370093345642,217.32692688703537,217.26275700330734,215.00490999221802,215.8243060708046,215.69284063577652,218.35768097639084,216.7411403656006,217.68059301376343,216.86230897903442,217.1561998128891,217.79989552497864
-7,214.76229923963547,215.4240301847458,217.2168453335762,216.00558358430862,218.34783774614334,217.36277568340302,217.6454444527626,217.63530600070953,215.83659625053406,217.9268588423729,217.78165978193283,217.93931752443314,216.7191492319107,216.62409269809723,216.928198158741,217.31319439411163,217.2409200668335,214.97067058086395,215.81956946849823,215.6904860138893,218.3484194278717,216.74007606506348,217.67694509029388,216.83721685409546,217.14127188920975,217.801489174366
-6,214.75392204523087,215.4129450917244,217.2196089029312,215.99730932712555,218.3134439587593,217.3614809513092,217.62804168462753,217.62072533369064,215.84777903556824,217.89767253398895,217.76810657978058,217.92945384979248,216.71460884809494,216.60987722873688,216.91896224021912,217.29849535226822,217.22006231546402,214.94228845834732,215.81539571285248,215.68925976753235,218.34069925546646,216.74171650409698,217.67334580421448,216.8131681084633,217.12882560491562,217.80180263519287
-5,214.74760925769806,215.40261042118073,217.22335624694824,215.99137592315674,218.27917647361755,217.36074501276016,217.60914605855942,217.60628110170364,215.85805517435074,217.87030458450317,217.7554274201393,217.92221421003342,216.71248251199722,216.59791213274002,216.90990209579468,217.28275442123413,217.2004366517067,214.9209225177765,215.81224274635315,215.68918824195862,218.33463662862778,216.74583864212036,217.66954731941223,216.79075282812119,217.11884480714798,217.80125856399536
-4,214.7429649233818,215.39364778995514,217.2279193997383,215.98754543066025,218.2457770705223,217.36024814844131,217.58946812152863,217.5921413898468,215.8666559457779,217.84589552879333,217.74383080005646,217.91788041591644,216.7125780582428,216.5887919664383,216.90162587165833,217.26587349176407,217.18218410015106,214.90727669000626,215.81018722057343,215.69069004058838,218.32979309558868,216.7514916062355,217.6652676463127,216.7703206539154,217.11094802618027,217.8001585006714
-3,214.73967373371124,215.3866765499115,217.23309564590454,215.98562574386597,218.21406453847885,217.35959374904633,217.570057451725,217.5784564614296,215.87294495105743,217.82536619901657,217.73328852653503,217.91654831171036,216.71465176343918,216.5829719901085,216.89468777179718,217.24789017438889,217.16547149419785,214.9015566110611,215.80865013599396,215.69420617818832,218.32570827007294,216.75757706165314,217.66035014390945,216.75208067893982,217.10485821962357,217.7986991405487
-2,214.73753160238266,215.3824143409729,217.23859065771103,215.9852778315544,218.1849861741066,217.35850656032562,217.55188179016113,217.5655636191368,215.87631857395172,217.8096187710762,217.72359496355057,217.91810190677643,216.71819281578064,216.58081698417664,216.8894386291504,217.2289617061615,217.15018969774246,214.90347641706467,215.8069493174553,215.70049899816513,218.32176798582077,216.76268672943115,217.6545205116272,216.73633766174316,217.10002940893173,217.79690331220627
-1,214.73592048883438,215.38132232427597,217.24364984035492,215.98625874519348,218.1592869758606,217.35652607679367,217.53569906949997,217.55418080091476,215.876411318779,217.79923105239868,217.71471500396729,217.92218512296677,216.72259831428528,216.5824837088585,216.88608354330063,217.2094235420227,217.1361221075058,214.9122353196144,215.8043902516365,215.70996314287186,218.31745034456253,216.76539361476898,217.64739471673965,216.72325414419174,217.09600257873535,217.79449462890625
0,214.73404890298843,215.3833230137825,217.24720788002014,215.98828172683716,218.13757187128067,217.3533075451851,217.5221585035324,217.54496675729752,215.87363094091415,217.7944706082344,217.7064591050148,217.9282642006874,216.72722679376602,216.5877166390419,216.88466477394104,217.18959164619446,217.12314480543137,214.92651456594467,215.80057621002197,215.72271847724915,218.31228858232498,216.76443761587143,217.6384760737419,216.71279573440552,217.09260088205338,217.79117095470428
1,214.74880158901215,215.41445511579514,217.2673327922821,216.01661759614944,218.14256697893143,217.3664344549179,217.53654915094376,217.54913955926895,215.89277815818787,217.80843603610992,217.7089061141014,217.94887328147888,216.73817819356918,216.61975699663162,216.89420354366302,217.18379241228104,217.1270586848259,214.96127796173096,215.82123655080795,215.7622081041336,218.32729923725128,216.77920877933502,217.65222430229187,216.72700732946396,217.10960173606873,217.79539608955383
2,214.76225745677948,215.44598561525345,217.28491353988647,216.04661774635315,218.1510792374611,217.3758454322815,217.55304872989655,217.55730187892914,215.90988487005234,217.8271688222885,217.71074599027634,217.97152519226074,216.74760401248932,216.6541941165924,216.90597486495972,217.1768740415573,217.13203060626984,214.99743592739105,215.83958131074905,215.80454796552658,218.3419210910797,216.78918588161469,217.66326820850372,216.7442408800125,217.12657225131989,217.79709935188293
3,214.77397221326828,215.47642743587494,217.29953283071518,216.0777925848961,218.16313165426254,217.38146954774857,217.5709503889084,217.5700443983078,215.92588353157043,217.8495305776596,217.7119418978691,217.99573457241058,216.75564587116241,216.6900513768196,216.91995573043823,217.16914683580399,217.1384111046791,215.03433734178543,215.85562640428543,215.84881001710892,218.35585761070251,216.79413318634033,217.67137175798416,216.7637796998024,217.1433266401291,217.79637157917023
4,214.7837723493576,215.504276573658,217.3110352754593,216.10981768369675,218.17878580093384,217.38321018218994,217.58974277973175,217.58727157115936,215.9417548775673,217.87436151504517,217.71263295412064,218.02113109827042,216.76252663135529,216.7263914346695,216.9363735318184,217.16127687692642,217.14627522230148,215.071260035038,215.8696989417076,215.89390009641647,218.36909914016724,216.79418283700943,217.67659103870392,216.7848420739174,217.1598517894745,217.79367566108704
5,214.79138737916946,215.52826195955276,217.31933975219727,216.14218986034393,218.1977103948593,217.3814280629158,217.60890090465546,217.60860866308212,215.95775073766708,217.9004156589508,217.7128942012787,218.04727149009705,216.76873761415482,216.76203191280365,216.95508128404617,217.1539610028267,217.15557330846786,215.1072979569435,215.88220208883286,215.93832421302795,218.38167470693588,216.79011356830597,217.67922466993332,216.806860268116,217.17648446559906,217.78966337442398
6,214.79654556512833,215.54742413759232,217.32455307245255,216.17455476522446,218.21969974040985,217.37664037942886,217.6279114484787,217.63329112529755,215.97415333986282,217.92653501033783,217.7132332921028,218.07368350028992,216.77459108829498,216.79568821191788,216.97567737102509,217.14805245399475,217.16599106788635,215.14133042097092,215.8934994339943,215.980608522892,218.39381730556488,216.78295773267746,217.6797075867653,216.82884812355042,217.19378811120987,217.78530567884445
7,214.79876619577408,215.5612643957138,217.3268991112709,216.20666921138763,218.2444424033165,217.36961430311203,217.64621901512146,217.66047126054764,215.99101823568344,217.95157718658447,217.7141597867012,218.09981644153595,216.7803801894188,216.8261758685112,216.99794870615005,217.1443194746971,217.1770059466362,215.17213028669357,215.90387398004532,216.01932781934738,218.40616792440414,216.7735776901245,217.67857825756073,216.8499732017517,217.21240603923798,217.78154999017715
8,214.79763853549957,215.5696547627449,217.3267639875412,216.23843348026276,218.27126491069794,217.36113399267197,217.6635353565216,217.6891774535179,216.0077160000801,217.97483348846436,217.71657729148865,218.12514835596085,216.7862515449524,216.852293074131,217.02153658866882,217.14336866140366,217.18799209594727,215.19870060682297,215.91335928440094,216.05319446325302,218.41945493221283,216.7630404829979,217.67645156383514,216.86943501234055,217.23272693157196,217.7791200876236
9,214.79310417175293,215.57300931215286,217.32487881183624,216.26972979307175,218.2992905974388,217.3518818616867,217.6796059012413,217.71844935417175,216.02389377355576,217.99582070112228,217.72126817703247,218.1491150856018,216.79215675592422,216.87346768379211,217.0457981824875,217.14564257860184,217.19829112291336,215.2201725244522,215.92184752225876,216.08140897750854,218.43431669473648,216.75240790843964,217.67396819591522,216.88678473234177,217.2545689344406,217.77859783172607
10,214.7856342792511,215.57200741767883,217.32214730978012,216.30044621229172,218.3273554444313,217.34256821870804,217.6941478252411,217.74723309278488,216.03884321451187,218.01447266340256,217.72899156808853,218.171442091465,216.79813319444656,216.88915067911148,217.0700405240059,217.15141087770462,217.20711308717728,215.2359455227852,215.92907124757767,216.10338616371155,218.45122653245926,216.74298006296158,217.6716712117195,216.9020728468895,217.27759861946106,217.78017461299896
11,214.77640211582184,215.56725281476974,217.31934249401093,216.330635368824,218.35450941324234,217.33373028039932,217.70711106061935,217.77434968948364,216.05174416303635,218.0310091972351,217.7403044104576,218.1916663646698,216.80401861667633,216.89897668361664,217.09346210956573,217.16063386201859,217.21380698680878,215.24606722593307,215.93474835157394,216.11885404586792,218.47023153305054,216.7358170747757,217.66994351148605,216.9155985713005,217.30098670721054,217.78387647867203
12,214.76641261577606,215.55976313352585,217.31732213497162,216.36068189144135,218.3799722790718,217.32584655284882,217.7183787226677,217.7987471818924,216.061916410923,218.04599678516388,217.75550365447998,218.20958542823792,216.80965292453766,216.90306043624878,217.11506533622742,217.17296189069748,217.21789848804474,215.2510947585106,215.93856406211853,216.12816667556763,218.4908817410469,216.73174911737442,217.66926270723343,216.92785876989365,217.32348865270615,217.78923684358597
13,214.75668889284134,215.55051839351654,217.3167206645012,216.39086198806763,218.40321427583694,217.31937044858932,217.72795778512955,217.81945037841797,216.06929302215576,218.0600470304489,217.7746576666832,218.22496485710144,216.8147474527359,216.9015429019928,217.13379329442978,217.18781864643097,217.21900069713593,215.25203490257263,215.94047850370407,216.132069170475,218.5125588774681,216.73133355379105,217.66987550258636,216.93911802768707,217.34372824430466,217.79556274414062
14,214.74813848733902,215.54097819328308,217.3179151415825,216.42084842920303,218.42394131422043,217.31475239992142,217.73576080799103,217.83562690019608,216.0742267370224,218.07367706298828,217.7975098490715,218.23768264055252,216.8187649846077,216.8947947025299,217.14864325523376,217.20456618070602,217.21708565950394,215.25002497434616,215.94045436382294,216.13187795877457,218.53457778692245,216.7345877289772,217.6716605424881,216.94951748847961,217.36058241128922,217.80198127031326
15,214.74139350652695,215.5324330329895,217.32096099853516,216.4502100944519,218.44191724061966,217.3123638033867,217.74179023504257,217.8467012643814,216.07715249061584,218.0871934890747,217.82332187891006,218.24754279851913,216.8211795091629,216.8835209608078,217.15885907411575,217.22257554531097,217.2122603058815,215.24628949165344,215.93873876333237,216.128691136837,218.55619364976883,216.74130356311798,217.67449909448624,216.9591623544693,217.37327080965042,217.80765134096146
16,214.73666656017303,215.52605265378952,217.32601696252823,216.47834259271622,218.45684385299683,217.312306702137,217.74635982513428,217.85246288776398,216.07890045642853,218.1007217168808,217.85104048252106,218.2543619275093,216.82144230604172,216.8683518767357,217.16425722837448,217.24114936590195,217.20491361618042,215.24225866794586,215.93608099222183,216.1237605214119,218.57665348052979,216.7508652806282,217.6781234741211,216.96797490119934,217.381593644619,217.81190741062164
17,214.73429608345032,215.5226732492447,217.3330687880516,216.5045501589775,218.46855384111404,217.31437051296234,217.74961191415787,217.8530033826828,216.0801852941513,218.1142767071724,217.8793198466301,218.2583156824112,216.8191694021225,216.8500549197197,217.16504502296448,217.25962740182877,217.1957864165306,215.23924404382706,215.93317818641663,216.11833548545837,218.59537154436111,216.76212430000305,217.6823126077652,216.97592890262604,217.38600879907608,217.81423717737198
18,214.73397463560104,215.5229994058609,217.34176689386368,216.5282255411148,218.47708749771118,217.3189304471016,217.75175005197525,217.84890526533127,216.08199924230576,218.12756621837616,217.90685790777206,218.25976252555847,216.81410121917725,216.82944440841675,217.1622503399849,217.27738678455353,217.18536168336868,215.23830020427704,215.93061989545822,216.11370903253555,218.61202281713486,216.77410221099854,217.6870950460434,216.98273521661758,217.38733965158463,217.81428843736649
19,214.7353350520134,215.5272672176361,217.35166639089584,216.54891180992126,218.48258489370346,217.32614243030548,217.75298488140106,217.84106093645096,216.085315823555,218.1401264667511,217.9323506951332,218.25926649570465,216.80645883083344,216.80748611688614,217.15730327367783,217.29398316144943,217.17423301935196,215.24008893966675,215.92874336242676,216.11114645004272,218.62656718492508,216.7858503460884,217.6923644542694,216.98818212747574,217.3865807056427,217.81200873851776
20,214.73785370588303,215.5351819396019,217.36235105991364,216.56619721651077,218.48519790172577,217.33605062961578,217.75352984666824,217.8305720090866,216.09092086553574,218.15140914916992,217.95453369617462,218.25741922855377,216.79663610458374,216.7850432395935,217.1516089439392,217.3090045452118,217.16296482086182,215.2449108362198,215.92773813009262,216.11191982030869,218.6392233967781,216.79675436019897,217.69815438985825,216.99199265241623,217.38474708795547,217.80783998966217
21,214.7407670021057,215.545729637146,217.37341231107712,216.57961720228195,218.48510491847992,217.34845811128616,217.7538462281227,217.81869822740555,216.09910762310028,218.1609507203102,217.97246062755585,218.2546119093895,216.78520560264587,216.7631043791771,217.1464432477951,217.32199257612228,217.1521954536438,215.2527894973755,215.92779231071472,216.11673641204834,218.6502736210823,216.80645513534546,217.70449090003967,216.9942113161087,217.38257324695587,217.8022579550743
22,214.74361675977707,215.5577694773674,217.38460701704025,216.5887662768364,218.48244136571884,217.3630417585373,217.75429737567902,217.80666929483414,216.1100559234619,218.1683948636055,217.98533689975739,218.25098884105682,216.7726274728775,216.74236696958542,217.1427167057991,217.33262306451797,217.142531812191,215.2635322213173,215.92894530296326,216.12588238716125,218.6599826812744,216.81506836414337,217.7113443017006,216.99493062496185,217.38055044412613,217.79583978652954
23,214.74598342180252,215.5701584815979,217.39570492506027,216.59363067150116,218.4775276184082,217.3793060183525,217.75496172904968,217.79549741744995,216.12364917993546,218.173404276371,217.99263978004456,218.24654150009155,216.75943863391876,216.72349882125854,217.1410278081894,217.3408870100975,217.1347398161888,215.27630734443665,215.93121790885925,216.13921529054642,218.6683772802353,216.82289856672287,217.7185206413269,216.99443763494492,217.37895095348358,217.78910040855408
24,214.7475539445877,215.58209478855133,217.40672719478607,216.59411531686783,218.4711875319481,217.396702170372,217.75601416826248,217.78613245487213,216.13945603370667,218.17568749189377,217.99423813819885,218.24124628305435,216.74604272842407,216.706937789917,217.14164501428604,217.34694772958755,217.12950122356415,215.29018902778625,215.9345845580101,216.1564058661461,218.6754451394081,216.83037674427032,217.72579395771027,216.99313408136368,217.37807202339172,217.78272092342377
25,214.74816131591797,215.59304356575012,217.41794621944427,216.5901420712471,218.46445083618164,217.41444569826126,217.75749272108078,217.77917975187302,216.15674340724945,218.17497926950455,217.99035567045212,218.23538422584534,216.7328281402588,216.69301688671112,217.14410305023193,217.35098773241043,217.12752950191498,215.3037777543068,215.9388306736946,216.17671233415604,218.68094742298126,216.83792024850845,217.73267751932144,216.9915587902069,217.3778423666954,217.7773364186287
26,214.74809217453003,215.60269623994827,217.4298493862152,216.5817260146141,218.4586091041565,217.4319298863411,217.75913548469543,217.7753285765648,216.17463946342468,218.17126619815826,217.98143714666367,218.22913193702698,216.72032177448273,216.6823844909668,217.14786499738693,217.3534718155861,217.12935322523117,215.31599527597427,215.94372898340225,216.1991754770279,218.6846352815628,216.84607023000717,217.73878836631775,216.99044978618622,217.3781597018242,217.77338063716888
27,214.74790686368942,215.61098730564117,217.4429231286049,216.56911158561707,218.45516508817673,217.44848597049713,217.76078206300735,217.77513128519058,216.1925402879715,218.16476565599442,217.96806049346924,218.22232604026794,216.7092201113701,216.67534053325653,217.15222245454788,217.35474705696106,217.13493782281876,215.32597649097443,215.94907116889954,216.2229078412056,218.686270236969,216.85542684793472,217.7439702153206,216.99085801839828,217.37915778160095,217.77109974622726
28,214.7483423948288,215.61797678470612,217.45733439922333,216.55300641059875,218.4554327726364,217.4635871052742,217.76224625110626,217.77910560369492,216.2099124789238,218.15567910671234,217.95124286413193,218.21506118774414,216.70023423433304,216.6722927093506,217.15649729967117,217.35559725761414,217.14404207468033,215.33303076028824,215.95483392477036,216.246701836586,218.68582582473755,216.86643809080124,217.74807226657867,216.9937146306038,217.38083708286285,217.77067303657532
29,214.75051391124725,215.62370413541794,217.47309410572052,216.53450763225555,218.46034467220306,217.47674721479416,217.76344347000122,217.78741836547852,216.2263690829277,218.14421635866165,217.93243777751923,218.20759165287018,216.69437766075134,216.6732804775238,217.16027641296387,217.35664838552475,217.15637904405594,215.33726209402084,215.96116942167282,216.2696754336357,218.6833974123001,216.87967205047607,217.75120544433594,216.99971652030945,217.3832601904869,217.77209812402725
30,214.75533705949783,215.6280416250229,217.49009907245636,216.51489394903183,218.4701365828514,217.4877763390541,217.7645418047905,217.79984492063522,216.24166816473007,218.13057273626328,217.9131317138672,218.20009285211563,216.69292324781418,216.67803764343262,217.16350108385086,217.35845690965652,217.17167073488235,215.3392013311386,215.96860486268997,216.2912786602974,218.67945873737335,216.89524126052856,217.75349563360214,217.00914865732193,217.3863746523857,217.77536755800247
31,214.7639660835266,215.63088715076447,217.50813376903534,216.49555206298828,218.48460441827774,217.49723929166794,217.7660094499588,217.8160878419876,216.2556076645851,218.11510306596756,217.89450269937515,218.19270664453506,216.69724589586258,216.68626981973648,217.16637861728668,217.36146539449692,217.1895026564598,215.3398621082306,215.97795778512955,216.31118202209473,218.67469477653503,216.9130763411522,217.75543063879013,217.02216601371765,217.38997679948807,217.78050011396408
32,214.77763253450394,215.63226461410522,217.5267505645752,216.47797614336014,218.50325244665146,217.5061045885086,217.76866072416306,217.83579570055008,216.26796662807465,218.098297894001,217.87736594676971,218.18568289279938,216.70848083496094,216.69766342639923,217.1694074869156,217.36638164520264,217.2095855474472,215.34055560827255,215.99035197496414,216.3295158147812,218.66989868879318,216.93305730819702,217.7575631737709,217.03890109062195,217.3939094543457,217.78737145662308
33,214.79704082012177,215.63294100761414,217.54549676179886,216.4635683298111,218.52535742521286,217.51548397541046,217.77340358495712,217.8585233092308,216.2787407040596,218.0808464884758,217.86208999156952,218.17952674627304,216.7273866534233,216.7117599248886,217.17282783985138,217.37395709753036,217.23180198669434,215.34289926290512,216.00661545991898,216.34669530391693,218.66609501838684,216.95496886968613,217.76037853956223,217.0593631863594,217.3980707526207,217.7957997918129
34,214.82271552085876,215.63440018892288,217.56416141986847,216.45362162590027,218.55019998550415,217.52678430080414,217.78116953372955,217.8838613629341,216.28860437870026,218.06337106227875,217.8492156267166,218.17462158203125,216.75420886278152,216.7280786037445,217.17723524570465,217.38478034734726,217.25651025772095,215.34888356924057,216.02735513448715,216.36378502845764,218.66450256109238,216.97841864824295,217.7640780210495,217.0833665728569,217.40283143520355,217.8057998418808
35,214.85485726594925,215.63867157697678,217.58290380239487,216.4493227005005,218.577410697937,217.54134833812714,217.79297375679016,217.91190057992935,216.29867827892303,218.0467928647995,217.83923506736755,218.17157769203186,216.7888018488884,216.74635362625122,217.18343925476074,217.3992965221405,217.28434801101685,215.36035859584808,216.05300378799438,216.38203996419907,218.66633987426758,217.00344508886337,217.76920062303543,217.11084645986557,217.40859979391098,217.81740254163742
36,214.8931028842926,215.6480120420456,217.60224717855453,216.45172780752182,218.60661911964417,217.5599326491356,217.8097019791603,217.94276934862137,216.3105946779251,218.0324913263321,217.83253854513168,218.1710320711136,216.8306741118431,216.76648080348969,217.19229900836945,217.4180690050125,217.31611585617065,215.37917298078537,216.08354783058167,216.40319055318832,218.67282903194427,217.03024315834045,217.77662748098373,217.1419513821602,217.41615211963654,217.83078682422638
37,214.93718034029007,215.66488695144653,217.62303245067596,216.4619533419609,218.63748025894165,217.58348977565765,217.83228439092636,217.97675770521164,216.32602035999298,218.0222491621971,217.82992619276047,218.1738285422325,216.87927544116974,216.78875410556793,217.20459085702896,217.44180673360825,217.35274624824524,215.40713995695114,216.1187532544136,216.4290847182274,218.6851825118065,217.0592520236969,217.78771495819092,217.1769790649414,217.42642575502396,217.84632581472397
38,214.98696613311768,215.69171559810638,217.64661365747452,216.48085713386536,218.67000049352646,217.6129840016365,217.86144679784775,218.01442271471024,216.34693157672882,218.01795613765717,217.83246594667435,218.18099457025528,216.93410003185272,216.81387531757355,217.22112256288528,217.47119462490082,217.3951734304428,215.44610679149628,216.15840828418732,216.4617042541504,218.7043156027794,217.09127110242844,217.80390894412994,217.21626418828964,217.44062954187393,217.8646216392517
39,215.04274135828018,215.73072850704193,217.67431908845901,216.50943452119827,218.70487469434738,217.64897495508194,217.8979241847992,218.05656164884567,216.37570732831955,218.02154004573822,217.84164655208588,218.1936972141266,216.9945604801178,216.8427356481552,217.24294006824493,217.50725281238556,217.44420892000198,215.49734097719193,216.2025153040886,216.50318175554276,218.7307874560356,217.12713015079498,217.8267698287964,217.2603781223297,217.4603224992752,217.88666093349457
40,215.10552674531937,215.78374153375626,217.70759946107864,216.5488783121109,218.74318724870682,217.69216030836105,217.9425191283226,218.10416680574417,216.41493529081345,218.03488045930862,217.8591512441635,218.21350187063217,217.06024020910263,216.87659549713135,217.2713457942009,217.55124235153198,217.50087863206863,215.56160080432892,216.25159806013107,216.55588656663895,218.7648000717163,217.16806131601334,217.85781353712082,217.31039261817932,217.48702824115753,217.91408210992813
41,215.17730498313904,215.85254257917404,217.74805533885956,216.6004662513733,218.78585094213486,217.74323558807373,217.99627709388733,218.15843230485916,216.4669559597969,218.05976980924606,217.88695162534714,218.24207097291946,217.1310916543007,216.91729587316513,217.30786883831024,217.6045503616333,217.56608432531357,215.63970190286636,216.30666035413742,216.62180364131927,218.80644750595093,217.21548986434937,217.89837902784348,217.36778366565704,217.52192282676697,217.94867259263992
42,215.260715842247,215.9386432170868,217.79730135202408,216.66556876897812,218.83391630649567,217.80304223299026,218.06056183576584,218.22064173221588,216.5337499976158,218.09774887561798,217.92700272798538,218.2811553478241,217.20783388614655,216.96691119670868,217.35435140132904,217.66871881484985,217.6404970884323,215.73188698291779,216.36905509233475,216.70254790782928,218.85573333501816,217.27098715305328,217.94971650838852,217.43378621339798,217.56613194942474,217.9921008348465
43,215.35840225219727,216.0429543852806,217.8569160103798,216.74547666311264,218.8884196281433,217.87264531850815,218.13675600290298,218.2919909954071,216.61684572696686,218.15004807710648,217.98138803243637,218.33230859041214,217.29208099842072,217.02773129940033,217.412987947464,217.74526637792587,217.72489643096924,215.83825665712357,216.44046467542648,216.79943054914474,218.9131048321724,217.33613008260727,218.013097345829,217.50999134778976,217.6209545135498,218.04640340805054
44,215.47278612852097,216.16526693105698,217.92859506607056,216.8413560986519,218.9503155350685,217.9534342288971,218.22617584466934,218.37345057725906,216.7174698114395,218.21745318174362,218.05201131105423,218.39702862501144,217.38567852973938,217.10196787118912,217.4861335158348,217.83534103631973,217.81998544931412,215.9591417312622,216.52285307645798,216.91354078054428,218.97918033599854,217.4125034213066,218.0896600484848,217.59776282310486,217.68770456314087,218.11328595876694
45,215.60597550868988,216.30486863851547,218.0138944387436,216.95428836345673,219.02089703083038,218.046795129776,218.3298768401146,218.46598702669144,216.8363894224167,218.30041360855103,218.14026123285294,218.47678112983704,217.49043309688568,217.191015958786,217.5756991505623,217.93967539072037,217.92682003974915,216.0947453379631,216.61858195066452,217.04546093940735,219.05484610795975,217.50162529945374,218.18019443750381,217.69813162088394,217.76761293411255,218.1941361427307
46,215.75996375083923,216.46093875169754,218.11391723155975,217.08474153280258,219.10110676288605,218.15417736768723,218.44855916500092,218.57028079032898,216.97422015666962,218.39906173944473,218.24672728776932,218.57270282506943,217.60796201229095,217.29557222127914,217.6829827427864,218.05836391448975,218.0463040471077,216.24490171670914,216.7295439839363,217.19484263658524,219.14076644182205,217.60459798574448,218.28494691848755,217.8114634156227,217.8616157770157,218.28999131917953
47,215.93572229146957,216.6322256922722,218.2295651435852,217.2324948310852,219.1914370059967,218.27638298273087,218.58229768276215,218.68644297122955,217.13059264421463,218.5129958987236,218.3711292743683,218.68541008234024,217.73937743902206,217.4155164361,217.8083249926567,218.1908483505249,218.1788884997368,216.4090411067009,216.857097864151,217.3604297041893,219.23741829395294,217.72193956375122,218.40363073349,217.9373099207878,217.97022289037704,218.40136098861694
48,216.13300395011902,216.816914498806,218.36092066764832,217.39628845453262,219.2919790148735,218.41344267129898,218.73038589954376,218.81361317634583,217.30423313379288,218.64116406440735,218.51207011938095,218.8145443201065,217.88458502292633,217.54981714487076,217.95115119218826,218.33591878414154,218.3241245150566,216.5861170887947,217.0016685128212,217.5400475859642,219.3446831703186,217.85341584682465,218.5354841351509,218.07450091838837,218.0933933854103,218.52800285816193
49,216.350263774395,217.01305216550827,218.50663846731186,217.57340282201767,219.40183448791504,218.5643076300621,218.89120143651962,218.94994139671326,217.4927419424057,218.78169310092926,218.6669489145279,218.95867204666138,218.04238146543503,217.69613021612167,218.10962456464767,218.4917419552803,218.48066520690918,216.7741921544075,217.16261899471283,217.73085552453995,219.46172219514847,217.99756520986557,218.67895823717117,218.22111529111862,218.23027819395065,218.66884768009186
50,216.58418214321136,217.21796470880508,218.66407465934753,217.7602123618126,219.5192655324936,218.72665858268738,219.0618064403534,219.09266567230225,217.69215619564056,218.93157094717026,218.83231979608536,219.11556953191757,218.21061098575592,217.85080116987228,218.2804451584816,218.65581285953522,218.64598351716995,216.97066396474838,217.33786761760712,217.92892348766327,219.58683276176453,218.1520369052887,218.83117413520813,218.37451201677322,218.37873351573944,218.8217276930809
51,216.82953369617462,217.42793637514114,218.82950472831726,217.95188069343567,219.6419114470482,218.89672780036926,219.23804438114166,219.23841547966003,217.8975470662117,219.08664113283157,219.00394946336746,219.28166836500168,218.38576090335846,218.00961196422577,218.45843917131424,218.82495617866516,218.81621932983398,217.17179656028748,217.5239343047142,218.1293129324913,219.71695721149445,218.31298756599426,218.98836368322372,218.53127574920654,218.53566581010818,218.98345172405243
52,217.07923090457916,217.63760286569595,218.9980012178421,218.1429678797722,219.76660138368607,219.0696319937706,219.41484302282333,219.38336950540543,218.10324954986572,219.242247402668,219.17699652910233,219.45207583904266,218.56291526556015,218.16766488552094,218.63758850097656,218.99537253379822,218.98691654205322,217.37280422449112,217.71587800979614,218.32615566253662,219.8481765985489,218.47575396299362,219.1459030508995,218.68734282255173,218.69672375917435,219.14987587928772
53,217.32477605342865,217.8400560617447,219.16352051496506,218.3276208639145,219.88969588279724,219.23959183692932,219.586050927639,219.52322494983673,218.3027337193489,219.3933179974556,219.34572684764862,219.6208860874176,218.7362300157547,218.3194168806076,218.8113715648651,219.16244810819626,219.15325099229813,217.56814622879028,217.90705144405365,218.51269978284836,219.97554475069046,218.63474732637405,219.29842525720596,218.8378086090088,218.85698395967484,219.31617790460587
54,217.55626279115677,218.0272942185402,219.31959587335587,218.49987316131592,220.0070487856865,219.40009951591492,219.74508839845657,219.65347117185593,218.48873090744019,219.5344380736351,219.50385105609894,219.7816292643547,218.89921289682388,218.45891100168228,218.97289335727692,219.3207631111145,219.30995392799377,217.75203174352646,218.08990943431854,218.68184232711792,220.09380674362183,218.78308510780334,219.44002777338028,218.97727966308594,219.01115083694458,219.47682529687881
55,217.76356852054596,218.19102650880814,219.45950919389725,218.65380823612213,220.11409199237823,219.54433661699295,219.88498216867447,219.769305229187,218.65359300374985,219.6601956486702,219.6452358365059,219.92763942480087,219.0448527932167,218.58016538619995,219.11516946554184,219.46453803777695,219.4513030052185,217.91832250356674,218.2565757036209,218.82651615142822,220.1979422569275,218.91372573375702,219.56457155942917,219.0999881029129,219.153186917305,219.6257312297821
56,217.9368377327919,218.32367104291916,219.57662385702133,218.78329515457153,220.20576536655426,219.66561096906662,219.9990352988243,219.86585748195648,218.7896546125412,219.7653752565384,219.76371496915817,220.0526088476181,219.16644364595413,218.67712092399597,219.23178839683533,219.58796322345734,219.57109302282333,218.06076031923294,218.39932882785797,218.94003558158875,220.2829583287239,219.02023696899414,219.66591274738312,219.20022642612457,219.27648788690567,219.75632804632187
57,218.06728845834732,218.41866344213486,219.6650915145874,218.8828855752945,220.27723145484924,219.7577383518219,220.08147549629211,219.93862718343735,218.88993734121323,219.84534645080566,219.85379415750504,220.15074217319489,219.2577012181282,218.74440902471542,219.31707537174225,219.68537867069244,219.6637391448021,218.1731163263321,218.51106971502304,219.01650696992874,220.34423518180847,219.09711480140686,219.7386558651924,219.27267289161682,219.3744644522667,219.86236441135406
58,218.14816480875015,218.47097235918045,219.71993267536163,218.9480801820755,220.32439023256302,219.8157798051834,220.1275256872177,219.98389714956284,218.9488091468811,219.8962596654892,219.91105771064758,220.21723574399948,219.31326550245285,218.77789950370789,219.36667639017105,219.75192141532898,219.72459745407104,218.24982452392578,218.58556348085403,219.05121731758118,220.37783896923065,219.13987159729004,219.7786085009575,219.31284308433533,219.44125360250473,219.93827140331268
59,218.17547422647476,218.47717308998108,219.73767507076263,218.97560620307922,220.34434020519257,219.83613151311874,220.13382291793823,219.99903124570847,218.96313053369522,219.9157242178917,219.932310461998,220.2487091422081,219.329669713974,218.77421861886978,219.37801015377045,219.78413313627243,219.75054836273193,218.28635144233704,218.61801129579544,219.04138588905334,220.38100266456604,219.1458049416542,219.78324741125107,219.31785780191422,219.47230517864227,219.97974342107773
60,218.14817470312119,218.43611174821854,219.7167685031891,218.96395480632782,220.33561193943024,219.816819190979,220.09918028116226,219.9827260375023,218.93237203359604,219.90286272764206,219.91626197099686,220.24365031719208,219.30570936203003,218.73158502578735,219.3505261540413,219.77990412712097,219.7404733300209,218.27983433008194,218.6059558391571,218.98709118366241,220.35270500183105,219.11371624469757,219.75183802843094,219.28669387102127,219.46486258506775,219.98442900180817
61,218.06814992427826,218.3495898246765,219.6578871011734,218.91365224123,220.2979318499565,219.75807493925095,220.02485513687134,219.93527793884277,218.85838252305984,219.85831594467163,219.8633069396019,220.20254933834076,219.2421097755432,218.6504767537117,219.28561967611313,219.73889899253845,219.69512343406677,218.22965997457504,218.54955899715424,218.89076763391495,220.2936975955963,219.04485148191452,219.68576556444168,219.22016459703445,219.41882503032684,219.95201778411865
62,217.9400959610939,218.22207641601562,219.5638101696968,218.82707089185715,220.2328799366951,219.66217356920242,219.91392064094543,219.85879987478256,218.7448018193245,219.78426659107208,219.77572977542877,220.12776166200638,219.14189034700394,218.53369599580765,219.18644976615906,219.6625753045082,219.6171978712082,218.13774836063385,218.4517240524292,218.7568057179451,220.20645129680634,218.94221776723862,219.58818137645721,219.12112563848495,219.3363081216812,219.8841700553894
63,217.7712796330452,218.05998408794403,219.43914979696274,218.70828676223755,220.1436825990677,219.53349936008453,219.7709902524948,219.75686937570572,218.5970976948738,219.68439334630966,219.6575971841812,220.023013651371,219.0098131299019,218.38647443056107,219.05759686231613,219.5544907450676,219.51092171669006,218.00800627470016,218.31752169132233,218.59174007177353,220.09481972455978,218.81067365407944,219.46387922763824,218.99394607543945,219.2210389971733,219.78428721427917
64,217.5706759095192,217.8708468079567,219.2898651957512,218.5629455447197,220.03480696678162,219.37830120325089,219.6023285984993,219.63428741693497,218.4218246936798,219.56325906515121,219.5143049955368,219.89338952302933,218.85194742679596,218.21511036157608,218.905227124691,219.41980320215225,219.38130867481232,217.84629094600677,218.1534297466278,218.40312761068344,219.96385848522186,218.65629243850708,219.31866306066513,218.8439857363701,219.0782786011696,219.65726333856583
65,217.34797132015228,217.6634379029274,219.12278842926025,218.39766573905945,219.91098845005035,219.2036029100418,219.41512417793274,219.4964526295662,218.2264328598976,219.42590498924255,219.352113366127,219.74475699663162,218.67476415634155,218.02642822265625,218.73610430955887,219.264515042305,219.23400354385376,217.65958631038666,217.9663251042366,218.19914197921753,219.81913167238235,218.48577868938446,219.15903842449188,218.67718535661697,218.91458225250244,219.5090633034706
66,217.1128689646721,217.44672626256943,218.9449245929718,218.21968871355057,219.7770579457283,219.0163745880127,219.2167996764183,219.34858095645905,218.01913952827454,219.27756375074387,219.17760676145554,219.5831115245819,218.48467820882797,217.82801795005798,218.55710875988007,219.0948868393898,219.07454293966293,217.4551920890808,217.7639719247818,217.9882092475891,219.66638284921646,218.30596953630447,218.99179285764694,218.4997888803482,218.737155854702,219.34620076417923
67,216.87447714805603,217.22914290428162,218.7629749774933,218.03585213422775,219.63789069652557,218.8235768675804,219.01442378759384,219.19593173265457,217.80801230669022,219.1232789158821,218.99731820821762,219.41468292474747,218.28782671689987,217.6271417737007,218.37505501508713,218.91703861951828,218.90801399946213,217.24075043201447,217.55403888225555,217.77748197317123,219.51133114099503,218.12328386306763,218.82257509231567,218.31813168525696,218.55330342054367,219.1754122376442
68,216.64112198352814,217.01824164390564,218.58271837234497,217.8523709177971,219.4976971745491,218.6319546699524,218.81453269720078,219.04328685998917,217.60029435157776,218.9678579568863,218.81739658117294,219.2451452612877,218.0898751616478,217.4304394721985,218.1960732936859,218.73681962490082,218.73900467157364,217.02377635240555,217.34363043308258,217.57310271263123,219.35921502113342,217.94303733110428,218.65628427267075,218.13783138990402,218.36940944194794,219.00296384096146
69,216.41933369636536,216.82009106874466,218.40907734632492,217.674300968647,219.35992008447647,218.44691038131714,218.62267911434174,218.89453893899918,217.40205895900726,218.81573206186295,218.64327156543732,219.0793492794037,217.89611065387726,217.24358516931534,218.02532809972763,218.55924344062805,218.57129991054535,216.81082946062088,217.13919126987457,217.3798543214798,219.214419901371,217.76961874961853,218.49715328216553,217.96402025222778,218.19124472141266,218.8343484401703
70,216.21393889188766,216.6384118795395,218.24595266580582,217.50533366203308,219.22689473628998,218.27270102500916,218.44327199459076,218.75288087129593,217.2179856300354,218.67099958658218,218.47930479049683,218.92135101556778,217.71089589595795,217.07086473703384,217.86703836917877,218.38830018043518,218.40791183710098,216.60736900568008,216.94603711366653,217.20127898454666,219.0802816748619,217.60665607452393,218.34806030988693,217.80138808488846,218.02344292402267,218.67424607276917
71,216.02856040000916,216.47559368610382,218.0963271856308,217.34803009033203,219.09995061159134,218.11265069246292,218.279459297657,218.62050080299377,217.0516694188118,218.53700172901154,218.32845205068588,218.77461928129196,217.53734642267227,216.91539347171783,217.72415459156036,218.22740978002548,218.25113606452942,216.41739577054977,216.76779651641846,217.03965777158737,218.95863664150238,217.45726639032364,218.21075958013535,217.6532918214798,217.86944967508316,218.52630162239075
72,215.86525058746338,216.33213812112808,217.9618455171585,217.2034676671028,218.97950875759125,217.9693025946617,218.1332330107689,218.4992072582245,216.9050925374031,218.4162119626999,218.19250160455704,218.64171022176743,217.37742161750793,216.77939826250076,217.59833520650864,218.078471660614,218.10290384292603,216.24377423524857,216.60643649101257,216.8963617682457,218.85046190023422,217.3236002922058,218.08667570352554,217.5218312740326,217.73141503334045,218.39309054613113
73,215.72488069534302,216.20651745796204,217.84281742572784,217.0718657374382,218.8653129339218,217.8441794514656,218.00569760799408,218.39011162519455,216.7785369157791,218.31029242277145,218.07198798656464,218.52410799264908,217.2319620847702,216.66442734003067,217.49017810821533,217.94204431772232,217.9647757411003,216.08751046657562,216.46261483430862,216.77210408449173,218.75587379932404,217.20677208900452,217.97636884450912,217.4078767299652,217.6104507446289,218.27621203660965
74,215.60686439275742,216.09631729125977,217.73869758844376,216.95281100273132,218.75669848918915,217.73780328035355,217.89716762304306,218.29368150234222,216.67106533050537,218.21998059749603,217.96670800447464,218.4224498271942,217.10109001398087,216.5709159374237,217.39959740638733,217.81837850809097,217.83794444799423,215.94835805892944,216.33627200126648,216.66633880138397,218.67430937290192,217.10695374011993,217.87997007369995,217.31087040901184,217.5065746307373,218.17645907402039
75,215.50981616973877,215.999362885952,217.64801067113876,216.8456482887268,218.65317195653915,217.64949256181717,217.80684912204742,218.20942002534866,216.5804512500763,218.1451137661934,217.87568467855453,218.33687043190002,216.98440301418304,216.49790287017822,217.32589161396027,217.70730298757553,217.7231987118721,215.8251051902771,216.22672218084335,216.57730919122696,218.60468983650208,217.02337384223938,217.79731065034866,217.2292713522911,217.4190838932991,218.09357970952988
76,215.4317565560341,215.9133533835411,217.56907802820206,216.749857544899,218.55458229780197,217.5774540901184,217.73320937156677,218.13597518205643,216.50393557548523,218.08451092243195,217.79730927944183,218.26672714948654,216.8806356191635,216.44353157281876,217.26768290996552,217.60803657770157,217.62115651369095,215.7160331606865,216.1326341032982,216.5025359392166,218.54591846466064,216.95442461967468,217.72771525382996,217.1611430644989,217.34646421670914,218.02663922309875
77,215.3695833683014,215.83591133356094,217.50035393238068,216.66483050584793,218.4609364271164,217.51911783218384,217.67451483011246,218.0714771747589,216.43857592344284,218.03652155399323,217.72970908880234,218.21066308021545,216.78782802820206,216.40471827983856,217.2229926586151,217.51990550756454,217.5317269563675,215.61938977241516,216.05257111787796,216.43908315896988,218.49732702970505,216.89821565151215,217.66994315385818,217.10465890169144,217.28654462099075,217.97406196594238
78,215.32042407989502,215.76528745889664,217.4404734969139,216.5897970199585,218.3725550174713,217.47162145376205,217.6287836432457,218.01372760534286,216.38176238536835,217.99956637620926,217.67100548744202,218.1668043732643,216.7037115097046,216.37826073169708,217.18944418430328,217.44238030910492,217.45355588197708,215.53317934274673,215.98537182807922,216.3837686777115,218.45806747674942,216.85253304243088,217.62231105566025,217.0578569173813,217.2371854186058,217.93348449468613
79,215.28142470121384,215.70037055015564,217.3884174823761,216.52359133958817,218.29037123918533,217.43208223581314,217.5941482782364,217.96054261922836,216.3316678404808,217.97207993268967,217.61928576231003,218.13291084766388,216.62684524059296,216.36121028661728,217.16442388296127,217.37466078996658,217.3851459622383,215.455104470253,215.930404484272,216.33389031887054,218.42698508501053,216.81483900547028,217.5831173658371,217.01912170648575,217.1968111395836,217.90209633111954
80,215.24974858760834,215.6405467391014,217.34332537651062,216.4651210308075,218.21545058488846,217.39804250001907,217.56944543123245,217.90981125831604,216.28657072782516,217.9522926211357,217.57265102863312,218.10653376579285,216.5566508769989,216.35094034671783,217.14584773778915,217.3156995177269,217.3253601193428,215.38343477249146,215.88738864660263,216.28848189115524,218.40282064676285,216.78255051374435,217.550914645195,216.98710709810257,217.16425269842148,217.8770461678505
81,215.22292858362198,215.58547294139862,217.30414074659348,216.4135153889656,218.1487673521042,217.36776036024094,217.55351215600967,217.85988068580627,216.24563992023468,217.9383875131607,217.52970558404922,218.08560729026794,216.49342685937881,216.3450145125389,217.1323115825653,217.26445269584656,217.27311545610428,215.31743121147156,215.85605520009995,216.24742197990417,218.38424670696259,216.75321793556213,217.52444106340408,216.96043795347214,217.13830494880676,217.8560165166855
82,215.19898903369904,215.53517872095108,217.26957362890244,216.36795741319656,218.09090346097946,217.34022325277328,217.54505056142807,217.80956465005875,216.20886290073395,217.92895430326462,217.48968213796616,218.06836938858032,216.43738108873367,216.34113013744354,217.12244099378586,217.2200716137886,217.2274952530861,215.25723683834076,215.83540135622025,216.21058815717697,218.3697590827942,216.72478127479553,217.5024095773697,216.93799275159836,217.11793571710587,217.83746284246445
83,215.17673474550247,215.48903876543045,217.238503575325,216.32789051532745,218.0420406460762,217.3147268295288,217.54269969463348,217.7580372095108,216.17673766613007,217.92299073934555,217.45209419727325,218.05301976203918,216.38832408189774,216.33711159229279,217.1151333451271,217.18174070119858,217.18813335895538,215.2035734653473,215.82364064455032,216.17802506685257,218.35761839151382,216.69614428281784,217.4835485816002,216.9189668893814,217.102281332016,217.82023364305496
84,215.15567862987518,215.4462093114853,217.2098589539528,216.29298394918442,218.00189411640167,217.29091477394104,217.5448550581932,217.70477026700974,216.15003496408463,217.91965067386627,217.4169905781746,218.038323700428,216.34611356258392,216.3311042189598,217.10936760902405,217.14898312091827,217.1546750664711,215.15740805864334,215.81814163923264,216.15027970075607,218.34623783826828,216.6672284603119,217.46692550182343,216.90279388427734,217.09071093797684,217.80369919538498
85,215.13565289974213,215.40657430887222,217.18252366781235,216.26299005746841,217.96999728679657,217.26843881607056,217.5500204563141,217.6499981880188,216.12964642047882,217.91825103759766,217.38502103090286,218.02363300323486,216.31055104732513,216.32173669338226,217.10392677783966,217.12152671813965,217.12687039375305,215.12011414766312,215.81591284275055,216.12763237953186,218.3343539237976,216.63882952928543,217.45160228013992,216.88905441761017,217.08248311281204,217.78744292259216
86,215.1163130402565,215.37005311250687,217.1557438969612,216.2374340891838,217.9455955028534,217.24711120128632,217.5563469529152,217.59479665756226,216.1164207458496,217.91837215423584,217.3572363257408,218.00886219739914,216.28166913986206,216.30875253677368,217.09775000810623,217.09894740581512,217.10431432724,215.09293150901794,215.81399542093277,216.11010801792145,218.32119446992874,216.61202138662338,217.43652004003525,216.87778341770172,217.07657027244568,217.77123367786407
87,215.09716701507568,215.33650714159012,217.12893748283386,216.21529632806778,217.92774379253387,217.22700268030167,217.56223291158676,217.5403898358345,216.11113446950912,217.91965609788895,217.33463871479034,217.9940819144249,216.25954961776733,216.29287576675415,217.08995002508163,217.08046942949295,217.0861250758171,215.07665944099426,215.8099627494812,216.09752029180527,218.30643677711487,216.5876848101616,217.4207280278206,216.86959904432297,217.07220649719238,217.75504088401794
88,215.07813811302185,215.30617761611938,217.1009036898613,216.19565278291702,217.91583716869354,217.20814377069473,217.56628727912903,217.48796659708023,216.114399433136,217.9213445186615,217.3177592754364,217.978963971138,216.24407774209976,216.27506095170975,217.07973450422287,217.06524443626404,217.07067793607712,215.07089018821716,215.80187857151031,216.08978283405304,218.2902163863182,216.56664949655533,217.40384608507156,216.86507540941238,217.06897222995758,217.73911088705063
89,215.05986231565475,215.27916049957275,217.0712290406227,216.17784440517426,217.90956211090088,217.19042879343033,217.5677696466446,217.43903881311417,216.12619811296463,217.9223546385765,217.30693525075912,217.96432799100876,216.23499941825867,216.25627958774567,217.06719380617142,217.05250465869904,217.05651760101318,215.07469868659973,215.78884518146515,216.08695888519287,218.27295053005219,216.54926311969757,217.38596040010452,216.86457633972168,217.06670647859573,217.72368621826172
90,215.04248970746994,215.25558125972748,217.040034532547,216.1615092754364,217.9088458418846,217.17336976528168,217.5665112733841,217.39558255672455,216.14536601305008,217.9213908314705,217.30192095041275,217.95108485221863,216.23190116882324,216.23781025409698,217.05352175235748,217.04183584451675,217.0425152182579,215.08689433336258,215.77088111639023,216.0891981124878,218.25518530607224,216.53588664531708,217.36743289232254,216.86788177490234,217.0652044415474,217.7094351053238
91,215.02564918994904,215.23553651571274,217.0091101527214,216.14663058519363,217.91329872608185,217.15663826465607,217.56293725967407,217.35898238420486,216.17061603069305,217.9175710082054,217.3022502064705,217.93978971242905,216.2344326376915,216.2209923863411,217.03987884521484,217.03310924768448,217.0277846455574,215.106778383255,215.74887758493423,216.09596526622772,218.23773789405823,216.5268371105194,217.3488531112671,216.87547659873962,217.06415086984634,217.69723814725876
92,215.00930839776993,215.21858096122742,216.98027408123016,216.13342982530594,217.92249351739883,217.14025443792343,217.55792820453644,217.32996636629105,216.19997906684875,217.9105321764946,217.30773335695267,217.93052053451538,216.24161940813065,216.20650404691696,217.0272957086563,217.02614080905914,217.0115265250206,215.13345855474472,215.72426480054855,216.10601997375488,218.22153329849243,216.52209037542343,217.3309445977211,216.88791692256927,217.0635798573494,217.6881833076477
93,214.99387568235397,215.20335584878922,216.95420449972153,216.12242829799652,217.93601047992706,217.12421369552612,217.55194741487503,217.30841434001923,216.23161590099335,217.89982664585114,217.31764841079712,217.9227774143219,216.25210720300674,216.19489818811417,217.01600658893585,217.02089929580688,216.99329739809036,215.16585338115692,215.699609041214,216.11801886558533,218.20734530687332,216.52157360315323,217.3142666220665,216.90505796670914,217.06379961967468,217.68337458372116
94,214.9793936610222,215.188123524189,216.93172478675842,216.11369788646698,217.95302283763885,217.10850143432617,217.54509961605072,217.29375857114792,216.2631471157074,217.88506031036377,217.33112162351608,217.9158854484558,216.26508396863937,216.18671029806137,217.0059593319893,217.017243206501,216.97346198558807,215.2025533914566,215.67719209194183,216.1315637230873,218.19565576314926,216.52495604753494,217.29927587509155,216.92654663324356,217.06528460979462,217.68333691358566
95,214.96549105644226,215.17177641391754,216.9131679534912,216.10691910982132,217.97248083353043,217.09350723028183,217.53732722997665,217.28509640693665,216.29221588373184,217.866217315197,217.34720414876938,217.90900588035583,216.279814183712,216.18227684497833,216.99670296907425,217.01470911502838,216.95264434814453,215.2414048910141,215.65836238861084,216.14505833387375,218.18655663728714,216.53161203861237,217.28636825084686,216.9517450928688,217.06806707382202,217.68864065408707
96,214.9524472951889,215.15459072589874,216.89928543567657,216.10180288553238,217.9930654168129,217.08026427030563,217.52811229228973,217.28148937225342,216.31782191991806,217.84390133619308,217.36506462097168,217.90126484632492,216.29538834095,216.18091875314713,216.98770779371262,217.01258659362793,216.93196308612823,215.27962690591812,215.64367699623108,216.15688568353653,218.17998099327087,216.54133409261703,217.27607959508896,216.9797734618187,217.07169997692108,217.69979417324066
97,214.94022220373154,215.1381859779358,216.89094656705856,216.09828925132751,218.0131050348282,217.06990909576416,217.51677179336548,217.28223150968552,216.33976423740387,217.81907510757446,217.38394671678543,217.8921115398407,216.3109708428383,216.18110531568527,216.97841495275497,217.00971293449402,216.91251546144485,215.31453275680542,215.63327515125275,216.16630214452744,218.17565125226974,216.55401492118835,217.26884227991104,217.00920724868774,217.07576686143875,217.71644592285156
98,214.92941492795944,215.12438815832138,216.88835662603378,216.09714549779892,218.0307542681694,217.06332516670227,217.50336754322052,217.28693825006485,216.35790526866913,217.79279059171677,217.40310275554657,217.88156527280807,216.32618486881256,216.1820729970932,216.96843498945236,217.00490355491638,216.8954012989998,215.34346520900726,215.6269121170044,216.1730096936226,218.173510491848,216.5692971944809,217.26510071754456,217.0381008386612,217.08035969734192,217.7375510931015
99,214.92077940702438,215.11433869600296,216.89149290323257,216.09917479753494,218.04443275928497,217.06040555238724,217.4883667230606,217.29528152942657,216.37213104963303,217.7663437128067,217.4218571782112,217.8702147603035,216.33979105949402,216.18316447734833,216.95794242620468,216.99733936786652,216.8816339969635,215.363922894001,215.62432080507278,216.17771047353745,218.17295998334885,216.5863637328148,217.26497036218643,217.06414926052094,217.085630774498,217.76188135147095
100,214.91474431753159,215.10825955867767,216.8999502658844,216.1050153374672,218.05332404375076,217.0604990720749,217.47258985042572,217.30703389644623,216.3825522661209,217.74108695983887,217.43963640928268,217.85854077339172,216.3507318496704,216.1833763718605,216.94668346643448,216.98642605543137,216.87204957008362,215.37435179948807,215.6247610449791,216.18040668964386,218.17300951480865,216.60392183065414,217.2684364914894,217.08513641357422,217.09159445762634,217.78771740198135
101,214.91232746839523,215.10550433397293,216.9125509262085,216.11509317159653,218.0573244690895,217.06323444843292,217.4570745229721,217.32184690237045,216.3895462155342,217.71802389621735,217.45518910884857,217.8477208018303,216.35843306779861,216.18172240257263,216.9335853457451,216.97206979990005,216.86730325222015,215.37432622909546,215.62688547372818,216.18018478155136,218.1723363995552,216.62072724103928,217.27538132667542,217.0991924405098,217.09903502464294,217.81334567070007
102,214.91422045230865,215.10491579771042,216.9284312725067,216.1290578842163,218.05658054351807,217.06800842285156,217.44297111034393,217.3393207192421,216.3933032155037,217.69749665260315,217.46725404262543,217.83930492401123,216.36313199996948,216.17733734846115,216.9162546992302,216.95507991313934,216.86756986379623,215.3645247220993,215.62943708896637,216.1769900918007,218.16930001974106,216.63674014806747,217.28523099422455,217.1047666668892,217.10788470506668,217.836984872818
103,214.92069798707962,215.1052862405777,216.94728994369507,216.146404504776,218.0517930984497,217.07426345348358,217.4316782951355,217.35942548513412,216.3941496014595,217.6794691681862,217.4750890135765,217.83483612537384,216.3658173084259,216.1694160103798,216.89422798156738,216.93694561719894,216.87269085645676,215.34655821323395,215.6308685541153,216.16965931653976,218.16322404146194,216.65217471122742,217.29710334539413,217.1008316874504,217.11823177337646,217.85745763778687
104,214.9311825633049,215.10528928041458,216.96831941604614,216.16657197475433,218.04420220851898,217.08183181285858,217.42415392398834,217.38222539424896,216.39261776208878,217.6637492775917,217.47831797599792,217.83561050891876,216.3676460981369,216.15757822990417,216.86831039190292,216.9196459054947,216.88200575113297,215.3228365778923,215.6291583776474,216.15778625011444,218.15425914525986,216.66750437021255,217.3099531531334,217.0877002477646,217.12948179244995,217.8739191889763
105,214.94460546970367,215.103639960289,216.99080783128738,216.1881393790245,218.03473073244095,217.0904422402382,217.42083275318146,217.40782129764557,216.38881921768188,217.6502159833908,217.47745048999786,217.8425451517105,216.3693441748619,216.14201873540878,216.83936709165573,216.90501737594604,216.89524215459824,215.29591220617294,215.62239861488342,216.14300668239594,218.1427724957466,216.6821768283844,217.32290983200073,217.0665335059166,217.14102864265442,217.88586688041687
106,214.96026861667633,215.09987741708755,217.01431798934937,216.2097218632698,218.02406001091003,217.10019600391388,217.42240178585052,217.4361965060234,216.38348758220673,217.6382618546486,217.4732040166855,217.85579335689545,216.37084144353867,216.12310421466827,216.80880439281464,216.89506435394287,216.9124738574028,215.26765567064285,215.60873687267303,216.12695997953415,218.12992376089096,216.69615000486374,217.33548384904861,217.0386100411415,217.15220975875854,217.89312011003494
107,214.97689843177795,215.09449464082718,217.03826117515564,216.22984439134598,218.01274544000626,217.1110771894455,217.42872548103333,217.4673318862915,216.37734574079514,217.62686055898666,217.46653527021408,217.87477552890778,216.37220740318298,216.101613342762,216.77803766727448,216.89142900705338,216.93352311849594,215.23945730924606,215.5870876312256,216.11138713359833,218.1170848608017,216.71001517772675,217.3471997976303,217.0056373476982,217.16244059801102,217.89569979906082
108,214.992589533329,215.088092982769,217.0616244673729,216.24758619070053,218.001225233078,217.12289893627167,217.43894636631012,217.5007559657097,216.37089771032333,217.6150740981102,217.45766484737396,217.8984019756317,216.3735030889511,216.0783013701439,216.74826711416245,216.89581662416458,216.9573953151703,215.2129247188568,215.55698943138123,216.0974200963974,218.10473370552063,216.7242395877838,217.35766464471817,216.96931862831116,217.17061972618103,217.8939705491066
109,215.00611156225204,215.08085185289383,217.08296424150467,216.2622264623642,217.98892444372177,217.1352944970131,217.4521769285202,217.53597331047058,216.36450916528702,217.60209614038467,217.44648629426956,217.92523574829102,216.3751943707466,216.05417317152023,216.72085350751877,216.9093849658966,216.98289787769318,215.18901407718658,215.51815283298492,216.08593034744263,218.0931332707405,216.73865014314651,217.36615747213364,216.9312572479248,217.17563903331757,217.88897544145584
110,215.01649063825607,215.07306164503098,217.1012625694275,216.27329641580582,217.97426891326904,217.1473410129547,217.46776115894318,217.57225465774536,216.3584132194519,217.58791136741638,217.43336480855942,217.95371836423874,216.37763649225235,216.0309193134308,216.69667917490005,216.93242233991623,217.00855880975723,215.16746753454208,215.4710310101509,216.07701641321182,218.08249044418335,216.75265860557556,217.37250971794128,216.8925524353981,217.17706328630447,217.88201993703842
111,215.02342635393143,215.0655208826065,217.11600649356842,216.2804297208786,217.956090092659,217.15799862146378,217.4853184223175,217.60884231328964,216.35325574874878,217.57311934232712,217.41911417245865,217.9821721315384,216.38059502840042,216.0104478597641,216.67587035894394,216.9634187221527,217.0324947834015,215.14758145809174,215.4174768924713,216.0709480047226,218.07301193475723,216.7659306526184,217.37705117464066,216.8544880747795,217.1745349764824,217.87398201227188
112,215.0266308784485,215.05956149101257,217.12635678052902,216.28306412696838,217.93332308530807,217.1662117242813,217.50401973724365,217.64501905441284,216.3496686220169,217.55776566267014,217.40504276752472,218.00949603319168,216.38322669267654,215.9942548274994,216.65862160921097,216.99997025728226,217.05412656068802,215.1296667456627,215.36025923490524,216.06812196969986,218.06471300125122,216.7777879834175,217.37995493412018,216.81746011972427,217.1681107878685,217.8655468225479
113,215.0255668759346,215.05676341056824,217.1323637366295,216.28190433979034,217.90530109405518,217.17086726427078,217.5227945446968,217.68006139993668,216.34774440526962,217.54173570871353,217.39331763982773,218.03493630886078,216.38484978675842,215.9836661219597,216.64482605457306,217.0401120185852,217.0735445022583,215.11422151327133,215.30252462625504,216.0683217048645,218.05737221240997,216.78792589902878,217.381882250309,216.78170603513718,217.15898460149765,217.85735988616943
114,215.01956897974014,215.05892437696457,217.13456052541733,216.27821290493011,217.872041285038,217.17075204849243,217.54060381650925,217.7132552266121,216.34686362743378,217.5246780514717,217.38634878396988,218.05781292915344,216.38531255722046,215.97974228858948,216.63392108678818,217.08174192905426,217.09083181619644,215.1017336845398,215.2476879954338,216.07144844532013,218.0504521727562,216.79606360197067,217.38355368375778,216.7475261092186,217.14769345521927,217.85011625289917
115,215.0083545446396,215.06730914115906,217.13357359170914,216.2730849981308,217.83405023813248,217.16497939825058,217.55671125650406,217.743696808815,216.34607779979706,217.5064252614975,217.38647782802582,218.0772948861122,216.38469153642654,215.98383736610413,216.62463039159775,217.12357985973358,217.10638117790222,215.09240746498108,215.19804275035858,216.0776253938675,218.0431678891182,216.80249857902527,217.38508647680283,216.71500140428543,217.13481718301773,217.8450372815132
116,214.9921482205391,215.08219212293625,217.1306213736534,216.26721507310867,217.79238694906235,217.1534531712532,217.57079362869263,217.77082526683807,216.3442787528038,217.4873399734497,217.39513558149338,218.09269797801971,216.382852435112,215.99681568145752,216.61541366577148,217.16485142707825,217.120651781559,215.08602344989777,215.15555399656296,216.08712434768677,218.03509813547134,216.80739724636078,217.38664132356644,216.68428242206573,217.12135183811188,217.84272128343582
117,214.97155153751373,215.1038717031479,217.12673938274384,216.26135474443436,217.74852627515793,217.13662457466125,217.5821698307991,217.79433286190033,216.3399412035942,217.46767514944077,217.41296780109406,218.10354608297348,216.38022220134735,216.01916360855103,216.60537838935852,217.2045230269432,217.1340855360031,215.0817044377327,215.1220279932022,216.09937530755997,218.02588963508606,216.8110243678093,217.38854551315308,216.6557102203369,217.10814052820206,217.84333699941635
118,214.9472113251686,215.13167476654053,217.12260645627975,216.255999147892,217.704296708107,217.11487847566605,217.59052819013596,217.81408154964447,216.33141714334488,217.4475889801979,217.44026857614517,218.10966861248016,216.37753278017044,216.05045521259308,216.59374886751175,217.24190402030945,217.14740723371506,215.07923012971878,215.09835213422775,216.11348283290863,218.01573926210403,216.81367695331573,217.39079362154007,216.63000792264938,217.09551841020584,217.8465861082077
119,214.9196702837944,215.1641536951065,217.11883771419525,216.25084644556046,217.66164565086365,217.0885015130043,217.5954155921936,217.8294621706009,216.31776863336563,217.42727267742157,217.476531624794,218.11125773191452,216.37466442584991,216.0895994901657,216.58075761795044,217.27635782957077,217.16078972816467,215.0780644416809,215.08448660373688,216.1282133460045,218.00505310297012,216.81539458036423,217.3936095237732,216.60827457904816,217.08362931013107,217.8520860671997
120,214.8892416357994,215.2000212073326,217.11575865745544,216.2452449798584,217.6220926642418,217.05794209241867,217.59686696529388,217.83981496095657,216.29870826005936,217.40689891576767,217.52005875110626,218.10881423950195,216.37117958068848,216.1349470615387,216.5672733783722,217.30677485466003,217.17412900924683,215.07671719789505,215.07996332645416,216.14206969738007,217.99415785074234,216.81617933511734,217.39687758684158,216.59127759933472,217.07202225923538,217.85949581861496
121,214.85659343004227,215.23788195848465,217.11391407251358,216.23896032571793,217.586943089962,217.0236440896988,217.5956426858902,217.84507524967194,216.27566176652908,217.38664036989212,217.56806254386902,218.10386264324188,216.36647522449493,216.18463414907455,216.55430698394775,217.33207035064697,217.18690222501755,215.07453072071075,215.0834167599678,216.15390968322754,217.98347479104996,216.8162978887558,217.40029788017273,216.57919317483902,217.06024926900864,217.86846375465393
122,214.8222838640213,215.27641785144806,217.1132675409317,216.23130720853806,217.55729138851166,216.9863097667694,217.59252375364304,217.84504383802414,216.25124061107635,217.3665139079094,217.61732870340347,218.09796905517578,216.3596260547638,216.23704367876053,216.54295670986176,217.3513554930687,217.19820058345795,215.07060730457306,215.09296423196793,216.1633231639862,217.9727338552475,216.81623178720474,217.40376096963882,216.57186549901962,217.0474829673767,217.8783499598503
123,214.78680783510208,215.31443345546722,217.11275666952133,216.22116899490356,217.53435742855072,216.9470648765564,217.5881563425064,217.83980536460876,216.22838509082794,217.3469722867012,217.66451859474182,218.09273773431778,216.34995913505554,216.29068839550018,216.53444969654083,217.36407858133316,217.2073359489441,215.06452006101608,215.10751473903656,216.1702886223793,217.96152859926224,216.81642520427704,217.4067542552948,216.56837475299835,217.03279662132263,217.88818830251694
124,214.75108498334885,215.35068041086197,217.11115658283234,216.20767045021057,217.51902574300766,216.90725326538086,217.58274620771408,217.82966297864914,216.2101554274559,217.32843226194382,217.70688831806183,218.08929014205933,216.33725321292877,216.34386867284775,216.52996808290482,217.37037128210068,217.21420449018478,215.05642849206924,215.1262538433075,216.17496955394745,217.94950687885284,216.81758415699005,217.40893238782883,216.56739902496338,217.01582145690918,217.89694374799728
125,214.71545666456223,215.3844027519226,217.10632836818695,216.19005632400513,217.5110691189766,216.8683385848999,217.5760959982872,217.8145762681961,216.1981846690178,217.31124472618103,217.741845369339,218.08830481767654,216.3217687010765,216.3947410583496,216.53051072359085,217.3705558180809,217.21881091594696,215.04670524597168,215.14897465705872,216.17726051807404,217.9368680715561,216.81987380981445,217.41042399406433,216.56770479679108,216.99698173999786,217.9031538963318
126,214.67943704128265,215.4152009487152,217.09709852933884,216.16858875751495,217.50937795639038,216.83154034614563,217.56744581460953,217.79453176259995,216.19252675771713,217.2956011891365,217.76665210723877,218.09002041816711,216.30430126190186,216.4416732788086,216.53698635101318,217.3649863600731,217.22103255987167,215.0353620648384,215.1757528781891,216.1772100329399,217.92384469509125,216.82306969165802,217.41110110282898,216.56775653362274,216.9764815568924,217.90544962882996
127,214.64212954044342,215.4420337677002,217.0842564702034,216.14400678873062,217.51234412193298,216.7978092432022,217.55626940727234,217.76946657896042,216.1931619644165,217.28187918663025,217.77930748462677,218.09475815296173,216.28574514389038,216.48399555683136,216.54978775978088,217.3540262579918,217.2210550904274,215.02176469564438,215.20616495609283,216.17517763376236,217.9109849333763,216.82663249969482,217.41128849983215,216.56569969654083,216.9542019367218,217.90316152572632
128,214.6024307012558,215.46370148658752,217.06886553764343,216.1170835494995,217.51889246702194,216.76760244369507,217.54169714450836,217.73946857452393,216.20039254426956,217.27083158493042,217.77894127368927,218.10288751125336,216.26726806163788,216.52087891101837,216.56855195760727,217.3379224538803,217.21917980909348,215.0050299167633,215.23920327425003,216.17217254638672,217.89935970306396,216.82931661605835,217.411583006382,216.56034237146378,216.92959493398666,217.89615696668625
129,214.55948138237,215.4793182015419,217.05226135253906,216.0885847210884,217.52837097644806,216.74090844392776,217.52272075414658,217.704734146595,216.21447640657425,217.26312458515167,217.76532405614853,218.11432403326035,216.2498301267624,216.55182886123657,216.59259819984436,217.3175349831581,217.21555352210999,214.98442071676254,215.27328836917877,216.16979843378067,217.89000952243805,216.83053159713745,217.4124766588211,216.55068427324295,216.9026077389717,217.88488972187042
130,214.51297682523727,215.48897171020508,217.03535306453705,216.0597237944603,217.54088509082794,216.71821373701096,217.4986807703972,217.66567170619965,216.2350116968155,217.25961869955063,217.73941069841385,218.12854421138763,216.23454558849335,216.5771455168724,216.62161022424698,217.29377084970474,217.21081894636154,214.95913589000702,215.30632370710373,216.16916131973267,217.88385838270187,216.82945501804352,217.41451513767242,216.53591978549957,216.87318015098572,217.86963039636612
131,214.46329951286316,215.49386656284332,217.0184000134468,216.03156369924545,217.55634927749634,216.69980245828629,217.4693946838379,217.623117685318,216.26153469085693,217.2616119980812,217.7036464214325,218.1444388628006,216.22250068187714,216.597149848938,216.65523356199265,217.26783388853073,217.2057957649231,214.92894965410233,215.33544945716858,216.170858502388,217.8816538453102,216.8252592086792,217.41808342933655,216.51625722646713,216.8419772386551,217.851127743721
132,214.41169279813766,215.4950543642044,217.00173461437225,216.005157828331,217.57467657327652,216.6856206059456,217.43569004535675,217.57822978496552,216.29307752847672,217.2699699997902,217.6609536409378,218.16128653287888,216.2151339650154,216.612138569355,216.69229471683502,217.24173086881638,217.20157170295715,214.8939926624298,215.35792714357376,216.17468774318695,217.88402593135834,216.81705850362778,217.42419719696045,216.49247962236404,216.8102993965149,217.8309806585312
133,214.35946148633957,215.4936407804489,216.98524117469788,215.98135966062546,217.59615677595139,216.6753585934639,217.39917451143265,217.53283590078354,216.3283257484436,217.28502267599106,217.61390191316605,218.178207218647,216.21376276016235,216.62190181016922,216.73139488697052,217.21712881326675,217.1994042992592,214.85496753454208,215.372696518898,216.17986536026,217.89082390069962,216.803624689579,217.43339508771896,216.46561062335968,216.7797771692276,217.8108496069908
134,214.30795764923096,215.49047482013702,216.96878170967102,215.96161717176437,217.62171012163162,216.66868895292282,217.36137241125107,217.48873150348663,216.36562114953995,217.30689764022827,217.56440663337708,218.19427579641342,216.21920436620712,216.62687849998474,216.7712414264679,217.19482642412186,217.20019364356995,214.81350135803223,215.3808326125145,216.18544417619705,217.90123623609543,216.78399735689163,217.44606828689575,216.43591487407684,216.7516776919365,217.79223215579987
135,214.25849187374115,215.486037671566,216.9528684616089,215.94631719589233,217.65156763792038,216.6650179028511,217.32405829429626,217.4470409154892,216.40330427885056,217.3348507285118,217.51393049955368,218.20971632003784,216.2319073677063,216.6278556585312,216.81036901474,217.1750013232231,217.204459130764,214.77193236351013,215.3842836022377,216.19079613685608,217.91416233778,216.75776344537735,217.46241807937622,216.40277481079102,216.72748690843582,217.77607363462448
136,214.2122472524643,215.481902718544,216.93797183036804,215.93519335985184,217.6853185892105,216.66383582353592,217.28776001930237,217.40821838378906,216.44009441137314,217.36781650781631,217.46392649412155,218.22534149885178,216.2520233988762,216.62558764219284,216.84732019901276,217.1581425666809,217.21209692955017,214.73286539316177,215.3851462006569,216.19475096464157,217.92889666557312,216.72563916444778,217.48177993297577,216.36615598201752,216.7082331776619,217.7621911764145
137,214.1702424287796,215.4794380068779,216.9244885444641,215.92806047201157,217.72159320116043,216.66477924585342,217.2525479197502,217.37250822782516,216.4751319885254,217.40438896417618,217.41515344381332,218.2420425415039,216.27951914072037,216.62018465995789,216.88100862503052,217.14464604854584,217.22284692525864,214.69937044382095,215.38564217090607,216.19706106185913,217.94468706846237,216.68857139348984,217.50296860933304,216.32684659957886,216.6948779821396,217.75103950500488
138,214.13297355175018,215.4789497256279,216.91254848241806,215.92473977804184,217.7583338022232,216.66780418157578,217.21864730119705,217.34042793512344,216.50769424438477,217.44299960136414,217.3677343726158,218.26033532619476,216.31432074308395,216.61151272058487,216.9108110666275,217.13433730602264,217.23597371578217,214.6740934252739,215.38784211874008,216.19737148284912,217.96051573753357,216.64791840314865,217.52461129426956,216.28606116771698,216.68815809488297,217.74263966083527
139,214.10019499063492,215.48090022802353,216.90218043327332,215.92424207925797,217.79336512088776,216.67306822538376,217.18588465452194,217.31263875961304,216.53708451986313,217.48267430067062,217.3222467303276,218.2803606390953,216.3559735417366,216.60026156902313,216.93578839302063,217.1265343427658,217.25018590688705,214.65947157144547,215.39279782772064,216.19534176588058,217.97539031505585,216.60547757148743,217.5450821518898,216.24564856290817,216.68802160024643,217.7368740439415
140,214.07016360759735,215.4861975312233,216.8932124376297,215.92606061697006,217.82503652572632,216.68056160211563,217.15372174978256,217.2899039387703,216.5634685754776,217.52193957567215,217.27904397249222,218.3017753958702,216.40352898836136,216.58723771572113,216.95528769493103,217.121107339859,217.26434779167175,214.65687829256058,215.40022176504135,216.19065856933594,217.98874461650848,216.56273424625397,217.56256991624832,216.2072206735611,216.6940416097641,217.73401176929474
141,214.04105299711227,215.49588268995285,216.8851946592331,215.92914897203445,217.85223925113678,216.69050252437592,217.1217030286789,217.27203673124313,216.58709037303925,217.55858719348907,217.23847478628159,218.3243625164032,216.45628660917282,216.57230919599533,216.9683673977852,217.11777526140213,217.27741998434067,214.66683822870255,215.4092599749565,216.1838464140892,218.00054919719696,216.52116376161575,217.5756117105484,216.17141830921173,216.70554810762405,217.73409795761108
142,214.011264026165,215.51063632965088,216.87768983840942,215.93257516622543,217.87415099143982,216.70269864797592,217.08935034275055,217.25837922096252,216.60787957906723,217.59041345119476,217.20051431655884,218.34793257713318,216.51275968551636,216.55472403764725,216.9741199016571,217.11629730463028,217.28811848163605,214.68876785039902,215.41859543323517,216.17589193582535,218.01153296232224,216.48247927427292,217.5836238861084,216.139829993248,216.72223502397537,217.7362095117569
143,213.97960150241852,215.5295748114586,216.87056440114975,215.93576270341873,217.89041715860367,216.71573412418365,217.0559527873993,217.2482549548149,216.62543481588364,217.61622780561447,217.16521495580673,218.3724564909935,216.5701004266739,216.53272825479507,216.97198724746704,217.11628758907318,217.29468894004822,214.72120463848114,215.4270094037056,216.16778200864792,218.02207082509995,216.44787472486496,217.58661258220673,216.11451262235641,216.7432524561882,217.73920023441315
144,213.94514060020447,215.55067962408066,216.86405283212662,215.93806850910187,217.90150451660156,216.72847932577133,217.02085202932358,217.24087357521057,216.6396080851555,217.63531804084778,217.1331463456154,218.39790028333664,216.62617886066437,216.50489300489426,216.96112072467804,217.11660718917847,217.29589301347733,214.76246219873428,215.43316745758057,216.1604864001274,218.0315961241722,216.41828233003616,217.58521270751953,216.09724175930023,216.76774555444717,217.74156194925308
145,213.9076862335205,215.5732232928276,216.85843420028687,215.93963223695755,217.9075812101364,216.7393645644188,216.9830813407898,217.23492407798767,216.65056055784225,217.6471744775772,217.10462653636932,218.42358392477036,216.67882293462753,216.47093152999878,216.94089394807816,217.11691224575043,217.29083424806595,214.81119859218597,215.43635112047195,216.15452975034714,218.0391081571579,216.39486402273178,217.5805111527443,216.08910155296326,216.79480493068695,217.74223119020462
146,213.86819314956665,215.59703493118286,216.8545498251915,215.9424055814743,217.9082391858101,216.74671065807343,216.9420871734619,217.2295582294464,216.65785771608353,217.6511334180832,217.0804060101509,218.44924706220627,216.7255956530571,216.4317130446434,216.91063565015793,217.11773824691772,217.27886134386063,214.86492162942886,215.4365103840828,216.15065771341324,218.0437947511673,216.3791577219963,217.5730310678482,216.09111189842224,216.82369148731232,217.74117600917816
147,213.82891422510147,215.62223541736603,216.85342729091644,215.94976633787155,217.90396410226822,216.74977833032608,216.89811426401138,217.22433483600616,216.66013085842133,217.64797103405,217.06091445684433,218.47421222925186,216.7647505402565,216.38801884651184,216.8707538843155,217.11992865800858,217.2602127790451,214.92052513360977,215.4332167506218,216.1490808725357,218.04414457082748,216.37159597873688,217.5632650256157,216.10346466302872,216.85335701704025,217.73873925209045
148,213.79262804985046,215.64825105667114,216.85646587610245,215.96315097808838,217.8951478600502,216.7487815618515,216.8525863289833,217.21869093179703,216.6564969420433,217.63798260688782,217.04608172178268,218.4975323677063,216.79557210206985,216.34102588891983,216.8226420879364,217.1250006556511,217.23587012290955,214.97506695985794,215.42618137598038,216.149363219738,218.039803981781,216.3727695941925,217.55174499750137,216.12578761577606,216.88211542367935,217.73523515462875
149,213.76222121715546,215.67537289857864,216.86424750089645,215.98407250642776,217.8826820254326,216.74497812986374,216.8073444366455,217.2118460536003,216.6468624472618,217.6217666864395,217.03584265708923,218.5176957845688,216.81786727905273,216.29077702760696,216.76905274391174,217.13456594944,217.20694881677628,215.02547007799149,215.41612684726715,216.15136927366257,218.0324491262436,216.3819745182991,217.53932029008865,216.1566441655159,216.90697836875916,217.73100358247757
150,213.7415080666542,215.70418053865433,216.87756729125977,216.01298880577087,217.86728382110596,216.7391613125801,216.76531445980072,217.20320785045624,216.6317491531372,217.60013222694397,217.03037238121033,218.53300327062607,216.83187597990036,216.23757898807526,216.71397078037262,217.14939934015274,217.17407244443893,215.06902968883514,215.4043908715248,216.15406841039658,218.02341532707214,216.39762645959854,217.52582663297653,216.19346499443054,216.92654049396515,217.72635889053345
151,213.73396521806717,215.7347313761711,216.89733123779297,216.0494065284729,217.84967303276062,216.73287564516068,216.72988814115524,217.19281786680222,216.61309909820557,217.57474434375763,217.0300242304802,218.54218244552612,216.83850848674774,216.18274211883545,216.66195398569107,217.1694597005844,217.1377353668213,215.1032441854477,215.39363086223602,216.1574974656105,218.01390266418457,216.41734713315964,217.51191467046738,216.23324739933014,216.94043159484863,217.7226357460022
152,213.74189871549606,215.766692340374,216.92437958717346,216.0920388698578,217.82998871803284,216.7279136776924,216.70336645841599,217.17982298135757,216.59377032518387,217.5481184720993,217.03451371192932,218.543674826622,216.83807408809662,216.1277671456337,216.61578434705734,217.19414138793945,217.09748876094818,215.1276786327362,215.38600063323975,216.16204714775085,218.00439375638962,216.43968081474304,217.498251080513,216.27299571037292,216.94834923744202,217.72059798240662
153,213.7659022808075,215.79925203323364,216.95939755439758,216.13852483034134,217.80887681245804,216.7259303331375,216.6869066953659,217.1641058921814,216.57688128948212,217.52225959300995,217.0424068570137,218.5358772277832,216.83071792125702,216.07383877038956,216.57676929235458,217.2226403951645,217.05455857515335,215.14258182048798,215.3828465938568,216.16790360212326,217.9948070049286,216.46342253684998,217.4853178858757,216.31057977676392,216.9506328701973,217.7211470603943
154,213.8048912882805,215.8311147093773,217.00176799297333,216.18550366163254,217.7868565917015,216.7275586128235,216.68192821741104,217.14606112241745,216.5653359889984,217.4985510110855,217.05200493335724,218.51830744743347,216.81696647405624,216.02272772789001,216.54556220769882,217.25449550151825,217.0110929608345,215.1465698480606,215.38550007343292,216.17574858665466,217.98615032434464,216.48758828639984,217.47474068403244,216.3445941209793,216.94774359464645,217.72508436441422
155,213.8583783507347,215.86106818914413,217.05059051513672,216.22983419895172,217.76351296901703,216.7322819828987,216.68988060951233,217.1257140636444,216.56064194440842,217.47761112451553,217.06234002113342,218.49127054214478,216.79818379878998,215.97621989250183,216.52238553762436,217.2876779437065,216.96959280967712,215.13901364803314,215.39573621749878,216.18572318553925,217.98003178834915,216.5117420554161,217.46868777275085,216.37521266937256,216.94062173366547,217.73284339904785
156,213.92596691846848,215.8868774175644,217.10467183589935,216.26937198638916,217.73855131864548,216.7392451763153,216.71148878335953,217.1031900048256,216.56203389167786,217.4597121477127,217.07180309295654,218.45553386211395,216.77562582492828,215.935089468956,216.5074691772461,217.31954807043076,216.93184930086136,215.12018328905106,215.4154880642891,216.19762009382248,217.97694677114487,216.5359429717064,217.4691377878189,216.40248435735703,216.92977356910706,217.74530148506165
157,214.00609862804413,215.90528970956802,217.16175818443298,216.30296301841736,217.71255201101303,216.74770241975784,216.74700409173965,217.0788112282753,216.56789767742157,217.4448853135109,217.07878696918488,218.41247487068176,216.75093132257462,215.8995406627655,216.5017386674881,217.34694230556488,216.89959782361984,215.09162932634354,215.44529968500137,216.21003341674805,217.97654563188553,216.5600511431694,217.47689819335938,216.42709690332413,216.91606324911118,217.76324844360352
158,214.09687143564224,215.91155064105988,217.22062700986862,216.32918107509613,217.6871662735939,216.75641602277756,216.79498875141144,217.05334097146988,216.5769019126892,217.43317383527756,217.0824145078659,218.36468529701233,216.72567462921143,215.87007611989975,216.50511533021927,217.36783981323242,216.8737634420395,215.05638641119003,215.48613238334656,216.22208112478256,217.97807949781418,216.58413273096085,217.4918959736824,216.44949615001678,216.90023404359818,217.78703540563583
159,214.19510769844055,215.90350127220154,217.2796512246132,216.34715908765793,217.6634982228279,216.76414984464645,216.8530403971672,217.02870559692383,216.58807575702667,217.42412543296814,217.08176618814468,218.31433337926865,216.70140093564987,215.84830236434937,216.51739424467087,217.38142412900925,216.8539365530014,215.0167630314827,215.53794103860855,216.23335444927216,217.98049020767212,216.60781514644623,217.5145656466484,216.46927320957184,216.882359623909,217.8155944943428
160,214.29741978645325,215.8803848028183,217.33771216869354,216.35606956481934,217.642746925354,216.7705535888672,216.91787403821945,217.00806027650833,216.5995056629181,217.4176294207573,217.0767706632614,218.263854265213,216.6778736114502,215.83607506752014,216.53890854120255,217.387824177742,216.8389144539833,214.97487074136734,215.6001539826393,216.24330008029938,217.98185616731644,216.63013392686844,217.54567301273346,216.48583537340164,216.86229330301285,217.84670358896255
161,214.40064251422882,215.84247183799744,217.3938266634941,216.35657441616058,217.6262840628624,216.77641850709915,216.98587638139725,216.99359011650085,216.60910403728485,217.41315013170242,217.06857651472092,218.2154722213745,216.65392142534256,215.83473932743073,216.57009917497635,217.3874815106392,216.8276767730713,214.93118751049042,215.67185908555984,216.251509308815,217.98072946071625,216.65040731430054,217.58500111103058,216.49823766946793,216.83936715126038,217.87636017799377
162,214.50302648544312,215.79059118032455,217.44756066799164,216.35087305307388,217.61602145433426,216.78271514177322,217.0520822405815,216.98535054922104,216.61443305015564,217.41016656160355,217.05909085273743,218.17089009284973,216.62868720293045,215.84556370973587,216.6105701327324,217.38175505399704,216.81919479370117,214.88690131902695,215.75152570009232,216.25868713855743,217.9764746427536,216.66859537363052,217.63086020946503,216.50465261936188,216.8140179514885,217.90201461315155
163,214.60305041074753,215.7266924381256,217.49812871217728,216.34110367298126,217.61412626504898,216.79020881652832,217.11229813098907,216.9832289814949,216.61398142576218,217.40905022621155,217.05162620544434,218.13148963451385,216.60271298885345,215.868508040905,216.6594482064247,217.37256175279617,216.8128256201744,214.84383022785187,215.83731365203857,216.2653124332428,217.9696251153946,216.68568575382233,217.68157649040222,216.50428676605225,216.78822100162506,217.9218418598175
164,214.69906330108643,215.6541524529457,217.54479253292084,216.32915890216827,217.62275075912476,216.7991361618042,217.16368287801743,216.98677617311478,216.6074462532997,217.4108533859253,217.04857349395752,218.09879273176193,216.57639288902283,215.9030391573906,216.716153383255,217.36307621002197,216.80825155973434,214.80284386873245,215.92649763822556,216.27186274528503,217.96094691753387,216.7020587325096,217.7351871728897,216.497620344162,216.76443076133728,217.9350106716156
165,214.78943693637848,215.57688689231873,217.5876488685608,216.31730210781097,217.6430811882019,216.8099695444107,217.2036702632904,216.9955193400383,216.59546768665314,217.41709107160568,217.0517744421959,218.07422178983688,216.55185467004776,215.94708573818207,216.7798216342926,217.35605365037918,216.80566453933716,214.76405614614487,216.01786369085312,216.27933990955353,217.9519813656807,216.7183049917221,217.78976488113403,216.48665875196457,216.7462163567543,217.94288271665573
166,214.87346410751343,215.49823474884033,217.6269189119339,216.30730670690536,217.67480671405792,216.82159620523453,217.22956997156143,217.00800508260727,216.58023822307587,217.42884999513626,217.06370747089386,218.05812352895737,216.53064095973969,215.9992911219597,216.84933632612228,217.35430598258972,216.80517309904099,214.72956025600433,216.1109032034874,216.28829836845398,217.94459128379822,216.73462623357773,217.84385305643082,216.47283172607422,216.73539698123932,217.9475660920143
167,214.9525210261345,215.4219347834587,217.66287678480148,216.3007614016533,217.7159920334816,216.8326804637909,217.2419959306717,217.0216559767723,216.56453037261963,217.44653820991516,217.08637392520905,218.05077850818634,216.51607197523117,216.05826622247696,216.92280745506287,217.359543800354,216.80651754140854,214.7014703154564,216.205118060112,216.2979860305786,217.94055211544037,216.7500183582306,217.89495784044266,216.4569645524025,216.73292756080627,217.9519543647766
168,215.02801501750946,215.35020852088928,217.6960688829422,216.2994420528412,217.7639337182045,216.8425953388214,217.2413955926895,217.03642749786377,216.550774872303,217.4695781469345,217.1212972998619,218.05202847719193,216.51126098632812,216.12287348508835,216.9976726770401,217.37342298030853,216.80901074409485,214.682987511158,216.30094796419144,216.30781883001328,217.9411010146141,216.76428133249283,217.94091022014618,216.4411848783493,216.73974478244781,217.95863717794418
169,215.10096049308777,215.28458666801453,217.726680457592,216.30384904146194,217.81547498703003,216.8517551422119,217.23094254732132,217.05188673734665,216.54128748178482,217.49691355228424,217.16923677921295,218.06196582317352,216.5185950398445,216.19151681661606,217.07218116521835,217.39606124162674,216.81298065185547,214.67697769403458,216.39715135097504,216.31807672977448,217.9473871588707,216.7782734632492,217.98056530952454,216.4270582795143,216.75533610582352,217.96934646368027
170,215.17324233055115,215.22630214691162,217.7543541789055,216.31287664175034,217.86935657262802,216.85972929000854,217.21356523036957,217.06879794597626,216.5369754433632,217.52697038650513,217.22983479499817,218.08008205890656,216.53927737474442,216.26254737377167,217.1433528661728,217.42732113599777,216.8195048570633,214.6855663061142,216.49225115776062,216.32983684539795,217.96084970235825,216.794950902462,218.0124370455742,216.41410392522812,216.77836966514587,217.98581326007843
171,215.24557203054428,215.17732775211334,217.77897661924362,216.32569789886475,217.92567133903503,216.86754649877548,217.19353526830673,217.0888860821724,216.5386506319046,217.559261739254,217.30352330207825,218.1061448454857,216.5737709403038,216.33348113298416,217.2089485526085,217.4667243361473,216.8307684659958,214.70857167243958,216.58379065990448,216.3438287973404,217.9836795926094,216.81795805692673,218.0361613035202,216.4034304022789,216.80942505598068,218.0095672607422
172,215.31961047649384,215.14068537950516,217.80062288045883,216.3397771716118,217.9835479259491,216.87532460689545,217.17519342899323,217.1132768392563,216.54718071222305,217.59409993886948,217.38930195569992,218.13993203639984,216.62198793888092,216.4026244878769,217.2671417593956,217.51444816589355,216.84901291131973,214.74683892726898,216.66881734132767,216.36201626062393,218.01748543977737,216.8488900065422,218.0518343448639,216.39598160982132,216.8496174812317,218.0413112640381
173,215.39701741933823,215.1164561510086,217.81929832696915,216.35277849435806,218.04277288913727,216.88230538368225,217.16249710321426,217.14199703931808,216.56238043308258,217.63282310962677,217.4855313897133,218.1809457540512,216.68312007188797,216.46885418891907,217.31568157672882,217.56939256191254,216.87610167264938,214.80176150798798,216.74503982067108,216.386637032032,218.06295436620712,216.88814455270767,218.0602980852127,216.39477956295013,216.90034425258636,218.08013784885406
174,215.47823363542557,215.1038807630539,217.83440059423447,216.3630474805832,218.1035687327385,216.8887983560562,217.1596845984459,217.1761195063591,216.5836100578308,217.67775976657867,217.59041666984558,218.22856724262238,216.7542809844017,216.53032284975052,217.3538100719452,217.6300521492958,216.91325569152832,214.8727970123291,216.81220650672913,216.42145359516144,218.12032574415207,216.93482571840286,218.06295466423035,216.4032489657402,216.96333211660385,218.1256826519966
175,215.56221079826355,215.1017706990242,217.8445770740509,216.37020379304886,218.16566556692123,216.89695888757706,217.17008471488953,217.2160255908966,216.60947066545486,217.73054617643356,217.7019464969635,218.28154176473618,216.83287781476974,216.58612740039825,217.38125377893448,217.69534927606583,216.96190410852432,214.9582006931305,216.87072855234146,216.46840810775757,218.1885833144188,216.9875584244728,218.06186366081238,216.4242308139801,217.0396085381508,218.17602437734604
176,215.6472583413124,215.10972940921783,217.84896034002304,216.37543892860413,218.22772824764252,216.90892624855042,217.19527804851532,217.2614980340004,216.63913959264755,217.7925193309784,217.81846123933792,218.33958393335342,216.9154931306839,216.6361307501793,217.39889132976532,217.76499634981155,217.02190059423447,215.05641597509384,216.92132776975632,216.5286175608635,218.26753771305084,217.04386591911316,218.0599865913391,216.45845103263855,217.128599524498,218.2280397415161
177,215.7308253645897,215.12916827201843,217.8469033241272,216.38293999433517,218.28699070215225,216.92856562137604,217.23508256673813,217.31294578313828,216.67236059904099,217.86558765172958,217.93906164169312,218.40221345424652,217.00049901008606,216.68148738145828,217.40824395418167,217.83972495794296,217.09033238887787,215.16504937410355,216.96362054347992,216.60241508483887,218.3554503917694,217.10274040699005,218.05974733829498,216.50527703762054,217.23028016090393,218.27921229600906
178,215.8109992146492,215.16343051195145,217.8393982052803,216.39710187911987,218.3401290178299,216.95799148082733,217.28708344697952,217.3715054988861,216.7099090218544,217.95070379972458,218.0624207854271,218.46936213970184,217.08449882268906,216.72446012496948,217.40873265266418,217.91892039775848,217.16542607545853,215.28055852651596,216.99523729085922,216.68882197141647,218.44837749004364,217.1647314429283,218.06177788972855,216.56296223402023,217.3436397910118,218.32694160938263
179,215.88436311483383,215.2156708240509,217.82850348949432,216.4204277396202,218.38651585578918,216.99926126003265,217.34720915555954,217.43837183713913,216.75415629148483,218.0498239994049,218.18884003162384,218.54228407144547,217.165281355381,216.76649010181427,217.4028524160385,218.0023040175438,217.24675977230072,215.39945966005325,217.0143751502037,216.7884315252304,218.54394167661667,217.23164212703705,218.06872248649597,216.62753742933273,217.4646798968315,218.3698765039444
180,215.94976317882538,215.28361463546753,217.81881189346313,216.45327693223953,218.42450094223022,217.05339920520782,217.4107505083084,217.51402413845062,216.80779039859772,218.1647418141365,218.31841027736664,218.62094801664352,217.24274706840515,216.80845922231674,217.3929179906845,218.08951038122177,217.33331805467606,215.5202683210373,217.0239822268486,216.89943599700928,218.6395873427391,217.30597060918808,218.0822816491127,216.69582730531693,217.5892392396927,218.40777415037155
