shift,pair_00,pair_01,pair_02,pair_03,pair_04,pair_05,pair_06,pair_07,pair_08,pair_09,pair_10,pair_11,pair_12,pair_13,pair_14
-180,217.47567230463028,217.2071077823639,217.2983889579773,217.230582177639,215.37661957740784,216.73936480283737,216.78101354837418,218.50711333751678,217.5924546122551,217.19417709112167,217.75694125890732,215.7481096982956,218.64172530174255,217.93013095855713,214.83317559957504
-179,217.35260993242264,217.14266854524612,217.25325405597687,217.16005778312683,215.32680821418762,216.62988978624344,216.76677459478378,218.42614340782166,217.49306219816208,217.1314179301262,217.68527191877365,215.71201479434967,218.61574989557266,217.84473085403442,214.79959499835968
-178,217.23737049102783,217.07281297445297,217.21379607915878,217.08571648597717,215.2847746014595,216.5234916806221,216.75145810842514,218.34185057878494,217.40361982584,217.07699072360992,217.60950368642807,215.6791034936905,218.58783400058746,217.76337891817093,214.75456076860428
-177,217.12845623493195,216.99953466653824,217.1782792210579,217.00816017389297,215.2444362640381,216.4245063662529,216.73487210273743,218.25739967823029,217.3262818455696,217.02951431274414,217.52882993221283,215.6486777663231,218.55901980400085,217.6864818930626,214.69778561592102
-176,217.0272600054741,216.92351293563843,217.14417362213135,216.92984741926193,215.20217847824097,216.3354670405388,216.71723026037216,218.1757494211197,217.26109021902084,216.98737287521362,217.4451248049736,215.62100040912628,218.52965527772903,217.615509390831,214.62805551290512
-175,216.93579077720642,216.84635823965073,217.1088936328888,216.85399901866913,215.15626341104507,216.25798851251602,216.69956463575363,218.10115653276443,217.20652186870575,216.95058113336563,217.3612161874771,215.59466189146042,218.5001997947693,217.54734295606613,214.5458925962448
-174,216.85521018505096,216.76988196372986,217.07180178165436,216.784417450428,215.10807079076767,216.19259053468704,216.6830199956894,218.03697800636292,217.1612690091133,216.91683399677277,217.2798318862915,215.5699039697647,218.4713512659073,217.47890228033066,214.45429795980453
-173,216.7846947312355,216.69687885046005,217.03390556573868,216.72320836782455,215.06086230278015,216.13990783691406,216.6694911122322,217.98556476831436,217.1245070695877,216.88535070419312,217.20112854242325,215.54623091220856,218.44277042150497,217.40848463773727,214.35532349348068
-172,216.72453427314758,216.63014018535614,216.9958137869835,216.67098373174667,215.0169231891632,216.09849935770035,216.65933066606522,217.9477937221527,217.09472489356995,216.85583448410034,217.12587571144104,215.52441000938416,218.41308295726776,217.33465373516083,214.2513953447342
-171,216.67536288499832,216.5734394788742,216.95841765403748,216.6267825961113,214.9788300395012,216.06499069929123,216.65377813577652,217.9220849275589,217.07006692886353,216.8285311460495,217.0530932545662,215.50467920303345,218.38145405054092,217.25520837306976,214.14254039525986
-170,216.63723635673523,216.5297263264656,216.9222308397293,216.5900999903679,214.94973450899124,216.03701829910278,216.6527191400528,217.90658831596375,217.04903322458267,216.80242198705673,216.98264181613922,215.48667442798615,218.3479329943657,217.16894632577896,214.03103125095367
-169,216.6094760298729,216.5017539858818,216.88542479276657,216.5609112381935,214.9304836988449,216.0126981139183,216.65424609184265,217.89771729707718,217.0312135219574,216.77627032995224,216.91367137432098,215.47059792280197,218.31237268447876,217.07613241672516,213.92160844802856
-168,216.59148210287094,216.49012297391891,216.84730231761932,216.5392765402794,214.92097008228302,215.99168252944946,216.65637069940567,217.89089411497116,217.0167956352234,216.74993014335632,216.84578335285187,215.45700484514236,218.27508157491684,216.97729527950287,213.81657403707504
-167,216.58210372924805,216.49360185861588,216.80855119228363,216.52470022439957,214.921120762825,215.9738198518753,216.65702629089355,217.88168984651566,217.005901157856,216.7219203710556,216.7802111506462,215.4462422132492,218.237659573555,216.8739566206932,213.71779322624207
-166,216.57923954725266,216.51069682836533,216.76937353610992,216.5163832306862,214.93057411909103,215.95916056632996,216.6548513174057,217.8664509654045,216.99797278642654,216.69138324260712,216.7207840681076,215.43819493055344,218.20087718963623,216.7685376405716,213.62626367807388
-165,216.58109831809998,216.53810876607895,216.73025119304657,216.51331984996796,214.9494241476059,215.94904506206512,216.64835131168365,217.84310472011566,216.99220079183578,216.65751832723618,216.67066204547882,215.43376564979553,218.16454952955246,216.6643550992012,213.5426697731018
-164,216.58491951227188,216.57343006134033,216.6918242573738,216.51354974508286,214.976844727993,215.94435304403305,216.6351729631424,217.80995482206345,216.9880971312523,216.61932742595673,216.63192349672318,215.4334037899971,218.1284372806549,216.56517457962036,213.4673491716385
-163,216.58805418014526,216.61379194259644,216.65485417842865,216.51536184549332,215.01097786426544,215.9453798532486,216.6136474609375,217.76576018333435,216.98446208238602,216.57683980464935,216.6033320426941,215.43625968694687,218.09305554628372,216.47439336776733,213.40042346715927
-162,216.58776128292084,216.65601247549057,216.61910593509674,216.51765543222427,215.04871731996536,215.95179867744446,216.5833005309105,217.7102175951004,216.97973948717117,216.53015023469925,216.58316200971603,215.44067668914795,218.0583974123001,216.3938449025154,213.34239345788956
-161,216.5820792913437,216.69761604070663,216.58632689714432,216.5195791721344,215.08860874176025,215.96271812915802,216.54476672410965,217.64348924160004,216.97379326820374,216.4803490638733,216.57067561149597,215.44627195596695,218.0244541168213,216.32400864362717,213.29289120435715
-160,216.57022202014923,216.7367399930954,216.55799347162247,216.5194127559662,215.12969428300858,215.97656100988388,216.4989019036293,217.56721186637878,216.96625155210495,216.42964547872543,216.56556153297424,215.45267695188522,217.99095165729523,216.26475965976715,213.25039732456207
-159,216.55338370800018,216.77352952957153,216.53587675094604,216.51665443181992,215.17180079221725,215.9918133020401,216.44805991649628,217.48369270563126,216.95697677135468,216.3808118700981,216.56720912456512,215.45820647478104,217.95944637060165,216.21592158079147,213.21503949165344
-158,216.5338789820671,216.80784982442856,216.52092844247818,216.51092863082886,215.2154739499092,216.00696176290512,216.3956480026245,217.39592242240906,216.9467979669571,216.335931122303,216.57546055316925,215.46118634939194,217.93184340000153,216.17608273029327,213.18829506635666
-157,216.51438480615616,216.83807426691055,216.5130078792572,216.50297731161118,215.26024270057678,216.02023702859879,216.34476268291473,217.3075560927391,216.93596905469894,216.29746633768082,216.59000718593597,215.45965665578842,217.90926790237427,216.14382791519165,213.17093926668167
-156,216.49784302711487,216.86391311883926,216.51103579998016,216.4934863448143,215.30406719446182,216.03111618757248,216.29770863056183,217.22137755155563,216.92467188835144,216.26707285642624,216.61145550012589,215.4543696641922,217.89030706882477,216.11767733097076,213.16544789075851
-155,216.4872848391533,216.8843219280243,216.51374077796936,216.4831167459488,215.34561824798584,216.03953790664673,216.2553014755249,217.14039540290833,216.91370511054993,216.24477845430374,216.63944762945175,215.44722992181778,217.873670399189,216.09715366363525,213.17326539754868
-154,216.48473209142685,216.89860159158707,216.52027517557144,216.47187972068787,215.38308602571487,216.0453788638115,216.21707677841187,217.0668250322342,216.9030680656433,216.2314201593399,216.67291676998138,215.44060969352722,217.85711359977722,216.08188343048096,213.1934370994568
-153,216.491297185421,216.90673393011093,216.53007912635803,216.45923328399658,215.41509002447128,216.04923349618912,216.18217450380325,217.00210392475128,216.89327424764633,216.22769063711166,216.71123576164246,215.43545246124268,217.83934724330902,216.0706568956375,213.22460168600082
-152,216.5070856809616,216.90951842069626,216.5421359539032,216.44571328163147,215.44054180383682,216.05199962854385,216.14909309148788,216.9478923678398,216.88553261756897,216.2320544719696,216.75352144241333,215.43326795101166,217.81973415613174,216.06237918138504,213.26379984617233
-151,216.53125900030136,216.90835469961166,216.55545961856842,216.43202871084213,215.45810508728027,216.05303925275803,216.11681580543518,216.9054580926895,216.87980550527573,216.24204164743423,216.79865509271622,215.43548208475113,217.79772353172302,216.05696684122086,213.30618011951447
-150,216.56295716762543,216.9038724899292,216.5693463087082,216.41870003938675,215.4670650959015,216.0521097779274,216.0850625038147,216.87615656852722,216.87639546394348,216.254809319973,216.84586119651794,215.4428842663765,217.7735293507576,216.05437707901,213.3480670452118
-149,216.6011787056923,216.89637917280197,216.583261013031,216.40659546852112,215.4676547050476,216.04923593997955,216.05446565151215,216.8615119457245,216.87497103214264,216.26750499010086,216.8942351937294,215.45548158884048,217.74849891662598,216.05593460798264,213.38672149181366
-148,216.64495569467545,216.88687074184418,216.59794741868973,216.3960428237915,215.4618195295334,216.04563176631927,216.02684146165848,216.8626143336296,216.87489140033722,216.27815240621567,216.94291138648987,215.47414684295654,217.7241688966751,216.06224596500397,213.418940782547
-147,216.6934416294098,216.87682580947876,216.6138146519661,216.38679760694504,215.45240181684494,216.0426230430603,216.00392097234726,216.87889897823334,216.87629222869873,216.2871642112732,216.99152386188507,215.50020945072174,217.70201516151428,216.07362246513367,213.44316011667252
-146,216.745760679245,216.86720979213715,216.63083535432816,216.377825319767,215.44182580709457,216.04221260547638,215.9859219789505,216.90705794095993,216.87973630428314,216.29550820589066,217.03956931829453,215.53369468450546,217.6826845407486,216.0904756784439,213.45832163095474
-145,216.80040436983109,216.85747253894806,216.6500370502472,216.3680743575096,215.43233174085617,216.0449873805046,215.9727966785431,216.94275867938995,216.8844120502472,216.30441707372665,217.0864695906639,215.5730375647545,217.66694074869156,216.11330235004425,213.4646338224411
-144,216.85553461313248,216.84683191776276,216.67230731248856,216.35637187957764,215.4259131550789,216.05119067430496,215.9650337100029,216.98205399513245,216.88904738426208,216.31394511461258,217.1306636929512,215.6163159608841,217.65476405620575,216.14216792583466,213.46376621723175
-143,216.90920799970627,216.8343567252159,216.6983636021614,216.34153980016708,215.42336642742157,216.06093174219131,215.96370512247086,217.02245223522186,216.89328223466873,216.3228040933609,217.17049139738083,215.66210436820984,217.64550268650055,216.17685824632645,213.45759445428848
-142,216.95904850959778,216.81930768489838,216.7284397482872,216.3236876130104,215.42521834373474,216.07358020544052,215.96983408927917,217.06234109401703,216.8972800374031,216.32933747768402,217.20450937747955,215.7083221077919,217.63856387138367,216.2174410223961,213.44826310873032
-141,217.00321805477142,216.80191296339035,216.76289474964142,216.303936958313,215.43135046958923,216.08784592151642,215.98348540067673,217.1006498336792,216.90137898921967,216.33302611112595,217.23262029886246,215.75316494703293,217.6347979903221,216.26298129558563,213.43815970420837
-140,217.04039919376373,216.78307551145554,216.80094307661057,216.28394955396652,215.4414120912552,216.10221076011658,216.00483733415604,217.13649666309357,216.90663999319077,216.33526891469955,217.25608414411545,215.7951536178589,217.6339147090912,216.31113994121552,213.43015390634537
-139,217.06874877214432,216.76407438516617,216.8415275812149,216.2651960849762,215.4556040763855,216.11563503742218,216.03320914506912,217.16956704854965,216.91319274902344,216.337055683136,217.2738521695137,215.83274978399277,217.63562458753586,216.3599357008934,213.4270716905594
-138,217.08602494001389,216.74618154764175,216.88313001394272,216.24754744768143,215.47424221038818,216.12736362218857,216.06641334295273,217.19958198070526,216.9214716553688,216.3394234776497,217.28541332483292,215.8636993765831,217.63984495401382,216.4085537791252,213.4307460784912
-137,217.09108692407608,216.7300980091095,216.92360889911652,216.23077607154846,215.49644654989243,216.13659709692,216.10206335783005,217.22656053304672,216.93161910772324,216.3426575064659,217.2899997830391,215.88600116968155,217.6466183066368,216.45648473501205,213.44252401590347
-136,217.08376920223236,216.71622741222382,216.96115100383759,216.2146093249321,215.52061623334885,216.14282751083374,216.13797837495804,217.25037962198257,216.9427615404129,216.34657514095306,217.28680872917175,215.898188829422,217.65627264976501,216.5031092762947,213.46222615242004
-135,217.0638936161995,216.70451617240906,216.99480944871902,216.19927263259888,215.54495042562485,216.14714312553406,216.1722224354744,217.27114576101303,216.9535658955574,216.3515803217888,217.2763431072235,215.89947527647018,217.669103205204,216.5480399131775,213.48826217651367
-134,217.0322149991989,216.6955847144127,217.02358090877533,216.18501961231232,215.56813389062881,216.1504117846489,216.20344996452332,217.2890756726265,216.96259254217148,216.35807222127914,217.25972026586533,215.8897843360901,217.6850847005844,216.59106588363647,213.518778860569
-133,216.99023830890656,216.6900633573532,217.04677110910416,216.17210799455643,215.589180290699,216.15093541145325,216.2307898402214,217.3042197227478,216.9691463112831,216.36703699827194,217.23901057243347,215.86980080604553,217.70366287231445,216.63197952508926,213.5522946715355
-132,216.9401313662529,216.6881227493286,217.06421607732773,216.16096031665802,215.60767710208893,216.14936089515686,216.2534384727478,217.31721675395966,216.973918735981,216.3795365691185,217.21661514043808,215.8414945602417,217.7242915034294,216.67025899887085,213.58691722154617
-131,216.8846219778061,216.68923103809357,217.07566326856613,216.15243256092072,215.62324649095535,216.14694541692734,216.27094930410385,217.3290255665779,216.97770899534225,216.39624392986298,217.1943126320839,215.80861699581146,217.74712240695953,216.70555078983307,213.6210559606552
-130,216.82621788978577,216.69274097681046,217.08254539966583,216.14736133813858,215.6357942223549,216.14443284273148,216.2830468416214,217.34028589725494,216.98074746131897,216.41766893863678,217.1736559867859,215.7738659977913,217.7716941833496,216.73716789484024,213.6543419957161
-129,216.76724404096603,216.69865775108337,217.08629965782166,216.1468712091446,215.64565312862396,216.14293390512466,216.2895115017891,217.35145539045334,216.98264920711517,216.44353759288788,217.15624302625656,215.73927092552185,217.79752349853516,216.76446813344955,213.68722546100616
-128,216.70950025320053,216.7073009610176,217.08807939291,216.15132457017899,215.65338015556335,216.14214128255844,216.2901085615158,217.3623287677765,216.98316776752472,216.4732242822647,217.1436939239502,215.70610010623932,217.82402557134628,216.78759109973907,213.71985864639282
-127,216.65457516908646,216.719382584095,217.08923363685608,216.16036397218704,215.6594620347023,216.1405862569809,216.28580057621002,217.3727257847786,216.98216992616653,216.50560945272446,217.1367552280426,215.67463368177414,217.8508157134056,216.80614918470383,213.75221580266953
-126,216.60412645339966,216.73565524816513,217.09102988243103,216.17309254407883,215.6637703180313,216.13718521595,216.27852368354797,217.38242506980896,216.9787513613701,216.5388668179512,217.13528645038605,215.64548206329346,217.87729597091675,216.81955355405807,213.78427493572235
-125,216.55970150232315,216.75678026676178,217.09516823291779,216.18834006786346,215.66588711738586,216.13189554214478,216.26983630657196,217.39175862073898,216.9719027876854,216.57121914625168,217.13847714662552,215.61864560842514,217.90276837348938,216.82744699716568,213.81573379039764
-124,216.5222403407097,216.78295516967773,217.10254603624344,216.20498156547546,215.66553032398224,216.12511962652206,216.2611129283905,217.40151929855347,216.96068805456161,216.60111683607101,217.14523011446,215.593203663826,217.92690116167068,216.82976073026657,213.8481666445732
-123,216.49188214540482,216.81417328119278,217.11309903860092,216.22222393751144,215.66240644454956,216.11810094118118,216.25283634662628,217.41223812103271,216.9448979496956,216.62802475690842,217.1546784043312,215.56773483753204,217.95018869638443,216.82653838396072,213.8820977807045
-122,216.46870517730713,216.850232899189,217.1264809370041,216.2397137284279,215.65650922060013,216.111798286438,216.2454144358635,217.4246118068695,216.92488086223602,216.6511753797531,217.1660640835762,215.5412231683731,217.97360932826996,216.8185537457466,213.91697400808334
-121,216.45333409309387,216.8905450105667,217.14208114147186,216.2573047876358,215.64809995889664,216.10693138837814,216.23906874656677,217.43893986940384,216.90162897109985,216.66956108808517,217.17850399017334,215.51361101865768,217.9976800084114,216.8061729669571,213.95159196853638
-120,216.44554752111435,216.93405467271805,217.15864253044128,216.27497738599777,215.6379690170288,216.10409474372864,216.23390036821365,217.45534706115723,216.87693512439728,216.68262660503387,217.19131708145142,215.48572474718094,218.02257925271988,216.7897275686264,213.9845290184021
-119,216.4447396993637,216.97897922992706,217.17446446418762,216.2924963235855,215.62726420164108,216.10392051935196,216.23029106855392,217.4736152291298,216.8535177707672,216.6902704834938,217.2041593194008,215.45869034528732,218.04825538396835,216.76999855041504,214.01456385850906
-118,216.44967514276505,217.02313697338104,217.18869924545288,216.3097441792488,215.61720716953278,216.1070834994316,216.22811967134476,217.49336498975754,216.83419787883759,216.69264829158783,217.21706557273865,215.43394821882248,218.07442152500153,216.74849265813828,214.0409944653511
-117,216.459239423275,217.06462180614471,217.2004230618477,216.32652235031128,215.60853344202042,216.11392587423325,216.22715765237808,217.51413905620575,216.82101136446,216.69023722410202,217.23024839162827,215.41346621513367,218.10028904676437,216.72762989997864,214.06442272663116
-116,216.4723150730133,217.1013395190239,217.20863980054855,216.3428636789322,215.6009048819542,216.12415778636932,216.22816759347916,217.5355048775673,216.8157935142517,216.68400448560715,217.2428959608078,215.3992556333542,218.12526500225067,216.70951038599014,214.08583694696426
-115,216.48794841766357,217.13176029920578,217.2129482626915,216.3592602610588,215.5940569639206,216.13740837574005,216.23121297359467,217.556806743145,216.8199826478958,216.675184071064,217.25380676984787,215.3927260041237,218.14916455745697,216.6959364414215,214.10690945386887
-114,216.5051302909851,217.15432572364807,217.2135390639305,216.37609750032425,215.5885872244835,216.15322625637054,216.2358114719391,217.57753133773804,216.83434855937958,216.6652348637581,217.26152056455612,215.39390242099762,218.17205941677094,216.68840700387955,214.1291132569313
-113,216.52310520410538,217.16833531856537,217.2109100818634,216.39396089315414,215.58487629890442,216.17107045650482,216.24178779125214,217.59747755527496,216.85868287086487,216.65527248382568,217.26536387205124,215.40134489536285,218.19385373592377,216.6872969865799,214.15283453464508
-112,216.54136514663696,217.1741505265236,217.20580792427063,216.41370558738708,215.58306688070297,216.19011586904526,216.24854892492294,217.61625069379807,216.89233130216599,216.64569836854935,217.26656836271286,215.41316217184067,218.2139567732811,216.69164019823074,214.17827951908112
-111,216.55981397628784,217.1722727417946,217.19875156879425,216.43606811761856,215.58298432826996,216.2100494503975,216.25533175468445,217.63339364528656,216.9340142607689,216.6363506913185,217.26737189292908,215.4277845621109,218.23179507255554,216.69942539930344,214.2055891752243
-110,216.57811522483826,217.1638122200966,217.19024550914764,216.46125203371048,215.58399200439453,216.23022764921188,216.2610974907875,217.6482613682747,216.982191324234,216.62634545564651,217.27037912607193,215.4447033405304,218.2477433681488,216.70845633745193,214.23482698202133
-109,216.59587109088898,217.1505570411682,217.18077540397644,216.48919260501862,215.5856937766075,216.24946922063828,216.26492142677307,217.6600393652916,217.03386986255646,216.61504590511322,217.27641016244888,215.46374064683914,218.26213896274567,216.71671932935715,214.26479595899582
-108,216.61354780197144,217.13507878780365,217.17075073719025,216.51908951997757,215.5885711312294,216.26704251766205,216.26633775234222,217.66812878847122,217.08587008714676,216.60163134336472,217.28466945886612,215.48411113023758,218.2747203707695,216.72220122814178,214.2942722439766
-107,216.63158357143402,217.12053912878036,217.16048109531403,216.54992336034775,215.59389036893845,216.28324002027512,216.26538532972336,217.6719953417778,217.13566637039185,216.5846021771431,217.2934301495552,215.5050613284111,218.2853416800499,216.72297537326813,214.32195109128952
-106,216.65028774738312,217.1091896891594,217.15034008026123,216.58120495080948,215.60192203521729,216.2985253930092,216.2624596953392,217.67105025053024,217.1813558936119,216.56338304281235,217.3013288974762,215.52623891830444,218.29380124807358,216.71779710054398,214.34652692079544
-105,216.66958218812943,217.1022391319275,217.14123392105103,216.6128088235855,215.61234974861145,216.31235110759735,216.2582169175148,217.66508316993713,217.22132712602615,216.53857439756393,217.30767446756363,215.5478293299675,218.29973721504211,216.70638036727905,214.36748892068863
-104,216.68856132030487,217.1006691455841,217.13415271043777,216.64357817173004,215.62471890449524,216.32369631528854,216.2534704208374,217.65476727485657,217.25499749183655,216.5112378001213,217.3121401667595,215.56969380378723,218.30325812101364,216.68980675935745,214.38486951589584
-103,216.70576512813568,217.10541814565659,217.12963622808456,216.6717985868454,215.63828837871552,216.33189874887466,216.24878334999084,217.64125072956085,217.28319990634918,216.48273426294327,217.3144764304161,215.59173220396042,218.30482059717178,216.6701751947403,214.3981146812439
-102,216.72061848640442,217.1163845062256,217.12820488214493,216.69659155607224,215.6521978378296,216.3369807600975,216.24409663677216,217.62587195634842,217.30652987957,216.45423340797424,217.31492829322815,215.6145334839821,218.3052577972412,216.65020948648453,214.4067959189415
-101,216.7332878112793,217.1327724456787,217.1296769976616,216.71770775318146,215.66551518440247,216.34052807092667,216.23825973272324,217.61016607284546,217.32568287849426,216.42645728588104,217.31336843967438,215.63802379369736,218.30535632371902,216.63233256340027,214.4099760055542
-100,216.74310690164566,217.15383940935135,217.13347947597504,216.73460215330124,215.67763191461563,216.34390324354172,216.2303650379181,217.59544044733047,217.3418988585472,216.40024811029434,217.3094700574875,215.66138750314713,218.30499410629272,216.61854910850525,214.40659600496292
-99,216.74957835674286,217.17961251735687,217.1391830444336,216.74748128652573,215.6882340312004,216.34779393672943,216.22063219547272,217.58295321464539,217.35623961687088,216.37571662664413,217.30258816480637,215.6832999587059,218.30367410182953,216.6105889081955,214.39737129211426
-98,216.75234735012054,217.2102888226509,217.14720678329468,216.75817573070526,215.6971616744995,216.35298883914948,216.20978957414627,217.57363986968994,217.3691298365593,216.35279470682144,217.29236376285553,215.70216077566147,218.30131101608276,216.60925966501236,214.38396614789963
-97,216.75101041793823,217.24534505605698,217.15758323669434,216.76815742254257,215.7044802904129,216.35969638824463,216.1988815665245,217.56767755746841,217.38023680448532,216.33150124549866,217.28109312057495,215.71608120203018,218.29786384105682,216.61434894800186,214.3680967092514
-96,216.74532598257065,217.28334879875183,217.16982811689377,216.77849811315536,215.71020460128784,216.36774724721909,216.18996518850327,217.56540256738663,217.38920694589615,216.3119165301323,217.27012795209885,215.72276425361633,218.29331308603287,216.6256331205368,214.35196655988693
-95,216.7358414530754,217.32191866636276,217.18380308151245,216.7891355752945,215.71444880962372,216.37679439783096,216.18493455648422,217.56732267141342,217.39639204740524,216.2947353720665,217.2603912949562,215.720629632473,218.28808653354645,216.64284443855286,214.33622962236404
-94,216.7241551876068,217.3587252497673,217.19889962673187,216.79962068796158,215.71683675050735,216.38584303855896,216.18530625104904,217.57341289520264,217.4022467136383,216.28107625246048,217.25250482559204,215.70911824703217,218.28245836496353,216.66559219360352,214.32048952579498
-93,216.71276247501373,217.39179706573486,217.2141370177269,216.80908942222595,215.7169937491417,216.39437770843506,216.19206833839417,217.58303970098495,217.40743696689606,216.27200454473495,217.24685406684875,215.68893444538116,218.27609187364578,216.69282406568527,214.304663002491
-92,216.70343470573425,217.4195629954338,217.22835862636566,216.81670129299164,215.71485126018524,216.40254646539688,216.20558393001556,217.59573525190353,217.41281443834305,216.26840847730637,217.2437847852707,215.66185128688812,218.26851415634155,216.72275894880295,214.2895691394806
-91,216.69645994901657,217.4409829378128,217.2407620549202,216.82214629650116,215.71063023805618,216.41068589687347,216.225223839283,217.6109105348587,217.41916620731354,216.2705101966858,217.242706656456,215.62980848550797,218.25932121276855,216.75358194112778,214.27522844076157
-90,216.69203352928162,217.4557011127472,217.25146704912186,216.82579165697098,215.704614341259,216.41889917850494,216.25022834539413,217.62775820493698,217.42689955234528,216.27817970514297,217.2430876493454,215.59511601924896,218.24744427204132,216.7834284901619,214.26196986436844
-89,216.69058579206467,217.46440505981445,217.2614043354988,216.8284608721733,215.69768553972244,216.4269316792488,216.27973419427872,217.6450429558754,217.43640238046646,216.29081958532333,217.24452805519104,215.560484290123,218.2318838238716,216.8100774884224,214.25189185142517
-88,216.69199639558792,217.46783065795898,217.2715122103691,216.83055818080902,215.69158560037613,216.43407326936722,216.31234645843506,217.6617438197136,217.44776272773743,216.30721217393875,217.2469940185547,215.52898424863815,218.21243649721146,216.83172470331192,214.2471432685852
-87,216.69592225551605,217.46638333797455,217.281254529953,216.8324409723282,215.68806248903275,216.43947434425354,216.3468016386032,217.67681777477264,217.46060121059418,216.3256099820137,217.25059950351715,215.50375586748123,218.18965089321136,216.84742802381516,214.24855208396912
-86,216.70210528373718,217.46035277843475,217.28990525007248,216.83426862955093,215.68787240982056,216.44208323955536,216.38216751813889,217.6894364953041,217.47426265478134,216.3453072309494,217.25540280342102,215.48746758699417,218.16472297906876,216.85733878612518,214.25643008947372
-85,216.71029609441757,217.450046479702,217.2969914674759,216.8362251520157,215.6912402510643,216.44074481725693,216.4179728627205,217.69974726438522,217.4882209300995,216.3659464120865,217.26143324375153,215.48216032981873,218.13875377178192,216.86171501874924,214.27106177806854
-84,216.72006332874298,217.43563556671143,217.3024622797966,216.83878076076508,215.69842672348022,216.43458408117294,216.45338356494904,217.70805579423904,217.50197809934616,216.38713312149048,217.26836150884628,215.48935788869858,218.11261528730392,216.8610074520111,214.29212230443954
-83,216.73107594251633,217.41740107536316,217.30675584077835,216.8426041007042,215.70977401733398,216.42310690879822,216.48752003908157,217.7146287560463,217.51538455486298,216.4081609249115,217.27553242444992,215.50954473018646,218.08730721473694,216.85552150011063,214.31914567947388
-82,216.74323552846909,217.39528650045395,217.31056195497513,216.84852409362793,215.72582697868347,216.40669125318527,216.51946318149567,217.71976101398468,217.52819859981537,216.42831432819366,217.28260838985443,215.54250174760818,218.0636538863182,216.84587037563324,214.35126209259033
-81,216.7568548321724,217.36872678995132,217.31484121084213,216.85726934671402,215.74670869112015,216.38614398241043,216.54797279834747,217.72368049621582,217.54029792547226,216.44696938991547,217.28955417871475,215.5873368382454,218.04283887147903,216.83259934186935,214.38752537965775
-80,216.77244889736176,217.33675581216812,217.3202201128006,216.86939495801926,215.77207785844803,216.36272209882736,216.57216256856918,217.7266817688942,217.55149376392365,216.46408200263977,217.2964853644371,215.64287120103836,218.02619010210037,216.8163150548935,214.42686676979065
-79,216.79036128520966,217.29875952005386,217.32696729898453,216.88517129421234,215.8012819290161,216.3377805352211,216.5916347503662,217.72910207509995,217.56141936779022,216.4797152876854,217.30361700057983,215.7069621682167,218.01474022865295,216.7975891828537,214.4681203365326
-78,216.81053394079208,217.25512945652008,217.33479565382004,216.9047063589096,215.8336147069931,216.31301093101501,216.60616034269333,217.73186910152435,217.5696523785591,216.49369603395462,217.31132012605667,215.77669578790665,218.00883680582047,216.77760922908783,214.50997805595398
-77,216.83260023593903,217.20713710784912,217.3438063263893,216.92770808935165,215.86808490753174,216.2900561094284,216.6159082055092,217.7351109981537,217.57594537734985,216.50593906641006,217.3200844526291,215.84884190559387,218.00814574956894,216.75768435001373,214.5510568022728
-76,216.85600477457047,217.15620732307434,217.35424625873566,216.9533514380455,215.90377807617188,216.27045714855194,216.6213784813881,217.73826044797897,217.58006650209427,216.51682060956955,217.33027654886246,215.92025792598724,218.01223528385162,216.7388792037964,214.59044259786606
-75,216.87950426340103,217.10397046804428,217.36645376682281,216.98032081127167,215.9397189617157,216.25583028793335,216.62326258420944,217.74067902565002,217.58196330070496,216.52674788236618,217.3422018289566,215.98768717050552,218.02062720060349,216.72262650728226,214.6275116801262
-74,216.9018051624298,217.05236369371414,217.38071697950363,217.00675588846207,215.97512650489807,216.24743032455444,216.62245148420334,217.74146151542664,217.5818670988083,216.5360894203186,217.3563210964203,216.0484540462494,218.03298842906952,216.71007633209229,214.66198354959488
-73,216.92152178287506,217.00326520204544,217.3974581360817,217.03047221899033,216.00946205854416,216.24631637334824,216.62008672952652,217.73955422639847,217.57988637685776,216.5449965596199,217.37298929691315,216.10077619552612,218.04883098602295,216.70237588882446,214.6936350464821
-72,216.9373431801796,216.95830124616623,217.4173719882965,217.04967284202576,216.0423863530159,216.25274002552032,216.61750024557114,217.73443454504013,217.57591152191162,216.55379956960678,217.3920999765396,216.14372539520264,218.06735163927078,216.70048254728317,214.72318667173386
-71,216.94817048311234,216.91914689540863,217.4407844543457,217.0630271434784,216.0737590789795,216.26632738113403,216.6159712076187,217.72618079185486,217.56945699453354,216.56277292966843,217.4130544066429,216.1775975227356,218.08746033906937,216.70435816049576,214.7507398724556
-70,216.9533342719078,216.88722831010818,217.46764433383942,217.06941211223602,216.10353088378906,216.28627067804337,216.6164075732231,217.71554148197174,217.56017971038818,216.57181924581528,217.43467032909393,216.2034810781479,218.10797935724258,216.71327716112137,214.77604520320892
-69,216.95270478725433,216.86312222480774,217.49740010499954,217.06851196289062,216.13174152374268,216.3115867972374,216.61916029453278,217.7036960721016,217.54786103963852,216.58085930347443,217.4554837346077,216.2229397892952,218.12773144245148,216.72583121061325,214.79913359880447
-68,216.94660884141922,216.84685754776,217.52913784980774,217.06100273132324,216.15824574232101,216.3409132361412,216.62390875816345,217.69171756505966,217.53215539455414,216.59006202220917,217.47417664527893,216.23747849464417,218.14566630125046,216.74016106128693,214.8203095793724
-67,216.93573415279388,216.838061273098,217.5610818862915,217.04748845100403,216.182785987854,216.37250024080276,216.6301509141922,217.68077850341797,217.5127108693123,216.5992711186409,217.48976212739944,216.2482557296753,218.16088420152664,216.7546140551567,214.83997869491577
-66,216.92115652561188,216.83609408140182,217.59131175279617,217.02889215946198,216.20524954795837,216.4046984910965,216.63759875297546,217.67222476005554,217.4895783662796,216.60852521657944,217.50162702798843,216.25624990463257,218.17289626598358,216.767886698246,214.85889726877213
-65,216.90414547920227,216.83988738059998,217.61809462308884,217.00647854804993,216.22560286521912,216.43636971712112,216.64620697498322,217.66736388206482,217.46298617124557,216.61822855472565,217.50943005084991,216.26270079612732,218.18133807182312,216.77885377407074,214.8778201341629
-64,216.8859452009201,216.84823405742645,217.63951671123505,216.98154199123383,216.24374502897263,216.46669775247574,216.65624648332596,217.66725850105286,217.43382894992828,216.62808948755264,217.51322162151337,216.2691980600357,218.18616151809692,216.7865606546402,214.89749014377594
-63,216.86737406253815,216.85985988378525,217.65376716852188,216.95513772964478,216.25927060842514,216.49512720108032,216.66831612586975,217.67208689451218,217.40337312221527,216.6376669406891,217.51321536302567,216.2771493792534,218.1876723766327,216.7903442978859,214.91805559396744
-62,216.8493773341179,216.87347501516342,217.6599131822586,216.92803823947906,216.27207016944885,216.52134108543396,216.6828070282936,217.68169456720352,217.37333595752716,216.64672082662582,217.50973439216614,216.28742164373398,218.18651509284973,216.78994649648666,214.93936574459076
-61,216.83265244960785,216.88789969682693,217.65761852264404,216.90112179517746,216.28231686353683,216.54528909921646,216.70013791322708,217.695631980896,217.3455302119255,216.65488582849503,217.50351095199585,216.3007196187973,218.18329030275345,216.78538608551025,214.96120184659958
-60,216.81758481264114,216.902263879776,217.6474484205246,216.8754529953003,216.29034560918808,216.56710624694824,216.7204451560974,217.71316385269165,217.32154995203018,216.6616724729538,217.49550569057465,216.31720578670502,218.17834877967834,216.777201294899,214.98271942138672
-59,216.80439257621765,216.9159220457077,217.63048207759857,216.85201287269592,216.29655021429062,216.5870921611786,216.74394363164902,217.73313641548157,217.30283081531525,216.66669869422913,217.48706114292145,216.33649134635925,218.17215186357498,216.7662957906723,215.00263077020645
-58,216.79328256845474,216.92839407920837,217.60813224315643,216.83193737268448,216.30128687620163,216.60580879449844,216.77044069766998,217.75444215536118,217.2903552055359,216.66979283094406,217.47953760623932,216.35781699419022,218.1651428937912,216.75388896465302,215.01937955617905
-57,216.7841796875,216.93938374519348,217.58228427171707,216.8158259987831,216.30487602949142,216.624094247818,216.79958534240723,217.77628469467163,217.2842960357666,216.67137897014618,217.4741354584694,216.38036400079727,218.15747219324112,216.74116426706314,215.0314086675644
-56,216.77648609876633,216.9489296078682,217.55506312847137,216.80369436740875,216.3080176115036,216.6427462697029,216.83081030845642,217.79829382896423,217.28455597162247,216.67239826917648,217.47178709506989,216.40316480398178,218.14922446012497,216.7292496562004,215.03756922483444
-55,216.76957440376282,216.9572595357895,217.52867877483368,216.79563587903976,216.31094139814377,216.66278916597366,216.86265313625336,217.81999176740646,217.2910322546959,216.67375695705414,217.47298979759216,216.42497473955154,218.14034980535507,216.71885615587234,215.03721445798874
-54,216.76268821954727,216.96469455957413,217.50516021251678,216.79188388586044,216.31367856264114,216.6850284934044,216.89294934272766,217.84092432260513,217.3029111623764,216.6759614944458,217.47778183221817,216.44439202547073,218.13063955307007,216.71054047346115,215.03002208471298
-53,216.75489968061447,216.97192895412445,217.48603177070618,216.79205244779587,216.3161129951477,216.70988869667053,216.91970497369766,217.86079239845276,217.3190370798111,216.67922031879425,217.48554170131683,216.46044450998306,218.11994397640228,216.7048487663269,215.0157898068428
-52,216.7455797791481,216.97949182987213,217.47231525182724,216.7951855659485,216.31813710927963,216.73737490177155,216.94135737419128,217.87913978099823,217.33825826644897,216.68348050117493,217.49555718898773,216.47267490625381,218.10826408863068,216.70201933383942,214.99480605125427
-51,216.73454076051712,216.9877569079399,217.4642407298088,216.80026578903198,216.3200587630272,216.7671691775322,216.95686674118042,217.89559388160706,217.35936844348907,216.68856805562973,217.50690740346909,216.48085778951645,218.09594213962555,216.7025249004364,214.96812224388123
-50,216.72188037633896,216.99711894989014,217.4614068865776,216.8062938451767,216.32243251800537,216.79832535982132,216.96563869714737,217.91011315584183,217.38144141435623,216.6941334605217,217.5186140537262,216.48494333028793,218.083782017231,216.7064356803894,214.93690592050552
-49,216.70795649290085,217.00742441415787,217.46302926540375,216.81253159046173,216.3257159590721,216.82917845249176,216.96751302480698,217.92282605171204,217.40395432710648,216.69957613945007,217.52969998121262,216.4851774573326,218.07278901338577,216.71352845430374,214.90302103757858
-48,216.69333910942078,217.01838380098343,217.46738123893738,216.81832748651505,216.33015823364258,216.8579568862915,216.96305590867996,217.9339815378189,217.42643493413925,216.7043415904045,217.5392143726349,216.4819604754448,218.0638049840927,216.72368746995926,214.86886531114578
-47,216.6786425113678,217.02985960245132,217.47221553325653,216.82331067323685,216.33549344539642,216.8827866911888,216.95325535535812,217.9440900683403,217.44850891828537,216.70820426940918,217.54638516902924,216.4753521680832,218.05758744478226,216.73629838228226,214.83666306734085
-46,216.66448593139648,217.0415397286415,217.47602289915085,216.82781165838242,216.3414176106453,216.90189903974533,216.93915832042694,217.95346987247467,217.46988236904144,216.7109673023224,217.55086290836334,216.4652088880539,218.05475956201553,216.75062656402588,214.80797672271729
-45,216.65159505605698,217.05255109071732,217.47819381952286,216.83214390277863,216.34783667325974,216.9139667749405,216.92163169384003,217.96231573820114,217.49007493257523,216.7123299241066,217.55279463529587,216.45146125555038,218.05586922168732,216.7659291625023,214.7831563949585
-44,216.6405422091484,217.06205087900162,217.47869437932968,216.83701366186142,216.35452049970627,216.9184758067131,216.9013088941574,217.9707168340683,217.50861179828644,216.71176940202713,217.5524959564209,216.4340934753418,218.0613054037094,216.78177219629288,214.7621449828148
-43,216.63158464431763,217.06933742761612,217.47798711061478,216.84293115139008,216.36138558387756,216.9161143898964,216.87875193357468,217.9788503050804,217.52506512403488,216.7086346745491,217.55047607421875,216.41332334280014,218.07101392745972,216.79775911569595,214.74489879608154
-42,216.62507718801498,217.07416504621506,217.47682213783264,216.85023993253708,216.36822283267975,216.90821939706802,216.8542821407318,217.986810028553,217.53905469179153,216.70241022109985,217.54702216386795,216.38972425460815,218.08460319042206,216.81355994939804,214.7312975525856
-41,216.62107974290848,217.07678651809692,217.4757717847824,216.85924434661865,216.37474089860916,216.89621829986572,216.82835966348648,217.99444037675858,217.55019599199295,216.69279938936234,217.54222804307938,216.36439323425293,218.1014375090599,216.82872420549393,214.72123473882675
-40,216.61944514513016,217.077929854393,217.47529119253159,216.87024587392807,216.38061207532883,216.88149845600128,216.8017394542694,218.00160574913025,217.55796456336975,216.6793947815895,217.53629875183105,216.3385379910469,218.12035328149796,216.8428418636322,214.7145755290985
-39,216.61978846788406,217.07860338687897,217.4753713607788,216.88363152742386,216.38549321889877,216.86556440591812,216.77535647153854,218.00829178094864,217.5622353553772,216.6621640920639,217.52931559085846,216.31369012594223,218.13995105028152,216.85561859607697,214.71124190092087
-38,216.62168151140213,217.08006423711777,217.4759356379509,216.89989495277405,216.38894885778427,216.84980791807175,216.75033009052277,218.0145782828331,217.56282323598862,216.64093846082687,217.52110999822617,216.29145914316177,218.15904957056046,216.86686569452286,214.71120232343674
-37,216.62452840805054,217.0831534266472,217.47708743810654,216.9194257259369,216.39069497585297,216.83555060625076,216.728245139122,218.02061933279037,217.55979198217392,216.61591720581055,217.51152682304382,216.27312380075455,218.17684888839722,216.8763137459755,214.7144753932953
-36,216.62763226032257,217.0880464911461,217.47888332605362,216.94227361679077,216.39066231250763,216.82398849725723,216.71060198545456,218.0265912413597,217.5532990694046,216.58785164356232,217.50034600496292,216.25962376594543,218.19259893894196,216.883895277977,214.7211276292801
-35,216.63039636611938,217.09438681602478,217.48124605417252,216.96784710884094,216.3886934518814,216.815956056118,216.6985109448433,218.03240817785263,217.54323303699493,216.55748987197876,217.48777759075165,216.2513627409935,218.20580285787582,216.88954639434814,214.73118150234222
-34,216.63206785917282,217.10142785310745,217.48405265808105,216.99494296312332,216.38464641571045,216.81185394525528,216.6925140619278,218.037835419178,217.5296112895012,216.52575623989105,217.47430765628815,216.24813675880432,218.21616196632385,216.89323407411575,214.74469089508057
-33,216.63205128908157,217.10827374458313,217.48696613311768,217.02226758003235,216.37840569019318,216.811665892601,216.69247299432755,218.04248130321503,217.5129318833351,216.4935124516487,217.4604725241661,216.2489813566208,218.22345560789108,216.89514857530594,214.76149851083755
-32,216.63040727376938,217.1139082312584,217.4897604584694,217.04838174581528,216.37005472183228,216.8147450685501,216.69778037071228,218.04581195116043,217.4939392209053,216.4616618156433,217.44677728414536,216.25268483161926,218.2274875640869,216.89560729265213,214.78109443187714
-31,216.62724667787552,217.11747920513153,217.4919594526291,217.072072327137,216.35999697446823,216.82028889656067,216.70751422643661,218.04740631580353,217.47308498620987,216.4310975074768,217.43382531404495,216.25798988342285,218.22828543186188,216.89461427927017,214.8027451634407
-30,216.62246656417847,217.11795568466187,217.49324190616608,217.09248059988022,216.34876769781113,216.82732754945755,216.72030246257782,218.04684871435165,217.4509715437889,216.4025118947029,217.42214059829712,216.2631304860115,218.22589069604874,216.89209204912186,214.8257030248642
-29,216.6163995862007,217.11437046527863,217.49353802204132,217.10900288820267,216.33717328310013,216.83485972881317,216.73482298851013,218.04381781816483,217.42834377288818,216.37628281116486,217.41191846132278,216.2662759423256,218.22021013498306,216.8878409266472,214.84917545318604
-28,216.6093052625656,217.1062257885933,217.49286705255508,217.12128722667694,216.32575368881226,216.84167158603668,216.74999153614044,218.03833538293839,217.40600037574768,216.35262501239777,217.40306323766708,216.26569324731827,218.21121436357498,216.88173645734787,214.8723220229149
-27,216.6013925075531,217.0934402346611,217.491192817688,217.12945288419724,216.31498926877975,216.84670114517212,216.76505732536316,218.03053218126297,217.38502180576324,216.33165138959885,217.3955484032631,216.2601901292801,218.19892740249634,216.87357008457184,214.89394694566727
-26,216.59275716543198,217.07660722732544,217.48826479911804,217.13387912511826,216.30552142858505,216.84887719154358,216.7795000076294,218.0210233926773,217.3665076494217,216.3135209083557,217.38906288146973,216.24912947416306,218.18352508544922,216.86342412233353,214.91287904977798
-25,216.5836859345436,217.05674958229065,217.48391735553741,217.13507211208344,216.29775881767273,216.84746724367142,216.7932578921318,218.01047080755234,217.3513749241829,216.2983871102333,217.3832021355629,216.23257839679718,218.16542375087738,216.85158795118332,214.92786478996277
-24,216.57440549135208,217.0351670384407,217.47823584079742,217.13372778892517,216.29182994365692,216.84226393699646,216.80655759572983,217.99945443868637,217.3401721715927,216.2863746881485,217.37722247838974,216.21107822656631,218.145194709301,216.83843076229095,214.93758708238602
-23,216.56540471315384,217.01368534564972,217.471346616745,217.13046091794968,216.28752386569977,216.83328878879547,216.8197202682495,217.98854702711105,217.33290874958038,216.27750593423843,217.37045431137085,216.1856226325035,218.12341409921646,216.82463639974594,214.94078660011292
-22,216.5570751428604,216.9942845106125,217.4636368751526,217.12567281723022,216.28458720445633,216.8207632303238,216.83283632993698,217.9784843325615,217.32902210950851,216.27192145586014,217.36238092184067,216.1577429175377,218.10059171915054,216.81089508533478,214.9365439414978
-21,216.54959058761597,216.9784123301506,217.4554159641266,217.11968630552292,216.28270655870438,216.80505293607712,216.84577476978302,217.96986150741577,217.3274559378624,216.26935517787933,217.35296911001205,216.12864744663239,218.07741981744766,216.79755127429962,214.92431873083115
-20,216.54291379451752,216.9668983221054,217.4469029903412,217.11279219388962,216.28143286705017,216.78689056634903,216.8584025502205,217.9629971385002,217.32698434591293,216.26927989721298,217.34259581565857,216.09921318292618,218.05411356687546,216.78457409143448,214.9042508006096
-19,216.53663235902786,216.95994901657104,217.4382711648941,217.10539269447327,216.2801586985588,216.76715368032455,216.87031388282776,217.95795530080795,217.3263434767723,216.27130776643753,217.33191853761673,216.0704129934311,218.03080761432648,216.77187180519104,214.87753266096115
-18,216.5302156805992,216.95733523368835,217.42967796325684,217.09807866811752,216.27841395139694,216.7468547821045,216.88061273097992,217.95467102527618,217.3245815038681,216.27500069141388,217.3216843008995,216.04293143749237,218.00769782066345,216.75923138856888,214.84570741653442
-17,216.52337837219238,216.95842242240906,217.42151832580566,217.09143787622452,216.2759928703308,216.72698932886124,216.88834071159363,217.9528644680977,217.32131892442703,216.27972465753555,217.31254428625107,216.0175302028656,217.9849267601967,216.74652063846588,214.81021374464035
-16,216.5161091685295,216.96267712116241,217.41439992189407,217.08584660291672,216.27270936965942,216.70830500125885,216.89224791526794,217.95211416482925,217.31646746397018,216.28486496210098,217.30491197109222,215.99484753608704,217.96253371238708,216.73381316661835,214.77284109592438
-15,216.5086954832077,216.96951872110367,217.4087684750557,217.08132421970367,216.26876533031464,216.69153928756714,216.89136469364166,217.9519173502922,217.31031268835068,216.28962284326553,217.29926252365112,215.9755162000656,217.9402694106102,216.72116363048553,214.73503798246384
-14,216.50171792507172,216.97787714004517,217.40528428554535,217.077778339386,216.2645909190178,216.67742997407913,216.8850229382515,217.9519196152687,217.30270612239838,216.29326897859573,217.29585283994675,215.95971566438675,217.91838890314102,216.70864844322205,214.69782346487045
-13,216.495545566082,216.98666548728943,217.4043373465538,217.07484126091003,216.26078140735626,216.66661363840103,216.87332713603973,217.95186042785645,217.2931825518608,216.29484617710114,217.29514437913895,215.94754523038864,217.89723044633865,216.69630616903305,214.66162753105164
-12,216.4905325770378,216.9949996471405,217.405990421772,217.07223570346832,216.25801575183868,216.659706056118,216.8568031191826,217.95144271850586,217.2814506292343,216.29370707273483,217.2972887158394,215.93884301185608,217.87750959396362,216.6837791800499,214.6265099644661
-11,216.48665243387222,217.00202429294586,217.4096863269806,217.0694324374199,216.25711071491241,216.65722572803497,216.83614349365234,217.95029425621033,217.26720255613327,216.2896375656128,217.30197608470917,215.9331660270691,217.86017376184464,216.6709109544754,214.59241127967834
-10,216.48374670743942,217.00678247213364,217.41439348459244,217.06596302986145,216.25867706537247,216.6595212817192,216.81213915348053,217.9479153752327,217.25031316280365,216.2825168967247,217.3083461523056,215.92994910478592,217.84631997346878,216.65788197517395,214.5590636730194
-9,216.48155695199966,217.00855433940887,217.41863292455673,217.06118947267532,216.26323318481445,216.66686940193176,216.78564661741257,217.94365644454956,217.23099046945572,216.27237683534622,217.31531304121017,215.9285619854927,217.8369346857071,216.6446076631546,214.52622264623642
-8,216.4798594713211,217.00672900676727,217.42080795764923,217.05445235967636,216.27100175619125,216.67922395467758,216.7577536702156,217.93690305948257,217.20965260267258,216.25945436954498,217.3219135403633,215.9283588528633,217.8327980041504,216.6306704878807,214.49364572763443
-7,216.4784778356552,217.00103849172592,217.41951644420624,217.04533195495605,216.2817844748497,216.69622790813446,216.72913920879364,217.92718601226807,217.1866375207901,216.24395751953125,217.32708883285522,215.9287954568863,217.8344839811325,216.61583876609802,214.4605959057808
-6,216.4772987961769,216.99152028560638,217.41367822885513,217.03361052274704,216.29496943950653,216.7171866297722,216.70044481754303,217.91432583332062,217.1626952290535,216.226327419281,217.33013916015625,215.92978739738464,217.84192436933517,216.5999572277069,214.4264925122261
-5,216.47645592689514,216.9787210226059,217.40298134088516,217.01951324939728,216.3094973564148,216.74094992876053,216.6721027493477,217.89851850271225,217.13849490880966,216.2072217464447,217.3304352760315,215.93138390779495,217.85435843467712,216.58302056789398,214.3908635377884
-4,216.47596895694733,216.96334320306778,217.38749819993973,217.00352162122726,216.32404708862305,216.76607620716095,216.64467811584473,217.88050109148026,217.11441379785538,216.1873522400856,217.3275969028473,215.93381333351135,217.87078326940536,216.5653976202011,214.3535458445549
-3,216.47575598955154,216.94608396291733,217.3679223060608,216.98629808425903,216.33734488487244,216.7912802696228,216.61887258291245,217.861248254776,217.09067678451538,216.16734594106674,217.32135677337646,215.93722701072693,217.8896825313568,216.54757523536682,214.31455028057098
-2,216.4756646156311,216.92761462926865,217.34521478414536,216.96849513053894,216.348053753376,216.81523752212524,216.59524929523468,217.84153991937637,217.0673701763153,216.14775717258453,217.31168884038925,215.9416041970253,217.90930634737015,216.53039866685867,214.2743171453476
-1,216.47539204359055,216.90823817253113,217.32051450014114,216.9508040547371,216.35523980855942,216.836510181427,216.57437646389008,217.82226330041885,217.04460138082504,216.12889659404755,217.29868710041046,215.94630271196365,217.92767333984375,216.51486760377884,214.23372381925583
0,216.47485142946243,216.88828486204147,217.29489070177078,216.93374329805374,216.35815620422363,216.85385125875473,216.556480884552,217.80431574583054,217.02248358726501,216.1113938689232,217.28265690803528,215.95016199350357,217.94297289848328,216.5018636584282,214.19407546520233
1,216.4894807934761,216.88498604297638,217.28525513410568,216.93431305885315,216.3734614253044,216.8810099363327,216.56480818986893,217.79616230726242,217.0230654478073,216.1073317527771,217.27398562431335,215.97820329666138,217.96358639001846,216.5070144534111,214.18464040756226
2,216.50378304719925,216.87954193353653,217.2758492231369,216.93573385477066,216.38375461101532,216.9023358821869,216.57727986574173,217.79004037380219,217.02443605661392,216.10600930452347,217.2629132270813,216.00267100334167,217.97900694608688,216.51664316654205,214.18037855625153
3,216.51751118898392,216.87176990509033,217.2672075033188,216.93826413154602,216.3889657855034,216.91820567846298,216.59360533952713,217.78616899251938,217.0266374349594,216.10784834623337,217.25048798322678,216.0236805677414,217.9885819554329,216.53071683645248,214.18199717998505
4,216.53048485517502,216.86169576644897,217.2599573135376,216.94209295511246,216.38956660032272,216.9294855594635,216.61343222856522,217.78465431928635,217.0295439362526,216.11289775371552,217.23796665668488,216.04146540164948,217.99232572317123,216.5489838719368,214.1898484826088
5,216.54256641864777,216.84945183992386,217.2548024058342,216.94743049144745,216.38629013299942,216.93734431266785,216.63623040914536,217.78556954860687,217.03304821252823,216.1210411787033,217.22631657123566,216.05627459287643,217.99071979522705,216.57074850797653,214.20423138141632
6,216.5535288453102,216.8350865840912,217.2522248029709,216.95437049865723,216.38001364469528,216.94324606657028,216.66119813919067,217.78879922628403,217.03702461719513,216.13183039426804,217.216414809227,216.06866472959518,217.98464518785477,216.5951384305954,214.22538548707962
7,216.56314969062805,216.81889057159424,217.25238770246506,216.96312367916107,216.37149250507355,216.94854378700256,216.68767893314362,217.79442137479782,217.04137593507767,216.14444214105606,217.20908027887344,216.07966244220734,217.975255548954,216.62111121416092,214.25363916158676
8,216.57097101211548,216.80154931545258,217.25541126728058,216.97353649139404,216.36129999160767,216.95444840192795,216.71481162309647,217.80261325836182,217.04586279392242,216.1580758690834,217.20487755537033,216.0902480483055,217.96358263492584,216.64759093523026,214.28883808851242
9,216.5764012336731,216.78396034240723,217.26136243343353,216.9850149154663,216.34981960058212,216.96176153421402,216.74184596538544,217.81364387273788,217.0501606464386,216.17184311151505,217.20428550243378,216.10133719444275,217.95108765363693,216.67371690273285,214.33020228147507
10,216.57900220155716,216.7672317624092,217.2699949145317,216.99658340215683,216.337362408638,216.97092407941818,216.76809638738632,217.82763642072678,217.05374920368195,216.18454205989838,217.20731627941132,216.1135927438736,217.93929332494736,216.69874566793442,214.3764539361
11,216.57814717292786,216.75214958190918,217.28087085485458,217.00707632303238,216.32460343837738,216.9820539355278,216.7930116057396,217.8445851802826,217.05580723285675,216.19522112607956,217.21391117572784,216.12728464603424,217.92954087257385,216.72195261716843,214.42583632469177
12,216.57331532239914,216.73925775289536,217.29332435131073,217.01526832580566,216.31282007694244,216.99508446455002,216.81635463237762,217.8645215034485,217.05566036701202,216.20320308208466,217.22358179092407,216.142098903656,217.92311537265778,216.74311876296997,214.47650438547134
13,216.56437772512436,216.72902822494507,217.30673170089722,217.0201662182808,216.3035787343979,217.00980806350708,216.83781665563583,217.88719350099564,217.05289322137833,216.20799082517624,217.23580074310303,216.15731847286224,217.92099577188492,216.76215142011642,214.52651578187943
14,216.55165493488312,216.72130572795868,217.32030981779099,217.02111965417862,216.2983655333519,217.02576249837875,216.8569719195366,217.9121611714363,217.04768764972687,216.20974707603455,217.25006318092346,216.17193776369095,217.92366522550583,216.77918374538422,214.57413691282272
15,216.53593802452087,216.71592819690704,217.33343398571014,217.01772075891495,216.29862469434738,217.0424543619156,216.87347292900085,217.93888771533966,217.04041969776154,216.20925211906433,217.26564699411392,216.184996008873,217.9314767718315,216.7945871949196,214.61752635240555
16,216.5183681845665,216.71266096830368,217.3455342054367,217.01002269983292,216.30514019727707,217.05895364284515,216.8868460059166,217.96671015024185,217.03154128789902,216.20712614059448,217.28192335367203,216.1957910656929,217.9445453286171,216.8086683154106,214.65547013282776
17,216.50060868263245,216.71125918626785,217.3563476204872,216.99830651283264,216.3180683851242,217.07402235269547,216.89674216508865,217.99503898620605,217.02158999443054,216.2042578458786,217.29847413301468,216.2039089202881,217.9625781774521,216.8221635222435,214.68749749660492
18,216.48415690660477,216.71175694465637,217.3656508922577,216.98322570323944,216.33685475587845,217.0870516896248,216.90268796682358,218.0231675505638,217.011107981205,216.20146429538727,217.31467431783676,216.20897686481476,217.98512375354767,216.83561044931412,214.71318119764328
19,216.47049921751022,216.71438187360764,217.3737667798996,216.96554160118103,216.36065822839737,217.09785503149033,216.90417754650116,218.05021917819977,217.00063759088516,216.1992842555046,217.3300946354866,216.21054357290268,218.01158452033997,216.8495695590973,214.73234742879868
20,216.46060860157013,216.71939539909363,217.38112497329712,216.94612967967987,216.38806128501892,217.10650742053986,216.90135627985,218.07541000843048,216.99081575870514,216.19815635681152,217.3442743420601,216.20852655172348,218.0410708785057,216.86444598436356,214.7450913786888
21,216.45506185293198,216.72695779800415,217.38834476470947,216.9257647395134,216.4175122976303,217.11340308189392,216.89478874206543,218.09826231002808,216.98218303918839,216.19810461997986,217.35658395290375,216.20312017202377,218.07258647680283,216.8805456161499,214.75191634893417
22,216.45419299602509,216.73701149225235,217.396198451519,216.90505570173264,216.44754576683044,217.11900162696838,216.88524383306503,218.11846047639847,216.97516012191772,216.19925737380981,217.36696702241898,216.19482654333115,218.1048959493637,216.89756006002426,214.7533922791481
23,216.45812368392944,216.74936109781265,217.405067384243,216.8848421573639,216.47680830955505,217.12372934818268,216.87351286411285,218.13576781749725,216.9700506925583,216.20163834095,217.37546437978745,216.18453389406204,218.1365681886673,216.9147206544876,214.75021195411682
24,216.4662372469902,216.76375031471252,217.41540294885635,216.8660650253296,216.50455582141876,217.12791901826859,216.86061894893646,218.15005284547806,216.96683311462402,216.20509576797485,217.38216418027878,216.17296463251114,218.1663013100624,216.9310895204544,214.74334901571274
25,216.47745162248611,216.77969825267792,217.42746132612228,216.84980303049088,216.53033316135406,217.13173079490662,216.84777235984802,218.1614397764206,216.96530199050903,216.2093625664711,217.3873393535614,216.16107416152954,218.19297641515732,216.94621181488037,214.7338017821312
26,216.4905023574829,216.7965714931488,217.44125109910965,216.83683967590332,216.5539038181305,217.1354461312294,216.83589506149292,218.1703988313675,216.96528017520905,216.21409636735916,217.39117121696472,216.14986342191696,218.21565079689026,216.95980536937714,214.7225102186203
27,216.5040191411972,216.81344360113144,217.45628440380096,216.82803004980087,216.57524746656418,217.13925939798355,216.82570105791092,218.17753148078918,216.96656101942062,216.21857744455338,217.39390927553177,216.1404391527176,218.23369228839874,216.97167873382568,214.71049636602402
28,216.51704156398773,216.82956928014755,217.471954703331,216.8239112496376,216.5946477651596,217.14364796876907,216.81789773702621,218.18349474668503,216.96899712085724,216.22207033634186,217.3960815668106,216.13372576236725,218.2469186782837,216.9815394282341,214.6988735795021
29,216.5288851261139,216.8442764878273,217.48818576335907,216.82471704483032,216.61246198415756,217.1490702033043,216.81297278404236,218.18920862674713,216.97250312566757,216.22366857528687,217.39833039045334,216.13059544563293,218.25542831420898,216.98938691616058,214.6884019970894
30,216.5391741991043,216.85695677995682,217.5049194097519,216.83014798164368,216.62878948450089,217.15605580806732,216.8112546801567,218.195405960083,216.97711718082428,216.22272551059723,217.4011817574501,216.13111490011215,218.25947469472885,216.99535828828812,214.67930167913437
31,216.54785192012787,216.86701929569244,217.52262723445892,216.83953046798706,216.64405697584152,217.16473078727722,216.812902033329,218.20283210277557,216.9829924106598,216.21874660253525,217.40522456169128,216.13509821891785,218.25936764478683,216.99960005283356,214.67109829187393
32,216.55508440732956,216.87397241592407,217.54155391454697,216.85191440582275,216.65877294540405,217.17500412464142,216.81789356470108,218.21224492788315,216.9900763630867,216.2117264866829,217.4108904004097,216.14195907115936,218.25534427165985,217.00230139493942,214.66285449266434
33,216.5614013671875,216.87748336791992,217.56173264980316,216.86637783050537,216.67338913679123,217.18656814098358,216.82613497972488,218.2240794301033,216.99839729070663,216.20208382606506,217.4181885123253,216.15068686008453,218.2476545572281,217.00345599651337,214.65388852357864
34,216.56743049621582,216.87718707323074,217.5832701921463,216.88215017318726,216.6883668899536,217.19906294345856,216.83723551034927,218.23842972517014,217.00809806585312,216.19084399938583,217.4265211224556,216.1601044535637,218.2368506193161,217.00291639566422,214.64374375343323
35,216.5737853050232,216.87319999933243,217.6060403585434,216.89846217632294,216.70401734113693,217.21184557676315,216.8505790233612,218.25522142648697,217.01923233270645,216.17931354045868,217.43499320745468,216.16895550489426,218.22354447841644,217.00056564807892,214.6322362422943
36,216.5812823176384,216.86556458473206,217.62984359264374,216.91468578577042,216.72059786319733,217.22418409585953,216.8654247522354,218.27415800094604,217.03176945447922,216.16881453990936,217.44287461042404,216.17644172906876,218.20841771364212,216.99606484174728,214.61988109350204
37,216.59072226285934,216.85408693552017,217.65456396341324,216.93054121732712,216.73805034160614,217.23534375429153,216.8807303905487,218.29487627744675,217.04570895433426,216.16056787967682,217.44983464479446,216.18208026885986,218.19209069013596,216.98903161287308,214.60729598999023
38,216.6028267145157,216.8387200832367,217.6799432039261,216.94594925642014,216.75643175840378,217.24465399980545,216.89531421661377,218.31705790758133,217.06087923049927,216.15557301044464,217.4556524157524,216.18570643663406,218.17509579658508,216.97940397262573,214.5955087542534
39,216.61809581518173,216.81949537992477,217.7056650519371,216.9610602259636,216.7757974267006,217.25161296129227,216.90828788280487,218.3405036330223,217.07705718278885,216.15455383062363,217.46013671159744,216.18741977214813,218.15795385837555,216.96738636493683,214.58577513694763
40,216.63689041137695,216.79665791988373,217.73128658533096,216.97654509544373,216.79601573944092,217.25597923994064,216.9188426733017,218.36520862579346,217.09412437677383,216.15760445594788,217.46318835020065,216.18734568357468,218.14118087291718,216.95327299833298,214.5795601606369
41,216.6589805483818,216.77066087722778,217.75634706020355,216.99343371391296,216.8169863820076,217.25781214237213,216.92657804489136,218.3912313580513,217.1118792295456,216.16406881809235,217.4649824500084,216.1858040690422,218.12543165683746,216.9374098777771,214.57806777954102
42,216.683756172657,216.74237567186356,217.78058046102524,217.01265913248062,216.8380765914917,217.25734478235245,216.9314490556717,218.41864079236984,217.1298171877861,216.17326372861862,217.46584409475327,216.18317180871964,218.11119031906128,216.92071801424026,214.58215826749802
43,216.71043437719345,216.71321099996567,217.80393731594086,217.03522276878357,216.8584212064743,217.25523841381073,216.93376410007477,218.4472834467888,217.14758050441742,216.18457543849945,217.46627765893936,216.1801398396492,218.09912890195847,216.90400451421738,214.59246909618378
44,216.7380541563034,216.68453150987625,217.8268220424652,217.062214076519,216.8770843744278,217.25229132175446,216.93425846099854,218.47705507278442,217.16491836309433,216.1976579427719,217.4670334458351,216.17723309993744,218.09009659290314,216.88800299167633,214.6093921661377
45,216.76576483249664,216.65810745954514,217.84980034828186,217.09453630447388,216.89298295974731,217.2495853304863,216.93394005298615,218.50763696432114,217.18153595924377,216.21279591321945,217.46901816129684,216.17483341693878,218.08472609519958,216.87386578321457,214.6331415772438
46,216.79314637184143,216.63574588298798,217.87328749895096,217.13268798589706,216.9052659869194,217.24812442064285,216.93438923358917,218.53850197792053,217.19760674238205,216.23072612285614,217.47301506996155,216.1734127998352,218.08368825912476,216.86271905899048,214.66384690999985
47,216.8200621008873,216.61921864748,217.89775305986404,217.1769824028015,216.91359168291092,217.2488048672676,216.93727856874466,218.56915897130966,217.21376937627792,216.2527500987053,217.47997331619263,216.17361277341843,218.0875090956688,216.8557271361351,214.70120549201965
48,216.84646904468536,216.61027032136917,217.92362558841705,217.2272675037384,216.9184811115265,217.2526209950447,216.9444119334221,218.5992528796196,217.23084998130798,216.28059083223343,217.4909235239029,216.1761731505394,218.09662902355194,216.8539907336235,214.74481892585754
49,216.87262135744095,216.610495865345,217.95153725147247,217.28297168016434,216.92109543085098,217.26077443361282,216.95757979154587,218.62897020578384,217.2499804496765,216.31609106063843,217.50693821907043,216.18218845129013,218.11160331964493,216.85849434137344,214.7948775291443
50,216.89898985624313,216.6212615966797,217.98210555315018,217.34325832128525,216.92359864711761,217.27465933561325,216.97828143835068,218.658665060997,217.2724323272705,216.3614359498024,217.52910101413727,216.1929384469986,218.13305127620697,216.86984419822693,214.85160493850708
51,216.92630326747894,216.6436305642128,218.01620638370514,217.40721952915192,216.92881125211716,217.29579955339432,217.0076789855957,218.68899470567703,217.29961520433426,216.4181238412857,217.55842351913452,216.20994007587433,218.16146457195282,216.88826674222946,214.91514205932617
52,216.95558619499207,216.67835974693298,218.05490392446518,217.4742153286934,216.93954479694366,217.3253429532051,217.04664492607117,218.72085058689117,217.33284986019135,216.4868351817131,217.59575897455215,216.2344365119934,218.1974007487297,216.91394698619843,214.98642873764038
53,216.98842507600784,216.72605955600739,218.09937345981598,217.54452055692673,216.958434343338,217.36465513706207,217.09642487764359,218.75527745485306,217.37333643436432,216.56773513555527,217.64189141988754,216.26752716302872,218.24139070510864,216.94704061746597,215.0662663578987
54,217.02682322263718,216.7870043516159,218.1509304046631,217.61886936426163,216.9878761768341,217.41489225625992,217.1583189368248,218.7938038110733,217.42234998941422,216.66003596782684,217.69719141721725,216.31049478054047,218.29395651817322,216.98840123414993,215.15525144338608
55,217.07279634475708,216.861214697361,218.21049046516418,217.69842767715454,217.0296806693077,217.47684586048126,217.23348826169968,218.83829474449158,217.48109710216522,216.76242798566818,217.76170074939728,216.36443078517914,218.35551899671555,217.0395748615265,215.25374603271484
56,217.1282480955124,216.9482660293579,218.2786090373993,217.78458559513092,217.08514606952667,217.55080699920654,217.32259333133698,218.89048224687576,217.5506784915924,216.873564183712,217.83528447151184,216.43038618564606,218.42642652988434,217.10231298208237,215.36162912845612
57,217.19449198246002,217.04749912023544,218.35549795627594,217.8781533241272,217.15501600503922,217.63628828525543,217.425490796566,218.9518695473671,217.63132566213608,216.99194312095642,217.91731876134872,216.50849831104279,218.50674283504486,217.17798882722855,215.47840666770935
58,217.2721290588379,217.15747606754303,218.44066661596298,217.97882372140884,217.2392222881317,217.73203933238983,217.54117786884308,219.02322578430176,217.72249180078506,217.11580926179886,218.00681632757187,216.59845846891403,218.5961964726448,217.26689475774765,215.60344564914703
59,217.36061668395996,217.27608060836792,218.5333116054535,218.08535945415497,217.33670222759247,217.8357493877411,217.66785871982574,219.1036588549614,217.82328867912292,217.24276447296143,218.10228502750397,216.69912511110306,218.69362097978592,217.36814033985138,215.7355597615242
60,217.45853060483932,217.40034121274948,218.6323150396347,218.1957858800888,217.44523417949677,217.9444413781166,217.8027201294899,219.19107806682587,217.9319059252739,217.36959046125412,218.20191383361816,216.8085720539093,218.79738354682922,217.48000383377075,215.87308776378632
61,217.56335186958313,217.52704656124115,218.7358722090721,218.3074517250061,217.56185990571976,218.0547115802765,217.94260543584824,219.28279024362564,218.04628133773804,217.4929223060608,218.30403465032578,216.9240447282791,218.905336022377,217.59964084625244,216.013512134552
62,217.67151945829391,217.65293949842453,218.84165793657303,218.41756916046143,217.68311309814453,218.16262251138687,218.08376616239548,219.3753997683525,218.1634528040886,217.60962408781052,218.40655434131622,217.0421445965767,219.01447373628616,217.72326093912125,216.15346878767014
63,217.77883112430573,217.77435439825058,218.94703996181488,218.52314591407776,217.80497032403946,218.26418274641037,218.22183030843735,219.4650781750679,218.2800829410553,217.71680122613907,218.50687378644943,217.15896552801132,219.1209151148796,217.84643644094467,216.28912204504013
64,217.88072991371155,217.88700902462006,219.0486860871315,218.62074035406113,217.92269325256348,218.35516548156738,218.35179483890533,219.54771077632904,218.3928108215332,217.8112936615944,218.6017991900444,217.27039808034897,219.22019356489182,217.96466434001923,216.4164212346077
65,217.97287648916245,217.98629182577133,219.14268898963928,218.7066245675087,218.03109246492386,218.43123787641525,218.46879190206528,219.61913013458252,218.49801790714264,217.88975554704666,218.6877767443657,217.37223595380783,219.3076806664467,218.07339549064636,216.530936896801
66,218.05095702409744,218.067123234272,219.22488820552826,218.77680379152298,218.12483710050583,218.48884892463684,218.56805616617203,219.67560523748398,218.59165358543396,217.94915980100632,218.76109337806702,217.46071183681488,219.37886196374893,218.16781681776047,216.6277495622635
67,218.11099779605865,218.12507724761963,219.29123014211655,218.82776868343353,218.19901365041733,218.52610230445862,218.6451376080513,219.71379977464676,218.6693747639656,217.9866622686386,218.81791561841965,217.53255301713943,219.4302640557289,218.24357253313065,216.70192170143127
68,218.14932030439377,218.15631890296936,219.3382048010826,218.8568919301033,218.24945801496506,218.54090821743011,218.69619446992874,219.73069459199905,218.72695577144623,218.00013196468353,218.85497111082077,217.58443599939346,219.45884555578232,218.29745054244995,216.74943226575851
69,218.16301888227463,218.15842986106873,219.3632880449295,218.8624112010002,218.27347987890244,218.5321107506752,218.71821850538254,219.72404915094376,218.76060444116592,217.98815715312958,218.86984086036682,217.6128247976303,219.46258360147476,218.32731300592422,216.76704853773117
70,218.1501019001007,218.13094687461853,219.36458438634872,218.84368097782135,218.27016532421112,218.5001175403595,218.70934963226318,219.69299668073654,218.76741272211075,217.95043224096298,218.86129182577133,217.6156925559044,219.44096100330353,218.33166390657425,216.75288605690002
71,218.11003690958023,218.07557481527328,219.34144914150238,218.80094051361084,218.24012780189514,218.4458692073822,218.66954624652863,219.6380491256714,218.74606037139893,217.8881869316101,218.82910269498825,217.5921584367752,219.39457589387894,218.31000435352325,216.70670664310455
72,218.04401302337646,217.99541091918945,219.2943245768547,218.73552161455154,218.18561536073685,218.37179350852966,218.60081887245178,219.5611533522606,218.69660329818726,217.8037701845169,218.7741882801056,217.5420365333557,219.32549142837524,218.26311856508255,216.63002580404282
73,217.95492857694626,217.89441055059433,219.22485226392746,218.65021061897278,218.1100127696991,218.28171646595,218.50680977106094,219.46544355154037,218.6202815771103,217.70065504312515,218.69873428344727,217.4666850566864,219.23681563138962,218.19322496652603,216.5263056755066
74,217.84691274166107,217.77678912878036,219.13571053743362,218.54892653226852,218.01757508516312,218.17969173192978,218.3922027349472,219.35490244627,218.51957947015762,217.5831447839737,218.60571026802063,217.36890763044357,219.1326383948326,218.10425251722336,216.40007597208023
75,217.72503471374512,217.64705097675323,219.0303453207016,218.43593204021454,217.91265159845352,218.0696480870247,218.26268064975739,219.23388516902924,218.3980770111084,217.45595222711563,218.49865275621414,217.2526699900627,219.0173926949501,218.00081253051758,216.25680774450302
76,217.59501641988754,217.51023358106613,218.9127198457718,218.31553930044174,217.7993679046631,217.9553244113922,218.12425369024277,219.10667490959167,218.259636759758,217.32366961240768,218.38128679990768,217.12277394533157,218.89550387859344,217.88762897253036,216.10171657800674
77,217.46216994524002,217.37140095233917,218.78713393211365,218.1918078660965,217.68149411678314,217.83948582410812,217.9832819700241,218.9774307012558,218.10822635889053,217.19003063440323,218.25722765922546,216.9847446680069,218.77128607034683,217.7691181898117,215.93985110521317
78,217.32977479696274,217.23515117168427,218.6579069495201,218.06849241256714,217.56233656406403,217.72500789165497,217.8455754518509,218.8503943681717,217.9482483267784,217.05865663290024,218.1299460530281,216.84422677755356,218.64874798059464,217.6492584347725,215.77616441249847
79,217.19970405101776,217.10573893785477,218.52901190519333,217.94900369644165,217.44459342956543,217.61429530382156,217.71555757522583,218.72987949848175,217.7843866944313,216.93255722522736,218.0027939081192,216.7061204314232,218.531684756279,217.5316390991211,215.61515831947327
80,217.07367420196533,216.98662227392197,218.40413159132004,217.83584880828857,217.33037394285202,217.50975286960602,217.59599190950394,218.61957615613937,217.62129670381546,216.8140293955803,217.87903040647507,216.57422298192978,218.42334735393524,217.41906833648682,215.46037888526917
81,216.95372235774994,216.88035452365875,218.2862536907196,217.73057401180267,217.22141867876053,217.41320544481277,217.488403737545,218.5222561955452,217.4632112979889,216.70498651266098,217.76136821508408,216.45168095827103,218.3258650302887,217.31319522857666,215.3144872188568
82,216.84227347373962,216.78858214616776,218.1771382689476,217.63371396064758,217.11902981996536,217.3256207704544,217.3934673666954,218.43978303670883,217.31400001049042,216.60647457838058,217.65187245607376,216.34058147668839,218.24053794145584,217.2153196334839,215.17956447601318
83,216.74063420295715,216.71174943447113,218.07800143957138,217.5451232790947,217.02423477172852,217.2477468252182,217.31122064590454,218.37332731485367,217.1773287653923,216.51873153448105,217.55193746089935,216.2416221499443,218.16799080371857,217.1255355477333,215.05588692426682
84,216.64952379465103,216.64938563108444,217.9896503686905,217.4643074274063,216.93769919872284,217.1800582408905,217.2404127717018,218.32280087471008,217.05598390102386,216.44188475608826,217.46241664886475,216.15471577644348,218.10794466733932,217.04308772087097,214.9431707262993
85,216.56995624303818,216.59998524188995,217.9124344587326,217.39059311151505,216.8593533039093,217.12226128578186,217.17985725402832,218.28713428974152,216.95153534412384,216.3754962682724,217.38363307714462,216.07924628257751,218.05952125787735,216.96663147211075,214.84051990509033
86,216.5027619600296,216.5615661740303,217.8463013768196,217.3234664797783,216.78829354047775,217.0738344192505,217.1283056139946,218.26421415805817,216.86459696292877,216.31887179613113,217.31546634435654,216.01446747779846,218.0218225121498,216.89444649219513,214.7470724582672
87,216.4483184814453,216.5315687060356,217.79099774360657,217.26208770275116,216.72365015745163,217.03460496664047,217.0838896036148,218.25142574310303,216.7951118350029,216.27138555049896,217.25711280107498,215.95957815647125,217.99371474981308,216.82539874315262,214.6630145907402
88,216.40640836954117,216.5075125694275,217.7456584572792,217.20557761192322,216.66451919078827,217.00456112623215,217.04492092132568,218.246142745018,216.74220716953278,216.23232942819595,217.20713210105896,215.91307187080383,217.97393733263016,216.75914257764816,214.58882355690002
89,216.37593591213226,216.48761987686157,217.70899885892868,217.1535866856575,216.6099911928177,216.98333144187927,217.0101142525673,218.2455414533615,216.70427691936493,216.2005518078804,217.16384309530258,215.8730189204216,217.96131414175034,216.69598478078842,214.52450102567673
90,216.35534930229187,216.47072315216064,217.67995083332062,217.106485247612,216.5595536828041,216.96991151571274,216.97845077514648,218.24665462970734,216.6788693666458,216.17471754550934,217.12531358003616,215.83716297149658,217.95445096492767,216.63651114702225,214.46911519765854
91,216.34306967258453,216.45595276355743,217.65691369771957,217.06474554538727,216.51321548223495,216.9632089138031,216.94917213916779,218.24685090780258,216.66337704658508,216.15320944786072,217.09016925096512,215.80367463827133,217.952102124691,216.58156859874725,214.4218327999115
92,216.33769512176514,216.44284373521805,217.63813698291779,217.0289906859398,216.47069478034973,216.96231949329376,216.92145562171936,218.2442363500595,216.65502166748047,216.13388776779175,217.05793488025665,215.77167338132858,217.95294427871704,216.53212463855743,214.38152837753296
93,216.33774036169052,216.43101620674133,217.62186616659164,216.99973368644714,216.43136847019196,216.96619272232056,216.89451867341995,218.23717951774597,216.65090161561966,216.1144432425499,217.02864450216293,215.74027234315872,217.9552788734436,216.48863303661346,214.34698432683945
94,216.34180450439453,216.42066740989685,217.6066015958786,216.97655183076859,216.39498788118362,216.97393721342087,216.86792826652527,218.2244834303856,216.64845490455627,216.092578291893,217.0025806427002,215.7095286846161,217.95768588781357,216.45157080888748,214.3168367743492
95,216.34842616319656,216.4124047756195,217.59100168943405,216.95859694480896,216.361643075943,216.9841269850731,216.84146827459335,218.20580911636353,216.6456394791603,216.06714516878128,216.9797518849373,215.67975062131882,217.95928925275803,216.4216212630272,214.2889918088913
96,216.35608845949173,216.40631568431854,217.57418578863144,216.94527119398117,216.33137953281403,216.99562108516693,216.81514692306519,218.18123883008957,216.64158111810684,216.03815531730652,216.96033960580826,215.65138494968414,217.9598781466484,216.39993160963058,214.26148802042007
97,216.36274540424347,216.40177190303802,217.55585104227066,216.9360122680664,216.30425363779068,217.00744706392288,216.78951412439346,218.15137428045273,216.63603430986404,216.00616830587387,216.94455391168594,215.625297665596,217.9594852924347,216.38740569353104,214.23353815078735
98,216.36629462242126,216.39808177947998,217.53636103868484,216.92981612682343,216.2801395058632,217.01899313926697,216.76528972387314,218.11712193489075,216.6297671198845,215.9725080728531,216.93249422311783,215.60267400741577,217.95836466550827,216.3837507367134,214.20475560426712
99,216.36497163772583,216.3944690823555,217.51712930202484,216.92582881450653,216.25865423679352,217.02870899438858,216.7438806295395,218.07924741506577,216.6241074204445,215.93931758403778,216.92411196231842,215.58500736951828,217.9566229581833,216.38889050483704,214.17574644088745
100,216.35759180784225,216.39030373096466,217.49977856874466,216.92401468753815,216.2393118739128,217.0350283384323,216.7268403172493,218.03911167383194,216.6203396320343,215.9088699221611,216.9191511273384,215.57292711734772,217.9543427824974,216.40222668647766,214.14851641654968
101,216.34400802850723,216.38457709550858,217.48624527454376,216.92472064495087,216.22175830602646,217.03708136081696,216.7146938443184,217.9981006383896,216.62001657485962,215.88302201032639,216.91713666915894,215.56672513484955,217.951655626297,216.42212164402008,214.12523198127747
102,216.32481288909912,216.37563771009445,217.4776076078415,216.92688596248627,216.2062599658966,217.03521764278412,216.7069428563118,217.9572525024414,216.62403398752213,215.86285185813904,216.91805064678192,215.56566816568375,217.9483056664467,216.44650715589523,214.10774791240692
103,216.30080950260162,216.3611022233963,217.4742198586464,216.92887622117996,216.19314014911652,217.03025221824646,216.70261347293854,217.91795301437378,216.63283050060272,215.84833949804306,216.92146533727646,215.56880658864975,217.9437876343727,216.47320407629013,214.09757697582245
104,216.27353537082672,216.3392831683159,217.4759830236435,216.92924374341965,216.18278765678406,217.02282106876373,216.69994938373566,217.8815642595291,216.6462261080742,215.83916974067688,216.9267052412033,215.57613253593445,217.93794709444046,216.50013023614883,214.09564012289047
105,216.24512523412704,216.30975580215454,217.48224502801895,216.92690074443817,216.1758689880371,217.01368916034698,216.69728541374207,217.848912358284,216.66301041841507,215.83442401885986,216.9324289560318,215.58767783641815,217.9306664466858,216.5249571800232,214.10195982456207
106,216.21625781059265,216.27286130189896,217.49213528633118,216.92090755701065,216.17279613018036,217.0034830570221,216.69347351789474,217.82058030366898,216.68140995502472,215.83297669887543,216.93743115663528,215.6026647090912,217.92204493284225,216.54574292898178,214.11628395318985
107,216.18724584579468,216.23005610704422,217.5043476819992,216.9108030796051,216.17335379123688,216.9922645688057,216.68833714723587,217.79686617851257,216.6987088918686,215.83341282606125,216.9407594203949,215.62011015415192,217.91269826889038,216.56008732318878,214.13763338327408
108,216.15839380025864,216.183435857296,217.51701492071152,216.89683455228806,216.17660582065582,216.9805251955986,216.68269896507263,217.7779461145401,216.71157890558243,215.83394038677216,216.94240194559097,215.6392024755478,217.9031612277031,216.56671196222305,214.16450732946396
109,216.1307049393654,216.13504254817963,217.5283284187317,216.8803733587265,216.1815990805626,216.96911656856537,216.67775011062622,217.76383656263351,216.71838337183,215.8328776359558,216.9426538348198,215.65914517641068,217.89342004060745,216.5647554397583,214.19573748111725
110,216.1052314043045,216.08697140216827,217.53600203990936,216.86288177967072,216.187586247921,216.95912438631058,216.6743664741516,217.7542064189911,216.7187591791153,215.82833641767502,216.94191598892212,215.67921996116638,217.88344943523407,216.55427968502045,214.23028415441513
111,216.08254992961884,216.04087263345718,217.53813976049423,216.84549242258072,216.19339323043823,216.95190680027008,216.67357647418976,217.74869799613953,216.71290296316147,215.81911623477936,216.94105726480484,215.69878113269806,217.87328737974167,216.53610223531723,214.26619160175323
112,216.06291735172272,215.99813663959503,217.53370398283005,216.82938796281815,216.1972959637642,216.9484936594963,216.67603808641434,217.74648594856262,216.70161348581314,215.80451214313507,216.9411517381668,215.71733462810516,217.86253952980042,216.51162803173065,214.30110251903534
113,216.04622757434845,215.95936846733093,217.5238235592842,216.81532055139542,216.19732284545898,216.9491714835167,216.68209719657898,217.74692302942276,216.68757331371307,215.78478598594666,216.9429376721382,215.73433601856232,217.85076189041138,216.48275703191757,214.3335475921631
114,216.03136956691742,215.924866437912,217.5100618004799,216.80331617593765,216.19309717416763,216.9531725049019,216.69133085012436,217.7496190071106,216.67400377988815,215.75997972488403,216.94735890626907,215.7499117255211,217.83750492334366,216.4517412185669,214.36273962259293
115,216.01643061637878,215.89549988508224,217.49401313066483,216.79301393032074,216.1845088005066,216.9590921998024,216.70227295160294,217.75433284044266,216.66337597370148,215.7310540676117,216.9549924135208,215.7645207643509,217.82272017002106,216.420734167099,214.38781106472015
116,215.9993393421173,215.87192559242249,217.47729444503784,216.78421407938004,216.17199403047562,216.96575111150742,216.7136761546135,217.76083362102509,216.65693253278732,215.69949823617935,216.96552258729935,215.77735632658005,217.80696153640747,216.39145278930664,214.40736120939255
117,215.97846519947052,215.85381454229355,217.46127396821976,216.7764874100685,216.15658032894135,216.97218197584152,216.72397911548615,217.7688865661621,216.65487349033356,215.6666676402092,216.97868233919144,215.78809684515,217.79093313217163,216.36536824703217,214.42048233747482
118,215.9520184993744,215.840622484684,217.4470990896225,216.76875346899033,216.13926881551743,216.97709357738495,216.73148828744888,217.77933359146118,216.6567113995552,215.6334438920021,216.99376159906387,215.79657316207886,217.7751606106758,216.34265476465225,214.4271754026413
119,215.91917902231216,215.83216154575348,217.43541741371155,216.75974541902542,216.12116211652756,216.97978228330612,216.73544371128082,217.7931032180786,216.66103303432465,215.60056334733963,217.009703040123,215.80182492733002,217.75932037830353,216.32324135303497,214.42734736204147
120,215.88052636384964,215.82855260372162,217.42619413137436,216.74841928482056,216.10328340530396,216.98027062416077,216.73544591665268,217.81034725904465,216.6656637787819,215.5686565041542,217.0254020690918,215.8031788468361,217.74277460575104,216.30715626478195,214.42118179798126
121,215.83754456043243,215.82993286848068,217.41932874917984,216.73405694961548,216.08615642786026,216.97859025001526,216.73109251260757,217.83065515756607,216.66843485832214,215.5381379723549,217.03957122564316,215.80090880393982,217.7250398993492,216.2945121526718,214.4092236161232
122,215.79267966747284,215.83569365739822,217.41512495279312,216.71599662303925,216.07015126943588,216.97450149059296,216.72267538309097,217.85222828388214,216.66733688116074,215.50901412963867,217.0510538816452,215.79532593488693,217.7058349251747,216.2849017381668,214.3919724225998
123,215.74813950061798,215.8451218008995,217.41301268339157,216.69373959302902,216.0557215809822,216.96806401014328,216.7108377814293,217.87351721525192,216.66047132015228,215.4810003042221,217.05951046943665,215.78584015369415,217.6850996017456,216.2781423330307,214.3709573149681
124,215.70551431179047,215.85759264230728,217.41225934028625,216.66793555021286,216.04261177778244,216.9598731994629,216.6959911584854,217.89348155260086,216.64637434482574,215.45358395576477,217.06528729200363,215.77234995365143,217.66283559799194,216.27440112829208,214.34803235530853
125,215.6664723753929,215.87217527627945,217.41210442781448,216.64049577713013,216.03093546628952,216.9505431652069,216.67912858724594,217.9110659956932,216.62391620874405,215.4259444475174,217.06912505626678,215.7544738650322,217.63983738422394,216.2732579112053,214.32482677698135
126,215.6326711177826,215.88811671733856,217.41226774454117,216.61434572935104,216.02040004730225,216.9403657913208,216.66143232584,217.92522019147873,216.59237629175186,215.39745992422104,217.0713815689087,215.73247134685516,217.61683821678162,216.27344262599945,214.30136632919312
127,215.60413533449173,215.9046019911766,217.41249829530716,216.59244233369827,216.01093327999115,216.92912483215332,216.6436871290207,217.9350684285164,216.5516335964203,215.36794656515121,217.07144314050674,215.70726358890533,217.59428197145462,216.27320897579193,214.27585726976395
128,215.5797502398491,215.9219331741333,217.4125661253929,216.5773162841797,216.00235962867737,216.91689598560333,216.6259247660637,217.9401409626007,216.502525806427,215.33639520406723,217.06873911619186,215.67938840389252,217.57274609804153,216.27042961120605,214.24599051475525
129,215.55867141485214,215.94100588560104,217.41237550973892,216.57004326581955,215.99516707658768,216.90391874313354,216.60795038938522,217.940434217453,216.44679307937622,215.30231523513794,217.06308102607727,215.64947855472565,217.5529620051384,216.26345372200012,214.21001666784286
130,215.54098629951477,215.96210569143295,217.41189235448837,216.57169371843338,215.9898612499237,216.8903892636299,216.58958160877228,217.93614345788956,216.38686347007751,215.2663500905037,217.05491840839386,215.61905521154404,217.53581947088242,216.25122493505478,214.16751319169998
131,215.5268492102623,215.9859716296196,217.41144347190857,216.5825139284134,215.98663890361786,216.8760859966278,216.57069981098175,217.9278089404106,216.32503855228424,215.22945219278336,217.04533898830414,215.59009909629822,217.52233934402466,216.23331463336945,214.1194915175438
132,215.5165195465088,216.0122505426407,217.4109610915184,216.6020204424858,215.98569637537003,216.86037528514862,216.55129545927048,217.9164161682129,216.26363694667816,215.19261407852173,217.0352628827095,215.56418597698212,217.51333439350128,216.20968836545944,214.06780833005905
133,215.50998729467392,216.03985673189163,217.4108890891075,216.6290906071663,215.98734855651855,216.8425155878067,216.53141009807587,217.90282487869263,216.2053171992302,215.15732860565186,217.02539324760437,215.54235231876373,217.50923025608063,216.18069756031036,214.01476007699966
134,215.5065525174141,216.06798040866852,217.4113855957985,216.661739051342,215.99103558063507,216.82168626785278,216.51126945018768,217.88762789964676,216.15243077278137,215.12423527240753,217.01596134901047,215.52531617879868,217.5097712278366,216.14617532491684,213.96278977394104
135,215.5054668188095,216.09638464450836,217.41266185045242,216.697574198246,215.9951696395874,216.79736483097076,216.49102741479874,217.87130463123322,216.10616916418076,215.09366661310196,217.00696897506714,215.51265841722488,217.51442903280258,216.10643988847733,213.91390711069107
136,215.50651854276657,216.1250628232956,217.41509300470352,216.7330567240715,215.99904108047485,216.76957607269287,216.47100794315338,217.85411596298218,216.06690365076065,215.06666296720505,216.99807703495026,215.5037136077881,217.52274096012115,216.06288439035416,213.87065261602402
137,215.51036822795868,216.15365934371948,217.4197762608528,216.76588463783264,216.00298869609833,216.73910862207413,216.45229190587997,217.83621335029602,216.03447943925858,215.04406255483627,216.9898110628128,215.49819201231003,217.53401213884354,216.01737666130066,213.83515441417694
138,215.51696640253067,216.1814870238304,217.42722481489182,216.79423534870148,216.00714999437332,216.706856071949,216.4363004565239,217.81845635175705,216.0080639719963,215.02579945325851,216.98308551311493,215.49582809209824,217.5479656457901,215.97209638357162,213.80852955579758
139,215.52676993608475,216.2078064084053,217.4382815361023,216.81706601381302,216.01160156726837,216.6742798089981,216.42464727163315,217.8015837073326,215.987109541893,215.01192164421082,216.97913545370102,215.49635392427444,217.56418234109879,215.9294336438179,213.7913637161255
140,215.5405969619751,216.23142898082733,217.4533314704895,216.83387362957,216.0159251689911,216.642653465271,216.4187252521515,217.78588312864304,215.97156703472137,215.00332361459732,216.97871804237366,215.49927824735641,217.58235943317413,215.89185470342636,213.783953666687
141,215.5595481991768,216.2507626414299,217.47228676080704,216.84503650665283,216.02017253637314,216.6134443283081,216.42009615898132,217.77187263965607,215.9604732990265,215.00115603208542,216.9813076853752,215.50374364852905,217.6022226214409,215.86126732826233,213.78616845607758
142,215.58447486162186,216.26436120271683,217.49533605575562,216.8505898118019,216.0244510769844,216.58904993534088,216.4289789199829,217.7603479027748,215.95332276821136,215.0063127875328,216.98618602752686,215.50899022817612,217.62324219942093,215.83880949020386,213.79806178808212
143,215.61564320325851,216.27095824480057,217.52203446626663,216.85105568170547,216.02897709608078,216.57126486301422,216.44317477941513,217.75162935256958,215.9501610994339,215.0184000134468,216.99265599250793,215.51378005743027,217.6446151137352,215.82489436864853,213.81963646411896
144,215.65297770500183,216.26932728290558,217.55040377378464,216.8478723168373,216.03251934051514,216.56090652942657,216.45986169576645,217.74552196264267,215.9511034488678,215.03631204366684,216.9998704791069,215.51662069559097,217.66518878936768,215.8193685412407,213.84972977638245
145,215.69554942846298,216.2592613697052,217.57736665010452,216.84139227867126,216.03382939100266,216.55856090784073,216.4751177430153,217.74191522598267,215.95627266168594,215.0579782128334,217.00599855184555,215.51753288507462,217.683986723423,215.82180434465408,213.88577407598495
146,215.74164009094238,216.24163109064102,217.60037153959274,216.8321522474289,216.0324394106865,216.5641531944275,216.48788630962372,217.74164193868637,215.96617513895035,215.0820785164833,217.00974833965302,215.51712274551392,217.70036727190018,215.8318013548851,213.92469024658203
147,215.78891378641129,216.21870404481888,217.61775267124176,216.82149559259415,216.02890759706497,216.5775141119957,216.4988597035408,217.74595141410828,215.98113775253296,215.10873943567276,217.01084065437317,215.51698744297028,217.71412366628647,215.84814029932022,213.96403342485428
148,215.83444380760193,216.1930115222931,217.62782627344131,216.8105953335762,216.02497380971909,216.5979443192482,216.50826263427734,217.75534957647324,216.0016558766365,215.13837391138077,217.00917500257492,215.51848018169403,217.72533524036407,215.87044405937195,214.00229501724243
149,215.87506276369095,216.16649317741394,217.62868493795395,216.80006325244904,216.02153307199478,216.6239554286003,216.5163969397545,217.77006191015244,216.02802073955536,215.17127746343613,217.00536143779755,215.52270483970642,217.734517455101,215.89752686023712,214.03796780109406
150,215.9079064130783,216.14020138978958,217.6196350455284,216.79004967212677,216.01956993341446,216.65463107824326,216.5240209698677,217.78987783193588,216.05974525213242,215.20796483755112,217.000603556633,215.53006368875504,217.74239546060562,215.92661195993423,214.0706822872162
151,215.93179363012314,216.11533373594284,217.59967517852783,216.7794781923294,216.02029365301132,216.68955379724503,216.53166258335114,217.81396800279617,216.0958377122879,215.24701815843582,216.9970566034317,215.54030406475067,217.74956792593002,215.95502507686615,214.09931468963623
152,215.94665497541428,216.09321802854538,217.56859266757965,216.76763129234314,216.02399325370789,216.72752457857132,216.53907704353333,217.84094989299774,216.1361165046692,215.286134660244,216.99737679958344,215.55092823505402,217.75712275505066,215.9794453382492,214.12143236398697
153,215.95317840576172,216.07417970895767,217.52653312683105,216.7543529868126,216.03137528896332,216.76738840341568,216.54580050706863,217.86957043409348,216.17948508262634,215.3225958943367,217.00407993793488,215.55910521745682,217.76617258787155,215.99910020828247,214.133868932724
154,215.95272517204285,216.05830335617065,217.476560652256,216.73871451616287,216.04381674528122,216.80838590860367,216.55222856998444,217.89890658855438,216.22451841831207,215.35405814647675,217.0189442038536,215.56286787986755,217.77731108665466,216.01372998952866,214.13635790348053
155,215.94711011648178,216.0466224551201,217.42300230264664,216.7199700474739,216.06244242191315,216.84975677728653,216.55914890766144,217.92807531356812,216.27013683319092,215.37910163402557,217.04229873418808,215.56091743707657,217.79025828838348,216.02411395311356,214.12936305999756
156,215.9373635649681,216.04092013835907,217.36992686986923,216.69650775194168,216.0880035161972,216.89154428243637,216.56758391857147,217.957206428051,216.3152756690979,215.39840441942215,217.07395100593567,215.55325812101364,217.80383855104446,216.0308362841606,214.11429685354233
157,215.92505949735641,216.04268944263458,217.3204184770584,216.6686497926712,216.12108659744263,216.933163523674,216.5785511136055,217.98703676462173,216.35956048965454,215.4132406115532,217.11298656463623,215.54142582416534,217.81728100776672,216.03541296720505,214.09249758720398
158,215.91116201877594,216.05258733034134,217.2765446305275,216.63674366474152,216.16072738170624,216.9733014702797,216.5934881567955,218.0175593495369,216.40305107831955,215.42429172992706,217.1590251326561,215.52773773670197,217.8303945660591,216.0398690700531,214.06552463769913
159,215.89713561534882,216.07033228874207,217.23972964286804,216.60193514823914,216.20544582605362,217.01168483495712,216.61375612020493,218.0490071773529,216.44610118865967,215.43235570192337,217.21163928508759,215.5145242214203,217.84319406747818,216.0464301109314,214.0352913737297
160,215.8855538368225,216.0951707959175,217.20938682556152,216.56495994329453,216.25306397676468,217.04804331064224,216.64045929908752,218.08122211694717,216.49010294675827,215.43915975093842,217.26901423931122,215.50504106283188,217.85634124279022,216.0563451051712,214.00464498996735
161,215.87920999526978,216.12651723623276,217.18777179718018,216.5287344455719,216.30064415931702,217.08415412902832,216.6742792725563,218.11452239751816,216.53577399253845,215.4476068019867,217.32881617546082,215.50183802843094,217.87080031633377,216.07086139917374,213.97663980722427
162,215.88075083494186,216.16347002983093,217.17635864019394,216.49604004621506,216.34635078907013,217.12178176641464,216.71471881866455,218.14933890104294,216.58346343040466,215.46238267421722,217.38856345415115,215.50613582134247,217.88783460855484,216.0894331932068,213.95467221736908
163,215.8921179175377,216.2035465836525,217.1748344898224,216.46930557489395,216.38796412944794,217.16175711154938,216.76010966300964,218.18533545732498,216.632807970047,215.4859619140625,217.4459711909294,215.51913791894913,217.90778815746307,216.11086136102676,213.94209629297256
164,215.91496443748474,216.24586695432663,217.18257200717926,216.45160496234894,216.42315864562988,217.20333236455917,216.80858319997787,218.22203588485718,216.68319809436798,215.5204055905342,217.4984136223793,215.5413127541542,217.93117409944534,216.13346469402313,213.9410348534584
165,215.94928747415543,216.2890853881836,217.19800662994385,216.44527971744537,216.45216709375381,217.24554175138474,216.85876953601837,218.25852572917938,216.73510819673538,215.56673061847687,217.5440030694008,215.57269030809402,217.9592467546463,216.15667778253555,213.9533143043518
166,215.9944018125534,216.33307296037674,217.22002667188644,216.45200955867767,216.47508245706558,217.28720170259476,216.90903800725937,218.2939791083336,216.78827685117722,215.6252413392067,217.5807198882103,215.61252677440643,217.99308961629868,216.18023318052292,213.98049235343933
167,216.0488291978836,216.37752759456635,217.24983096122742,216.4718981385231,216.4939929842949,217.3292480111122,216.95782285928726,218.3280349969864,216.84197783470154,215.69517588615417,217.6075308918953,215.6604351401329,218.03270316123962,216.2034530043602,214.02380257844925
168,216.1093989610672,216.4218253493309,217.28824895620346,216.50411504507065,216.51060909032822,217.3735746741295,217.00573909282684,218.35953605175018,216.89346593618393,215.77327823638916,217.62365943193436,215.7146617770195,218.07771229743958,216.22538369894028,214.08454674482346
169,216.1732794046402,216.4661544561386,217.3356176018715,216.54670643806458,216.52632975578308,217.42108869552612,217.05366218090057,218.38752913475037,216.94163531064987,215.85691422224045,217.62844598293304,215.77347266674042,218.12596487998962,216.24573731422424,214.16352027654648
170,216.2392138838768,216.51154381036758,217.39012891054153,216.59763354063034,216.54145729541779,217.47286689281464,217.10247218608856,218.41073733568192,216.9856440424919,215.94260549545288,217.62197375297546,215.8361473083496,218.17617291212082,216.2654349207878,214.25912767648697
171,216.3056783080101,216.55859792232513,217.44975304603577,216.65300315618515,216.55409735441208,217.5293369293213,217.15357625484467,218.42828106880188,217.02479130029678,216.02855116128922,217.60544830560684,215.90209865570068,218.22838670015335,216.2864649295807,214.37038558721542
172,216.37145549058914,216.60738080739975,217.50827437639236,216.7095444202423,216.56522810459137,217.5902685523033,217.20876795053482,218.43894571065903,217.0601127743721,216.11313611268997,217.5810590982437,215.97163838148117,218.2821860909462,216.30945044755936,214.49326556921005
173,216.43710017204285,216.657923579216,217.56036746501923,216.76448494195938,216.5771798491478,217.65459287166595,217.26934111118317,218.44259744882584,217.09223383665085,216.19520384073257,217.55016082525253,216.04419630765915,218.33865416049957,216.33426028490067,214.62250036001205
174,216.50408899784088,216.71041005849838,217.60490560531616,216.81641042232513,216.59192842245102,217.71982753276825,217.33753955364227,218.4402557015419,217.12185394763947,216.273919403553,217.51506227254868,216.11924064159393,218.39837282896042,216.36017262935638,214.75369375944138
175,216.57421499490738,216.765356361866,217.6425290107727,216.8651298880577,216.6128060221672,217.78093069791794,217.41531831026077,218.43305432796478,217.14941537380219,216.34896451234818,217.47774171829224,216.1989665031433,218.46292865276337,216.3861916065216,214.88098806142807
176,216.64842301607132,216.82416129112244,217.67393785715103,216.91195857524872,216.64168226718903,217.8341189622879,217.50335264205933,218.42432445287704,217.17463725805283,216.42051780223846,217.44209748506546,216.2835649251938,218.5340930223465,216.4127036333084,214.9992744922638
177,216.72621965408325,216.8881774544716,217.70071679353714,216.9583861231804,216.67934799194336,217.87592589855194,217.60150265693665,218.41739785671234,217.1988343000412,216.49093514680862,217.41189831495285,216.37373489141464,218.61292213201523,216.44120156764984,215.1039212346077
178,216.80746114253998,216.95773845911026,217.72375136613846,217.00550764799118,216.72672146558762,217.90596705675125,217.707357108593,218.41657227277756,217.2233031988144,216.56031554937363,217.390509724617,216.46922707557678,218.70044940710068,216.47206163406372,215.19276028871536
179,216.89024925231934,217.0332441329956,217.74422842264175,217.05589032173157,216.78499054908752,217.92731630802155,217.81739622354507,218.42430889606476,217.25066828727722,216.6301413178444,217.38078624010086,216.56986445188522,218.79612612724304,216.50478267669678,215.26363217830658
180,216.97097617387772,217.1145066022873,217.76297849416733,217.11110025644302,216.8545149564743,217.9393511414528,217.9266391992569,218.4437137246132,217.28233045339584,216.70328122377396,217.38396883010864,216.67636382579803,218.8999703526497,216.54054999351501,215.31492918729782
