overlap_id,pair_id,expected_shift,true_shift,peak1_shift,peak1_value,peak1_idx,peak_std,peak_std_norm,peak_to_baseline_std_ratio,peak2_shift,peak2_value,peak_ratio,peak_margin,baseline_median,baseline_mean,baseline_std,baseline_mad_std,psr_median_mad,psr_mean_std,half_level,level_95,left_cross_50,right_cross_50,width_50,left_cross_95,right_cross_95,width_95,left_width_50,right_width_50,left_width_95,right_width_95,prominence,prominence_left_base_shift,prominence_right_base_shift,candidate_peak_count,is_boundary_peak,incomplete_50,incomplete_95,distance_to_expected,abs_error_true,is_correct_true_1px,is_correct_true_2px,is_correct_true_5px
ovlp_010,pair_00,180.0,180.0,178.0,0.9802971381611294,358,0.006292784977949328,0.006419262826527804,3.7119112515199815,172.0,0.9758419953452218,1.0045654346063797,0.004455142815907642,0.9648806092474196,0.9647226643570155,0.0016952951058225088,0.001626956621408457,9.475685283092378,9.18688065023206,0.9725888737042745,0.9795263117154439,169.67931966947143,,,175.48873039071157,179.98589772613443,4.4971673354228585,8.320680330528575,,2.5112696092884335,1.985897726134425,0.0007782853974236392,134.0,180.0,12,True,True,False,2.0,2.0,False,True,True
ovlp_010,pair_01,180.0,180.0,177.0,0.9763504380649991,357,0.007140229109655326,0.00731318267630047,4.224583286324182,171.0,0.9699213531282213,1.006628460045799,0.006429084936777851,0.9613851231998868,0.9608265584709225,0.0016901617569642124,0.0012906553522744157,11.595128659824002,9.184848450221645,0.9688677806324429,0.9756021723217435,170.36325335328007,,,175.38035769724382,179.19419925831167,3.8138415610678464,6.636746646719928,,1.6196423027561764,2.19419925831167,0.0014116647508408686,137.0,180.0,9,True,True,False,3.0,3.0,False,False,True
ovlp_010,pair_02,180.0,180.0,178.0,0.9850773395432366,358,0.005074124267324192,0.005150990753352397,3.657295137363396,172.0,0.9810471081733704,1.0041080915852962,0.004030231369866244,0.9705746999051836,0.9702691443306614,0.0013873980843072487,0.0008517144703865655,17.02758394074332,10.673357113628452,0.9778260197242101,0.984352207561334,169.17453441121918,,,175.63048575373935,,,8.825465588780816,,2.3695142462606498,,0.0005112351311575836,-155.0,180.0,8,True,True,True,2.0,2.0,False,True,True
ovlp_020,pair_00,160.0,160.0,158.0,0.9795654514100817,338,0.001925115608055673,0.001965275117945896,2.7570164767204397,152.0,0.9777253749635485,1.0018819972291317,0.0018400764465331676,0.9744724296198951,0.9742759564494093,0.0006982604653656841,0.0007803811521530304,6.5263259833162035,7.575246234085698,0.9770189405149884,0.9793108003205724,150.73335404171212,165.2417870222343,14.508432980522173,155.77262986619576,159.75448762768622,3.98185776149046,7.2666459582878815,7.241787022234291,2.227370133804243,1.754487627686217,0.004285218185848816,126.0,172.0,12,False,False,False,2.0,2.0,False,True,True
ovlp_020,pair_01,160.0,160.0,159.0,0.9706320537461175,339,0.0031966315845684736,0.003293350525805526,2.4588398819742237,153.0,0.9681613945960998,1.002551908353099,0.002470659150017651,0.9612481490770977,0.9608395380543338,0.0013000568308668683,0.0013242476765314335,7.08621569463414,7.532375092598195,0.9659401014116076,0.9701628585126665,150.24748505863587,168.04483744112858,17.797352382492704,156.44603269571923,161.21883946551188,4.772806769792652,8.752514941364126,9.044837441128578,2.553967304280775,2.218839465511877,0.006823924647437307,-165.0,180.0,11,False,False,False,1.0,1.0,True,True,True
ovlp_020,pair_02,160.0,160.0,158.0,0.9708032374911838,338,0.00357314009231773,0.003680601747426887,2.9968398853358886,164.0,0.9681111931800842,1.002780718093194,0.002692044311099595,0.9595517441961501,0.9595029425405794,0.0011923026351196768,0.0012885044302144984,8.732211571178437,9.47770693257765,0.965177490843667,0.9702406628264321,149.871472435558,167.52511929102312,17.653646855465126,156.05877487064623,160.8037653889385,4.744990518292269,8.12852756444201,9.525119291023117,1.941225129353768,2.8037653889385012,0.00821655061509885,-143.0,174.0,10,False,False,False,2.0,2.0,False,True,True
ovlp_020,pair_03,160.0,160.0,158.0,0.9728329867786831,338,0.0043824967717699444,0.004504880931599157,2.613862116707488,152.0,0.9697389658292135,1.0031905709252633,0.0030940209494696447,0.9633069063557518,0.9627889638841152,0.0016766365539167348,0.0017901456818583171,5.321399548355473,5.990578501407747,0.9680699465672175,0.9723566827575365,150.30230064389931,164.94029941468276,14.63799877078344,155.6499254791032,159.7433214695332,4.093395990430025,7.697699356100685,6.940299414682755,2.3500745208968112,1.743321469533214,0.011455547544691247,132.0,175.0,9,False,False,False,2.0,2.0,False,True,True
ovlp_020,pair_04,160.0,160.0,159.0,0.9780696566899617,339,0.0027020973276643805,0.0027626839348119337,2.4141675342436857,153.0,0.9758443601926169,1.002280380548498,0.0022252964973448197,0.9696907901763916,0.9695717414286401,0.0011192666993224635,0.000665504083077054,12.5902556071921,7.592395330322722,0.9738802234331767,0.9776507133642832,150.15733607892815,168.13566229569145,17.978326216763293,156.4114015823138,161.11348724222452,4.702085659910722,8.842663921071846,9.135662295691446,2.5885984176861996,2.1134872422245223,0.007173435158199681,-150.0,180.0,12,False,False,False,1.0,1.0,True,True,True
ovlp_020,pair_05,160.0,160.0,159.0,0.9665101117557948,339,0.005169709279421204,0.005348841379455137,3.3385962417427097,165.0,0.9626433372497558,1.0040168298646166,0.0038667745060390057,0.9543487603134579,0.9538030697074202,0.0015484679503271332,0.0011133968303997813,10.922746598775719,8.206202812069867,0.9604294360346264,0.965902044183678,151.96122080111678,167.09648138173446,15.135260580617683,156.90506378196162,161.1247752003495,4.219711418387874,7.038779198883219,8.096481381734463,2.0949362180383844,2.1247752003494895,0.010839515527089394,136.0,175.0,10,False,False,False,1.0,1.0,True,True,True
ovlp_020,pair_06,160.0,160.0,158.0,0.9703153220812479,338,0.00435438140816894,0.004487594196522779,3.6326523919764404,164.0,0.9668469768100315,1.0035872742578766,0.003468345271216422,0.9591487679216597,0.9592341615706681,0.0011986782489253874,0.0011739325316747103,9.51209192887621,9.244482846430286,0.9647320450014538,0.9697569943732686,150.07993300156465,166.14406828617925,16.064135284614594,155.76266032931076,160.19300900600456,4.4303486766937965,7.920066998435345,8.144068286179248,2.237339670689238,2.1930090060045586,0.010226146909925626,132.0,175.0,10,False,False,False,2.0,2.0,False,True,True
ovlp_020,pair_07,160.0,160.0,158.0,0.9656696391105651,338,0.004595502445932745,0.0047588763898236,2.1197944785802507,164.0,0.9621730608410305,1.0036340429927213,0.003496578269534645,0.9576176861921946,0.9567402370307182,0.0021678999980274598,0.0012770016218821925,6.305358411763547,4.118917887343359,0.9616436626513798,0.9652670414646466,151.61303971700076,164.54239831038893,12.929358593388173,156.06570419158638,159.75528421846366,3.6895800268772803,6.38696028299924,6.542398310388933,1.9342958084136228,1.7552842184636575,0.012447975741492479,131.0,178.0,10,False,False,False,2.0,2.0,False,True,True
ovlp_020,pair_08,160.0,160.0,158.0,0.9604496206177605,338,0.004057541564067797,0.004224627171447045,4.031579975156919,152.0,0.9570734344588385,1.0035276145354834,0.00337618615892199,0.9520548049608866,0.9517911708056925,0.0010064395569654718,0.0009380327616533572,8.949384285978898,8.603049981634445,0.9562522127893236,0.9600298798349168,151.21273436964316,164.63304078896505,13.42030641932189,155.83075013163196,159.67130427541974,3.8405541437877844,6.787265630356842,6.633040788965047,2.1692498683680412,1.6713042754197431,0.009889525042639846,138.0,174.0,11,False,False,False,2.0,2.0,False,True,True
ovlp_020,pair_09,160.0,160.0,158.0,0.9682754688792758,338,0.0041063055347285975,0.004240844332740779,2.669121244449675,152.0,0.9649120577176412,1.0034857178275813,0.003363411161634633,0.9571210718154908,0.9566840992909338,0.0015384484849714066,0.0011145142180122574,10.008303961953041,7.53445416052231,0.9626982703473833,0.9677177490260866,149.79857406006082,166.2155418216163,16.416967761555497,155.69057717319527,160.04360868501277,4.353031511817505,8.201425939939185,8.215541821616313,2.3094228268047345,2.043608685012771,0.009575821558634456,-153.0,175.0,9,False,False,False,2.0,2.0,False,True,True
ovlp_020,pair_10,160.0,160.0,157.0,0.9706692661179437,337,0.002981057667234691,0.003071136350239063,2.178856946705665,151.0,0.968113453918033,1.0026399924405214,0.0025558121999106342,0.9620278584957123,0.9617086368153492,0.0013681750294538234,0.0008671503260135847,9.965293632486102,6.549329661550349,0.966348562306828,0.9702371957368321,148.78315634403754,164.19689416864384,15.4137378246063,154.50443482775157,158.76164937205345,4.257214544301888,8.216843655962464,7.196894168643837,2.4955651722484333,1.761649372053455,0.007666481600867359,-145.0,171.0,9,False,False,False,3.0,3.0,False,False,True
ovlp_020,pair_11,160.0,160.0,158.0,0.9753661640485126,338,0.0030959078487323333,0.003174098059627122,3.1712761231982975,152.0,0.9731538083818224,1.0022733874621206,0.0022123556666902022,0.9666233866744571,0.9662995935297676,0.0009762340863620687,0.0007714931093852684,11.33228186706917,9.287291486134817,0.9709947753614849,0.9749290251798098,148.57446845052408,166.6701864617341,18.09571801121001,155.65168654490472,160.48830008895797,4.83661354405325,9.42553154947592,8.67018646173409,2.34831345509528,2.4883000889579705,0.008401005797915806,-162.0,176.0,8,False,False,False,2.0,2.0,False,True,True
ovlp_020,pair_12,160.0,160.0,158.0,0.9720850616031222,338,0.00242276180368203,0.00249233518688839,2.308788618419516,164.0,0.9702367673979865,1.0019049929535164,0.0018482942051357698,0.9641510433620876,0.9642478345947133,0.0010493649285834294,0.0010324286460081816,7.684810249803748,7.4685429205154215,0.968118052482605,0.9716883606910706,149.66471941905934,168.06511242824305,18.400393009183716,155.95782582243956,160.74267646258699,4.784850640147425,8.335280580940662,10.065112428243054,2.0421741775604403,2.742676462586985,0.0052396867010328085,-144.0,174.0,10,False,False,False,2.0,2.0,False,True,True
ovlp_030,pair_00,140.0,140.0,137.0,0.9756008466084798,317,0.0024521397598968376,0.0025134662074364827,2.007834853691065,131.0,0.9740006144841511,1.0016429477564306,0.0016002321243286932,0.9695839858055115,0.969232365479072,0.0012212855830194367,0.0011069291395345076,5.435633219935385,5.214571610403138,0.9725924162069957,0.9753000035683314,127.14529742652843,144.75662893202195,17.611331505493524,134.8318494828375,139.31549669239854,4.483647209561042,9.85470257347157,7.756628932021954,2.168150517162502,2.31549669239854,0.007884625064002115,-140.0,157.0,7,False,False,False,3.0,3.0,False,False,True
ovlp_030,pair_01,140.0,140.0,138.0,0.9680067761739095,318,0.0028265537756669424,0.002919973129567361,1.7754655510801682,180.0,0.9663225025600857,1.0017429725680211,0.001684273613823839,0.9625838394959767,0.9621259148385791,0.0015920071070640075,0.0016137174437841379,3.3605242967542837,3.693991885611567,0.9652953078349431,0.9677356293400129,130.18536798359395,144.09804533254317,13.912677348949217,135.5384589449254,139.52176240933963,3.9833034644142344,7.814632016406051,6.098045332543165,2.461541055074605,1.5217624093396296,0.008558521005842423,-130.0,159.0,10,False,False,False,2.0,2.0,False,True,True
ovlp_030,pair_02,140.0,140.0,137.0,0.9719060468673706,317,0.003743950133608826,0.003852172898477436,2.381179874948955,131.0,0.9696730060047574,1.0023028802996319,0.0022330408626132225,0.9646125025219388,0.9642981386292313,0.001572308825971866,0.0013820464654763502,5.277351035312671,4.838685703768615,0.9682592746946547,0.971541369650099,129.00822153079625,143.9070549557052,14.898833424908958,134.53059511559852,138.75679311435016,4.226197998751644,7.9917784692037515,6.907054955705206,2.4694048844014844,1.7567931143501596,0.010418544875250957,111.0,161.0,7,False,False,False,3.0,3.0,False,False,True
ovlp_030,pair_03,140.0,140.0,137.0,0.9705545028050742,317,0.002517722629982602,0.0025941074125213352,1.3725611672310187,131.0,0.9689135323630439,1.0016936190766457,0.001640970442030265,0.9644816242323981,0.9636619595405129,0.0018343245387466502,0.0012134012543360802,5.004839537601132,3.7575375125662025,0.9675180635187361,0.9702508588764404,128.0468904491887,144.31542005622524,16.268529607036527,134.56651610419254,138.9765662030567,4.410050098864161,8.953109550811291,7.315420056225236,2.4334838958074556,1.9765662030567057,0.008210077285766837,-137.0,159.0,10,False,False,False,3.0,3.0,False,False,True
ovlp_030,pair_04,140.0,140.0,137.0,0.972962896823883,317,0.0026031127181909046,0.0026754491118710115,1.6510412293262318,131.0,0.9710949865976969,1.0019235092879333,0.0018679102261861535,0.9674714553356172,0.9671756622559495,0.001576649130229898,0.001271778767585772,4.317921975290015,3.6705912919824124,0.9702171760797501,0.9726883247494698,129.16320711525807,144.16187925871867,14.998672143460595,135.0139225315188,139.165375521173,4.151452989654189,7.836792884741925,7.16187925871867,1.9860774684811986,2.16537552117299,0.008625866307152785,-167.0,162.0,9,False,False,False,3.0,3.0,False,False,True
ovlp_030,pair_05,140.0,140.0,138.0,0.963780299027761,318,0.0031924824328241177,0.0033124586962865075,2.6675004807120484,132.0,0.9613134898079765,1.0025660819763147,0.0024668092197844826,0.9570127864678701,0.9568557103814349,0.0011968066944722474,0.0011187278886635183,6.049292798068707,5.785887293502794,0.9603965427478156,0.9634419233997664,130.65668663657306,145.2236932681868,14.567006631613737,136.0025743243248,140.12397669096737,4.12140236664257,7.343313363426944,7.223693268186793,1.9974256756752027,2.1239766909673676,0.009244879881541102,103.0,160.0,10,False,False,False,2.0,2.0,False,True,True
ovlp_030,pair_06,140.0,140.0,138.0,0.9757015628284879,318,0.0021656126701102094,0.002219544123545581,2.2889882030132114,132.0,0.9740699807802836,1.0016750152251865,0.0016315820482042387,0.9710138462649451,0.9708596459246344,0.000946100406834517,0.0009406773765881216,4.983341451821959,5.117762204599069,0.9733577045467166,0.9754671770003107,130.45222645193397,144.8446270426435,14.392400590709542,135.95138494711128,139.92292027058008,3.9715353234687996,7.547773548066033,6.844627042643509,2.048615052888721,1.9229202705800787,0.0062320902612474915,115.0,168.0,8,False,False,False,2.0,2.0,False,True,True
ovlp_030,pair_07,140.0,140.0,138.0,0.9714985254075792,318,0.0035464722927100677,0.003650517422270088,1.7246415994456645,144.0,0.969174893697103,1.0023975360129402,0.002323631710476226,0.9602854177686903,0.95988184879803,0.0020563532120818477,0.002512417179584287,4.46307553140689,5.64916403529165,0.9658919715881347,0.9709378700256347,127.55389610823931,148.18988901814905,20.63599290990973,135.4514212569714,140.8804622922311,5.429041035259701,10.446103891760686,10.189889018149046,2.5485787430285995,2.880462292231101,0.011977453761630619,-162.0,163.0,7,False,False,False,2.0,2.0,False,True,True
ovlp_030,pair_08,140.0,140.0,138.0,0.9713112285402087,318,0.003197913728253597,0.003292367713137391,3.0472249225890384,144.0,0.9691511384646098,1.002228847482985,0.0021600900755989194,0.9643487634923722,0.9645425248112943,0.001049451159495154,0.00110554939166701,6.297742190729341,6.449755824911847,0.9678299960162904,0.9709631052878168,129.92545901317482,145.68360961282812,15.758150599653305,136.2944556161282,140.61016968217993,4.315714066051726,8.074540986825184,7.683609612828121,1.7055443838717963,2.6101696821799294,0.008318744235568665,100.0,158.0,6,False,False,False,2.0,2.0,False,True,True
ovlp_030,pair_09,140.0,140.0,139.0,0.9655727820926242,319,0.0036422632781946073,0.0037721271205480365,2.345771187267885,133.0,0.9632716912693448,1.0023888284521756,0.0023010908232794502,0.9581430115964678,0.9579076668851905,0.001552693330860093,0.001433091638008701,5.184435034789688,4.936657519606755,0.9618578968445459,0.9652012935678164,131.04843859309904,145.91788441045256,14.869445817353522,136.55562093763496,140.73203350162672,4.176412563991761,7.951561406900964,6.917884410452558,2.4443790623650443,1.7320335016267165,0.0110865518781873,-131.0,160.0,9,False,False,False,1.0,1.0,True,True,True
ovlp_030,pair_10,140.0,140.0,139.0,0.9690240722232395,319,0.0029256639451708684,0.0030191860336952155,2.6890264196366003,145.0,0.9673348816235859,1.0017462314569061,0.0016891905996535561,0.9615320380528768,0.9614187717313566,0.00108800119024723,0.0010244775199889917,7.313029348309379,6.99015824620075,0.9652780551380582,0.9686494705147214,130.0588936491204,148.38777926453068,18.328885615410286,136.49703117240813,141.689057146216,5.1920259738078585,8.941106350879608,9.387779264530678,2.5029688275918716,2.689057146215987,0.008845442136128812,-166.0,161.0,8,False,False,False,1.0,1.0,True,True,True
ovlp_030,pair_11,140.0,140.0,139.0,0.9637008966339959,319,0.0033417434195723668,0.0034676147249051775,2.691929919592682,145.0,0.9622364181942411,1.0015219528299533,0.001464478439754835,0.957023283375634,0.9566248103289141,0.0012413931712152478,0.0009231363548437209,7.2336152978097985,5.70011698884631,0.960362090004815,0.9633670159710779,131.72113109323243,148.64687113929128,16.92574004605885,136.99422796649426,141.827218965278,4.8329909987837425,7.2788689067675705,9.646871139291278,2.0057720335057354,2.827218965278007,0.010005407068464534,116.0,162.0,9,False,False,False,1.0,1.0,True,True,True
ovlp_030,pair_12,140.0,140.0,138.0,0.9635739411248101,318,0.004055370860077263,0.004208676352686853,2.3510289265597466,132.0,0.9615537497732373,1.0021009656007782,0.002020191351572831,0.9546856696075863,0.9543256626948715,0.0017249344805006183,0.001754207825501721,5.066829247943691,5.361524472079952,0.9591298053661982,0.9631295275489489,128.0117093809636,145.2567554148523,17.245046033888713,135.07771176254602,139.91427896356555,4.836567201019534,9.988290619036405,7.256755414852307,2.9222882374539836,1.9142789635655504,0.012749811278449097,-119.0,158.0,10,False,False,False,2.0,2.0,False,True,True
ovlp_032,pair_00,136.0,136.0,134.0,0.9742345828480191,314,0.002551855705446069,0.002619344201461343,1.6407844557567473,128.0,0.9724860493342081,1.001798003698879,0.0017485335138109903,0.9667202754815418,0.966411172878411,0.0015552656514344696,0.0014823849274318525,5.069066223909468,5.0302724569222566,0.9704774291647804,0.9738588674796953,124.14111229859438,142.977601510168,18.83648921157362,131.31790458841084,136.3278912963573,5.009986707946467,9.85888770140562,8.977601510168,2.6820954115891595,2.3278912963573077,0.008203973505232165,-138.0,160.0,10,False,False,False,2.0,2.0,False,True,True
ovlp_034,pair_00,131.99999999999997,131.99999999999997,130.0,0.9698084735870361,310,0.002547689531528835,0.0026270027545806864,2.1754463930306427,136.0,0.9680211289723715,1.0018463900850616,0.0017873446146646765,0.9643206809626685,0.9640138711581627,0.0011711111520333146,0.0011715540081659362,4.684199436062469,4.947952565230614,0.9670645772748523,0.9695340839558177,122.20935463321285,137.65012517839153,15.44077054517868,127.89776050661733,132.30015479106817,4.4023942844508355,7.790645366787146,7.650125178391534,2.102239493382669,2.3001547910681666,0.0074561574723986945,-175.0,167.0,11,False,False,False,1.9999999999999716,1.9999999999999716,False,True,True
ovlp_035,pair_00,130.0,130.0,128.0,0.9634495306015015,308,0.0023326831550282106,0.002421178360605841,1.2197629689608764,134.0,0.9619604632589552,1.001547950668889,0.0014890673425462797,0.9579829049110412,0.9575723558937511,0.0019124069301886069,0.0017252839820385483,3.168536743731364,3.0731820801186784,0.9607162177562714,0.9631761993169785,119.40632081490152,136.63096017723595,17.22463936233443,125.53202026215378,130.31535499160046,4.783334729446679,8.59367918509848,8.630960177235949,2.467979737846221,2.315354991600458,0.008900517092810811,-147.0,155.0,5,False,False,False,2.0,2.0,False,True,True
ovlp_035,pair_01,130.0,130.0,128.0,0.9665962367587619,308,0.0030803074804928087,0.003186757162247856,2.0807681124710573,134.0,0.9645764814482795,1.0020939296668834,0.002019755310482485,0.9599534998999701,0.9595097750930321,0.001480370379587723,0.0013086812299093911,5.075901378406504,4.7869518084409,0.963274868329366,0.9662640999158223,120.57121455377359,135.8440901683848,15.272875614611223,126.27189920862612,130.58677794287104,4.314878734244914,7.428785446226414,7.84409016838481,1.7281007913738762,2.586777942871038,0.009629282156626395,104.0,167.0,9,False,False,False,2.0,2.0,False,True,True
ovlp_035,pair_02,130.0,130.0,180.0,0.9713381838798523,360,0.0018809293162497507,0.0019364309438929753,1.0871058880000892,129.0,0.9712134657965767,1.000128414697353,0.00012471808327552125,0.9660560662216611,0.9658008096716764,0.0017302172097605237,0.0010961417342025906,4.818827249592661,3.200392515424305,0.9686971250507567,0.9710740779969427,172.20564745774925,,,179.10703786753012,,,7.794352542250749,,0.8929621324698758,,0.005282117658191199,,,9,True,True,True,50.0,50.0,False,False,False
ovlp_035,pair_03,130.0,130.0,128.0,0.9735024995274014,308,0.002352832960728273,0.0024168740828816406,1.461556555844496,122.0,0.9717526276906333,1.0018007379521336,0.0017498718367681132,0.9687610220909119,0.9682008324878083,0.0016098131483997156,0.0014870455531280544,3.1885219834158343,3.2933431093312926,0.9711317608091566,0.9732654256555769,120.63558792617674,134.76912060413173,14.133532677954989,126.09416064722426,130.03427800675388,3.940117359529623,7.36441207382326,6.769120604131729,1.9058393527757431,2.0342780067538797,0.00783969958623254,-151.0,152.0,9,False,False,False,2.0,2.0,False,True,True
ovlp_035,pair_04,130.0,130.0,126.0,0.9708915829658509,306,0.0018842726436613584,0.0019407652478614945,1.3375634621091617,132.0,0.9697008310423957,1.001227958031319,0.001190751923455191,0.9666298536459604,0.9661679743048218,0.0014087351344736257,0.0008594521341324093,4.958658138876489,3.3530850089815023,0.9687607183059057,0.9706784964998564,118.89130226589538,134.34059980566312,15.449297539767741,124.17845336930108,128.54565867333554,4.3672053040344565,7.108697734104624,8.340599805663118,1.8215466306989185,2.545658673335538,0.006524674892425586,-155.0,157.0,9,False,False,False,4.0,4.0,False,False,True
ovlp_035,pair_05,130.0,130.0,128.0,0.9723842215538024,308,0.002389725613685695,0.0024575939846772496,1.5603981012882067,122.0,0.9713879582617018,1.001025608031917,0.0009962632921006742,0.9672596392366621,0.9668805254523953,0.0015314845690422374,0.0016975030552544507,3.018894311428584,3.5937000036827134,0.9698219303952322,0.9721279924379455,117.11363101362869,136.441157900795,19.3275268871663,125.07234136712572,130.42286819196522,5.3505268248395055,10.88636898637131,8.441157900794991,2.9276586328742837,2.4228681919652217,0.008378977510664187,-164.0,156.0,7,False,False,False,2.0,2.0,False,True,True
ovlp_035,pair_06,130.0,130.0,128.0,0.9652927165561253,308,0.003008447513216416,0.0031166168164509247,2.0494352800800555,122.0,0.9633757593896654,1.0019898333000141,0.0019169571664598983,0.9600957692994012,0.9597145860965053,0.001467939750260813,0.0011883888566494316,4.373103321901234,3.799972348067341,0.9626942429277632,0.965032869193289,120.76565487822305,134.37089987720358,13.605244998980538,125.8953103652549,129.7306209856253,3.8353106203704073,7.234345121776954,6.370899877203584,2.1046896347450996,1.7306209856253076,0.0076944976382785635,99.0,152.0,8,False,False,False,2.0,2.0,False,True,True
ovlp_035,pair_07,130.0,130.0,128.0,0.9745237957106697,308,0.0020893359796898604,0.00214395583656961,1.7617058502039715,134.0,0.9730150877104865,1.001550549440845,0.001508708000183212,0.9698803608947331,0.9697623918826382,0.0011859732312564867,0.0011592401610215775,4.005584840888051,4.014765006952961,0.9722020783027014,0.9742916239698729,120.27842098521964,135.81115009499703,15.532729109777392,125.78845333530532,130.08301697585867,4.294563640553349,7.72157901478036,7.811150094997032,2.21154666469468,2.083016975858669,0.006750717692905139,-122.0,150.0,9,False,False,False,2.0,2.0,False,True,True
ovlp_035,pair_08,130.0,130.0,129.0,0.9759696412086487,309,0.0016238866604066766,0.0016638700548058463,2.033371982678424,123.0,0.9751900148391722,1.000799460984642,0.0007796263694764827,0.9719419282012516,0.971718234024942,0.0007986176037832684,0.0007174015336831779,5.614307773665652,5.3234578896917455,0.9739557847049501,0.9757682555582788,118.00832697779128,137.1309007128525,19.122573735061223,126.19192364888022,131.53507413466045,5.343150485780228,10.991673022208715,8.130900712852508,2.80807635111978,2.535074134660448,0.005751229392157664,-149.0,157.0,8,False,False,False,1.0,1.0,True,True,True
ovlp_035,pair_09,130.0,130.0,127.0,0.964786536163754,307,0.0030382035467022487,0.003149094056373287,2.35464940874146,121.0,0.963350641462538,1.001490521352678,0.0014358947012159673,0.9589054701063368,0.9587895816316208,0.0012902997513868286,0.0012192244344552178,4.82361236472844,4.647721993038929,0.9618460031350453,0.9644924828608831,117.7839365748827,133.83670400697528,16.05276743209258,124.31191856556401,128.82518207328133,4.513263507717312,9.216063425117298,6.836704006975282,2.6880814344359862,1.8251820732813258,0.008534238868289523,-119.0,149.0,7,False,False,False,3.0,3.0,False,False,True
ovlp_035,pair_10,130.0,130.0,130.0,0.9734403072463141,310,0.0026692164471216347,0.002742044301280644,1.2518804228742861,-180.0,0.9734293672773573,1.0000112385852786,1.093996895684679e-05,0.9689799948533375,0.9690922845585479,0.002132165659235393,0.0021499348706405645,2.074626749808326,2.0392518137288946,0.9712101510498259,0.9732172916266653,123.46330030436378,136.7705925774721,13.307292273108303,128.08786789677382,131.95035806276243,3.8624901659886177,6.536699695636216,6.770592577472087,1.9121321032261847,1.950358062762433,0.007592347198062455,101.0,162.0,7,False,False,False,0.0,0.0,True,True,True
ovlp_035,pair_11,130.0,130.0,128.0,0.9684531701935662,308,0.002534373342432293,0.002616929161299295,1.3742638442698865,180.0,0.9667526464992099,1.001759005988258,0.0017005236943563595,0.9618114246262444,0.9617384191734925,0.0018441679543557698,0.001665822465340458,3.9870668726780916,3.641073473928509,0.9651322974099052,0.9681210829152002,119.52247384818146,136.75669391507074,17.23422006688928,126.08196892337806,130.7557530268663,4.673784103488245,8.477526151818537,8.756693915070741,1.9180310766219435,2.7557530268663015,0.009394794570075193,-138.0,154.0,8,False,False,False,2.0,2.0,False,True,True
ovlp_035,pair_12,130.0,130.0,128.0,0.9612909544838799,308,0.0034863002949955834,0.0036266858423393664,1.8288744868319244,180.0,0.9599437488449944,1.0014034214405858,0.0013472056388854625,0.9541667528947194,0.9538860998584164,0.0019062545407556872,0.0018826598776181074,3.7841150564986017,3.884504648853455,0.9577288536892996,0.9609347444044218,119.83500639501449,135.49970171117909,15.664695316164597,125.89270565013615,130.28602350545316,4.393317855317008,8.164993604985511,7.499701711179085,2.1072943498638494,2.2860235054531586,0.011116105450524216,-128.0,151.0,8,False,False,False,2.0,2.0,False,True,True
ovlp_035,pair_13,130.0,130.0,127.0,0.9640868139266967,307,0.002954526348116664,0.003064585372849325,2.087687752840719,180.0,0.9622732366455926,1.0018846801636363,0.001813577281104095,0.9579685437679292,0.9579462841790584,0.0014152146766662958,0.0015916962672076036,3.8438678815909637,4.338938712890601,0.9610276788473129,0.9637809004187583,119.38727802251043,134.2029781910543,14.815700168543884,125.2469622125515,129.42660637652043,4.179644163968931,7.612721977489571,7.202978191054314,1.7530377874485055,2.426606376520425,0.008054273128509482,-139.0,157.0,9,False,False,False,3.0,3.0,False,False,True
ovlp_035,pair_14,130.0,130.0,127.0,0.9723715307977464,307,0.002615761476250219,0.002690084389969967,1.9584819326740577,133.0,0.9708677297168308,1.0015489247761424,0.0015038010809156344,0.9679985713958741,0.9675304773193266,0.0013356066413534537,0.0010817979334990537,4.042307039474621,3.6246102172074,0.9701850510968102,0.9721528828276528,119.95842384061983,134.4095513894006,14.451127548780775,124.89882159247311,129.12737481772393,4.2285532252508204,7.0415761593801705,7.409551389400605,2.101178407526888,2.1273748177239327,0.0064602046542698854,-165.0,151.0,8,False,False,False,3.0,3.0,False,False,True
ovlp_036,pair_00,128.0,128.0,127.0,0.9705187447865804,307,0.0025771505966781295,0.0026554361886589337,1.930019289844555,133.0,0.9689851217799715,1.0015827105825852,0.001533623006608864,0.9649717485904694,0.96458259133829,0.0013352978440364163,0.0010032206443946043,5.529188645692527,4.445565066102554,0.9677452466885249,0.9702413949767749,119.54469180348342,135.17659736916877,15.631905565685358,125.22120799516219,129.7675017813318,4.546293786169599,7.455308196516583,8.176597369168775,1.7787920048378112,2.767501781331788,0.009000705348120808,-113.0,151.0,10,False,False,False,1.0,1.0,True,True,True
ovlp_038,pair_00,124.0,124.0,124.0,0.970887328253852,304,0.0018878680428434085,0.0019444769623667383,1.314080857629407,118.0,0.9696524336602953,1.001273543540643,0.0012348945935567457,0.9662161217795477,0.9656516438714332,0.0014366452656871585,0.001407076144377402,3.3197965106367433,3.644382164106857,0.9685517250167,0.9706537679301368,115.09624306028218,131.216874387964,16.12063132768182,121.35867989171763,125.78092685324359,4.422246961525957,8.903756939717823,7.216874387963998,2.641320108282372,1.7809268532435851,0.007556077109442727,-108.0,157.0,10,False,False,False,0.0,0.0,True,True,True
ovlp_040,pair_00,120.0,120.0,117.0,0.9632584505610996,297,0.0022357969757216866,0.002321076938820865,1.6579044205160725,-180.0,0.9626264031728109,1.000656586383051,0.0006320473882887034,0.9589549663331773,0.9588124849109185,0.00134856807669632,0.0015385384662151105,2.797124883402538,3.2968047568445042,0.9611067084471385,0.9630432763497034,109.27575253744641,124.16675595217413,14.89100341472772,114.77425686096286,119.07360465936291,4.299347798400049,7.724247462553592,7.166755952174128,2.225743139037135,2.073604659362914,0.007077904807196611,-161.0,141.0,9,False,False,False,3.0,3.0,False,False,True
ovlp_040,pair_01,120.0,120.0,-49.0,0.9796449693044027,131,0.0003571719318242763,0.0003645932383829689,0.3494432161443522,-55.0,0.9794782455762228,1.0001702168771311,0.00016672372817994052,0.9781147077348498,0.9778773494718802,0.001022117229131532,0.0005428526276748223,2.818926337535552,1.7293709392066472,0.9788798385196262,0.979568456225925,-72.7289456138613,-37.91102409839888,34.817921515462416,-52.98175257415962,-45.971589202782674,7.010163371376947,23.7289456138613,11.088975901601117,3.9817525741596214,3.028410797217326,0.002521594100528435,-178.0,154.0,12,False,False,False,169.0,169.0,False,False,False
ovlp_040,pair_02,120.0,120.0,117.0,0.9632584505610996,297,0.0022357969757216866,0.002321076938820865,1.6579044205160725,-180.0,0.9626264031728109,1.000656586383051,0.0006320473882887034,0.9589549663331773,0.9588124849109185,0.00134856807669632,0.0015385384662151105,2.797124883402538,3.2968047568445042,0.9611067084471385,0.9630432763497034,109.27575253744641,124.16675595217413,14.89100341472772,114.77425686096286,119.07360465936291,4.299347798400049,7.724247462553592,7.166755952174128,2.225743139037135,2.073604659362914,0.007077904807196611,-161.0,141.0,9,False,False,False,3.0,3.0,False,False,True
ovlp_040,pair_03,120.0,120.0,-49.0,0.9796449693044027,131,0.0003571719318242763,0.0003645932383829689,0.3494432161443522,-55.0,0.9794782455762228,1.0001702168771311,0.00016672372817994052,0.9781147077348498,0.9778773494718802,0.001022117229131532,0.0005428526276748223,2.818926337535552,1.7293709392066472,0.9788798385196262,0.979568456225925,-72.7289456138613,-37.91102409839888,34.817921515462416,-52.98175257415962,-45.971589202782674,7.010163371376947,23.7289456138613,11.088975901601117,3.9817525741596214,3.028410797217326,0.002521594100528435,-178.0,154.0,12,False,False,False,169.0,169.0,False,False,False
ovlp_040,pair_04,120.0,120.0,118.0,0.9627350656191508,298,0.0025318494474008677,0.002629850659664706,1.3008411797571846,-180.0,0.962123375468784,1.0006357710102083,0.0006116901503667727,0.9582458742459615,0.9578960019540457,0.0019463171114197536,0.0016530019644101412,2.715781027393508,2.4862668250268984,0.9604904699325562,0.9625106060504913,111.28044015620397,125.6554412924157,14.375001136211736,116.3781319276942,120.5691252178046,4.190993290110399,6.719559843796034,7.655441292415702,1.6218680723058014,2.569125217804597,0.006353900697496195,97.0,163.0,6,False,False,False,2.0,2.0,False,True,True
ovlp_040,pair_05,120.0,120.0,119.0,0.9650407648086547,299,0.002999701183805708,0.003108367328296727,1.7730468956808014,125.0,0.9634566630257501,1.0016441858193494,0.00158410178290469,0.9587971274058025,0.9581651900269919,0.0016918340914236817,0.0014509867282708833,4.303028608878259,4.063976968259983,0.9619189461072286,0.9647285829385122,111.16361678228846,127.49738826326869,16.333771480980232,116.9798576431788,121.84019663913325,4.86033899595445,7.836383217711543,8.49738826326869,2.0201423568211965,2.8401966391332536,0.010202379491594082,-153.0,143.0,9,False,False,False,1.0,1.0,True,True,True
ovlp_040,pair_06,120.0,120.0,118.0,0.9671867730882432,298,0.0025372284988586557,0.0026233076893279294,1.813072131169871,112.0,0.9655209419462416,1.0017253184986787,0.0016658311420015837,0.9606668028566572,0.9604248349451356,0.00139940847098098,0.0013171700373490768,4.949983712587359,4.831997435578946,0.9639267879724502,0.9668607745766639,108.7923171982349,126.74536730578434,17.953050107549444,115.5041412933004,120.29422015224344,4.790078858943033,9.207682801765102,8.745367305784342,2.495858706699593,2.2942201522434402,0.009659498532612942,-164.0,145.0,8,False,False,False,2.0,2.0,False,True,True
ovlp_040,pair_07,120.0,120.0,119.0,0.9756203656726413,299,0.0017898993838667738,0.0018346269172361197,1.0916302948580177,113.0,0.9746379650963676,1.0010079646098915,0.0009824005762737453,0.9700137066841126,0.9698222557852667,0.0016396571186214433,0.001725450706481906,3.249388097536787,3.536172179857596,0.972817036178377,0.9753400327232149,106.22167774199103,128.64133060259405,22.419652860603023,115.83651582815553,121.39555862864553,5.559042800490005,12.77832225800897,9.641330602594053,3.1634841718444733,2.3955586286455315,0.006825268533494633,-154.0,148.0,8,False,False,False,1.0,1.0,True,True,True
ovlp_040,pair_08,120.0,120.0,118.0,0.9696861929363675,298,0.0022260859036779563,0.0022956766012487053,1.4971945082568001,-180.0,0.9696270309554206,1.0000610151935312,5.9161980946909054e-05,0.9655674266815186,0.9651029241432747,0.00148683814387605,0.0010391802986461723,3.9634760784194274,3.0825606754643973,0.9676268098089431,0.9694802546236251,110.92277558381292,125.39929309721845,14.476517513405526,115.97385555633521,120.21131835735046,4.237462801015255,7.077224416187079,7.399293097218447,2.0261444436647906,2.2113183573504642,0.007665296660529286,-116.0,141.0,9,False,False,False,2.0,2.0,False,True,True
ovlp_040,pair_09,120.0,120.0,119.0,0.969872288439009,299,0.002139166218582772,0.002205616393087918,2.308864239265829,113.0,0.968493058151669,1.0014240993012093,0.0013792302873399942,0.9654042557875315,0.9653078111492924,0.0009265015162879315,0.0007699745226702227,5.802831807970197,4.92657292996596,0.9676382721132702,0.9696488868064351,111.1878800196119,125.96218656862396,14.774306549012067,116.42131955865477,120.7676031347412,4.346283576086421,7.812119980388104,6.962186568623963,2.5786804413452273,1.7676031347411936,0.006503280533684652,-135.0,144.0,11,False,False,False,1.0,1.0,True,True,True
ovlp_040,pair_10,120.0,120.0,119.0,0.9665054400761922,299,0.0025024812698294955,0.0025892055709818024,1.6483347166038038,113.0,0.9647262371910944,1.001844256760631,0.001779202885097808,0.9607305301560296,0.9603387017763323,0.001518187565075107,0.001282828925927428,4.5016991770649435,4.061908055184763,0.9636179851161109,0.9662166945801841,110.95924687087499,126.99880358444675,16.039556713571756,116.68266516134787,121.19154878758509,4.508883626237221,8.040753129125008,7.9988035844467475,2.3173348386521297,2.1915487875850914,0.008468550046284995,-161.0,145.0,10,False,False,False,1.0,1.0,True,True,True
ovlp_040,pair_11,120.0,120.0,118.0,0.9649634657965768,298,0.0023242919980008066,0.0024086839350773814,1.5256036106149315,112.0,0.9635037724177041,1.001514984601679,0.0014596933788726396,0.9595966509977976,0.9591737995056642,0.0015235228743749134,0.0011432230281828845,4.694460019152679,3.8001833699333476,0.9622800583971871,0.9646951250566378,108.96893459181571,126.09287558150605,17.12394098969034,115.63063957742024,120.27765748460261,4.647017907182374,9.03106540818429,8.09287558150605,2.36936042257976,2.2776574846026136,0.008858989609612511,-164.0,144.0,9,False,False,False,2.0,2.0,False,True,True
ovlp_040,pair_12,120.0,120.0,119.0,0.9747144405047099,299,0.0019014116351642502,0.0019507371145334564,1.7451882095401552,125.0,0.973516567548116,1.001230459754384,0.001197872956593904,0.9703015984429253,0.9700733116186327,0.0010895166634578965,0.0007001376005013857,6.302821129195834,4.259805326287699,0.9725080194738176,0.9744937984016206,110.21933248337889,127.52821320282396,17.30888071944507,116.75880950263817,121.5057973701449,4.746987867506732,8.780667516621108,8.528213202823963,2.2411904973618277,2.5057973701449043,0.0071078154775832125,-138.0,147.0,12,False,False,False,1.0,1.0,True,True,True
ovlp_040,pair_13,120.0,120.0,118.0,0.9671644989649455,298,0.0025156787621186784,0.0026010867487495093,1.9535417101981118,112.0,0.9657282323307461,1.0014872368707013,0.001436266634199379,0.9621331005626255,0.9618180395298535,0.0012877527769107932,0.0012526539618175345,4.016590818919966,4.151774728001546,0.9646487997637855,0.9669129290448295,109.31663802630268,125.29968815430253,15.983050127999846,115.85343563207668,120.36789695335979,4.5144613212831075,8.683361973697316,7.29968815430253,2.146564367923318,2.3678969533597893,0.008058010737101218,-162.0,151.0,9,False,False,False,2.0,2.0,False,True,True
ovlp_040,pair_14,120.0,120.0,119.0,0.9681900008519492,299,0.0022471927942473756,0.0023210245842964507,1.2798094815712235,125.0,0.9666902981864082,1.0015513786249377,0.0014997026655410028,0.9651041376590729,0.9644512431166238,0.0017558807202213368,0.0008299807903766873,3.717993511001347,2.1292777420860944,0.966647069255511,0.9680357076923054,113.60327539976358,125.0889371981992,11.485661798435629,117.64890254374924,121.03550791148515,3.3866053677359105,5.396724600236425,6.088937198199204,1.3510974562507556,2.035507911485155,0.0071207547187805975,-146.0,165.0,10,False,False,False,1.0,1.0,True,True,True
ovlp_040,pair_15,120.0,120.0,121.0,0.9656415587001376,301,0.0024521249788421245,0.0025393739082056094,1.9231320122758835,115.0,0.9640665443738302,1.0016337195139682,0.0015750143263073557,0.9599641773435805,0.9598236648763219,0.0012750684628977796,0.0014798267185687744,3.8365176715068134,4.562808973091284,0.962802868021859,0.9653576896323097,112.81198119311732,129.13154472737295,16.319563534255636,118.36879593217087,123.14675896432146,4.777963032150595,8.188018806882681,8.131544727372955,2.631204067829131,2.1467589643214637,0.0068936554590860455,-129.0,154.0,9,False,False,False,1.0,1.0,True,True,True
ovlp_040,pair_16,120.0,120.0,118.0,0.9671037610371908,298,0.0025120061179469415,0.0025974525373088074,1.3343023742484623,124.0,0.9656502975357903,1.001505165488075,0.0014534635014004094,0.9594998870955573,0.9592873807392188,0.0018826363247399704,0.0019386272505919175,3.9222980793815543,4.1518269860492225,0.963301824066374,0.9667235673401091,107.50611635684123,128.25366245412516,20.74754609728393,115.71468880618453,121.22170590115705,5.507017094972525,10.493883643158767,10.253662454125163,2.285311193815474,3.2217059011570512,0.007960512373182627,-142.0,150.0,8,False,False,False,2.0,2.0,False,True,True
ovlp_040,pair_17,120.0,120.0,119.0,0.9667965639962091,299,0.0020950122002991785,0.0021669628113276927,1.5512622945657453,-180.0,0.9664127188258701,1.0003971855531923,0.00038384517033895893,0.9625627822346158,0.962471194041272,0.001350520932300265,0.001401478012800222,3.020940551991947,3.2027418838817154,0.9646796731154124,0.9665848749081294,111.8700116934649,126.69959406129371,14.829582367828806,117.30134638270795,121.56278418854849,4.2614378058405435,7.129988306535097,7.699594061293709,1.6986536172920523,2.562784188548491,0.006532601780361635,-134.0,145.0,9,False,False,False,1.0,1.0,True,True,True
ovlp_040,pair_18,120.0,120.0,118.0,0.9622167981995478,298,0.0018553908682355483,0.0019282461828844222,1.5099197138729008,112.0,0.9610723246468437,1.001190829788096,0.001144473552704084,0.9587003596623739,0.9585088260504936,0.0012288010092116248,0.0015465752127964694,2.2736938417728525,3.017552981530448,0.9604585789309608,0.962040976272689,110.18614159350498,124.99787128035828,14.811729686853297,115.7867233392202,119.98234644135866,4.195623102138455,7.813858406495015,6.997871280358282,2.2132766607797976,1.9823464413586578,0.005742314126756631,-125.0,143.0,10,False,False,False,2.0,2.0,False,True,True
ovlp_040,pair_19,120.0,120.0,118.0,0.9704280718167623,298,0.0025111290690421418,0.002587650895486767,2.1823337223952297,112.0,0.9687895650333828,1.0016912927662707,0.001638506783379512,0.9649625999397702,0.9646180950767465,0.0011506622673117296,0.0009229847514629144,5.9215191457165615,5.049245903917193,0.9676953358782663,0.9701547982229126,109.56117878179444,125.38038567077389,15.819206888979451,115.78676342633463,120.1327335613907,4.3459701350560636,8.438821218205561,7.38038567077389,2.2132365736653696,2.132733561390694,0.008303662670983147,-170.0,141.0,10,False,False,False,2.0,2.0,False,True,True
ovlp_042,pair_00,116.00000000000001,116.00000000000001,180.0,0.9655121474795871,360,0.002184366282794736,0.0022623913003030527,1.5022758666370797,115.0,0.9653522467613219,1.0001656397639325,0.00015990071826521568,0.9610390014118619,0.96090710635045,0.0014540380573939127,0.0008763920445444931,5.104046865293176,3.1670705630572282,0.9632755744457245,0.9652884901762009,172.91890350055152,,,179.26984894137019,,,7.081096499448478,,0.730151058629815,,0.004473146067725198,,,9,True,True,True,63.999999999999986,63.999999999999986,False,False,False
ovlp_044,pair_00,112.00000000000001,112.00000000000001,180.0,0.974268782403734,360,0.0012714735746197036,0.0013050542084317844,1.1579622398604468,112.0,0.9731310693422953,1.0011691262331268,0.0011377130614387276,0.9700728702545165,0.9699542895041261,0.0010980268016105056,0.0011344932656288432,3.6984901332946922,3.9293147428457695,0.9721708263291253,0.9740589867962731,170.67783025232777,,,179.14018458926117,,,9.322169747672234,,0.8598154107388325,,0.004195912149217551,,,8,True,True,True,67.99999999999999,67.99999999999999,False,False,False
ovlp_045,pair_00,110.00000000000001,110.00000000000001,177.0,0.9649901729159885,357,0.0014787856217054617,0.00153243593894526,1.0314674845195866,-173.0,0.9646314904424877,1.0003718336764398,0.0003586824735007932,0.9601174330711365,0.9604904185157385,0.0014336715833502174,0.001249882683436075,3.898557768202932,3.1386228565226975,0.9625538029935625,0.9647465359237459,164.74071578236487,,,173.79002584988808,,,12.259284217635127,,3.2099741501119183,,0.00015761348936293995,135.0,180.0,10,True,True,True,66.99999999999999,66.99999999999999,False,False,False
ovlp_045,pair_01,110.00000000000001,110.00000000000001,180.0,0.972145926422543,360,0.0013914432051989251,0.0014313110484548126,1.2459609743986537,111.0,0.9718891519970364,1.0002642013494842,0.0002567744255066451,0.9686311021116045,0.9687004511847216,0.0011167630718694752,0.0008967000243664028,3.919732592203347,3.0852338554261935,0.9703885142670738,0.9719701852069961,176.4364266509245,,,179.65066090772223,,,3.5635733490755115,,0.3493390922777735,,0.0035148243109385247,,,9,True,True,True,69.99999999999999,69.99999999999999,False,False,False
ovlp_045,pair_02,110.00000000000001,110.00000000000001,108.0,0.96992044183943,288,0.0020322390383260406,0.002095263642935445,1.6783600854628113,102.0,0.9686337547832066,1.0013283524860348,0.001286687056223479,0.9632946369383071,0.9632339210477141,0.0012108480509804584,0.001169132085243837,5.667285146606059,5.522179918695559,0.9666075393888686,0.9695891515943739,96.4750983187723,117.0153554122456,20.5402570934733,104.93691643851068,110.2730838255417,5.3361673870310256,11.524901681227703,9.015355412245597,3.0630835614893215,2.273083825541704,0.007547296947903126,-156.0,151.0,9,False,False,False,2.000000000000014,2.000000000000014,False,False,True
ovlp_045,pair_03,110.00000000000001,110.00000000000001,108.0,0.9687921367751229,288,0.0022579475429125705,0.0023306831849696234,1.2021636023841058,102.0,0.9674912595748901,1.0013445880646037,0.0013008772002327529,0.9645288489924537,0.9639575336053967,0.0018782364883071288,0.0019958759863377977,2.1360484378048947,2.5740119520751303,0.9666604928837883,0.9685789723859894,99.81122914594341,114.55452914850686,14.743300002563444,105.57273246789039,109.67072097918714,4.097988511296748,8.188770854056585,6.554529148506859,2.42726753210961,1.6707209791871378,0.007323995166354846,-132.0,129.0,8,False,False,False,2.000000000000014,2.000000000000014,False,False,True
ovlp_045,pair_04,110.00000000000001,110.00000000000001,-180.0,0.961413196987576,0,0.001528602406506304,0.0015899536341875881,0.7098480799396322,-64.0,0.9602461218833923,1.0012153916351099,0.001167075104183679,0.9567247410615285,0.9565151046826168,0.00215342190773595,0.0016706101472376614,2.8064332865449284,2.274562308186468,0.9590689690245522,0.9611787741912736,,-173.20856988784905,,,-179.5243377053604,,,6.791430112150948,,0.47566229463959075,0.004688455926047497,,,7,True,True,True,290.0,290.0,False,False,False
ovlp_045,pair_05,110.00000000000001,110.00000000000001,110.0,0.9685105877452427,290,0.001518054298139667,0.0015674111541452518,0.8759584517822214,116.0,0.9674543494648403,1.0010917706669948,0.0010562382804023551,0.9647741250197093,0.9639026541213195,0.001733020892772985,0.0010939047988256221,3.4157110651171316,2.6589025228369305,0.966642356382476,0.968323764608966,101.71845712442914,118.46010334325022,16.74164621882109,107.60421542021248,112.34556723903448,4.741351818821997,8.281542875570864,8.460103343250225,2.3957845797875166,2.34556723903448,0.007742211023966661,-138.0,164.0,6,False,False,False,1.4210854715202004e-14,1.4210854715202004e-14,True,True,True
ovlp_045,pair_06,110.00000000000001,110.00000000000001,180.0,0.9678495566050211,360,0.0017565233447676227,0.0018148722937158495,1.4504570446728993,108.0,0.9673483811484442,1.0005180919990602,0.0005011754565769078,0.9639625963899825,0.9638809669570985,0.0012110136947652568,0.001249915085712947,3.1097794237930496,3.2770807341629236,0.9659060764975018,0.9676552085942692,175.31530674788812,,,179.53671585008988,,,4.6846932521118845,,0.46328414991012323,,0.0038869602150386484,,,8,True,True,True,69.99999999999999,69.99999999999999,False,False,False
ovlp_045,pair_07,110.00000000000001,110.00000000000001,-56.0,0.9593388369348315,124,0.0005915013427555193,0.0006165718721921193,0.4549449379218142,-173.0,0.9592928687731423,1.0000479187985083,4.5968161689113884e-05,0.9562663706143697,0.9561857099706927,0.0013001602907320917,0.0010811176820595472,2.841935130141119,2.425183253645797,0.9578026037746006,0.9591852136188084,-71.06395445142581,-39.34124045360062,31.722713997825196,-59.39266879307815,-53.17635622038786,6.216312572690292,15.063954451425815,16.65875954639938,3.392668793078151,2.8236437796121407,0.005394221676720545,-148.0,78.0,11,False,False,False,166.0,166.0,False,False,False
ovlp_045,pair_08,110.00000000000001,110.00000000000001,110.0,0.97393804497189,290,0.0015553959550648965,0.0015970173494041797,0.9095607555432557,104.0,0.9730896321932475,1.0008718752626418,0.0008484127786424489,0.9705364416705238,0.9701839198643961,0.0017100517426523105,0.0021301529859702093,1.596882159999825,2.1953283715679572,0.9722372433212069,0.9737679648068216,101.23300971071563,117.91652066958903,16.6835109588734,107.1652276697114,112.04506880697376,4.8798411372623605,8.766990289284365,7.916520669589033,2.834772330288601,2.0450688069737595,0.00606470717324159,-164.0,170.0,8,False,False,False,1.4210854715202004e-14,1.4210854715202004e-14,True,True,True
ovlp_045,pair_09,110.00000000000001,110.00000000000001,109.0,0.9611349500550164,289,0.0014829671088226063,0.0015429332881274577,0.8160211472694532,180.0,0.9605764667193095,1.0005814043494259,0.0005584833357068497,0.9566726789209579,0.9562953072604206,0.0018173145558603092,0.0016669280703069634,2.676942822875843,2.6630738079928844,0.9589038144879871,0.9609118364983135,99.0694595233251,118.53621011796496,19.466750594639862,105.81580665013333,111.3009540379054,5.485147387772074,9.930540476674906,9.536210117964956,3.184193349866675,2.3009540379053988,0.00399733357959331,-148.0,129.0,9,False,False,False,1.0000000000000142,1.0000000000000142,False,True,True
ovlp_045,pair_10,110.00000000000001,110.00000000000001,107.0,0.9631920819812351,287,0.0019467259334433014,0.002021119120330588,1.4819814235665776,180.0,0.9631191195382012,1.0000757564059872,7.29624430338971e-05,0.9592623770236969,0.9589552508534656,0.0013135967175339194,0.0010964174481233582,3.584132087887078,3.2253667135553807,0.961227229502466,0.9629955967333581,100.13876553431064,114.52853476154868,14.389769227238048,105.34800601814702,109.26797993283996,3.919973914692946,6.861234465689364,7.528534761548684,1.651993981852982,2.267979932839964,0.005803340540991853,-118.0,162.0,10,False,False,False,3.000000000000014,3.000000000000014,False,False,True
ovlp_045,pair_11,110.00000000000001,110.00000000000001,107.0,0.9657084796163771,287,0.0014518759636363834,0.001503430894811169,1.343287378943741,180.0,0.965102225939433,1.00062817560736,0.0006062536769441129,0.9613799915048811,0.9613920262977482,0.001080837940112285,0.0012559874687991305,3.4462828802221526,3.9936175058588526,0.9635442355606291,0.9654920552108023,97.60944357181269,119.98631472533525,22.376871153522558,104.75080935265703,110.42013966892388,5.669330316266851,9.39055642818731,12.986314725335248,2.249190647342971,3.4201396689238805,0.005540533860524444,-146.0,134.0,10,False,False,False,3.000000000000014,3.000000000000014,False,False,True
ovlp_045,pair_12,110.00000000000001,110.00000000000001,111.0,0.9649517061975267,291,0.001796270706058001,0.0018615135809608096,0.9417763358539,105.0,0.9636365294456481,1.0013648058284332,0.0013151767518785329,0.9593232692612541,0.958827990281913,0.0019073219804671975,0.0015528730371794927,3.6245313052093366,3.2106356337977444,0.9621374877293905,0.964670284350713,101.69208296638935,120.04236492983478,18.350281963445426,108.03205269671639,113.23024647435966,5.198193777643269,9.30791703361065,9.042364929834775,2.9679473032836086,2.23024647435966,0.006535541481441864,-153.0,147.0,6,False,False,False,0.9999999999999858,0.9999999999999858,True,True,True
ovlp_045,pair_13,110.00000000000001,110.00000000000001,108.0,0.9699819048245748,288,0.0020667606120497004,0.002130720791563099,1.3928659669110741,102.0,0.9687271255917018,1.0012952865670057,0.0012547792328729823,0.9647975828912523,0.9644090516260928,0.0014838187314125469,0.0013653516341050494,3.7970598956514987,3.7557506725749605,0.9673897438579135,0.9697226887279087,97.21366712367372,116.4167436213277,19.20307649765398,105.81246359411627,110.69966349073393,4.887199896617659,10.786332876326284,8.416743621327697,2.1875364058837334,2.6996634907339256,0.007768092155456596,-156.0,169.0,9,False,False,False,2.000000000000014,2.000000000000014,False,False,True
ovlp_045,pair_14,110.00000000000001,110.00000000000001,109.0,0.9656912194357978,289,0.001552374583604399,0.0016075268702467535,0.6249658764122785,180.0,0.9649199729495578,1.000799285441136,0.0007712464862400514,0.9592225983407762,0.9589634598973724,0.0024839349510025503,0.0024026339448292365,2.6923040477901066,2.7085087456537456,0.962456908888287,0.9653677883810468,96.59291162614483,123.28583764584192,26.692926019697097,105.76316978811313,112.58425509310821,6.82108530499508,12.407088373855174,14.285837645841923,3.2368302118868684,3.5842550931082116,0.006346214612325096,-144.0,148.0,8,False,False,False,1.0000000000000142,1.0000000000000142,False,True,True
ovlp_046,pair_00,108.0,108.0,108.0,0.9710817485385471,288,0.0018019682235399835,0.0018556297924988282,1.0112097442121906,102.0,0.970141216913859,1.0009694790905597,0.0009405316246881013,0.9654219857851665,0.9650555739245481,0.0017819925429455332,0.00133292206064882,4.246131803554721,3.3817058538517153,0.9682518671618567,0.9707987604008781,95.33850733796963,118.06712405115648,22.728616713186852,104.75763716999566,110.63823949494581,5.8806023249501465,12.66149266203037,10.067124051156483,3.242362830004339,2.6382394949458075,0.007151387797461606,-156.0,167.0,11,False,False,False,0.0,0.0,True,True,True
ovlp_048,pair_00,104.0,104.0,180.0,0.9665967557165358,360,0.0013474416137192623,0.0013940059344813413,0.7264475532430942,103.0,0.9659454147020976,1.0006743041630763,0.0006513410144382004,0.9601101697815789,0.9602044968480379,0.0018548367431397519,0.0012861245320638017,5.043513107201266,3.446264956816365,0.9633534627490574,0.9662724264197879,163.60109792100766,,,178.0159680873355,,,16.398902078992336,,1.9840319126645056,,0.006486585934956879,,,6,True,True,True,76.0,76.0,False,False,False
ovlp_050,pair_00,100.0,100.0,-180.0,0.9453047151035734,0,0.0010261946583502658,0.0010855702314336068,0.9138512568801076,180.0,0.9437353359328378,1.001662944165574,0.0015693791707356297,0.9395554143852658,0.9395802114789001,0.001122934012099189,0.0012696620151997787,4.528213532010684,5.097809455403336,0.9424300647444196,0.945017250067658,,-169.2916121091503,,,-178.80723412716435,,,10.708387890849707,,1.1927658728356505,0.005749300718307593,,,10,True,True,True,280.0,280.0,False,False,False
ovlp_050,pair_01,100.0,100.0,-180.0,0.9295747926500109,0,0.0028590295882789437,0.0030756315800350895,2.040156421836504,180.0,0.9291324151886834,1.000476118854639,0.00044237746132747,0.921436748902003,0.9217116634089961,0.0014013776383407445,0.0007012451692421371,11.605133418320673,5.610999509257772,0.9255057707760069,0.9291678904626105,,-172.1876070339268,,,-179.19569429295393,,,7.81239296607319,,0.8043057070460691,0.008138043748007862,,,11,True,True,True,280.0,280.0,False,False,False
ovlp_050,pair_02,100.0,100.0,167.0,0.9338948424657186,347,0.0006583542721343526,0.000704955464146403,0.5714392497440536,173.0,0.9329822278022766,1.0009781693972797,0.0009126146634420573,0.9292496490478516,0.9291158377269558,0.0011520984469114224,0.0012773260374069476,3.6366544498670845,4.148087128816546,0.9315722457567851,0.9336625827948253,142.10068455684853,,,165.04625559335724,169.87626563880505,4.830010045447807,24.899315443151465,,1.9537444066427554,2.8762656388050516,0.001796790758768818,-62.0,179.0,12,True,True,False,67.0,67.0,False,False,False
ovlp_050,pair_03,100.0,100.0,171.0,0.9437598082754347,351,0.0012600739424746177,0.0013351638112002193,1.4903835207003626,180.0,0.9436758176485698,1.0000890036867471,8.399062686492709e-05,0.9402687003877428,0.9402832554634405,0.000845469588849508,0.0007398080027897194,4.718937716985219,4.11197854759627,0.9420142543315888,0.9435852528810501,163.52342575254917,,,168.57785658672705,174.34017682531245,5.762320238585403,7.476574247450827,,2.4221434132729485,3.3401768253124544,0.00023762861887610676,134.0,176.0,10,True,True,False,71.0,71.0,False,False,False
ovlp_050,pair_04,100.0,100.0,180.0,0.9402196566263835,360,0.0007142387272579739,0.0007596509201059938,0.5695810512836289,174.0,0.9388893998993768,1.0014168407132398,0.0013302567270067067,0.9330928919050429,0.9334894175085366,0.0012539720653423057,0.001197636859258043,5.950689197855699,5.367136401088543,0.9366562742657132,0.9398633183903164,158.43490878550023,,,178.79299355921492,,,21.565091214499773,,1.2070064407850793,,0.0071267647213406615,,,12,True,True,True,80.0,80.0,False,False,False
ovlp_050,pair_05,100.0,100.0,180.0,0.9341248559951782,360,0.0014819526450569741,0.0015864609913180852,0.9495954548100501,-180.0,0.9329405397839017,1.0012694444723678,0.0011843162112765704,0.9282923564645978,0.9283194379549402,0.0015606147202478055,0.0014454479026795913,4.035081112067779,3.7199559666566624,0.9312086062298881,0.9338332310186492,173.85900947924623,,,179.46670699214488,,,6.140990520753775,,0.5332930078551215,,0.005832499530580404,,,9,True,True,True,80.0,80.0,False,False,False
ovlp_050,pair_06,100.0,100.0,-180.0,0.9403183160887825,0,0.0008267747432607016,0.0008792498551975879,0.7007233901733249,-163.0,0.937699036333296,1.002793305371976,0.002619279755486481,0.933511863682005,0.933726737589618,0.0011798874632345266,0.0007838124550978127,8.683776791896067,5.586616270245313,0.9369150898853937,0.9399779934684436,,-156.74177258638235,,,-179.49879568355823,,,23.258227413617647,,0.5012043164417719,0.0068064524067774634,,,11,True,True,True,280.0,280.0,False,False,False
ovlp_050,pair_07,100.0,100.0,99.0,0.9689752981397842,279,0.0016612670118259147,0.0017144575460439247,1.2298839423053358,105.0,0.9680576968193054,1.0009478787509192,0.0009176013204788003,0.9642415862613254,0.9640274237692357,0.0013507510381117588,0.0011149195410410896,4.245787883526186,3.663054279392067,0.9666084422005548,0.9687386125458612,89.47008754028047,108.86887118709937,19.3987836468189,96.7653740097549,102.20836769110126,5.4429936813463655,9.529912459719526,9.868871187099373,2.2346259902451067,3.208367691101259,0.006738860077328379,-147.0,132.0,6,False,False,False,1.0,1.0,True,True,True
ovlp_050,pair_08,100.0,100.0,-180.0,0.9411620651351081,0,0.0013149144017419894,0.0013971179358501103,1.2495821979567452,180.0,0.940785511334737,1.0004002546763682,0.00037655380037115993,0.9359265723493364,0.935927547096427,0.001052283238263215,0.001129077372312537,4.636965467697382,4.974438296024429,0.9385443187422222,0.9409002904958196,,-172.85259675418044,,,-179.36303150207777,,,7.147403245819561,,0.6369684979222257,0.005235492785771734,,,10,True,True,True,280.0,280.0,False,False,False
ovlp_050,pair_09,100.0,100.0,180.0,0.9367351857821147,360,0.002511605870243245,0.0026812336168905763,2.3919515766555897,-180.0,0.93510335471895,1.0017450809634354,0.0016318310631646682,0.9287631114323934,0.9290023351915521,0.0010500237106618,0.0008619555536905796,9.248822999733258,7.364453309048438,0.9327491486072541,0.9363365820646287,174.44456185777804,,,179.50626224353795,,,5.555438142221959,,0.4937377564620533,,0.007972074349721248,,,11,True,True,True,80.0,80.0,False,False,False
ovlp_050,pair_10,100.0,100.0,-180.0,0.9397459130816989,0,0.0015263247391774052,0.0016241887492462134,1.4458024215322303,-174.0,0.938133439487881,1.0017188104868089,0.001612473593817887,0.9348350434833104,0.9346496314963484,0.0010556938599949495,0.0008387113384405753,5.855256002046331,4.827423724312323,0.9372904782825047,0.9395003696017794,,-170.86298347683567,,,-179.31378122480504,,,9.137016523164334,,0.6862187751949591,0.00491086959838849,,,10,True,True,True,280.0,280.0,False,False,False
ovlp_050,pair_11,100.0,100.0,180.0,0.9419539260864258,360,0.0029954417212833045,0.0031800299763371526,2.8261043020868253,174.0,0.9388475219408671,1.0033087419127835,0.0031064041455587388,0.9313486675421396,0.9314635995727739,0.001059919026722205,0.0008326874605812677,12.736181396178402,9.897290499721645,0.9366512968142827,0.9414236631592114,169.83835963406585,,,178.84123118781304,,,10.161640365934147,,1.1587688121869633,,0.010605258544286178,,,10,True,True,True,80.0,80.0,False,False,False
ovlp_050,pair_12,100.0,100.0,180.0,0.9416504157914056,360,0.0019246509556726165,0.00204391239402263,1.746527419096288,174.0,0.9397163801723056,1.0020581056794449,0.001934035619099994,0.9327605473995209,0.933042881028325,0.0011019872546109213,0.0009079830863477423,9.790786332423046,7.810920432214698,0.9372054815954632,0.9412059223718114,166.1033688837402,,,178.6470063193044,,,13.896631116259812,,1.3529936806955902,,0.00888986839188477,,,9,True,True,True,80.0,80.0,False,False,False
ovlp_050,pair_13,100.0,100.0,180.0,0.936471840010749,360,0.0020588229917651805,0.0021984889494825054,1.5499238476527,-180.0,0.9330750121010675,1.0036404660564564,0.0033968279096815435,0.9278083807892269,0.9282176730422413,0.001328338159892945,0.001278248225847933,6.77760316528127,6.213904875828382,0.932140110399988,0.9360386670496729,174.40397204777562,,,179.52576940478033,,,5.596027952224375,,0.47423059521966593,,0.008663459221522118,,,10,True,True,True,80.0,80.0,False,False,False
ovlp_050,pair_14,100.0,100.0,180.0,0.9460446699460349,360,0.0028199360004773698,0.002980764111950683,1.2734077207927188,-180.0,0.9427702040142483,1.003473238672419,0.0032744659317865965,0.9330290251308017,0.9338257945565615,0.0022144800557058896,0.0020756378241378426,6.270672399525921,5.517717514768277,0.9395368475384183,0.9453938877052732,169.31349149762937,,,178.79642235325892,,,10.686508502370629,,1.2035776467410813,,0.013015644815233207,,,8,True,True,True,80.0,80.0,False,False,False
ovlp_050,pair_15,100.0,100.0,-180.0,0.9691169264581468,0,0.0013808667907046065,0.001424871192531216,0.8373359456367883,-174.0,0.9680495927068922,1.0011025610250712,0.0010673337512546732,0.963979609409968,0.9637276856782391,0.001649119207051916,0.0007782186438242542,6.601380073514462,3.267951010977527,0.9665482679340573,0.9688600606057379,,-168.66485279379472,,,-178.4505328032245,,,11.335147206205278,,1.5494671967755096,0.00513731704817888,,,9,True,True,True,280.0,280.0,False,False,False
ovlp_050,pair_16,100.0,100.0,161.0,0.9469874758190577,341,0.0007500615159959918,0.000792050090575123,0.7237499483954967,180.0,0.9468603160646226,1.0001342962127335,0.0001271597544351133,0.9424285215801662,0.9425658211661854,0.0010363545001403124,0.0009195856544177278,4.957617832542423,4.266546487976571,0.944707998699612,0.9467595281071132,143.5902878768367,,,157.1828369327912,164.76510517116472,7.58226823837353,17.409712123163303,,3.81716306720881,3.76510517116472,0.0011664027637904306,-104.0,172.0,12,True,True,False,61.0,61.0,False,False,False
ovlp_050,pair_17,100.0,100.0,-180.0,0.938233801258935,0,0.0012094513077760948,0.0012890724104729935,0.7934039227224483,180.0,0.9376325408617655,1.0006412537651657,0.0006012603971694563,0.9300744480556913,0.9303512000507779,0.0015243828183077813,0.0017863504915236175,4.567610467240608,5.1710115815314515,0.9341541246573131,0.9378258335987728,,-161.28508549744726,,,-178.86309729601356,,,18.714914502552745,,1.1369027039864363,0.00815935320324368,,,10,True,True,True,280.0,280.0,False,False,False
ovlp_050,pair_18,100.0,100.0,-180.0,0.9430406456523471,0,0.002310731080235501,0.0024502985008000963,1.5911739172637567,-174.0,0.9415689333279927,1.0015630425689095,0.0014717123243543906,0.9331899203194511,0.9334426712982017,0.0014522177966624303,0.0014363917608263017,6.85796563413121,6.609183812651281,0.9381152829858992,0.9425481093857023,,-166.2386340805175,,,-177.2703052492684,,,13.7613659194825,,2.7296947507315963,0.009850725332895993,,,11,True,True,True,280.0,280.0,False,False,False
ovlp_052,pair_00,96.0,96.0,180.0,0.9671384610070123,360,0.0018701340967649763,0.001933677722647633,1.0694013861402762,94.0,0.967023904323578,1.0001184631351119,0.00011455668343429704,0.9614545284377204,0.9615491289196451,0.0017487672271631655,0.0014419883213839528,3.9417327345874216,3.196155554924363,0.9642964947223663,0.9668542643785477,172.34918487780064,,,179.1580186321027,,,7.650815122199361,,0.8419813678972901,,0.005683932569291894,,,9,True,True,True,84.0,84.0,False,False,False
ovlp_054,pair_00,92.0,92.0,90.0,0.9686838054656982,270,0.001974130989025394,0.002037951886762805,1.5899910494734508,84.0,0.9676215275128682,1.0010978238108865,0.001062277952829982,0.9636620302995045,0.9638348899235328,0.0012415988062820585,0.0016241545117697362,3.0919319127598444,3.905380319014121,0.9661729178826013,0.9684327167073885,79.26174702805743,98.25914788855904,18.997400860501614,87.07076534468622,92.13651330258593,5.065747957899703,10.738252971942572,8.259147888559042,2.9292346553137776,2.136513302585925,0.006689535246955147,-143.0,113.0,11,False,False,False,2.0,2.0,False,True,True
ovlp_055,pair_00,89.99999999999999,89.99999999999999,89.0,0.9644685175683764,269,0.0016074278157276972,0.0016666462268569984,1.2417005059969661,95.0,0.9633494075139364,1.0011616865549624,0.0011191100544399868,0.960149981710646,0.9599444797717863,0.0012945374572728287,0.0011538900541463854,3.742588682701726,3.494713707335078,0.9623092496395111,0.9642525907754899,80.90302731814762,97.94701498750096,17.043987669353342,87.00944411843471,91.676798614361,4.66735449592629,8.096972681852378,8.947014987500964,1.9905558815652853,2.6767986143610045,0.006606332725948794,-130.0,129.0,8,False,False,False,0.9999999999999858,0.9999999999999858,True,True,True
ovlp_055,pair_01,89.99999999999999,89.99999999999999,87.0,0.9692075310813056,267,0.001707480583265346,0.0017617285550395785,1.1396333887797185,81.0,0.9679521452056037,1.0012969503522668,0.0012553858757019531,0.9638769592179193,0.9636536235064268,0.00149827181273941,0.001474574407657098,3.6149900850754193,3.706875833647423,0.9665422451496124,0.9689410024881363,77.3336988170115,95.99909831728901,18.665399500277516,84.2790970029327,89.26020657051313,4.981109567580432,9.666301182988505,8.999098317289011,2.7209029970672987,2.260206570513134,0.007593626976013179,-151.0,172.0,10,False,False,False,2.999999999999986,2.999999999999986,False,False,True
ovlp_055,pair_02,89.99999999999999,89.99999999999999,91.0,0.9752645797199673,271,0.0009247565666993115,0.0009482109633929714,0.744587196449341,85.0,0.9748575536410014,1.0004175236448092,0.0004070260789659219,0.9724040554629432,0.9719839577666587,0.0012419721573364826,0.0011804245733421012,2.4233011762244003,2.6414617541380006,0.9738343175914552,0.975121553507116,76.29042796402793,100.71832107689869,24.427893112870763,87.6715614666192,94.09414715426342,6.422585687644229,14.709572035972073,9.71832107689869,3.3284385333808046,3.0941471542634247,0.005640288194020515,-157.0,138.0,8,False,False,False,1.0000000000000142,1.0000000000000142,False,True,True
ovlp_055,pair_03,89.99999999999999,89.99999999999999,180.0,0.9733149875534906,360,0.001973757175390374,0.0020278709365727323,1.8487545081862473,91.0,0.973004462983873,1.0003191399232283,0.00031052456961755404,0.9696558027797275,0.9695650660391727,0.0010676145300258187,0.0008647598234812345,4.231446321167395,3.512430197280257,0.971485395166609,0.9731320283148024,174.815562688781,,,179.3688418147508,,,5.184437311219,,0.6311581852492054,,0.0036591847737630356,,,10,True,True,True,90.00000000000001,90.00000000000001,False,False,False
ovlp_055,pair_04,89.99999999999999,89.99999999999999,90.0,0.9654208771387738,270,0.0012402507806679953,0.0012846736693158504,0.9825120744645368,84.0,0.9645726452933417,1.0008793861712448,0.0008482318454320348,0.9614138346248202,0.961128194604483,0.0012623262480961617,0.0014161320898534151,2.8295683309939927,3.4006125918438617,0.963417355881797,0.9652205250130761,79.31920836504285,98.94834003976305,19.6291316747202,86.94048789069353,92.13622710080396,5.195739210110432,10.680791634957146,8.948340039763053,3.0595121093064677,2.136227100803964,0.006603882047865328,-146.0,159.0,10,False,False,False,1.4210854715202004e-14,1.4210854715202004e-14,True,True,True
ovlp_055,pair_05,89.99999999999999,89.99999999999999,90.0,0.965247176223331,270,0.0014852817740591954,0.0015387579582160239,0.807293332676473,180.0,0.964795073138343,1.0004686001178649,0.0004521030849879981,0.9597545229064094,0.9594097423503797,0.0018398291103618341,0.001526928828557411,3.5971901336821843,3.172813083603886,0.9625008495648701,0.964972543557485,76.42837065845816,101.37163057817068,24.943259919712517,86.53210302450968,92.85737387045153,6.325270845941844,13.571629341541836,11.37163057817068,3.4678969754903193,2.857373870451525,0.005629521475898014,-145.0,119.0,8,False,False,False,1.4210854715202004e-14,1.4210854715202004e-14,True,True,True
ovlp_055,pair_06,89.99999999999999,89.99999999999999,89.0,0.9703851421674092,269,0.0012689515719614035,0.001307678278262927,1.4389764142861106,95.0,0.9694795234998067,1.0009341287212887,0.0009056186676025257,0.9663887009355756,0.9662923196173377,0.0008818432042132825,0.0005083504867551132,7.861586318808472,4.6412134612102705,0.9683869215514924,0.9701853201058176,79.51533502023442,99.30077772140963,19.785442701175214,86.50564077451163,91.46198079599168,4.956340021480045,9.484664979765583,10.30077772140963,2.494359225488367,2.4619807959916784,0.004651555220286041,-10.0,134.0,11,False,False,False,0.9999999999999858,0.9999999999999858,True,True,True
ovlp_055,pair_07,89.99999999999999,89.99999999999999,90.0,0.9662766663233441,270,0.0017848221583793432,0.00184711296524477,1.327985289790028,84.0,0.9650667108429802,1.0012537532035553,0.0012099554803638446,0.9605283700095283,0.9603068906946316,0.0013440074766653078,0.001491935940424718,3.8529109448086576,4.441772633232983,0.9634025181664362,0.9659892515076532,79.83441815905127,99.78715348850794,19.952735329456672,86.94007911222488,92.2000645288285,5.259985416603627,10.165581840948732,9.78715348850794,3.059920887775121,2.2000645288285057,0.008011736075083542,-167.0,171.0,11,False,False,False,1.4210854715202004e-14,1.4210854715202004e-14,True,True,True
ovlp_055,pair_08,89.99999999999999,89.99999999999999,91.0,0.9725500167740716,271,0.0015412280744221617,0.0015847288549070038,1.2528875660701273,97.0,0.9713241812917921,1.001262025084817,0.0012258354822795026,0.9681839288605585,0.9679578371420504,0.001230140769340108,0.001198427867571353,3.6431795618714324,3.7330521404347885,0.970366972817315,0.972331712378396,81.88522970255397,99.51096678434342,17.625737081789453,88.86444560214895,93.47643367626233,4.611988074113384,9.114770297446029,8.510966784343424,2.1355543978510525,2.4764336762623316,0.007038193543752014,-162.0,128.0,9,False,False,False,1.0000000000000142,1.0000000000000142,False,True,True
ovlp_055,pair_09,89.99999999999999,89.99999999999999,90.0,0.9733238866594103,270,0.0015145547694913302,0.0015560645230741263,1.4883724510946568,84.0,0.9724479937553405,1.0009007092509774,0.0008758929040697527,0.9688049660788642,0.9688165743698678,0.001017591240940678,0.0009871043409507196,4.577956344709906,4.429393756746426,0.9710644263691373,0.973097940630383,78.95249583490947,99.92165943203163,20.96916359712216,87.25318148604555,92.88974511507854,5.636563629032992,11.04750416509053,9.921659432031632,2.7468185139544516,2.88974511507854,0.005373410913679488,-155.0,115.0,9,False,False,False,1.4210854715202004e-14,1.4210854715202004e-14,True,True,True
ovlp_055,pair_10,89.99999999999999,89.99999999999999,90.0,0.9616398829884001,270,0.0015606334105234643,0.0016228875675098114,0.952568212909129,84.0,0.960230089823405,1.0014681826574028,0.0014097931649951212,0.9574403644932641,0.9571090617047417,0.0016383429442363118,0.0018892505007585313,2.2228489517138676,2.765490155524373,0.9595401237408321,0.9614299070636433,82.22052916551148,97.16793680650598,14.947407640994498,87.8373093230431,91.84827064055014,4.010961317507039,7.779470834488521,7.167936806505978,2.162690676956899,1.8482706405501403,0.00733867883682271,-155.0,137.0,9,False,False,False,1.4210854715202004e-14,1.4210854715202004e-14,True,True,True
ovlp_055,pair_11,89.99999999999999,89.99999999999999,90.0,0.9720031926367018,270,0.0012754309543888918,0.001312167453821934,0.7714291038602247,96.0,0.9711515964402093,1.0008768931643772,0.0008515961964924434,0.9666832717259725,0.9664931201554005,0.0016533352812418487,0.0008949182918866537,5.944588415456257,3.332701203329187,0.9693432321813371,0.9717371965911653,58.58995283697239,101.43181123834766,42.841858401375276,87.38809552643936,93.50999605256169,6.121900526122332,31.410047163027613,11.431811238347663,2.6119044735606423,3.5099960525616893,0.006007220745086639,-144.0,129.0,10,False,False,False,1.4210854715202004e-14,1.4210854715202004e-14,True,True,True
ovlp_055,pair_12,89.99999999999999,89.99999999999999,-180.0,0.9679404065344068,0,0.001148579908345376,0.0011866225447264124,0.7473893674212126,88.0,0.9675429791874356,1.0004107593724725,0.0003974273469712353,0.9650143885612488,0.964811918028819,0.0015367892003982188,0.0013461569179693531,2.1736083914881843,2.0357304077729803,0.9664773975478278,0.967794105635749,,-175.7928484859447,,,-179.58058390601758,,,4.207151514055312,,0.4194160939824201,0.002926017973158057,,,8,True,True,True,270.0,270.0,False,False,False
ovlp_055,pair_13,89.99999999999999,89.99999999999999,88.0,0.9629919351471795,268,0.0016206058581654313,0.0016828862205556737,1.0094463373351596,-35.0,0.9623529770639208,1.0006639539737365,0.000638958083258756,0.9603269210126665,0.9597588859250148,0.0016054403272626394,0.0015483724590937343,1.7211712329686304,2.0138084033788033,0.961659428079923,0.9628586844404539,80.76496361716629,93.36153681893855,12.596573201772259,85.68966514732637,89.34437717600288,3.6547120286765136,7.235036382833712,5.361536818938546,2.310334852673634,1.3443771760028795,0.005300324228074804,-159.0,169.0,11,False,False,False,1.9999999999999858,1.9999999999999858,False,True,True
ovlp_055,pair_14,89.99999999999999,89.99999999999999,90.0,0.9647791065110102,270,0.0017221165653588167,0.0017849853440406814,1.0613768749642214,180.0,0.9646215086513096,1.0001633779241776,0.0001575978597005978,0.9598040576775869,0.9596755159745612,0.001622530701374918,0.0015328197588920735,3.2456841742562323,3.145450826985397,0.9622915820942985,0.9645303540693391,72.99185326622947,98.56284554119586,25.570992274966386,87.20922792962156,92.25874142678369,5.049513497162124,17.00814673377053,8.562845541195856,2.7907720703784378,2.2587414267836863,0.007580654886033766,-137.0,121.0,8,False,False,False,1.4210854715202004e-14,1.4210854715202004e-14,True,True,True
ovlp_056,pair_00,87.99999999999999,87.99999999999999,87.0,0.9676295073827108,267,0.002011268656625066,0.0020785524224713227,1.5922275524671137,93.0,0.9661679010921055,1.0015127870517673,0.0014616062906053218,0.9626781031820509,0.962493065725598,0.0012631791564645767,0.0012755315403937754,3.881835959251387,4.066281200751305,0.9651538052823809,0.9673819371726778,78.06430909875009,95.05068920260345,16.986380103853364,85.0333564218062,89.54306720328034,4.509710781474141,8.935690901249913,8.05068920260345,1.9666435781937963,2.5430672032803443,0.006684044731988026,-150.0,146.0,11,False,False,False,0.9999999999999858,0.9999999999999858,True,True,True
ovlp_058,pair_00,84.00000000000001,84.00000000000001,83.0,0.961298331949446,263,0.002737745721713687,0.0028479667869200703,1.8706743178939318,89.0,0.9593959720929464,1.0019828724654218,0.001902359856499669,0.9547503402498034,0.9544834433835414,0.001463507407743713,0.0008908059519927654,7.350637571509823,4.656545316986897,0.9580243360996248,0.9609709323644638,74.57122382106203,91.01600236714303,16.444778546080997,81.17206716710706,85.69700248175141,4.5249353146443525,8.428776178937966,8.016002367143031,1.827932832892941,2.6970024817514116,0.007870151996612673,-109.0,150.0,12,False,False,False,1.0000000000000142,1.0000000000000142,False,True,True
ovlp_060,pair_00,80.0,80.0,78.0,0.9666537578900654,258,0.002467658465094895,0.0025527842259477716,1.5240703866817749,72.0,0.9648110813564724,1.0019098832602567,0.0018426765335929352,0.9611739473872715,0.9605439631268382,0.0016191236878944364,0.0015000557546615116,3.653071218029768,3.773519471617721,0.9639138526386684,0.9663797673649257,70.32231587224418,85.01064709466324,14.688331222419066,75.86529300994103,80.01870504429526,4.153412034354233,7.677684127755825,7.010647094663241,2.134706990058973,2.0187050442952597,0.00941709227032117,-150.0,147.0,11,False,False,False,2.0,2.0,False,True,True
ovlp_060,pair_01,80.0,80.0,80.0,0.9671951222419739,260,0.0020933551048016646,0.0021643565570815056,1.524062569856623,86.0,0.9658727685610453,1.0013690764704948,0.0013223536809285896,0.960418296655019,0.9604698389487133,0.0013735361960884572,0.00121683393192295,5.569227985157818,4.896327677721784,0.9638067094484964,0.9668562809626262,69.52674988007516,90.40584495089335,20.879095070818195,77.67306519336582,83.12345488316754,5.450389689801725,10.473250119924842,10.405844950893353,2.326934806634185,3.1234548831675397,0.008668696350521365,-158.0,153.0,8,False,False,False,0.0,0.0,True,True,True
ovlp_060,pair_02,80.0,80.0,79.0,0.9683704847759671,259,0.00201293134267662,0.002078678950177124,1.6538536440863034,73.0,0.9671203290091619,1.0012926579343917,0.0012501557668052055,0.9622545052899255,0.9621370532297426,0.0012171157646713622,0.0011693966056505458,5.230030133907577,5.121477945779116,0.9653124950329464,0.968064685801665,68.87284109243424,87.87845343962861,19.005612347194372,75.95629246963199,81.15534685455064,5.199054384918654,10.127158907565757,8.878453439628615,3.0437075303680103,2.1553468545506433,0.007055966854095486,-163.0,122.0,9,False,False,False,1.0,1.0,True,True,True
ovlp_060,pair_03,80.0,80.0,79.0,0.9708838899930318,259,0.0018633768107636102,0.0019192581419565876,1.2266672296492314,73.0,0.9698954608705309,1.001019108927073,0.0009884291225008557,0.9662689750724368,0.9656088007282879,0.0015190564855119247,0.0018395895927747405,2.508665486432799,3.4726090274162082,0.9685764325327343,0.970653144247002,69.0297980574613,87.55247216387292,18.522674106411614,75.98146664810666,81.14029483534236,5.158828187235699,9.970201942538694,8.55247216387292,3.018533351893339,2.1402948353423596,0.0072584154870773965,-161.0,106.0,10,False,False,False,1.0,1.0,True,True,True
ovlp_060,pair_04,80.0,80.0,79.0,0.9711718805631,259,0.0021194871846011865,0.002182401722105335,1.6500005878944717,85.0,0.9698750922414991,1.0013370673522544,0.0012967883216008502,0.9662459182739256,0.9658002173205217,0.001284537229956879,0.0008881841168407543,5.546104907500396,4.181788676345831,0.9687088994185128,0.9709255824486412,71.14995999621726,87.64876670714402,16.498806710926758,77.05053317230394,81.74593510416078,4.695401931856836,7.850040003782738,8.64876670714402,1.9494668276960567,2.745935104160779,0.006930027537875527,-130.0,136.0,8,False,False,False,1.0,1.0,True,True,True
ovlp_060,pair_05,80.0,80.0,79.0,0.9708838899930318,259,0.0018633768107636102,0.0019192581419565876,1.2266672296492314,73.0,0.9698954608705309,1.001019108927073,0.0009884291225008557,0.9662689750724368,0.9656088007282879,0.0015190564855119247,0.0018395895927747405,2.508665486432799,3.4726090274162082,0.9685764325327343,0.970653144247002,69.0297980574613,87.55247216387292,18.522674106411614,75.98146664810666,81.14029483534236,5.158828187235699,9.970201942538694,8.55247216387292,3.018533351893339,2.1402948353423596,0.0072584154870773965,-161.0,106.0,10,False,False,False,1.0,1.0,True,True,True
ovlp_060,pair_06,80.0,80.0,79.0,0.9638755159907871,259,0.0020482462259386373,0.0021250111575177874,1.6082584363794024,73.0,0.9624891887770759,1.0014403561410106,0.001386327213711236,0.9579329216480255,0.9579062997450432,0.0012735802776509969,0.001529784941990946,3.884594611728664,4.686957194998071,0.9609042188194064,0.963578386273649,68.93822956785762,87.4278863129025,18.489656745044883,76.4662236948901,81.38137104858313,4.91514735369303,10.061770432142382,8.427886312902501,2.533776305109896,2.3813710485831336,0.007550113466050945,-143.0,158.0,12,False,False,False,1.0,1.0,True,True,True
ovlp_060,pair_07,80.0,80.0,180.0,0.9677287713686625,360,0.0028347765069869748,0.0029293089043717687,1.3952392738428812,79.0,0.9675877843962776,1.0001457097481579,0.00014098697238495994,0.9630722126695845,0.9627523348495072,0.0020317493638056816,0.001063807992935219,4.377254852381578,2.449335832365645,0.9654004920191235,0.9674959434337086,176.49671594177073,,,179.66519075718122,,,3.5032840582292692,,0.33480924281877833,,0.004656558699077995,,,10,True,True,True,100.0,100.0,False,False,False
ovlp_060,pair_08,80.0,80.0,79.0,0.9740976691246034,259,0.001891239728846341,0.0019415298781547744,1.5901596111275649,73.0,0.9731105597813924,1.0010143856042757,0.0009871093432110012,0.9691168145338693,0.9689118913345866,0.0011893395578732398,0.0015677831904091814,3.1770047167262208,4.360216353427248,0.9716072418292363,0.9738486263950666,68.15058826413053,86.79086758270839,18.640279318577853,75.97069565289286,81.03638453621828,5.065688883325421,10.849411735869467,7.790867582708387,3.029304347107143,2.0363845362182786,0.006478010813395163,-146.0,152.0,12,False,False,False,1.0,1.0,True,True,True
ovlp_060,pair_09,80.0,80.0,79.0,0.9738751898871526,259,0.001430076505157987,0.001468439200431522,1.3059482078505698,73.0,0.9729557140668234,1.0009450335786467,0.0009194758203292519,0.9684386740790473,0.9681651145319143,0.0010950484074033204,0.0010542846691608868,5.1565919216413345,5.214450171000678,0.9711569319830999,0.9736033640967473,66.31590041639633,89.9816840716686,23.665783655272264,75.95063240708731,81.80811608531573,5.857483678228419,12.684099583603668,10.981684071668596,3.049367592912688,2.8081160853157314,0.006398237281375341,-102.0,165.0,7,False,False,False,1.0,1.0,True,True,True
ovlp_060,pair_10,80.0,80.0,79.0,0.9714596629142761,259,0.0017973394035651676,0.0018501431116278568,1.0615820804519212,85.0,0.9703440353605483,1.0011497237197045,0.0011156275537278493,0.9658743001355066,0.9658297094826895,0.0016930762459743394,0.0016850275894801198,3.3147010848010976,3.325280503446325,0.9686669815248914,0.9711803947753376,68.84753077827635,89.03259841511637,20.185067636840017,76.55163388938135,82.10890620402134,5.557272314639988,10.15246922172365,10.032598415116368,2.4483661106186503,3.1089062040213378,0.009599233203464008,-158.0,160.0,12,False,False,False,1.0,1.0,True,True,True
ovlp_060,pair_11,80.0,80.0,80.0,0.9771688238779702,260,0.0014718623959480875,0.001506251898322838,0.7641175121468984,180.0,0.976229489909278,1.000962206098465,0.0009393339686921687,0.9715462981330023,0.9713212092088328,0.0019262251846743805,0.002108242959022443,2.666924948524425,3.0357897486040426,0.9743575610054862,0.9768876975907218,68.61414983339697,90.85050864354602,22.236358810149056,77.10393462876473,82.7531933817729,5.649258753008169,11.385850166603035,10.850508643546021,2.8960653712352666,2.7531933817729026,0.005258571571773785,-147.0,114.0,9,False,False,False,0.0,0.0,True,True,True
ovlp_060,pair_12,80.0,80.0,79.0,0.9681660265392728,259,0.0019610304815828017,0.0020255105300405357,1.8150140149260479,85.0,0.9667210078239442,1.0014947629188087,0.0014450187153285388,0.9623240697383881,0.9622719384407004,0.0010804492226814586,0.001009459162791575,5.787214595912106,5.455219898205346,0.9652450481388304,0.9678739286992285,70.10375114319773,88.13055046325978,18.026799320062054,76.7004933665462,81.57897259024647,4.878479223700268,8.896248856802274,9.13055046325978,2.2995066334538024,2.5789725902464653,0.007493577003478968,-135.0,133.0,9,False,False,False,1.0,1.0,True,True,True
ovlp_060,pair_13,80.0,80.0,80.0,0.9680954991446601,260,0.001717336208251825,0.0017739326438033648,0.9572454782569174,74.0,0.9671227622032166,1.0010058050326802,0.0009727369414435083,0.9635813281271193,0.9628146082030401,0.0017940395094672935,0.0012128115328947696,3.7220713153726983,2.9435756089831315,0.9658384136358897,0.9678697905937831,69.97675905337371,88.59932463342808,18.62256558005437,77.15130841670099,82.22453478307939,5.073226366378407,10.023240946626288,8.599324633428083,2.848691583299015,2.224534783079392,0.007871924241383832,-141.0,157.0,9,False,False,False,0.0,0.0,True,True,True
ovlp_060,pair_14,80.0,80.0,79.0,0.9693036739031474,259,0.0019120049210633882,0.0019725551161528304,1.950407315682127,73.0,0.9680484981007047,1.001296604255784,0.0012551758024427206,0.9640871157911088,0.964164226439264,0.0009803105770215448,0.001240155127127798,4.206375475074753,5.242672663492483,0.9666953948471282,0.9690428459975455,69.28835552607951,87.93226220970172,18.643906683622205,76.43699742616381,81.47881926712203,5.041821840958221,9.711644473920487,8.932262209701719,2.5630025738361866,2.4788192671220344,0.006151358021630249,-124.0,162.0,10,False,False,False,1.0,1.0,True,True,True
ovlp_060,pair_15,80.0,80.0,78.0,0.9707585369216071,258,0.0014481415016566609,0.0014917628293529028,1.0316996354124093,72.0,0.9696675350930956,1.001125129788332,0.0010910018285115175,0.964540369908015,0.9640763047602441,0.0014036464218365107,0.0012258951795897075,5.0723480417577544,4.760623514161104,0.967649453414811,0.9704476285709275,64.69973334273075,89.00171944641905,24.301986103688293,74.90188207729297,80.55625230893506,5.6543702316420905,13.300266657269248,11.001719446419045,3.098117922707033,2.5562523089350577,0.007619539896647098,-147.0,160.0,10,False,False,False,2.0,2.0,False,True,True
ovlp_060,pair_16,80.0,80.0,80.0,0.9691394154230754,260,0.002233205678812358,0.002304318288238703,1.0825557568602966,74.0,0.9679073553615146,1.0012729111466465,0.0012320600615607358,0.9612563278939988,0.9611085294195346,0.0020629013006122254,0.002397498085737237,3.288047475813707,3.8930054487615773,0.9651978716585371,0.9687452610466215,67.68560732948062,90.81386535395289,23.128258024472274,76.65916526739194,82.71548258075167,6.0563173133597275,12.314392670519382,10.813865353952892,3.3408347326080587,2.7154825807516687,0.006997987959119989,-167.0,162.0,10,False,False,False,0.0,0.0,True,True,True
ovlp_060,pair_17,80.0,80.0,79.0,0.9706571475664775,259,0.001665885311382123,0.001716244830173706,1.0116828965035942,85.0,0.969381091064877,1.001316362072009,0.0012760565016004533,0.9656148277388679,0.965153742534419,0.0016466476967629596,0.0013628356463909795,3.699873745570516,3.342187307508023,0.9681359876526727,0.9704050315750969,69.48752260655256,88.0905547428068,18.603032136254242,76.72572032947649,81.62570742342136,4.899987093944873,9.51247739344744,9.090554742806802,2.274279670523512,2.6257074234213604,0.008519582748413135,-143.0,147.0,8,False,False,False,1.0,1.0,True,True,True
ovlp_060,pair_18,80.0,80.0,79.0,0.9687364119953578,259,0.002004144725627211,0.002068823573482871,1.5567534768699276,73.0,0.9674469020631579,1.0013328999549742,0.0012895099321998948,0.9630917167663574,0.9626913086614675,0.0012873873451413943,0.0013138981928825795,4.2961435365219405,4.695636753541619,0.9659140643808576,0.9684541772339077,69.14053873208623,87.3342395392806,18.193700807194375,76.27767657160773,81.15755519296243,4.879878621354706,9.859461267913773,8.334239539280603,2.722323428392272,2.157555192962434,0.00767642100652044,-131.0,160.0,9,False,False,False,1.0,1.0,True,True,True
ovlp_062,pair_00,76.0,76.0,75.0,0.9677128688494364,255,0.002329150428588424,0.0024068610675371826,2.086177006974152,-180.0,0.9663511562347412,1.0014091281475783,0.0013617126146951986,0.9606984820630815,0.96071386423707,0.001116468267458612,0.0010946156851449485,6.408081741881916,6.268879122107179,0.9642056754562589,0.9673621495101187,65.98390006686533,84.51238522100428,18.52848515413895,72.80997807864694,77.9322163437222,5.122238265075268,9.016099933134669,9.51238522100428,2.1900219213530647,2.932216343722203,0.00864431036843194,-119.0,134.0,9,False,False,False,1.0,1.0,True,True,True
ovlp_064,pair_00,72.0,72.0,71.0,0.9717713615629409,251,0.0019392449173082464,0.001995577348759565,1.1979385006495273,-180.0,0.9705566215515136,1.0012515910812967,0.0012147400114272955,0.96605201098654,0.9659860149704749,0.0016188184253672286,0.0014442022806008092,3.960214336471962,3.5738082182710427,0.9689116862747404,0.9714853940341208,61.57199207341862,80.89976337016098,19.327771296742362,68.19714295487857,73.32670698165562,5.129564026777047,9.42800792658138,9.899763370160983,2.802857045121428,2.3267069816556187,0.008249320718977105,-146.0,159.0,8,False,False,False,1.0,1.0,True,True,True
ovlp_065,pair_00,70.0,70.0,69.0,0.9696134172545539,249,0.0024446147879677122,0.0025212262376583063,1.4409671253388698,63.0,0.9679059161080255,1.0017641189273792,0.0017075011465284007,0.9625056164794499,0.9621411513181195,0.0016965097572179632,0.0010493781789142197,6.773345318137207,4.404493345613181,0.9660595168670019,0.9692580272157987,59.02833724858064,77.74608965245237,18.717752403871728,66.53462169803556,71.4086518921692,4.874030194133638,9.971662751419359,8.746089652452369,2.465378301964435,2.4086518921692033,0.007636796368492904,-119.0,135.0,9,False,False,False,1.0,1.0,True,True,True
ovlp_065,pair_01,70.0,70.0,69.0,0.9695930216047499,249,0.0025431519108737224,0.0026229065744147097,1.4391446200333537,63.0,0.9678860195477802,1.001763639542771,0.0017070020569697197,0.9637247456444634,0.9632728414005705,0.001767127414070993,0.001441518586556094,4.070898575304733,3.576527733005647,0.9666588836246066,0.9692996078067356,60.77271878379666,76.08632527986784,15.313606496071174,66.43635497841755,70.6959307376079,4.259575759190341,8.227281216203338,7.086325279867836,2.5636450215824453,1.6959307376078954,0.00741469727622146,-168.0,120.0,8,False,False,False,1.0,1.0,True,True,True
ovlp_065,pair_02,70.0,70.0,70.0,0.9749537083837722,250,0.00240986887426962,0.0024717777403653104,1.8759493517785142,64.0,0.9735497159428067,1.001442137384433,0.0014039924409654514,0.9662729534837935,0.9658876722380519,0.00128461297315139,0.0009268620275656791,9.365746617949052,7.057406654923912,0.9706133309337828,0.9745196706387732,57.38161342381856,80.13685458543755,22.75524116161899,66.63365180996445,72.39438276885093,5.760730958886484,12.618386576181443,10.136854585437547,3.366348190035552,2.3943827688509316,0.009732221762339344,-156.0,163.0,9,False,False,False,0.0,0.0,True,True,True
ovlp_065,pair_03,70.0,70.0,69.0,0.9727218275600009,249,0.002471555402201113,0.0025408655714047484,2.163905819188551,63.0,0.9712139818403456,1.0015525370802407,0.001507845719655343,0.9636979583899181,0.9634428664512104,0.0011421732777297713,0.001075027232249608,8.394084260730214,8.123952196845115,0.9682098929749595,0.9722706341014968,56.66946504854746,79.8994554167033,23.229990368155846,65.77327878856373,71.61217540114428,5.838896612580555,12.330534951452542,10.899455416703304,3.2267212114362707,2.6121754011442846,0.01074280659357707,-129.0,165.0,7,False,False,False,1.0,1.0,True,True,True
ovlp_065,pair_04,70.0,70.0,69.0,0.9701043550173442,249,0.0023374335786391334,0.0024094661224331308,1.1609268102709456,75.0,0.9685006737709045,1.0016558390612116,0.0016036812464396144,0.9607960108915965,0.9602051799611913,0.0020134202759031863,0.0013828036968707828,6.731500752284642,4.9165964873937185,0.9654501829544704,0.9696389378110568,57.84643517204445,80.95527993956114,23.108844767516686,66.5921535449459,72.22293353994519,5.630779994999287,11.153564827955549,11.955279939561137,2.4078464550540986,3.2229335399451884,0.010167926682366102,-168.0,132.0,8,False,False,False,1.0,1.0,True,True,True
ovlp_065,pair_05,70.0,70.0,68.0,0.9712929254108005,248,0.002214310009343186,0.002279755109311294,1.153103200072853,74.0,0.9696875188085766,1.0016555916943186,0.0016054066022238578,0.9634071775277455,0.9630458078872828,0.001920305146324532,0.0021428572314579606,3.6800155266012022,4.294691153279831,0.967350051469273,0.9708986380166478,57.18248672838492,78.64352493662014,21.461038208235216,65.36374407301008,70.88341860447211,5.51967453146203,10.817513271615077,10.643524936620139,2.636255926989918,2.883418604472112,0.008810432487063924,-164.0,145.0,9,False,False,False,2.0,2.0,False,True,True
ovlp_065,pair_06,70.0,70.0,69.0,0.9720809711350337,249,0.002689699014738014,0.0027669495593535104,1.9935498054080054,75.0,0.9700563584433662,1.0020871083149399,0.0020246126916674267,0.9629969905482398,0.9628031586582461,0.0013492008112571498,0.001149411863088498,7.903155412355801,6.876524531691309,0.9675389808416368,0.9716267721056939,59.21067531188702,79.1613078950474,19.950632583160377,66.62229709823339,71.77876571695636,5.156468618722968,9.789324688112977,10.1613078950474,2.377702901766611,2.7787657169563573,0.010219970014360369,-143.0,140.0,10,False,False,False,1.0,1.0,True,True,True
ovlp_065,pair_07,70.0,70.0,68.0,0.9765808648533292,248,0.0021221528822682337,0.0021730436860310136,1.411780524527507,62.0,0.9750017767482334,1.0016195745923278,0.0015790881050957717,0.9682363205485873,0.968170442112618,0.0015031747820564909,0.0011329409019946732,7.3653835694786185,5.59510633168343,0.9724085927009583,0.9761636376380921,53.95145003210257,78.48509375321483,24.533643721112256,65.31320587443726,71.01600422293794,5.702798348500679,14.04854996789743,10.485093753214827,2.6867941255627414,3.016004222937937,0.008840234014723114,-149.0,146.0,8,False,False,False,2.0,2.0,False,True,True
ovlp_065,pair_08,70.0,70.0,70.0,0.97229961209827,250,0.00292236244700788,0.0030056192665769755,1.6560021432772773,64.0,0.9706347147623698,1.001715266629741,0.0016648973359001396,0.9645500033431583,0.9644691465107931,0.001764709338615008,0.0018757890238761002,4.13138612950085,4.437255142324159,0.9684248077207142,0.9719121316605144,59.665576237656346,78.32140891594538,18.655832678289038,67.18851458362874,72.21453492322357,5.026020339594822,10.334423762343654,8.321408915945383,2.811485416371255,2.2145349232235674,0.008673863146040128,-116.0,143.0,7,False,False,False,0.0,0.0,True,True,True
ovlp_065,pair_09,70.0,70.0,68.0,0.9688894753985935,248,0.002681562931750012,0.0027676664881170665,1.2917631517373147,62.0,0.9671538848347134,1.0017945340354775,0.0017355905638800628,0.9612347963121202,0.9608886278006766,0.002075893656003062,0.001636941235780682,4.676208845592856,3.854170262903419,0.9650621358553568,0.9685067414442698,58.18251559305226,77.38858576555408,19.206070172501825,65.40840977365944,70.58503068553829,5.176620911878842,9.817484406947742,9.388585765554083,2.591590226340557,2.5850306855382854,0.008418322934044764,2.0,141.0,7,False,False,False,2.0,2.0,False,True,True
ovlp_065,pair_10,70.0,70.0,69.0,0.9727548482682968,249,0.0023889689005027735,0.0024558797160000056,2.2789199698291593,63.0,0.9711416612731086,1.0016611242823972,0.0016131869951881983,0.9656708345148299,0.965482737277117,0.0010482899496825524,0.0011176183561482738,6.3384908761529575,6.937117916070863,0.9692128413915634,0.9724006475806235,58.69209055509173,78.44872809630725,19.756637541215518,66.511284444136,71.70941280957291,5.198128365436915,10.307909444908269,9.44872809630725,2.4887155558640046,2.7094128095729104,0.008678685294256971,-160.0,101.0,10,False,False,False,1.0,1.0,True,True,True
ovlp_065,pair_11,70.0,70.0,70.0,0.9671808558040195,250,0.0025397740182007385,0.0026259556348325556,1.7655672226578325,64.0,0.9656462136904399,1.0015892384724574,0.0015346421135795651,0.958990716934204,0.9593318411691321,0.0014385031538914944,0.001766278557379872,4.636946327404239,5.456376382390229,0.9630857863691118,0.9667713488605287,58.952087623586195,79.08960369149226,20.137516067906063,66.87473029424321,72.24529100893228,5.370560714689077,11.047912376413805,9.089603691492258,3.125269705756793,2.245291008932284,0.009421619839138473,-115.0,138.0,11,False,False,False,0.0,0.0,True,True,True
ovlp_065,pair_12,70.0,70.0,69.0,0.9753892604509989,249,0.0022476874929946203,0.0023044004933531234,2.080067868414856,63.0,0.9738707338439093,1.0015592691661408,0.0015185266070896208,0.9689849032296075,0.9689619920824963,0.0010805837286008851,0.0010754170414606777,5.955231295844781,5.947959605892347,0.9721870818403032,0.9750690425899293,59.46714760113913,77.23823332269691,17.77108572155778,66.2270845122355,71.05849811698461,4.831413604749102,9.532852398860868,8.238233322696914,2.772915487764493,2.058498116984609,0.00812741729948252,-140.0,133.0,7,False,False,False,1.0,1.0,True,True,True
ovlp_065,pair_13,70.0,70.0,70.0,0.9703629506958855,250,0.0024105878624341073,0.002484212593551083,1.5381570134049893,64.0,0.9687318415111965,1.001683757170761,0.0016311091846890058,0.9630765872531466,0.9626643149480223,0.00156719232264711,0.001179387307723197,6.178092128874286,4.912374592838503,0.9667197689745161,0.9699986325237486,60.26700922091526,79.17492179491542,18.907912574000157,67.11358594703306,72.1920955211407,5.078509574107642,9.732990779084737,9.17492179491542,2.8864140529669413,2.1920955211407005,0.01012127478917435,-150.0,144.0,9,False,False,False,0.0,0.0,True,True,True
ovlp_065,pair_14,70.0,70.0,69.0,0.9634091046121386,249,0.0031979372837463043,0.003319396991824953,1.540184313104039,63.0,0.961284986866845,1.0022096649529675,0.00212411774529353,0.9526555926269955,0.9524994026298325,0.0020763341481522314,0.0021894430651664383,4.911528486960498,5.254309375981157,0.958032348619567,0.9628714290128815,57.63077746464638,79.37395071488874,21.743173250242357,66.2470195121837,71.79074663172882,5.5437271195451245,11.369222535353622,10.373950714888736,2.752980487816302,2.7907466317288225,0.013258199426863015,-156.0,140.0,8,False,False,False,1.0,1.0,True,True,True
ovlp_066,pair_00,68.0,68.0,67.0,0.9718798581759136,247,0.0028402576044970563,0.0029224369458873585,2.589785166790412,73.0,0.9698647454049852,1.002077725559647,0.0020151127709283623,0.9642173846562704,0.9641713744716511,0.0010967155271867826,0.0009348541964690662,8.196436993687675,7.028699341966763,0.9680486214160919,0.9714967344999315,58.46199068397009,75.69453194711458,17.23254126314449,64.84203930227764,69.57293230712877,4.730893004851126,8.538009316029907,8.694531947114584,2.157960697722359,2.5729323071287666,0.009382589393192031,-104.0,145.0,10,False,False,False,1.0,1.0,True,True,True
ovlp_068,pair_00,63.99999999999999,63.99999999999999,63.0,0.9755326904190911,243,0.0029802825352907617,0.003055030922654602,3.0739231157225273,57.0,0.9735162660810682,1.0020712795546192,0.0020164243380228486,0.9659815196196239,0.9657736803665756,0.0009695371104264737,0.0005831793233554274,16.377759664922326,10.065638486207835,0.9707571050193575,0.9750551318791177,52.48560026629914,72.62279124943602,20.137190983136882,60.16777198675406,65.43451157298078,5.26673958622672,10.514399733700863,9.62279124943602,2.8322280132459383,2.4345115729807816,0.010037296083238223,-141.0,157.0,9,False,False,False,0.9999999999999929,0.9999999999999929,True,True,True
ovlp_070,pair_00,60.00000000000001,60.00000000000001,59.0,0.9696687743398879,239,0.004659977940625496,0.004805741985244213,3.0488200714672455,65.0,0.9659909836451213,1.0038072722800047,0.0036777906947665917,0.9549205154842801,0.954705377869308,0.0015284529199464632,0.0007261699825922882,20.30965092079301,9.789896878932973,0.9622946449120839,0.9689313613971074,49.70978321054485,68.56281997532922,18.85303676478437,56.55744098967376,61.45756967197275,4.900128682298991,9.290216789455151,9.56281997532922,2.4425590103262422,2.457569671972749,0.016400561332702623,-117.0,151.0,9,False,False,False,1.000000000000007,1.000000000000007,False,True,True
ovlp_070,pair_01,60.00000000000001,60.00000000000001,59.0,0.9710096581776937,239,0.00422485056608128,0.004350987171445969,2.485066182002032,53.0,0.9681780269410876,1.0029247009928046,0.0028316312366061247,0.9577065342002444,0.9573116578319008,0.0017000957949045985,0.0011339055079619433,11.732127486848531,8.057193239844233,0.9643580961889691,0.9703445019788213,48.83439936073301,68.19010795884394,19.35570859811093,56.040444312885576,61.17313378783904,5.132689474953466,10.16560063926699,9.190107958843939,2.959555687114424,2.173133787839042,0.015201820797390408,-143.0,113.0,8,False,False,False,1.000000000000007,1.000000000000007,False,True,True
ovlp_070,pair_02,60.00000000000001,60.00000000000001,59.0,0.9766118892033895,239,0.0034069681981428856,0.0034885590026165958,2.1106144170203476,53.0,0.9740600911776224,1.0026197542111412,0.0025517980257671047,0.965249015490214,0.9649915540259745,0.0016142068255899915,0.0013102883828482218,8.672040340062821,7.198789518912971,0.9709304523468018,0.9760437455177307,48.67549133056748,68.71046916239911,20.034977831831625,56.37549185071682,61.510692248672704,5.1352003979558845,10.324508669432518,9.710469162399107,2.62450814928318,2.5106922486727044,0.012818879021538665,-143.0,147.0,9,False,False,False,1.000000000000007,1.000000000000007,False,True,True
ovlp_070,pair_03,60.00000000000001,60.00000000000001,59.0,0.9732249164581298,239,0.0037730501669582185,0.0038768532362380625,2.9192855762247207,65.0,0.9706562921735975,1.002646275829295,0.002568624284532306,0.9604680584536658,0.9604010877021485,0.00129245668792623,0.0011573529738586046,11.022443707845472,9.92205686718785,0.9668464874558977,0.9725870735579066,48.814000722197385,69.7921135381286,20.97811281593122,56.489970778346354,61.94201223810646,5.452041459760103,10.185999277802615,10.792113538128604,2.510029221653646,2.9420122381064573,0.013561618328094438,-152.0,139.0,9,False,False,False,1.000000000000007,1.000000000000007,False,True,True
ovlp_070,pair_04,60.00000000000001,60.00000000000001,59.0,0.9793081786897447,239,0.0027846367447736855,0.002843473388019042,1.996726443091793,65.0,0.9773821708891127,1.0019705779970183,0.0019260078006320125,0.9693685918384127,0.9694004308407506,0.0013946010252971197,0.0016759806773661492,5.930609454849053,7.104360078097124,0.9743383852640788,0.9788111993471781,47.34512616973409,70.00597153963662,22.660845369902532,56.37436618120753,62.004036931926514,5.6296707507189865,11.654873830265913,11.005971539636619,2.6256338187924726,3.004036931926514,0.012364270952012757,-143.0,126.0,8,False,False,False,1.000000000000007,1.000000000000007,False,True,True
ovlp_070,pair_05,60.00000000000001,60.00000000000001,59.0,0.9770494733916387,239,0.0035582499262231176,0.0036418318858218507,2.7553432857536517,53.0,0.9743981859419081,1.0027209486716848,0.002651287449730644,0.965832601123386,0.9655797370250025,0.001291399857368354,0.0012413763984045452,9.035834967274235,8.881630504443049,0.9714410372575124,0.976488629778226,49.06113763250347,68.31193228084905,19.250794648345583,56.48118951942845,61.50190356118699,5.020714041758545,9.938862367496533,9.31193228084905,2.5188104805715525,2.5019035611869924,0.012472796440124334,-169.0,136.0,7,False,False,False,1.000000000000007,1.000000000000007,False,True,True
ovlp_070,pair_06,60.00000000000001,60.00000000000001,59.0,0.9783725463019477,239,0.0037357292416006003,0.0038183095546996987,2.900121311747571,53.0,0.97593800412284,1.0024945664261695,0.002434542179107657,0.9669336668650309,0.9665198513906862,0.0012881286125750045,0.0009232131384213706,12.390290996590961,9.20148407197294,0.9726531065834894,0.9778006023301019,48.72482475221823,67.83783027037087,19.11300551815264,56.07399576463911,61.17775906794222,5.103763303303111,10.275175247781767,8.837830270370873,2.9260042353608924,2.177759067942219,0.015240154531266925,-141.0,154.0,9,False,False,False,1.000000000000007,1.000000000000007,False,True,True
ovlp_070,pair_07,60.00000000000001,60.00000000000001,59.0,0.9777734722031488,239,0.003035031129086861,0.003104022777636048,2.427377610659842,53.0,0.9756587775548299,1.0021674531065243,0.0021146946483189266,0.9670357165071699,0.9668688060980705,0.001250333329169102,0.0013425054759184753,7.998295640941549,8.721407204529164,0.9724045943551594,0.9772365844183498,47.82244703927031,69.73066935591105,21.90822231664074,56.17004346479955,61.745919047704454,5.5758755829049065,11.177552960729692,10.730669355911047,2.829956535200452,2.7459190477044544,0.01340356561872702,-165.0,163.0,8,False,False,False,1.000000000000007,1.000000000000007,False,True,True
ovlp_070,pair_08,60.00000000000001,60.00000000000001,59.0,0.9731694690386453,239,0.004038148339438183,0.0041494811211322796,2.2618047618535773,53.0,0.9702343720859952,1.0030251422100618,0.0029350969526501514,0.9595008659362794,0.9597755925663642,0.0017853655662696858,0.0021665046095847807,6.309057936869838,7.502035843710162,0.9663351674874623,0.972486038883527,48.642832299338416,68.88219194681179,20.23935964747337,56.19648584071562,61.43162062440188,5.235134783686263,10.357167700661584,9.882191946811787,2.803514159284383,2.43162062440188,0.012675538063049219,-139.0,87.0,10,False,False,False,1.000000000000007,1.000000000000007,False,True,True
ovlp_070,pair_09,60.00000000000001,60.00000000000001,59.0,0.9774032187461853,239,0.003012902209974894,0.003082558101087339,2.010257393270306,65.0,0.9752262443966335,1.0022322762149398,0.0021769743495517746,0.9691711197959052,0.9688515009350247,0.0014987643970673207,0.001659174107233757,4.961564259223518,5.705845313575644,0.9732871692710452,0.9769916137986713,50.374295926501944,67.86002448293044,17.485728556428498,56.72198306767379,61.47539699213279,4.753413924458997,8.625704073498056,8.860024482930442,2.27801693232621,2.4753969921327865,0.009476271205478226,-129.0,130.0,8,False,False,False,1.000000000000007,1.000000000000007,False,True,True
ovlp_070,pair_10,60.00000000000001,60.00000000000001,59.0,0.9774769353866577,239,0.003426972982572604,0.0035059374380194516,2.5696037370490115,65.0,0.9748982816272311,1.0026450490353953,0.0025786537594265635,0.9681197677718267,0.9677290778367056,0.001333658156377144,0.0010181948166690957,9.18995801357724,7.309112536327879,0.9727983515792422,0.9770090770059161,50.27564761962974,67.6541131537172,17.378465534087468,56.70301873645998,61.414087549113745,4.711068812653764,8.724352380370263,8.654113153717205,2.296981263540019,2.414087549113745,0.010099215772416792,-30.0,151.0,10,False,False,False,1.000000000000007,1.000000000000007,False,True,True
ovlp_070,pair_11,60.00000000000001,60.00000000000001,59.0,0.9788831517431471,239,0.0032584030479415912,0.003328694586416353,4.054379290596847,65.0,0.9766433644294737,1.0022933523077606,0.002239787313673358,0.9696718207995096,0.9695866395168835,0.000803674943658742,0.0007536924766699389,12.221603941618406,11.567502881128892,0.9742774862713284,0.9784225851959653,50.583176156826276,68.197295796117,17.614119639290728,56.942318228089945,61.76841094770298,4.826092719613037,8.416823843173724,9.197295796117004,2.0576817719100546,2.768410947702982,0.010728324519263421,-151.0,103.0,8,False,False,False,1.000000000000007,1.000000000000007,False,True,True
ovlp_070,pair_12,60.00000000000001,60.00000000000001,59.0,0.9747985320621066,239,0.003834579718529418,0.003933715113847862,2.2363870002627877,53.0,0.9721610222922431,1.002713037973529,0.002637509769863544,0.9639653493298425,0.9640637742479644,0.0017146315544129143,0.0020875485084056325,5.1894280246153635,6.260679028397907,0.9693819406959745,0.9742568729254935,49.4075098771516,67.89360278114687,18.48609290399527,56.453143353441604,61.3423823883981,4.889239034956496,9.592490122848403,8.893602781146868,2.546856646558396,2.3423823883981,0.011718873182932632,30.0,133.0,8,False,False,False,1.000000000000007,1.000000000000007,False,True,True
ovlp_070,pair_13,60.00000000000001,60.00000000000001,58.0,0.9723462200164795,238,0.0034641835406178574,0.0035627058236099747,2.256999237236678,64.0,0.9698449349403382,1.0025790566986827,0.0025012850761413352,0.9633199183146158,0.9630316850518188,0.0015348625216458545,0.0013434473021030743,6.718761270154504,6.068644476817781,0.9678330691655477,0.9718949049313863,49.42871880284303,66.32645677052885,16.89773796768582,55.99208591431202,60.680959103331915,4.688873189019894,8.57128119715697,8.32645677052885,2.007914085687979,2.680959103331915,0.01001535971959433,-169.0,161.0,9,False,False,False,2.000000000000007,2.000000000000007,False,False,True
ovlp_070,pair_14,60.00000000000001,60.00000000000001,59.0,0.975013378461202,239,0.003406646805316696,0.00349394878118819,2.737069233830023,53.0,0.9724949847327339,1.0025896213019136,0.0025183937284680713,0.9639591304461161,0.963743646291395,0.001244633041506854,0.0011565611800353657,9.557858421936476,9.054662534238144,0.9694862544536591,0.9744606660604477,49.14508020882847,68.36115828611656,19.216078077288095,56.25632831729897,61.32237412060972,5.06604580331075,9.854919791171532,9.361158286116563,2.7436716827010272,2.322374120609723,0.012783428827921495,-137.0,157.0,8,False,False,False,1.000000000000007,1.000000000000007,False,True,True
ovlp_070,pair_15,60.00000000000001,60.00000000000001,59.0,0.9768183694945441,239,0.0035769655761694157,0.0036618533064855453,3.319902903469916,65.0,0.9745089557435778,1.0023698230143039,0.0023094137509663826,0.966030594110489,0.965992284345958,0.0010774307804095177,0.0012586057691573668,8.571210817885861,10.048056307126595,0.9714244818025166,0.9762789807253414,49.48007567608434,68.93656263657019,19.456486960485847,56.76792174000816,61.997440392378316,5.229518652370153,9.51992432391566,9.936562636570187,2.2320782599918374,2.9974403923783157,0.0128564627965293,-145.0,107.0,7,False,False,False,1.000000000000007,1.000000000000007,False,True,True
ovlp_070,pair_16,60.00000000000001,60.00000000000001,59.0,0.9766691038343641,239,0.0035383866575342485,0.0036229124517635327,2.8726373414471307,65.0,0.9743733490837945,1.0023561345891987,0.002295754750569645,0.9652185822857751,0.9650970330056217,0.0012317554347990678,0.00128704318571093,8.896765606403546,9.394779598135216,0.9709438430600696,0.9760965777569347,48.883094177130815,69.66672688974907,20.783632712618257,56.546563325106966,61.941840341784456,5.39527701667749,10.116905822869185,10.666726889749071,2.453436674893034,2.941840341784456,0.013090556727515135,-150.0,166.0,8,False,False,False,1.000000000000007,1.000000000000007,False,True,True
ovlp_070,pair_17,60.00000000000001,60.00000000000001,59.0,0.9701615619659424,239,0.004278552629950496,0.00441014445189975,3.2911731579682835,65.0,0.9673759391572739,1.0028795659432002,0.002785622808668453,0.956019254260593,0.9556204680270618,0.0013000083631551445,0.0010221304168701313,13.836108848667878,11.185384918285513,0.9630904081132676,0.9694544465806749,48.580750756803525,69.56761710853971,20.986866351736182,56.59178109952087,62.080913451532986,5.489132352012113,10.419249243196475,10.567617108539707,2.4082189004791275,3.080913451532986,0.016130991776784342,-141.0,140.0,9,False,False,False,1.000000000000007,1.000000000000007,False,True,True
ovlp_070,pair_18,60.00000000000001,60.00000000000001,59.0,0.9716356057590908,239,0.003922079235157771,0.004036574217649882,2.4951330934048945,65.0,0.9687392226854961,1.0029898480476154,0.002896383073594744,0.9589911829100715,0.9587210893523362,0.0015718917942792565,0.0011083112439314625,11.408729197915878,8.21590675245946,0.9653133943345811,0.9710033846166398,49.187703218574,68.7245026123059,19.536799393731897,56.68401739797434,61.75430571988041,5.070288321906077,9.812296781426,9.724502612305898,2.315982602025663,2.7543057198804135,0.01572465764151676,-143.0,120.0,9,False,False,False,1.000000000000007,1.000000000000007,False,True,True
ovlp_070,pair_19,60.00000000000001,60.00000000000001,58.0,0.9735609658559164,238,0.004055036524292302,0.004165159313600123,1.5423969642514834,64.0,0.9706805671585931,1.0029674012180494,0.002880398697323372,0.959769741429223,0.9586435134617819,0.0026290485642003246,0.00179006163231543,7.704329380466422,5.674087803955034,0.9666653536425698,0.9728714046345818,47.77539532262961,68.37981244043334,20.604417117803727,55.61266948974556,60.94499362949308,5.33232413974752,10.224604677370387,10.37981244043334,2.3873305102544435,2.9449936294930765,0.013258201546139436,-165.0,112.0,9,False,False,False,2.000000000000007,2.000000000000007,False,False,True
ovlp_070,pair_20,60.00000000000001,60.00000000000001,59.0,0.9794711229536268,239,0.002820562899775187,0.0028796794858736503,2.29940153818413,53.0,0.9776690877808466,1.0018431954076308,0.0018020351727802142,0.9705276633633507,0.9704492327893772,0.0012266508710795355,0.0015119442482787893,5.9152046118482255,7.354896472139394,0.9749993931584888,0.979023949974113,48.2578651897113,67.89712832840623,19.639263138694922,55.96977530843059,61.15254345004262,5.18276814161203,10.742134810288697,8.897128328406225,3.0302246915694084,2.1525434500426215,0.010235417154100146,-124.0,131.0,9,False,False,False,1.000000000000007,1.000000000000007,False,True,True
ovlp_070,pair_21,60.00000000000001,60.00000000000001,59.0,0.9739813552962409,239,0.0033934402575016317,0.0034840915989295313,3.1802081266739672,53.0,0.971709988117218,1.0023374949386121,0.002271367179022876,0.9634002953105503,0.9631991259488796,0.0010670497408767628,0.0007495279003777944,14.116966133425157,10.104711087321805,0.9686908253033956,0.9734523022969563,48.7077370602768,67.93121442046811,19.22347736019131,56.08495358955942,61.1761941985288,5.091240608969379,10.292262939723201,8.931214420468109,2.9150464104405813,2.1761941985287976,0.01232981761296581,-145.0,147.0,8,False,False,False,1.000000000000007,1.000000000000007,False,True,True
ovlp_070,pair_22,60.00000000000001,60.00000000000001,59.0,0.9768144329388936,239,0.0032292193360137778,0.00330586775453162,3.152055572380916,53.0,0.9746596678098043,1.0022107872114288,0.0021547651290892977,0.9668783161375256,0.966888389610582,0.0010244804578666028,0.0010749107804298489,9.243666527741574,9.688855704462897,0.9718463745382095,0.9763176270988252,48.90573932240326,67.94497592563468,19.039236603231423,56.07634192786603,61.14653467432958,5.0701927464635475,10.094260677596743,8.94497592563468,2.923658072133968,2.1465346743295797,0.011192342440287217,-166.0,99.0,9,False,False,False,1.000000000000007,1.000000000000007,False,True,True
ovlp_070,pair_23,60.00000000000001,60.00000000000001,59.0,0.9747460346751744,239,0.0033847697833922106,0.0034724632498968366,2.6594375901473595,53.0,0.9726124827067057,1.0021936300493812,0.00213355196846865,0.9632743314901988,0.9630236574634911,0.0012727389414709522,0.001510342593908391,7.595431150021185,9.210354794468183,0.9690101830826866,0.9741724495159256,47.655883216759406,68.63597878580957,20.980095569050164,55.88601879325955,61.31667796602983,5.430659172770277,11.344116783240594,9.63597878580957,3.1139812067404478,2.316677966029829,0.014183978769514383,-158.0,145.0,11,False,False,False,1.000000000000007,1.000000000000007,False,True,True
ovlp_070,pair_24,60.00000000000001,60.00000000000001,59.0,0.9754324674606323,239,0.0033330408831522907,0.0034169878431761446,2.888301987609275,65.0,0.9729536989000108,1.0025476737109114,0.0024787685606214582,0.9657801510228052,0.9656422735427815,0.001153979361386355,0.0011812352193991895,8.171375420668962,8.483855297107834,0.9706063092417188,0.9749498516387409,50.04897694052207,67.90750030224648,17.85852336172441,56.890301997111514,61.667843869997505,4.77754187288599,8.951023059477933,8.907500302246476,2.1096980028884857,2.6678438699975047,0.010576463540395209,0.0,139.0,10,False,False,False,1.000000000000007,1.000000000000007,False,True,True
ovlp_070,pair_25,60.00000000000001,60.00000000000001,60.0,0.9777085733413696,240,0.003258548879243745,0.003332842697806654,4.170708494782598,54.0,0.9754525568750169,1.0023127895359465,0.0022560164663527615,0.9679531115955777,0.9679844733095833,0.0007812938457147195,0.0005202896457512829,18.750059366846124,12.446149531474754,0.9728308424684737,0.97722080025408,50.40322926613895,68.68810016766234,18.28487090152339,57.1622465269156,62.09501129639405,4.932764769478446,9.59677073386105,8.688100167662341,2.8377534730843976,2.0950112963940484,0.010227075947655484,-162.0,94.0,9,False,False,False,7.105427357601002e-15,7.105427357601002e-15,True,True,True
ovlp_072,pair_00,56.00000000000001,56.00000000000001,55.0,0.9742879385418363,235,0.004533899716504141,0.004653552134997978,2.5085083716474066,49.0,0.9709884415732492,1.0033980805819285,0.0032994969685871123,0.9589223821957906,0.9584876182940271,0.0018074086448141308,0.0018885311702092386,8.13624714721718,8.741974479951688,0.9666051603688135,0.973519660724534,44.18945281363966,65.11078671009109,20.92133389645143,52.361948511727896,57.68978140278968,5.327832891061782,10.810547186360338,10.11078671009109,2.6380514882721045,2.689781402789677,0.018537538846333912,-144.0,126.0,9,False,False,False,1.000000000000007,1.000000000000007,False,True,True
ovlp_074,pair_00,52.0,52.0,51.0,0.9762510599030388,231,0.005389395325710459,0.005520501382344961,5.014246222910194,57.0,0.9723885536193848,1.0039721840300126,0.0038625062836540325,0.9599541136953567,0.9597947395899229,0.0010748166496264585,0.001229563313722583,13.254255413934008,15.310816332102013,0.9681025867991977,0.9754362125926548,41.68175831807075,60.586801873802266,18.905043555731517,48.598108380901664,53.60948785301092,5.011379472109255,9.318241681929251,9.586801873802266,2.401891619098336,2.6094878530109185,0.018271936045752613,-166.0,152.0,7,False,False,False,1.0,1.0,True,True,True
ovlp_075,pair_00,50.0,50.0,49.0,0.9757169871860081,229,0.005417678867569625,0.005552510552464957,2.753034290374608,55.0,0.9716869288020665,1.0041474864634743,0.004030058383941548,0.9591458386845059,0.9585508159009948,0.001967893711499117,0.0018932057387034277,8.752957041452373,8.723119132250451,0.967431412935257,0.9748884297609329,39.84707980699028,58.546528344955334,18.699448537965054,46.715641319525616,51.60546099519986,4.8898196756742465,9.15292019300972,9.546528344955334,2.2843586804743836,2.605460995199863,0.019713739024268317,-162.0,162.0,9,False,False,False,1.0,1.0,True,True,True
ovlp_075,pair_01,50.0,50.0,49.0,0.9780547955301074,229,0.005275372615281856,0.005393739327685209,2.8570078322648707,55.0,0.9740227667490641,1.0041395631793093,0.004032028781043362,0.9618194370799594,0.9616623695426517,0.0018464676770241282,0.001146310081481939,14.163147225538737,8.877721604027576,0.9699371163050334,0.9772430276076001,39.68164196983579,58.481188128556184,18.799546158720396,46.55105826226717,51.471540945022454,4.920482682755285,9.318358030164212,9.481188128556184,2.448941737732831,2.471540945022454,0.016585807005564557,-148.0,107.0,10,False,False,False,1.0,1.0,True,True,True
ovlp_075,pair_02,50.0,50.0,49.0,0.979722154935201,229,0.004414635242472324,0.004506007361611935,3.218470127773604,43.0,0.9762010860443116,1.0036069094177689,0.003521068890889434,0.9655526302920447,0.9651835631214911,0.001371656429051953,0.001105575706243538,12.816421854366393,10.599295498332989,0.9726373926136229,0.9790136787030431,39.43880167621762,58.294606012585774,18.855804336368152,46.51661604006451,51.39613214660071,4.879516106536201,9.561198323782378,9.294606012585774,2.4833839599354874,2.3961321466007135,0.01657131592432659,-136.0,153.0,9,False,False,False,1.0,1.0,True,True,True
ovlp_075,pair_03,50.0,50.0,49.0,0.975608255068461,229,0.00607691344794377,0.006228845867563244,3.9329529928544833,55.0,0.9710023895899454,1.0047434131243083,0.004605865478515603,0.9572785823875003,0.9568606384239263,0.0015451274040102956,0.0013886451400914467,13.19968086285434,12.133379160758064,0.9664434187279807,0.974691771434413,39.72015320897341,58.212763033403135,18.492609824429728,46.6675847643949,51.563327469127714,4.895742704732811,9.279846791026593,9.212763033403135,2.3324152356050973,2.5633274691277137,0.021331885125901895,-156.0,148.0,8,False,False,False,1.0,1.0,True,True,True
ovlp_075,pair_04,50.0,50.0,49.0,0.9765197934044731,229,0.005411930232724921,0.0055420589211583006,4.410746483889411,55.0,0.9724341689215765,1.004201440687165,0.0040856244828966215,0.9603905313544803,0.9601753431533773,0.0012269873710702734,0.001264506321986395,12.755382689313603,13.320797455999063,0.9684551623794767,0.9757133303019735,40.060867570681154,58.30740565589294,18.24653808521179,46.74758033868231,51.54895926919464,4.801378930512328,8.939132429318846,9.307405655892943,2.2524196613176883,2.54895926919464,0.017834892802768176,-160.0,140.0,9,False,False,False,1.0,1.0,True,True,True
ovlp_075,pair_05,50.0,50.0,49.0,0.9794867449336582,229,0.005128598621563251,0.005236006151273254,4.339327753058944,55.0,0.9757452890608046,1.0038344595816135,0.003741455872853572,0.9640862576166789,0.964120513929261,0.0011818878207454882,0.0012245584383804885,12.576359636496282,13.001429352833794,0.9717865012751685,0.9787167205678092,39.45892915693,58.346722422317946,18.88779326538795,46.7113161642435,51.661608244781526,4.950292080538027,9.541070843070003,9.346722422317946,2.288683835756501,2.661608244781526,0.017279410097334136,-160.0,161.0,10,False,False,False,1.0,1.0,True,True,True
ovlp_075,pair_06,50.0,50.0,49.0,0.9791986634996203,229,0.004645565215923407,0.004744251998180151,3.9555772188467886,55.0,0.9756834504339431,1.0036028212471102,0.0035152130656771474,0.9652691235807206,0.9653062139161758,0.0011744342124808216,0.0014704544090429253,9.472949200761681,11.829057290572885,0.9722338935401704,0.9785021865036753,39.72144895506888,58.17044277660348,18.4489938215346,46.70069357916549,51.577618777042375,4.876925197876886,9.27855104493112,9.17044277660348,2.2993064208345118,2.5776187770423746,0.015600292152828654,-137.0,161.0,7,False,False,False,1.0,1.0,True,True,True
ovlp_075,pair_07,50.0,50.0,49.0,0.9878977195421854,229,0.003125211478805592,0.003163497006809457,4.274102037332884,55.0,0.9853392479154799,1.0025965388389004,0.0025584716267055274,0.9780451105700598,0.9780405711034934,0.0007311972085616794,0.0007220810116133117,13.644741813819984,13.480834340275685,0.9829714150561226,0.9874050890935792,39.67819473070337,58.075793411730956,18.39759868102759,46.67652688424728,51.49364733445764,4.817120450210361,9.321805269296632,9.075793411730956,2.3234731157527193,2.4936473344576413,0.010301660431755844,-164.0,98.0,9,False,False,False,1.0,1.0,True,True,True
ovlp_075,pair_08,50.0,50.0,49.0,0.9806979293293422,229,0.004354943730686267,0.0044406576178502065,2.9759746746152276,55.0,0.977345749007331,1.0034298817234495,0.0033521803220112334,0.9666034634908041,0.9662824366730121,0.0014633672012848464,0.0011900506025155644,11.843585313720968,9.85090594054126,0.9736506964100731,0.9799932060374152,39.21171060776364,58.62200385370854,19.4102932459449,46.56156547843606,51.62158286582468,5.060017387388619,9.788289392236358,9.622003853708541,2.4384345215639414,2.621582865824678,0.014321166939205487,-137.0,134.0,7,False,False,False,1.0,1.0,True,True,True
ovlp_075,pair_09,50.0,50.0,49.0,0.9801317660013834,229,0.00460439151844116,0.004697727058909201,2.3967180289557364,55.0,0.9765386642350091,1.0036794260155475,0.003593101766374285,0.9650307966603173,0.9646816935232945,0.001921123579333744,0.0019789382360774835,7.630844189962288,8.042206469324116,0.9725812813308503,0.9793767175343301,39.99083659221256,58.650903380131915,18.660066787919355,46.802944374671675,51.69631292693418,4.893368552262508,9.00916340778744,9.650903380131915,2.197055625328325,2.6963129269341835,0.017141052087148,-156.0,154.0,9,False,False,False,1.0,1.0,True,True,True
ovlp_075,pair_10,50.0,50.0,49.0,0.9768646226988899,229,0.00528750714601099,0.005412732760658913,4.625804767276638,55.0,0.9726974066098532,1.0042841854627338,0.004167216089036696,0.9599516905678642,0.9600782540175651,0.0011430458940712965,0.001025082558870377,16.49909266787583,14.68564715414457,0.9684081566333771,0.9760189760923386,39.42745901718943,58.46480143698782,19.037342419798392,46.68756536992945,51.58817776504451,4.900612395115061,9.572540982810573,9.46480143698782,2.3124346300705483,2.588177765044513,0.01838585933049519,-166.0,154.0,8,False,False,False,1.0,1.0,True,True,True
ovlp_075,pair_11,50.0,50.0,49.0,0.9836428173383077,229,0.004350455383493834,0.004422799929822053,3.7029805334274832,55.0,0.9804045128822326,1.0033030289166611,0.0032383044560750918,0.9708384458223979,0.9705129711164368,0.001174852350484016,0.0011010977115630915,11.628733200919179,11.175741544426181,0.9772406315803528,0.9830025987625122,40.05957187794758,58.19020627703468,18.1306343990871,46.74830862396512,51.563973184608464,4.8156645606433415,8.940428122052417,9.190206277034683,2.251691376034877,2.5639731846084644,0.015187265343136414,-164.0,111.0,10,False,False,False,1.0,1.0,True,True,True
ovlp_075,pair_12,50.0,50.0,49.0,0.9788525035646227,229,0.0045661539461728405,0.004664802847767747,3.0178704247165795,55.0,0.9754907162984213,1.0034462524450853,0.0033617872662013992,0.9649306927786934,0.9649408532157541,0.0015130384355722187,0.0018594914640586296,7.486891472759352,9.19451219598885,0.971891598171658,0.9781564130253263,40.009345860924974,58.43567681422803,18.426330953303058,46.85498510330263,51.71844910288326,4.863463999580631,8.990654139075026,9.435676814228032,2.1450148966973686,2.7184491028832625,0.015888604323069266,-161.0,137.0,8,False,False,False,1.0,1.0,True,True,True
ovlp_075,pair_13,50.0,50.0,49.0,0.9719589159223768,229,0.0064358083988721075,0.006621481930400943,6.629959210268092,55.0,0.9673871591356066,1.0047258811982323,0.0045717567867702424,0.9522260402308571,0.9521658458477921,0.0009707161378767918,0.0009206400048731824,21.43386729565147,20.390173092081618,0.9620924780766169,0.9709722721378008,39.38229223469253,58.62674028152699,19.244448046834464,46.692224592896395,51.7472705172479,5.055045924351504,9.617707765307472,9.626740281526992,2.3077754071036054,2.747270517247898,0.021656663947635102,-140.0,149.0,10,False,False,False,1.0,1.0,True,True,True
ovlp_075,pair_14,50.0,50.0,49.0,0.98208651304245,229,0.004210268949759379,0.004287065236967971,3.462570514481666,55.0,0.9789469369252523,1.0032070952967673,0.0031395761171977288,0.9688779833581711,0.9687697444624371,0.0012159373887551401,0.0014532305368585362,9.089080740645526,10.951853856263416,0.9754822482003105,0.981426086558236,39.43230615756319,58.518074933640634,19.085768776077444,46.6511884787474,51.66444961334606,5.0132611345986575,9.56769384243681,9.518074933640634,2.3488115212525997,2.664449613346058,0.015523075792524654,-170.0,140.0,10,False,False,False,1.0,1.0,True,True,True
ovlp_076,pair_00,48.0,48.0,47.0,0.978640906016032,227,0.004910171055204433,0.00501733682397698,3.5941464632766857,41.0,0.9746404661072626,1.0041045288471833,0.004000439908769415,0.9619430270459918,0.9618956702318456,0.001366157752716611,0.0016534263360501815,10.098955487747528,12.2571758282588,0.9702919665310119,0.97780601206753,37.030167106319034,56.48528322226135,19.455116115942317,44.4793076962226,49.38993289556177,4.910625199339172,9.969832893680966,9.485283222261351,2.520692303777402,2.3899328955617705,0.018678264353010565,-155.0,148.0,6,False,False,False,1.0,1.0,True,True,True
ovlp_078,pair_00,43.99999999999999,43.99999999999999,43.0,0.9787037142117818,223,0.006946484776725696,0.007097638106257912,4.311970226534623,49.0,0.973263587421841,1.0055895718901307,0.005440126789940769,0.9560853252145979,0.955756540980604,0.0016109769807729722,0.001194846925020175,18.929947027986053,14.24425892179252,0.9673945197131899,0.9775727947619226,33.71940837000058,52.772439640018405,19.053031270017826,40.74882872756062,45.62242758485241,4.873598857291789,9.280591629999421,9.772439640018405,2.251171272439379,2.62242758485241,0.026432432333628353,-138.0,158.0,7,False,False,False,0.9999999999999929,0.9999999999999929,True,True,True
ovlp_080,pair_00,39.99999999999999,39.99999999999999,39.0,0.9829263271225824,219,0.006745771960726334,0.006862947684465732,5.542611809198156,45.0,0.9780806612968445,1.0049542599271035,0.004845665825737977,0.9615962485472361,0.9615481348219845,0.0012170745837786242,0.0010100795191128704,21.11722708136882,17.56522778926621,0.9722612878349093,0.9818598231938152,30.100099975799868,48.862796884600534,18.762696908800667,36.937572654497046,41.87200920464746,4.934436550150416,8.899900024200132,9.862796884600534,2.062427345502954,2.872009204647462,0.023072108957502557,-139.0,147.0,10,False,False,False,0.9999999999999929,0.9999999999999929,True,True,True
ovlp_080,pair_01,39.99999999999999,39.99999999999999,39.0,0.9852339874373542,219,0.0058166502210997536,0.00590382619283077,4.6341551832332755,45.0,0.9809092987908258,1.004408856814651,0.004324688646528463,0.9675850564903684,0.9675305034882491,0.0012551694950019875,0.0013956870385805154,12.645335565296708,14.104456824038028,0.9764095219638613,0.984351540890005,30.098987115232195,48.3883341027937,18.289346987561505,36.87525969739648,41.67672566645232,4.80146596905584,8.901012884767805,9.3883341027937,2.12474030260352,2.6767256664523202,0.018662426471710236,-157.0,156.0,7,False,False,False,0.9999999999999929,0.9999999999999929,True,True,True
ovlp_080,pair_02,39.99999999999999,39.99999999999999,39.0,0.9829263271225824,219,0.006745771960726334,0.006862947684465732,5.542611809198156,45.0,0.9780806612968445,1.0049542599271035,0.004845665825737977,0.9615962485472361,0.9615481348219845,0.0012170745837786242,0.0010100795191128704,21.11722708136882,17.56522778926621,0.9722612878349093,0.9818598231938152,30.100099975799868,48.862796884600534,18.762696908800667,36.937572654497046,41.87200920464746,4.934436550150416,8.899900024200132,9.862796884600534,2.062427345502954,2.872009204647462,0.023072108957502557,-139.0,147.0,10,False,False,False,0.9999999999999929,0.9999999999999929,True,True,True
ovlp_080,pair_03,39.99999999999999,39.99999999999999,39.0,0.9852339874373542,219,0.0058166502210997536,0.00590382619283077,4.6341551832332755,45.0,0.9809092987908258,1.004408856814651,0.004324688646528463,0.9675850564903684,0.9675305034882491,0.0012551694950019875,0.0013956870385805154,12.645335565296708,14.104456824038028,0.9764095219638613,0.984351540890005,30.098987115232195,48.3883341027937,18.289346987561505,36.87525969739648,41.67672566645232,4.80146596905584,8.901012884767805,9.3883341027937,2.12474030260352,2.6767256664523202,0.018662426471710236,-157.0,156.0,7,False,False,False,0.9999999999999929,0.9999999999999929,True,True,True
ovlp_080,pair_04,39.99999999999999,39.99999999999999,39.0,0.9859686562750074,219,0.005695340070071252,0.005776390591956811,4.769071400512083,45.0,0.981847292052375,1.004197561327503,0.004121364222632429,0.9679344002405803,0.9680139424064095,0.001194224114459622,0.0013028413577078444,13.842250192422268,15.034626793415832,0.9769515282577939,0.985066943473286,29.99843841927645,48.654691346980265,18.656252927703814,36.9508075837847,41.90842267140459,4.957615087619885,9.00156158072355,9.654691346980265,2.0491924162152984,2.908422671404587,0.019182316197289273,-132.0,137.0,7,False,False,False,0.9999999999999929,0.9999999999999929,True,True,True
ovlp_080,pair_05,39.99999999999999,39.99999999999999,39.0,0.9810056299633452,219,0.007063553531819341,0.007200319056357778,7.467066325418974,45.0,0.9755549181832207,1.0055872936300454,0.005450711780124462,0.958820830848482,0.9588271468745336,0.0009459610004767178,0.0008068271051249611,27.496348317930117,23.445451850165785,0.9699132304059136,0.979896390007602,29.915344153366394,48.39563053006097,18.480286376694576,36.86049270620698,41.669147508477394,4.808654802270411,9.084655846633606,9.39563053006097,2.1395072937930166,2.669147508477394,0.02287975947062193,-174.0,161.0,11,False,False,False,0.9999999999999929,0.9999999999999929,True,True,True
ovlp_080,pair_06,39.99999999999999,39.99999999999999,40.0,0.9806885981559753,220,0.007742486623411041,0.007894949159161758,3.0631437449026726,34.0,0.9753310214148627,1.005493085550935,0.005357576741112591,0.9547917456097074,0.9541339042517872,0.002527627584012401,0.0022112523504893198,11.71139627756069,10.505777857525468,0.9677401718828413,0.9793937555286619,29.582138522588256,49.422984871409696,19.84084634882144,36.93643456045214,42.09543234348255,5.158997783030408,10.417861477411744,9.422984871409696,3.063565439547858,2.0954323434825497,0.0281416095627679,-166.0,115.0,8,False,False,False,7.105427357601002e-15,7.105427357601002e-15,True,True,True
ovlp_080,pair_07,39.99999999999999,39.99999999999999,39.0,0.9829159707493251,219,0.00706152033358822,0.007184256379723769,5.257877834928859,45.0,0.9772890586323209,1.005757674320921,0.005626912117004279,0.9614588822258843,0.9613145146080189,0.0013430362125718286,0.0007685126890341664,27.920278779530893,16.084045939417265,0.9721874264876047,0.9818431163231531,30.057879343189427,48.02182657750577,17.963947234316343,36.84540396254412,41.53686787673744,4.691463914193321,8.942120656810573,9.02182657750577,2.1545960374558817,2.536867876737439,0.02286608033710047,-156.0,135.0,7,False,False,False,0.9999999999999929,0.9999999999999929,True,True,True
ovlp_080,pair_08,39.99999999999999,39.99999999999999,39.0,0.9846326761775547,219,0.006146948579187662,0.006242885014796329,5.709681277063724,45.0,0.979763507578108,1.0049697386785539,0.004869168599446638,0.9651755091879102,0.9652222233439485,0.0010765834870469003,0.0006892816594441793,28.228180342611044,18.029677277374596,0.9749040926827324,0.9836598178280724,29.749780739207853,48.358403661481816,18.608622922273963,36.76843094055903,41.58380553321097,4.815374592651942,9.250219260792147,9.358403661481816,2.2315690594409716,2.5838055332109704,0.02019056081771864,-125.0,157.0,8,False,False,False,0.9999999999999929,0.9999999999999929,True,True,True
ovlp_080,pair_09,39.99999999999999,39.99999999999999,40.0,0.9823805059327019,220,0.006684885854818514,0.0068047826829296465,2.710226423154423,34.0,0.9776380300521851,1.0048509527399048,0.004742475880516794,0.9607511700524223,0.9599413413570987,0.0024665414659480736,0.0018432272884050722,11.734492005592683,9.097420369934104,0.971565837992562,0.9812990391386879,30.00166702588133,48.99138545757108,18.98971843168975,37.010667826615254,42.03068241058713,5.020014583971879,9.998332974118672,8.991385457571077,2.9893321733847458,2.030682410587133,0.02188184605704402,-167.0,151.0,10,False,False,False,7.105427357601002e-15,7.105427357601002e-15,True,True,True
ovlp_080,pair_10,39.99999999999999,39.99999999999999,39.0,0.982018379635281,219,0.007160099533804174,0.007291207254657917,4.787671885763349,45.0,0.9768547428978814,1.0052859821533768,0.005163636737399613,0.9613467666837905,0.9611443752414651,0.001495528454047883,0.001092469083388735,18.921920323245384,13.957610995175084,0.9716825731595358,0.9809847989877065,30.640349550549914,48.16938194489773,17.529032394347816,37.01668986023715,41.72046634492376,4.703776484686607,8.359650449450086,9.16938194489773,1.9833101397628496,2.720466344923757,0.021402052508460168,-103.0,152.0,9,False,False,False,0.9999999999999929,0.9999999999999929,True,True,True
ovlp_080,pair_11,39.99999999999999,39.99999999999999,39.0,0.9842917413181729,219,0.006008758300671804,0.006104651749515664,6.847987236094603,45.0,0.9797096641858417,1.0046769745158521,0.004582077132331164,0.9651448782285055,0.9650506938397886,0.0008774488172233495,0.0008312110950152302,23.034898360345604,21.928398672040824,0.9747183097733392,0.9833343981636895,29.96108710647863,48.50175165117359,18.540664544694963,36.929161287862094,41.77677456143447,4.847613273572378,9.03891289352137,9.501751651173592,2.070838712137906,2.776774561434472,0.02034312778049041,-111.0,149.0,7,False,False,False,0.9999999999999929,0.9999999999999929,True,True,True
ovlp_080,pair_12,39.99999999999999,39.99999999999999,39.0,0.9839415653546651,219,0.006441967942078177,0.006547104186777745,4.972046127818362,45.0,0.9792000619570415,1.0048422213006678,0.004741503397623692,0.963199586338467,0.963476327041785,0.0012956372037732458,0.0009614692304134007,21.573211456054334,15.795500664290788,0.973570575846566,0.9829044664038552,29.687278203876588,48.983464835100314,19.296186631223726,36.75467897688379,41.73044594541729,4.975766968533499,9.312721796123412,9.983464835100314,2.2453210231162117,2.730445945417287,0.021855960951911002,-140.0,113.0,7,False,False,False,0.9999999999999929,0.9999999999999929,True,True,True
ovlp_080,pair_13,39.99999999999999,39.99999999999999,39.0,0.984413918654124,219,0.005701631178769639,0.005791904269867318,5.614149255077916,45.0,0.9800506210327149,1.0044521145416054,0.004363297621409079,0.9663319192992317,0.9664749304528037,0.0010155824007729393,0.001282222708781561,14.10207386833354,17.66374465298653,0.9753729189766778,0.9835098186863793,30.2352138047802,48.49930845867526,18.264094653895057,36.958368538006944,41.74954631587201,4.791177777865066,8.764786195219799,9.499308458675259,2.041631461993056,2.74954631587201,0.01949485937754314,-164.0,128.0,8,False,False,False,0.9999999999999929,0.9999999999999929,True,True,True
ovlp_080,pair_14,39.99999999999999,39.99999999999999,39.0,0.9844417272673714,219,0.006363069120173084,0.006463632070773544,5.1336696589903665,45.0,0.9794950622982449,1.0050502194033728,0.004946664969126546,0.965398178630405,0.9651031308281752,0.0012394777114319627,0.0006974065794944412,27.30623598471261,15.602213949337122,0.9749199529488882,0.9834895498355232,30.42165741274419,48.0359204654747,17.614263052730514,36.93903559733838,41.60684241021514,4.667806812876755,8.578342587255811,9.035920465474703,2.060964402661618,2.606842410215137,0.020234822962019172,-154.0,163.0,8,False,False,False,0.9999999999999929,0.9999999999999929,True,True,True
ovlp_080,pair_15,39.99999999999999,39.99999999999999,39.0,0.9806467594040764,219,0.007654998006297812,0.007806070772058262,5.271729855992716,45.0,0.9748013260629442,1.0059965381507439,0.005845433341132189,0.9559150355392032,0.9558787082922129,0.0014520846506571046,0.00166047353672983,14.894380017389718,17.05689203494808,0.9682808974716398,0.9794101732108328,29.666944514950586,48.75371988447201,19.086775369521426,36.79187667603064,41.68503664343749,4.893159967406852,9.333055485049414,9.753719884472012,2.2081233239693603,2.685036643437492,0.026947071287367064,-154.0,167.0,8,False,False,False,0.9999999999999929,0.9999999999999929,True,True,True
ovlp_080,pair_16,39.99999999999999,39.99999999999999,39.0,0.9848955215348137,219,0.006190862598869009,0.006285806426677082,10.372285182096054,45.0,0.9801939174864027,1.0047966060230895,0.004701604048411023,0.9665079498291016,0.9665191574750676,0.0005968658294852193,0.0004973928221860636,36.96790722652158,30.78809868475015,0.9757017356819577,0.9839761429495282,30.58186772222691,48.09231811492323,17.51045039269632,36.98348515804759,41.6486429203406,4.665157762293006,8.41813227777309,9.09231811492323,2.0165148419524073,2.648642920340599,0.019028882450527584,-114.0,155.0,10,False,False,False,0.9999999999999929,0.9999999999999929,True,True,True
ovlp_080,pair_17,39.99999999999999,39.99999999999999,39.0,0.981286989318,219,0.007749266478656146,0.007897043946380997,4.694179197655905,45.0,0.975326813062032,1.0061109529402315,0.005960176255968008,0.9580111598968506,0.9572976665844518,0.0016508245962416255,0.0014074290346303723,16.53783519341862,14.531721170234437,0.9696490746074253,0.9801231978469425,30.520681567651497,48.05041285194625,17.52973128429475,37.01099313949125,41.67311056297917,4.662117423487921,8.479318432348503,9.050412851946248,1.989006860508752,2.6731105629791685,0.026812077098422593,-150.0,149.0,7,False,False,False,0.9999999999999929,0.9999999999999929,True,True,True
ovlp_080,pair_18,39.99999999999999,39.99999999999999,39.0,0.9872369204627143,219,0.005448022202408465,0.005518454678391685,3.825929871148084,45.0,0.9830141067504882,1.0042957813964495,0.004222813712226103,0.970643244319492,0.9700255448056592,0.001423973357037416,0.001035611531496094,16.023070078459103,12.086866353218479,0.9789400823911032,0.9864072366555532,29.85706071865655,48.18481428748679,18.327753568830236,36.72846805242398,41.542374858568095,4.813906806144118,9.142939281343448,9.184814287486788,2.2715319475760225,2.5423748585680954,0.020282124678293822,-145.0,163.0,11,False,False,False,0.9999999999999929,0.9999999999999929,True,True,True
ovlp_080,pair_19,39.99999999999999,39.99999999999999,39.0,0.9860157036781311,219,0.00531703625222485,0.005392445812364578,5.921458068418167,45.0,0.9819683549139236,1.0041216692411257,0.004047348764207426,0.9696327176358965,0.9693492462899951,0.0008979268603763364,0.0007906711334388847,20.720354328581124,18.561041131068063,0.9778242106570139,0.9851965543760194,30.234447612810982,48.288020124804746,18.053572511993764,36.96161421291483,41.736615606353865,4.775001393439034,8.765552387189018,9.288020124804746,2.0383857870851685,2.7366156063538654,0.018216740555233257,-133.0,129.0,11,False,False,False,0.9999999999999929,0.9999999999999929,True,True,True
ovlp_082,pair_00,36.00000000000001,36.00000000000001,35.0,0.9879700859387716,215,0.006064156138501317,0.006137995699271747,4.3908961457117615,41.0,0.9834513608614602,1.0045947621378581,0.004518725077311325,0.9676942249139149,0.9676309287142424,0.0013810748278398012,0.0017908879885672282,11.321680168885415,14.727049407121934,0.9778321554263432,0.9869562928875287,25.58316815316358,45.01756917550805,19.43440102234447,32.88434843125513,37.889445973041944,5.005097541786817,9.41683184683642,10.01756917550805,2.115651568744873,2.889445973041944,0.021852442688412133,-160.0,109.0,10,False,False,False,1.000000000000007,1.000000000000007,False,True,True
ovlp_084,pair_00,32.00000000000001,32.00000000000001,31.0,0.9861412986119586,211,0.007696555026194309,0.007804718286342515,6.459902438912511,37.0,0.9802287605073717,1.006031794151323,0.005912538104586917,0.9629301983780332,0.9628790729095538,0.001191435180171232,0.001247285591840734,18.60929075567266,19.524541569321176,0.9745357484949959,0.9849807436002623,22.31995629410992,40.067769230217316,17.747812936107394,29.04315336193664,33.71265819598384,4.669504834047203,8.680043705890078,9.067769230217316,1.956846638063361,2.712658195983842,0.025233047273423792,-157.0,139.0,8,False,False,False,1.000000000000007,1.000000000000007,False,True,True
ovlp_085,pair_02,30.000000000000004,30.000000000000004,29.0,0.9887311606936985,209,0.007589136149224478,0.007675631608393837,9.787148225452325,35.0,0.9827870798110961,1.0060481878574807,0.005944080882602343,0.964962141778734,0.9649220701042148,0.0007754185360642923,0.0007338548208077997,32.389265888858624,30.70482517780511,0.9768466512362162,0.9875427097479502,20.52482386040098,38.3153300555324,17.79050619513142,27.12093797619246,31.740023356549244,4.619085380356783,8.475176139599021,9.3153300555324,1.8790620238075384,2.7400233565492442,0.024634789890713216,-3.0,135.0,10,False,False,False,1.0000000000000036,1.0000000000000036,False,True,True
ovlp_085,pair_03,30.000000000000004,30.000000000000004,30.0,0.9894631822903951,210,0.007539654896529428,0.007619944866545457,9.377669140318114,24.0,0.9836251910527547,1.0059351786541701,0.005837991237640394,0.9664704820844863,0.9663911184999676,0.0008040009498856838,0.0007420435635248472,30.985647387990472,28.696562850712997,0.9779668321874406,0.9883135472800997,20.839480264199963,38.475171904165016,17.635691639965053,27.286016252529645,31.89986953150842,4.613853278978773,9.160519735800037,8.475171904165016,2.7139837474703548,1.8998695315084184,0.024490088621775263,-160.0,157.0,8,False,False,False,3.552713678800501e-15,3.552713678800501e-15,True,True,True
ovlp_085,pair_04,30.000000000000004,30.000000000000004,29.0,0.9890147442287869,209,0.007944172330402942,0.00803241041325187,8.353987363055435,35.0,0.9828407520718044,1.0062817828259236,0.006173992156982444,0.9651082579294841,0.9653355915918947,0.0009509437811140519,0.0006858250238099923,34.85799652875614,24.90068614692603,0.9770615010791355,0.9878194199138217,20.603569570708324,38.026259193044325,17.422689622336,27.125892172016208,31.705768890371846,4.579876718355639,8.396430429291676,9.026259193044325,1.8741078279837922,2.7057688903718464,0.02479383839501259,-121.0,60.0,8,False,False,False,1.0000000000000036,1.0000000000000036,False,True,True
ovlp_085,pair_05,30.000000000000004,30.000000000000004,29.0,0.9888447570800782,209,0.008382429655849025,0.008476992567166134,7.995931529325087,35.0,0.9827918818261888,1.0061588576033433,0.006052875253889423,0.962852674987581,0.9628622907126942,0.0010483368479465406,0.0012495052460035462,20.801899132181386,24.784463522652935,0.9758487160338296,0.9875451529754534,20.03133539566978,38.68841683130814,18.657081435638357,26.96753894689157,31.84497448831788,4.877435541426312,8.968664604330218,9.688416831308139,2.032461053108431,2.844974488317881,0.027744732697804864,-166.0,143.0,8,False,False,False,1.0000000000000036,1.0000000000000036,False,True,True
ovlp_085,pair_06,30.000000000000004,30.000000000000004,30.0,0.9901338998476665,210,0.007539626072500476,0.007614753998080924,6.567231806692916,24.0,0.9844365692138672,1.0057874024715976,0.005697330633799291,0.9679479703638288,0.9677811199335589,0.0011480676020627985,0.0009201529888310851,24.111131250056086,19.469916121616144,0.9790409351057476,0.9890246033734746,20.951606730394897,38.162084878741936,17.21047814834704,27.265862252452667,31.81466604356114,4.548803791108472,9.048393269605103,8.162084878741936,2.734137747547333,1.8146660435611395,0.022798584832085633,-129.0,146.0,8,False,False,False,3.552713678800501e-15,3.552713678800501e-15,True,True,True
ovlp_085,pair_07,30.000000000000004,30.000000000000004,30.0,0.9900954453150431,210,0.007104999040647992,0.007176074866587452,4.363480360803422,24.0,0.9850124637285869,1.005160322101119,0.005082981586456259,0.9678036880493164,0.9674940140462585,0.0016282871591382136,0.0015893173509437006,14.02599503018727,13.88049469157927,0.9789495666821797,0.9889808574517568,20.240661761235955,38.6784021742835,18.437740413047543,27.083834584391493,31.946512605682845,4.862678021291352,9.759338238764045,8.678402174283498,2.916165415608507,1.9465126056828446,0.022345168855455122,-168.0,87.0,7,False,False,False,3.552713678800501e-15,3.552713678800501e-15,True,True,True
ovlp_085,pair_08,30.000000000000004,30.000000000000004,30.0,0.9871624607510037,210,0.008925659132554203,0.009041732731372128,9.90674440341123,24.0,0.9804167154100206,1.0068804878935198,0.006745745340983045,0.9595477599567837,0.9595683171409698,0.0009009679435638607,0.0008545006734528883,32.3167689062594,30.62722021039142,0.9733551103538937,0.9857817257112926,20.55818622523659,38.33195600646234,17.773769781225752,27.21755517259616,31.866327681518587,4.648772508922427,9.44181377476341,8.331956006462342,2.7824448274038396,1.8663276815185874,0.028584816985660066,-154.0,90.0,10,False,False,False,3.552713678800501e-15,3.552713678800501e-15,True,True,True
ovlp_085,pair_09,30.000000000000004,30.000000000000004,30.0,0.9897160394986471,210,0.007593108607777022,0.007672007227066266,8.905934466258108,24.0,0.9838232318560283,1.0059897016575852,0.005892807642618791,0.9668128948741489,0.9669462556872104,0.0008525897688271808,0.0007891452807585193,29.02272266328941,26.706611601448973,0.978264467186398,0.9885708822674222,20.96803712861585,38.40081150227281,17.432774373656958,27.295759913857648,31.904624317555463,4.608864403697815,9.031962871384149,8.40081150227281,2.7042400861423523,1.904624317555463,0.02388602389229666,-135.0,145.0,7,False,False,False,3.552713678800501e-15,3.552713678800501e-15,True,True,True
ovlp_085,pair_10,30.000000000000004,30.000000000000004,30.0,0.988394541475508,210,0.008678890673101826,0.00878079583497668,6.110588718639809,24.0,0.9819952792591519,1.006516591628815,0.006399262216356116,0.9614139474762811,0.9614275451484653,0.0014203035211038896,0.0010410949786504018,25.91559324798834,18.986784110823987,0.9749042444758945,0.9870455117755467,20.429677745093265,38.7482457295074,18.318567984414138,27.185129636742264,31.980550136065656,4.7954204993233915,9.570322254906735,8.748245729507403,2.814870363257736,1.9805501360656557,0.02919962485631311,-171.0,148.0,7,False,False,False,3.552713678800501e-15,3.552713678800501e-15,True,True,True
ovlp_085,pair_11,30.000000000000004,30.000000000000004,29.0,0.9875058672163222,209,0.009072260487227223,0.009187044642885004,8.197458159456188,35.0,0.9805620816018846,1.0070814339496934,0.0069437856144375365,0.960176738500595,0.9599646294224593,0.0011067162906787033,0.0012060280671119831,22.660441710258752,24.885544765020995,0.9738413028584586,0.9861394107805358,20.290661919256706,38.160179949659266,17.86951803040256,26.988442633604556,31.67421817044299,4.685775536838435,8.709338080743294,9.160179949659266,2.0115573663954436,2.674218170442991,0.029475423759884323,-157.0,132.0,9,False,False,False,1.0000000000000036,1.0000000000000036,False,True,True
ovlp_085,pair_12,30.000000000000004,30.000000000000004,29.0,0.9898399305343628,209,0.007189164504177311,0.007262956648249436,9.09447081851992,35.0,0.9844616736306084,1.0054631450343006,0.005378256903754375,0.9679767326513926,0.9677016176109513,0.0007904983860674273,0.0007618613852660962,28.697080998972027,28.00551312134263,0.9789083315928777,0.9887467706402143,20.70185264146157,38.316680607641224,17.614827966179654,27.15152310721693,31.80865445479804,4.65713134758111,8.29814735853843,9.316680607641224,1.8484768927830686,2.8086544547980417,0.02322857856750493,-146.0,146.0,10,False,False,False,1.0000000000000036,1.0000000000000036,False,True,True
ovlp_085,pair_13,30.000000000000004,30.000000000000004,29.0,0.9877486560079787,209,0.009011362091812837,0.009123132729162677,4.408925718169785,35.0,0.9809316057629055,1.0069495673347901,0.006817050245073175,0.9603204700681898,0.9595402930436862,0.002043890659050068,0.001996800334930388,13.736068378987477,13.801307246740304,0.9740345630380842,0.9863772467109893,20.37060033411486,38.29678964032344,17.926189306208578,27.003884409540454,31.712910209444416,4.709025799903962,8.629399665885138,9.29678964032344,1.9961155904595458,2.7129102094444164,0.03076712714301233,-162.0,152.0,7,False,False,False,1.0000000000000036,1.0000000000000036,False,True,True
ovlp_085,pair_14,30.000000000000004,30.000000000000004,29.0,0.9873114766014947,209,0.009215992094111315,0.009334432256205947,6.061873803071254,35.0,0.9804933796988593,1.0069537408857665,0.006818096902635351,0.9596040949556564,0.9590928628105255,0.0015203206786393382,0.0009257157724700235,29.93076543560299,18.560961636215012,0.9734577857785756,0.9859261075192027,20.559946535213843,38.339729951769655,17.779783416555812,27.095795973839532,31.773979584402753,4.67818361056322,8.440053464786157,9.339729951769655,1.9042040261604676,2.7739795844027526,0.028522109190622813,-136.0,156.0,11,False,False,False,1.0000000000000036,1.0000000000000036,False,True,True
ovlp_085,pair_15,30.000000000000004,30.000000000000004,29.0,0.9871268049875895,209,0.009379764100547795,0.009502086310649542,7.180642139706914,35.0,0.9802173550923665,1.0070488956957633,0.006909449895223019,0.9586506454149882,0.9583805824965239,0.0013062570057182435,0.0012976465853850039,21.944464612568297,22.006559478897916,0.9728887252012889,0.9857029970089595,20.520040264471795,38.35511137997718,17.835071115505386,27.107456187117595,31.82944425876409,4.721988071646496,8.479959735528205,9.355111379977181,1.8925438128824048,2.8294442587640916,0.030569269127315946,-153.0,160.0,7,False,False,False,1.0000000000000036,1.0000000000000036,False,True,True
ovlp_085,pair_16,30.000000000000004,30.000000000000004,30.0,0.989097237057156,210,0.00823132836448829,0.008322061831836492,8.7301290545742,24.0,0.98283177057902,1.0063749124374,0.006265466478135973,0.9640784997410244,0.9638760035460194,0.0009428644540111856,0.0007924701471328724,31.570573865335422,26.749585694782567,0.9765878683990903,0.9878463001913494,20.818634397168477,38.302504572818876,17.4838701756504,27.225822622998223,31.846484764560397,4.620662141562175,9.181365602831523,8.302504572818876,2.7741773770017772,1.8464847645603975,0.027210000885857566,-160.0,126.0,9,False,False,False,3.552713678800501e-15,3.552713678800501e-15,True,True,True
ovlp_086,pair_00,28.000000000000004,28.000000000000004,28.0,0.991033214992947,208,0.007595255439930326,0.007663976671038598,6.521249360175917,22.0,0.9852817588382297,1.0058373720036176,0.005751456154717394,0.9676799839072757,0.9676802400102218,0.0011646933003839983,0.001403021146694826,16.644960156648974,20.050750678333777,0.9793565994501114,0.9898655534386634,18.631388934219103,36.1957282443448,17.564339310125696,25.20310863116951,29.79947028787663,4.596361656707121,9.368611065780897,8.1957282443448,2.79689136883049,1.7994702878766304,0.02515989780426031,-135.0,142.0,10,False,False,False,3.552713678800501e-15,3.552713678800501e-15,True,True,True
ovlp_088,pair_00,24.0,24.0,24.0,0.9914343052440221,204,0.009849499561971693,0.009934596281240674,8.522389496708684,18.0,0.9841503545973036,1.0074012579609333,0.007283950646718496,0.9620778486463759,0.9619791000717217,0.0011557204192293175,0.0007714754354159008,38.05235429410683,25.48644523555475,0.9767560769451991,0.9899664824141398,14.69673067584366,32.41970149851697,17.72297082267331,21.265629463596223,25.925964606647845,4.660335143051622,9.30326932415634,8.419701498516972,2.7343705364037767,1.9259646066478453,0.031896074083116455,-115.0,135.0,9,False,False,False,0.0,0.0,True,True,True
ovlp_090,pair_02,19.999999999999996,19.999999999999996,20.0,0.9936840057373046,200,0.0102125313849408,0.010277443660133377,7.1773357976998415,14.0,0.9851137391726176,1.0086997736645975,0.008570266564687068,0.9635437268680996,0.9633486423533825,0.0014228861060414178,0.0010418983587422526,28.928233369701644,21.31960053241195,0.9786138663027022,0.9921769917938444,11.336904824105565,28.127036932312038,16.79013210820647,17.574018710273418,21.91986824585694,4.345849535583522,8.663095175894435,8.127036932312038,2.4259812897265824,1.9198682458569394,0.031798176500532294,-168.0,151.0,8,False,False,False,3.552713678800501e-15,3.552713678800501e-15,True,True,True
ovlp_090,pair_03,19.999999999999996,19.999999999999996,20.0,0.9954221336046855,200,0.006795793687826873,0.006827046996852999,11.638906692415254,14.0,0.9901240780618455,1.0053509006196584,0.005298055542839908,0.9755010261800554,0.9755043402107226,0.0005838859153545323,0.0006706075398921812,29.70605941566496,34.112474492331,0.9854615798923705,0.994426078233454,11.097551484099926,27.997667131597524,16.9001156474976,17.367333696188435,21.80937314003834,4.442039443849904,8.902448515900074,7.997667131597524,2.6326663038115647,1.809373140038339,0.02080039554172075,-139.0,72.0,9,False,False,False,3.552713678800501e-15,3.552713678800501e-15,True,True,True
ovlp_090,pair_04,19.999999999999996,19.999999999999996,20.0,0.9936840057373046,200,0.0102125313849408,0.010277443660133377,7.1773357976998415,14.0,0.9851137391726176,1.0086997736645975,0.008570266564687068,0.9635437268680996,0.9633486423533825,0.0014228861060414178,0.0010418983587422526,28.928233369701644,21.31960053241195,0.9786138663027022,0.9921769917938444,11.336904824105565,28.127036932312038,16.79013210820647,17.574018710273418,21.91986824585694,4.345849535583522,8.663095175894435,8.127036932312038,2.4259812897265824,1.9198682458569394,0.031798176500532294,-168.0,151.0,8,False,False,False,3.552713678800501e-15,3.552713678800501e-15,True,True,True
ovlp_090,pair_05,19.999999999999996,19.999999999999996,20.0,0.9954221336046855,200,0.006795793687826873,0.006827046996852999,11.638906692415254,14.0,0.9901240780618455,1.0053509006196584,0.005298055542839908,0.9755010261800554,0.9755043402107226,0.0005838859153545323,0.0006706075398921812,29.70605941566496,34.112474492331,0.9854615798923705,0.994426078233454,11.097551484099926,27.997667131597524,16.9001156474976,17.367333696188435,21.80937314003834,4.442039443849904,8.902448515900074,7.997667131597524,2.6326663038115647,1.809373140038339,0.02080039554172075,-139.0,72.0,9,False,False,False,3.552713678800501e-15,3.552713678800501e-15,True,True,True
ovlp_090,pair_06,19.999999999999996,19.999999999999996,20.0,0.9937211871147156,200,0.009214582755475938,0.009272804962758837,6.880791904443942,14.0,0.9864081112543742,1.0074138440032103,0.007313075860341356,0.9656933128833771,0.9655918507551153,0.0013391747466632035,0.0012875547489325033,21.768297041019842,21.004978199962014,0.9797072499990463,0.9923197934031487,10.878520279151665,28.253989490552915,17.37546921140125,17.3805151374904,21.872942618229704,4.492427480739305,9.121479720848335,8.253989490552915,2.6194848625096014,1.872942618229704,0.03068366448084514,-144.0,165.0,7,False,False,False,3.552713678800501e-15,3.552713678800501e-15,True,True,True
ovlp_090,pair_07,19.999999999999996,19.999999999999996,20.0,0.9917328161663479,200,0.01091371269248701,0.01100469049181529,6.218226422366729,14.0,0.9829189215766059,1.008967061673413,0.008813894589742022,0.9590157059828439,0.9585898777163692,0.0017551166443908815,0.001514153887192436,21.60751985662995,18.883610132636562,0.9753742610745959,0.9900969606571727,11.094762653433595,28.05499095946148,16.960228306027886,17.388009429480775,21.77616931242632,4.388159882945544,8.905237346566405,8.054990959461481,2.6119905705192252,1.776169312426319,0.034294418493906575,-144.0,155.0,9,False,False,False,3.552713678800501e-15,3.552713678800501e-15,True,True,True
ovlp_090,pair_08,19.999999999999996,19.999999999999996,20.0,0.9943183019426134,200,0.008859777244333731,0.008910403466399304,9.50572045223442,14.0,0.9871579644415115,1.0072534870395873,0.007160337501101899,0.9674639062086741,0.9674393437364035,0.0009320468962719334,0.0007993535690309438,33.59514084173654,28.838632813136588,0.9808911040756437,0.9929755821559164,10.979327666364759,28.39495754125928,17.41562987489452,17.454261786739323,21.95939227066764,4.5051304839283155,9.020672333635241,8.39495754125928,2.5457382132606767,1.9593922706676388,0.028170926570892374,-125.0,144.0,8,False,False,False,3.552713678800501e-15,3.552713678800501e-15,True,True,True
ovlp_090,pair_09,19.999999999999996,19.999999999999996,20.0,0.9931314139895969,200,0.010999353470013106,0.011075425985999799,8.755080499879362,14.0,0.9843693571620518,1.0089011881198804,0.008762056827545162,0.9602896383073596,0.9601657702293661,0.0012563395014088868,0.0009880394903024044,33.23933507170408,26.239439039576812,0.9767105261484783,0.991489325205485,11.007131558438802,28.299341669522224,17.29221011108342,17.429592838114285,21.900371190293793,4.470778352179508,8.992868441561198,8.299341669522224,2.570407161885715,1.900371190293793,0.0340586765607197,-101.0,138.0,11,False,False,False,3.552713678800501e-15,3.552713678800501e-15,True,True,True
ovlp_090,pair_10,19.999999999999996,19.999999999999996,20.0,0.9928769233491685,200,0.010335184521473594,0.010409330983956189,8.56263696659042,14.0,0.9845342312918769,1.0084737450381431,0.008342692057291656,0.9606136267715031,0.9605023291607697,0.0012070095417800937,0.0010688482162158016,30.185105881443015,26.82215265726308,0.9767452750603358,0.9912637585202853,10.740727665479309,28.762601286598166,18.021873621118857,17.44615026057764,22.045779548139766,4.599629287562127,9.259272334520691,8.762601286598166,2.553849739422361,2.045779548139766,0.034448177814483616,-148.0,153.0,10,False,False,False,3.552713678800501e-15,3.552713678800501e-15,True,True,True
ovlp_090,pair_11,19.999999999999996,19.999999999999996,20.0,0.9929525825712416,200,0.010400640528315514,0.010474458409064358,10.297555279763335,14.0,0.9845865125126309,1.0084970390639019,0.008366070058610786,0.9614750422371758,0.9612723738609089,0.0010100106526016676,0.0009207356406847639,34.187381201682946,31.366212454025376,0.9772138124042087,0.9913787055545383,10.91625651815718,28.24421277912377,17.32795626096659,17.465916356005735,21.944897769829087,4.478981413823352,9.08374348184282,8.244212779123771,2.534083643994265,1.9448977698290868,0.03367853932910514,-146.0,156.0,10,False,False,False,3.552713678800501e-15,3.552713678800501e-15,True,True,True
ovlp_090,pair_12,19.999999999999996,19.999999999999996,20.0,0.9929989475674099,200,0.010491511782592331,0.01056548127094577,8.76758947008568,14.0,0.9842223260137771,1.0089173160592477,0.00877662155363279,0.9617783774269952,0.9614417959459953,0.001196624433476104,0.0012667489523092372,24.646217455716638,26.37180951565851,0.9773886624972026,0.9914379190603891,11.284652153455859,28.16963906084776,16.8849869073919,17.53470579763233,21.907312666962824,4.372606869330493,8.715347846544141,8.16963906084776,2.4652942023676694,1.9073126669628238,0.033368392785390166,-163.0,150.0,10,False,False,False,3.552713678800501e-15,3.552713678800501e-15,True,True,True
ovlp_090,pair_13,19.999999999999996,19.999999999999996,20.0,0.9925490355491637,200,0.01183039521677472,0.011919204787931837,10.467933834493808,14.0,0.9835486430592008,1.0091509378346235,0.009000392489962983,0.958201201359431,0.9581351211435265,0.0011301557120843987,0.0013009437625407414,26.402243647067017,30.45059546897839,0.9753751184542974,0.9908316438396771,10.937048220729643,28.254784156350013,17.31773593562037,17.41720752831227,21.932888043468736,4.515680515156465,9.062951779270357,8.254784156350013,2.5827924716877284,1.9328880434687363,0.035637982951269964,-126.0,162.0,8,False,False,False,3.552713678800501e-15,3.552713678800501e-15,True,True,True
ovlp_090,pair_14,19.999999999999996,19.999999999999996,20.0,0.9923660797542996,200,0.010519911253761227,0.010600837199479709,7.29301836924109,14.0,0.9834100619951884,1.0091071040507158,0.008956017759111146,0.9609858055909476,0.9607868210035895,0.0014424632876464188,0.0011784093480905924,26.62934931244246,21.892590973484044,0.9766759426726236,0.9907970660461319,11.392249603951512,28.23627321051098,16.844023606559468,17.547226786525982,21.90357907276703,4.356352286241048,8.607750396048488,8.23627321051098,2.4527732134740177,1.9035790727670303,0.033515649901496025,-159.0,115.0,7,False,False,False,3.552713678800501e-15,3.552713678800501e-15,True,True,True
ovlp_090,pair_15,19.999999999999996,19.999999999999996,20.0,0.9935966640048557,200,0.009762828207896838,0.009825745759397122,8.126697327255473,14.0,0.9857652277416653,1.0079445247639052,0.007831436263190383,0.964306999709871,0.9642383002133833,0.0012013278967772157,0.0011350737573305055,25.804194754593617,24.438260253700616,0.9789518318573633,0.9921321807901065,11.010094487357836,28.26922278201709,17.259128294659252,17.449995967575138,21.931392556118578,4.48139658854344,8.989905512642164,8.269222782017088,2.5500040324248623,1.9313925561185776,0.03154004706276792,-152.0,155.0,9,False,False,False,3.552713678800501e-15,3.552713678800501e-15,True,True,True
ovlp_090,pair_16,19.999999999999996,19.999999999999996,20.0,0.9928194973203871,200,0.011015532582911687,0.011095201708510492,10.336660963399511,14.0,0.9839964326222738,1.0089665616719774,0.008823064698113336,0.9592626162370046,0.9592087644545568,0.001065676103909759,0.0009893408835727237,33.91842148704232,31.539351161688817,0.9760410567786959,0.991141653266218,10.892268280501431,28.339178453709902,17.446910173208472,17.42263283435903,21.926617974751885,4.503985140392853,9.107731719498569,8.339178453709902,2.5773671656409682,1.9266179747518848,0.03513126108381481,-127.0,148.0,8,False,False,False,3.552713678800501e-15,3.552713678800501e-15,True,True,True
ovlp_090,pair_17,19.999999999999996,19.999999999999996,20.0,0.9938623152838812,200,0.009084480022577982,0.009140582033219704,7.848159048713432,14.0,0.9868123152520921,1.0071442156961612,0.007050000031789128,0.9664618073569404,0.9666470569107268,0.0011575300610233202,0.0011099203606447041,24.686913492626683,23.511491657585662,0.9801620613204108,0.9924922898875342,10.816232479288772,28.12008434183798,17.30385186254921,17.32180343102707,21.82654923748343,4.504745806456359,9.183767520711228,8.12008434183798,2.678196568972929,1.8265492374834302,0.02859737237294513,-143.0,160.0,7,False,False,False,3.552713678800501e-15,3.552713678800501e-15,True,True,True
ovlp_090,pair_18,19.999999999999996,19.999999999999996,20.0,0.9933912324905395,200,0.009970555719501386,0.010036887173348734,7.37156360477376,14.0,0.9852039493454827,1.0083102419052379,0.00818728314505679,0.963012491994434,0.9629001971483231,0.0013525699911270577,0.001451351008415107,20.931353146114198,22.54303699049919,0.9782018622424867,0.9918722954657342,11.077882579895714,28.265880525251244,17.18799794535553,17.44586677616732,21.900166835114486,4.454300058947165,8.922117420104286,8.265880525251244,2.554133223832679,1.9001668351144865,0.03226956076092191,-150.0,166.0,9,False,False,False,3.552713678800501e-15,3.552713678800501e-15,True,True,True
ovlp_090,pair_19,19.999999999999996,19.999999999999996,20.0,0.9931525497966343,200,0.010458452324326593,0.010530559808226992,9.971867570044935,14.0,0.984520194000668,1.0087680840358266,0.008632355795966218,0.9623856308725145,0.9620472465629378,0.0010487957497293022,0.0007529939621289885,40.859449705453756,29.65811335689033,0.9777690903345744,0.9916142038504283,11.286037385126003,27.851108437564417,16.565071052438412,17.495091196158292,21.798329005572146,4.303237809413854,8.713962614873997,7.851108437564417,2.504908803841708,1.7983290055721461,0.03301914294560737,-125.0,151.0,8,False,False,False,3.552713678800501e-15,3.552713678800501e-15,True,True,True
ovlp_090,pair_20,19.999999999999996,19.999999999999996,20.0,0.9936708728472391,200,0.010283238064005083,0.010348736533395363,9.295422841395181,14.0,0.9852440031369527,1.0085530789159394,0.008426869710286389,0.9628342399332259,0.9625799181204704,0.001106268992757476,0.0010301023588973346,29.935503639679087,28.10433532017532,0.9782525563902325,0.9921290412015384,11.140497896078168,28.303602857171718,17.163104961093552,17.504154259319748,21.955989314579824,4.4518350552600765,8.859502103921832,8.303602857171718,2.4958457406802523,1.9559893145798242,0.03227136797375141,-157.0,164.0,8,False,False,False,3.552713678800501e-15,3.552713678800501e-15,True,True,True
ovlp_090,pair_21,19.999999999999996,19.999999999999996,20.0,0.9914751921759711,200,0.011434505041533788,0.01153282011669773,7.045631547227914,14.0,0.9824611772431268,1.0091749324468358,0.009014014932844372,0.9564858755800458,0.9562398415704567,0.001622921233517053,0.0012797016152541877,27.341777316562467,21.711066364666046,0.9739805338780085,0.9897257263461748,10.797833538860557,28.235334024499423,17.437500485638864,17.33352796700211,21.824419993381827,4.4908920263797185,9.202166461139443,8.235334024499423,2.6664720329978913,1.8244199933818273,0.03650924285252888,-47.0,146.0,7,False,False,False,3.552713678800501e-15,3.552713678800501e-15,True,True,True
ovlp_092,pair_00,15.999999999999993,15.999999999999993,16.0,0.9799432847234938,196,0.008870471984690828,0.009052025890655263,6.371350463600966,10.0,0.9719850129551357,1.008187648638905,0.00795827176835806,0.953681989510854,0.9534755900286965,0.0013922436123027843,0.0008990655869641481,29.209543322991156,19.010821425870606,0.9668126371171739,0.9786302199628618,7.633031526988942,24.334128712002094,16.701097185013154,13.740209173261796,18.083052132477608,4.342842959215812,8.366968473011058,8.334128712002094,2.259790826738204,2.083052132477608,0.026604876783159037,-140.0,156.0,9,False,False,False,7.105427357601002e-15,7.105427357601002e-15,True,True,True
ovlp_094,pair_00,12.00000000000001,12.00000000000001,12.0,0.995606215265062,192,0.010070954212207483,0.010115399098353635,13.527250065330449,6.0,0.9872493314743042,1.0084648158518155,0.00835688379075783,0.963978827264574,0.9638917374321156,0.0007444938301258103,0.0005275226194858266,59.954562766076414,42.59871143268842,0.979792521264818,0.9940248458650376,2.786401648237399,20.706985772400657,17.92058412416326,9.526686725663605,14.063946247748598,4.537259522084993,9.2135983517626,8.706985772400657,2.4733132743363946,2.063946247748598,0.03321746375825674,-145.0,142.0,9,False,False,False,1.0658141036401503e-14,1.0658141036401503e-14,True,True,True
ovlp_095,pair_00,10.000000000000009,10.000000000000009,10.0,0.9966210884518093,190,0.013932274990714028,0.01397951052024895,8.491434482105467,4.0,0.9844942932658726,1.0123177912445875,0.012126795185936734,0.9545258861117893,0.9544451292165451,0.0016407445667836673,0.0014966240589617652,28.126771107249304,25.70537796626152,0.9755734872817994,0.9945163283348083,1.2373819132767263,18.462511346005353,17.22512943272863,7.719015341435777,12.082217193560885,4.3632018521251075,8.762618086723274,8.462511346005353,2.280984658564223,2.0822171935608846,0.045149853494432235,-153.0,169.0,11,False,False,False,8.881784197001252e-15,8.881784197001252e-15,True,True,True
ovlp_095,pair_01,10.000000000000009,10.000000000000009,10.0,0.9979129142231411,190,0.0071876159433918365,0.007202648488608125,7.45584725525769,4.0,0.9915875999132794,1.0063789768149731,0.006325314309861718,0.9760816229714289,0.9758146259950268,0.0009640240333951715,0.0008987205518085738,24.29152333033803,22.92296401603903,0.986997268597285,0.9968213496605555,1.356692364957473,18.282028544997363,16.925336180039892,7.653407164524722,11.97504954962172,4.3216423850969985,8.643307635042527,8.282028544997363,2.3465928354752776,1.9750495496217209,0.024098059601253774,-168.0,147.0,10,False,False,False,8.881784197001252e-15,8.881784197001252e-15,True,True,True
ovlp_095,pair_02,10.000000000000009,10.000000000000009,10.0,0.9973161130481296,190,0.010312097357089631,0.010339848341136727,11.938719286801962,4.0,0.9876368851131863,1.0098003912985025,0.009679227934943357,0.9654003612200419,0.965461456399825,0.0008637523933148733,0.0005770069841543705,55.31259188285504,36.87938452599151,0.9813582371340858,0.9957203254567253,1.5311781558898265,18.21405582210626,16.682877666216434,7.7538240180257025,11.96447649204774,4.210652474022038,8.468821844110174,8.21405582210626,2.2461759819742975,1.9644764920477407,0.03290806955761372,-163.0,98.0,12,False,False,False,8.881784197001252e-15,8.881784197001252e-15,True,True,True
ovlp_095,pair_03,10.000000000000009,10.000000000000009,10.0,0.9963864503966438,190,0.012294103136394929,0.012338689603316931,8.671329358290132,4.0,0.9858803142441642,1.0106566040529312,0.010506136152479528,0.9585989577240415,0.9583378241111834,0.0014177875880866276,0.0013504795780976127,27.980795330376335,26.83661967785231,0.9774927040603426,0.9944970757630136,1.089997357040886,18.337275805509883,17.247278448468997,7.594195336684288,11.969462527337708,4.37526719065342,8.910002642959114,8.337275805509883,2.4058046633157124,1.9694625273377078,0.040958058569166456,-152.0,166.0,9,False,False,False,8.881784197001252e-15,8.881784197001252e-15,True,True,True
ovlp_095,pair_04,10.000000000000009,10.000000000000009,10.0,0.9960133626725938,190,0.01520699377563931,0.015267861201012926,12.203094810922462,4.0,0.9827003847228156,1.013547341750083,0.013312977949778149,0.9510310457812415,0.9509790575603645,0.0012461587827727264,0.0009106828833420497,49.39405111719555,36.138496742788355,0.9735222042269176,0.9937642468280261,1.4613663012846982,17.997962963303657,16.536596662018958,7.662463123058045,11.863683190978545,4.2012200679205,8.538633698715302,7.997962963303657,2.3375368769419547,1.863683190978545,0.04633880906634835,-161.0,131.0,10,False,False,False,8.881784197001252e-15,8.881784197001252e-15,True,True,True
ovlp_095,pair_05,10.000000000000009,10.000000000000009,10.0,0.9971648743417529,190,0.011102495720705218,0.011134062186089519,8.667382137891916,4.0,0.9877204656600953,1.0095618234207042,0.009444408681657634,0.9634130054050022,0.9631825654349393,0.0012809514504001748,0.0015729261190892243,21.4580128889297,26.52895931082901,0.9802889398733776,0.9954772808949154,1.1700114283615526,18.37624193966343,17.20623051130188,7.603089107973938,12.003437561070543,4.400348453096605,8.829988571638447,8.37624193966343,2.396910892026062,2.003437561070543,0.035637208620707184,-156.0,154.0,7,False,False,False,8.881784197001252e-15,8.881784197001252e-15,True,True,True
ovlp_095,pair_06,10.000000000000009,10.000000000000009,10.0,0.9974427927864923,190,0.009805261937896721,0.009830400308477228,11.658115594034722,4.0,0.9886489229732088,1.0088948357793557,0.00879386981328345,0.9681406214502122,0.9680988302305341,0.0008410674828883942,0.0005822496725719281,50.32578413800699,34.888951425378046,0.9827917071183523,0.9959776842196782,1.5287212520986355,18.20020175033967,16.671480498241035,7.727153338462424,11.99082997738914,4.263676638926716,8.471278747901364,8.20020175033967,2.272846661537576,1.99082997738914,0.030917041566636883,-150.0,127.0,9,False,False,False,8.881784197001252e-15,8.881784197001252e-15,True,True,True
ovlp_095,pair_07,10.000000000000009,10.000000000000009,10.0,0.9961241428057352,190,0.014883121394046354,0.014941030695356683,8.861865786725645,4.0,0.9829250971476237,1.0134283331419802,0.013199045658111586,0.9505230091677772,0.9504846186008719,0.0016794568719761091,0.001620150179465641,28.146238673379173,27.17516892896588,0.9733235759867562,0.9938440861238373,1.259124690607461,18.19565797833307,16.93653328772561,7.672545058967346,11.935258645527776,4.26271358656043,8.740875309392539,8.19565797833307,2.327454941032654,1.9352586455277763,0.04809045129352141,-144.0,134.0,10,False,False,False,8.881784197001252e-15,8.881784197001252e-15,True,True,True
ovlp_095,pair_08,10.000000000000009,10.000000000000009,10.0,0.9959140070279437,190,0.015019180330038982,0.015080800374381689,13.705140049696892,4.0,0.9828627112176683,1.0132788594595334,0.01305129581027542,0.9518118994765812,0.9517439788306753,0.0010958793763199196,0.0009556024545033318,46.151103257980175,40.30555657101253,0.9738629532522625,0.9937089016503756,1.4510074475888284,18.115132460077586,16.664125012488757,7.696877940217393,11.952253028072507,4.255375087855114,8.548992552411171,8.115132460077586,2.3031220597826074,1.9522530280725068,0.04549383560816411,-46.0,127.0,10,False,False,False,8.881784197001252e-15,8.881784197001252e-15,True,True,True
ovlp_095,pair_09,10.000000000000009,10.000000000000009,10.0,0.9967284496625265,190,0.012379567950837734,0.01242020126447602,9.455714205496225,4.0,0.9856734405623542,1.0112156913692076,0.01105500910017232,0.9584482659233942,0.9583470915324159,0.0013092155369545742,0.0013403851887385427,28.559091864599317,29.316302050150725,0.9775883577929603,0.9948144404755699,1.2805518330182375,18.34680298257175,17.066251149553512,7.659661020983399,11.962764033183833,4.303103012200434,8.719448166981763,8.346802982571749,2.340338979016601,1.9627640331838325,0.04022288189993972,-169.0,149.0,9,False,False,False,8.881784197001252e-15,8.881784197001252e-15,True,True,True
ovlp_095,pair_10,10.000000000000009,10.000000000000009,10.0,0.9967845071686638,190,0.011592775667683236,0.011630172403674454,9.850068737466952,4.0,0.9865139455265469,1.0104109644761636,0.010270561642116927,0.9620923084682889,0.9619946127384902,0.0011769233267974574,0.0012234000078837333,28.357199997396098,29.56003474316456,0.9794384078184764,0.9950498972336451,1.4343011948080742,18.26936872507416,16.835067530266084,7.722054991753582,12.017317838747584,4.295262846994001,8.565698805191925,8.269368725074159,2.2779450082464177,2.0173178387475836,0.036781255404154334,-115.0,131.0,8,False,False,False,8.881784197001252e-15,8.881784197001252e-15,True,True,True
