shift,pair_02,pair_03,pair_04,pair_05,pair_06,pair_07,pair_08,pair_09,pair_10,pair_11,pair_12,pair_13,pair_14,pair_15,pair_16
-180,217.28583496809006,217.45785212516785,217.64907544851303,216.76503896713257,218.48580300807953,217.03443777561188,215.44389349222183,218.06694704294205,216.23520702123642,216.16874504089355,218.1109697818756,215.691539645195,215.48385858535767,216.4149500131607,216.6084020137787
-179,217.2282993197441,217.46911776065826,217.60608845949173,216.7432062625885,218.42453354597092,216.99585419893265,215.45964187383652,217.96115005016327,216.10700821876526,216.1288274526596,218.04482650756836,215.53895807266235,215.45297437906265,216.34484595060349,216.60448521375656
-178,217.1735976934433,217.4850264787674,217.57445967197418,216.71964424848557,218.3608711361885,216.95874279737473,215.48974806070328,217.86036986112595,215.9862980246544,216.1007885336876,217.98569011688232,215.40139609575272,215.4256688952446,216.27814030647278,216.6133617758751
-177,217.12026071548462,217.50027734041214,217.55151289701462,216.6916647553444,218.29622399806976,216.9197834134102,215.53133249282837,217.76728522777557,215.8747987151146,216.08294868469238,217.93085539340973,215.28251361846924,215.40196859836578,216.2179718017578,216.63247460126877
-176,217.0697324872017,217.51047480106354,217.53481954336166,216.65662920475006,218.2321708202362,216.87668812274933,215.58177357912064,217.6862552165985,215.77494078874588,216.073448240757,217.8796648979187,215.1845012307167,215.3827793598175,216.16605120897293,216.65780973434448
-175,217.02531147003174,217.51150208711624,217.5220103263855,216.61307567358017,218.17029988765717,216.8289983868599,215.63617050647736,217.61945009231567,215.69080913066864,216.068901181221,217.83296889066696,215.10950779914856,215.3675308227539,216.12213385105133,216.68510615825653
-174,216.9906289577484,217.5005954504013,217.5115061402321,216.55987322330475,218.112398147583,216.77793657779694,215.69229674339294,217.56731909513474,215.62536925077438,216.0674712061882,217.79160797595978,215.05567878484726,215.35532003641129,216.08492708206177,216.71053367853165
-173,216.9683946967125,217.47681319713593,217.5007992386818,216.50011152029037,218.05938613414764,216.72682416439056,215.74669069051743,217.52799129486084,215.57909953594208,216.0664211511612,217.75659888982773,215.01989948749542,215.34671664237976,216.054454267025,216.72978657484055
-172,216.95918041467667,217.44068956375122,217.48950296640396,216.43798846006393,218.0110560655594,216.67870301008224,215.7971928715706,217.49849659204483,215.55061703920364,216.0625155568123,217.72799462080002,214.99718648195267,215.3428601026535,216.02885913848877,216.73826384544373
-171,216.96391266584396,217.39454662799835,217.47704088687897,216.37910079956055,217.96604865789413,216.63793861865997,215.84050756692886,217.4750314950943,215.53850150108337,216.05151110887527,217.70455968379974,214.98177886009216,215.34479385614395,216.0056563615799,216.73387455940247
-170,216.98085415363312,217.3432975411415,217.46289080381393,216.32898712158203,217.92333775758743,216.60818898677826,215.87459522485733,217.45416295528412,215.5408900976181,216.03045624494553,217.6855584383011,214.9677855372429,215.352720618248,215.98246413469315,216.71655803918839
-169,217.00653046369553,217.2903996706009,217.4479261636734,216.29049295186996,217.88289958238602,216.59060007333755,215.89825332164764,217.43503254652023,215.55467426776886,215.99784964323044,217.67034482955933,214.95164453983307,215.36565518379211,215.95796996355057,216.68777614831924
-168,217.03668814897537,217.239139854908,217.4318920969963,216.2642422914505,217.84631222486496,216.58373486995697,215.91098338365555,217.41780054569244,215.57767498493195,215.95300769805908,217.65814816951752,214.93070924282074,215.38147115707397,215.92997682094574,216.65008682012558
-167,217.0670988559723,217.19159597158432,217.41394144296646,216.250242292881,217.814701795578,216.58660465478897,215.91273832321167,217.40190821886063,215.60774147510529,215.8983532190323,217.64913773536682,214.90506929159164,215.3980868458748,215.8964114189148,216.60651868581772
-166,217.09313476085663,217.14848107099533,217.393883228302,216.2475054860115,217.78727823495865,216.59861981868744,215.903866648674,217.38781040906906,215.64267814159393,215.8375661969185,217.64324527978897,214.87892359495163,215.41357374191284,215.85545080900192,216.56164693832397
-165,217.11174547672272,217.11103111505508,217.3720293045044,216.25424700975418,217.7632339000702,216.62017261981964,215.88333475589752,217.37798035144806,215.6804654598236,215.77394896745682,217.64070504903793,214.85763710737228,215.42737710475922,215.80512410402298,216.5195699930191
-164,217.12202686071396,217.07965540885925,217.34838670492172,216.26864165067673,217.7416409254074,216.65102303028107,215.8518425822258,217.37413561344147,215.71963793039322,215.71124756336212,217.6406180858612,214.84439742565155,215.44055676460266,215.74604773521423,216.48328387737274
-163,217.12409353256226,217.05541414022446,217.32326984405518,216.28932404518127,217.7230799794197,216.6915031671524,215.8093112707138,217.37631565332413,215.7581667304039,215.6529656648636,217.64169561862946,214.8390554189682,215.4549589753151,215.68127089738846,216.45460641384125
-162,217.1192193031311,217.0390795469284,217.29592204093933,216.31550616025925,217.70802855491638,216.74119424819946,215.75650930404663,217.38515889644623,215.7953258752823,215.60096645355225,217.6429067850113,214.83884167671204,215.47159868478775,215.61381673812866,216.4351549744606
-161,217.10872787237167,217.0310333967209,217.2660717368126,216.3466601371765,217.6968544125557,216.7987579703331,215.69590818881989,217.39928859472275,215.8318114876747,215.55680531263351,217.64315897226334,214.8408453464508,215.4901580810547,215.54661965370178,216.42473727464676
-160,217.09411484003067,217.0298923254013,217.2342762351036,216.38142704963684,217.68929833173752,216.86164504289627,215.63031482696533,217.41732650995255,215.86926847696304,215.52055490016937,217.6413985490799,214.84267324209213,215.50788527727127,215.4816283583641,216.42226713895798
-159,217.0763964653015,217.0335572361946,217.20230901241302,216.41809445619583,217.68601828813553,216.92668652534485,215.56353902816772,217.4376118183136,215.90919119119644,215.49235594272614,217.63677269220352,214.84335035085678,215.52221536636353,215.42056292295456,216.42623966932297
-158,217.0575031042099,217.03955763578415,217.17133349180222,216.45479542016983,217.68766885995865,216.9906052350998,215.50093895196915,217.45908218622208,215.95105016231537,215.4731666445732,217.62882351875305,214.8432023525238,215.5318614244461,215.3652470111847,216.4359152317047
-157,217.03981178998947,217.0466940999031,217.14330965280533,216.49021953344345,217.69455379247665,217.05014491081238,215.44756788015366,217.48095792531967,215.99334925413132,215.46374785900116,217.61840683221817,214.84321504831314,215.53413450717926,215.31699764728546,216.44884449243546
-156,217.02511537075043,217.0548574924469,217.1206938624382,216.5234830379486,217.70608919858932,217.1033432483673,215.40766268968582,217.50283581018448,216.03329986333847,215.46426737308502,217.60662013292313,214.84499913454056,215.5277881026268,215.27819913625717,216.46251940727234
-155,217.01459974050522,217.06487184762955,217.10517436265945,216.55314433574677,217.722088098526,217.14900028705597,215.38306093215942,217.5238192677498,216.06809854507446,215.4755848646164,217.5942549109459,214.85042935609818,215.51257318258286,215.24983286857605,216.47632503509521
-154,217.00809079408646,217.07854068279266,217.09699994325638,216.57862961292267,217.74199199676514,217.18729496002197,215.37324571609497,217.5434753894806,216.09560704231262,215.4969778060913,217.5817285180092,214.8607701063156,215.48814994096756,215.23218405246735,216.4894273877144
-153,217.00602662563324,217.09804075956345,217.0953322649002,216.6001562476158,217.76464068889618,217.21798253059387,215.3777065873146,217.56172460317612,216.11380219459534,215.52674400806427,217.5684236884117,214.87764859199524,215.45510721206665,215.22544556856155,216.50148367881775
-152,217.00796508789062,217.1242352128029,217.09823095798492,216.61776822805405,217.78823828697205,217.24095624685287,215.39470613002777,217.57737362384796,216.1216037273407,215.56351667642593,217.5543873310089,214.90149527788162,215.41439896821976,215.22918891906738,216.5117645263672
-151,217.01239347457886,217.1567792892456,217.10374104976654,216.63203781843185,217.81166541576385,217.25673830509186,215.42210948467255,217.58879834413528,216.1189225912094,215.60506677627563,217.5398971438408,214.9317444562912,215.36694234609604,215.2417374253273,216.52014058828354
-150,217.01756364107132,217.1962296962738,217.1100178360939,216.6439561843872,217.83404749631882,217.26621109247208,215.45722049474716,217.5943660736084,216.10634404420853,215.6498568058014,217.5253063440323,214.96792823076248,215.31449580192566,215.26108038425446,216.5268270969391
-149,217.0221517086029,217.24302649497986,217.11591416597366,216.65384656190872,217.85577255487442,217.27137130498886,215.49806708097458,217.59278547763824,216.08543622493744,215.69575959444046,217.51129007339478,215.00898283720016,215.25818067789078,215.28494799137115,216.53253746032715
-148,217.02489119768143,217.2966991662979,217.12044996023178,216.66235321760178,217.87708485126495,217.2751138806343,215.54252630472183,217.58423155546188,216.05822724103928,215.7403736114502,217.4990560412407,215.05385899543762,215.1994686126709,215.31160843372345,216.53763127326965
-147,217.02463775873184,217.3559296131134,217.1220743060112,216.67087590694427,217.89691627025604,217.2801250219345,215.58876085281372,217.5691379904747,216.02735555171967,215.78281545639038,217.49077653884888,215.1017713546753,215.14059841632843,215.34021788835526,216.5422875881195
-146,217.02061200141907,217.4193965792656,217.11947417259216,216.68089604377747,217.9142677783966,217.28764468431473,215.63534325361252,217.5481357574463,215.9962638616562,215.82248520851135,217.48755419254303,215.1515028476715,215.08341419696808,215.37015187740326,216.5463951230049
-145,217.01294881105423,217.4853442311287,217.11328583955765,216.69365763664246,217.92769694328308,217.2983522415161,215.68029296398163,217.52154940366745,215.96649360656738,215.85850900411606,217.48963421583176,215.20121729373932,215.02848958969116,215.40117806196213,216.55001789331436
-144,217.00239288806915,217.55106335878372,217.10419082641602,216.70966851711273,217.93558371067047,217.31234514713287,215.72188037633896,217.49143660068512,215.9389414191246,215.8898527622223,217.49751645326614,215.2485335469246,214.97567057609558,215.43261486291885,216.55293905735016
-143,216.98994076251984,217.6135710477829,217.09305483102798,216.72887468338013,217.93708741664886,217.32930159568787,215.7587153315544,217.45932906866074,215.91439479589462,215.91601979732513,217.5112378001213,215.29191040992737,214.92537850141525,215.46407330036163,216.5544883608818
-142,216.97698044776917,217.67013067007065,217.08133947849274,216.75015550851822,217.93200135231018,217.34806501865387,215.79065150022507,217.42621207237244,215.894504904747,215.93830835819244,217.52995318174362,215.33096432685852,214.87911200523376,215.49495655298233,216.5550213456154
-141,216.96533316373825,217.718324303627,217.07022923231125,216.77323406934738,217.92054170370102,217.3675183057785,215.81718450784683,217.39335697889328,215.88018208742142,215.95816135406494,217.55224829912186,215.36563366651535,214.8389226794243,215.52457040548325,216.5556582212448
-140,216.95638924837112,217.75683945417404,217.06143647432327,216.79803907871246,217.90324014425278,217.38660329580307,215.83979845046997,217.36210995912552,215.87219709157944,215.9768676161766,217.5773833990097,215.39592987298965,214.8062282204628,215.55234426259995,216.5570067167282
-139,216.9511194229126,217.78551304340363,217.05659073591232,216.8238577246666,217.88083463907242,217.40406835079193,215.85983484983444,217.33367776870728,215.87093722820282,215.99613684415817,217.60555279254913,215.42174166440964,214.7814205288887,215.57764267921448,216.55935102701187
-138,216.95048224925995,217.80467122793198,217.05621254444122,216.84958910942078,217.85451394319534,217.41892755031586,215.87718200683594,217.30953061580658,215.87655049562454,216.0171416401863,217.6374590396881,215.44346922636032,214.7643819451332,215.59903234243393,216.56324982643127
-137,216.95522445440292,217.81523472070694,217.06016200780869,216.87324035167694,217.82551169395447,217.43064802885056,215.89146894216537,217.2907903790474,215.88868355751038,216.0405821800232,217.672381401062,215.4619596004486,214.75448787212372,215.6154284477234,216.56850028038025
-136,216.96562093496323,217.8181108236313,217.06740671396255,216.8929210305214,217.79490262269974,217.4390236735344,215.9020592570305,217.27764827013016,215.90690582990646,216.06693750619888,217.70950829982758,215.47843152284622,214.75075489282608,215.6257273554802,216.57513505220413
-135,216.9815672636032,217.81398272514343,217.07509297132492,216.90716964006424,217.764230966568,217.44417297840118,215.90803438425064,217.27106112241745,215.93095976114273,216.09558564424515,217.74721330404282,215.49450623989105,214.7530693411827,215.62905758619308,216.58275020122528
-134,217.00198429822922,217.8032591342926,217.08093863725662,216.91448390483856,217.73491126298904,217.446959733963,215.9088483452797,217.27140045166016,215.96005004644394,216.12505239248276,217.78394269943237,215.51233941316605,214.76161938905716,215.6251915693283,216.59059810638428
-133,217.02559226751328,217.78640359640121,217.0826923251152,216.9138925075531,217.70817518234253,217.44795429706573,215.90447342395782,217.27893376350403,215.99288511276245,216.1543084383011,217.81864213943481,215.5332499742508,214.77683824300766,215.61545807123184,216.59827762842178
-132,217.05087459087372,217.76382035017014,217.0789765715599,216.9049152135849,217.68548274040222,217.4480727314949,215.8953222632408,217.2934478521347,216.0279221534729,216.18101370334625,217.8504400253296,215.55755430459976,214.79806905984879,215.60200572013855,216.6060163974762
-131,217.07645744085312,217.73645174503326,217.06935220956802,216.88758611679077,217.6679167151451,217.44810110330582,215.88217335939407,217.314601957798,216.06443119049072,216.203586935997,217.87846821546555,215.58498632907867,214.82441234588623,215.588039457798,216.61397242546082
-130,217.10117161273956,217.7063468694687,217.05447435379028,216.86266243457794,217.65608656406403,217.44894260168076,215.86510556936264,217.34167724847794,216.10178983211517,216.22136211395264,217.90192848443985,215.61357575654984,214.85695379972458,215.57563346624374,216.621984064579
-129,217.12478095293045,217.67521423101425,217.03524088859558,216.83108258247375,217.6504458785057,217.45189952850342,215.84452587366104,217.37378400564194,216.14015805721283,216.234020113945,217.92066287994385,215.64113748073578,214.8968134522438,215.56665021181107,216.6301390528679
-128,217.1468266248703,217.64413517713547,217.01297795772552,216.79373610019684,217.6511579155922,217.4578086733818,215.8210261464119,217.40961849689484,216.17960411310196,216.24153804779053,217.93543648719788,215.6661478281021,214.94394308328629,215.5630440711975,216.638513982296
-127,217.16677075624466,217.61439526081085,216.98872411251068,216.7522775530815,217.65839552879333,217.46653747558594,215.79469788074493,217.44776344299316,216.21958285570145,216.2439534664154,217.9471001625061,215.6876718401909,214.99711287021637,215.56585890054703,216.64746922254562
-126,217.1844431757927,217.58711874485016,216.96391820907593,216.70891296863556,217.67192655801773,217.4775589108467,215.7658144235611,217.48710107803345,216.25911742448807,216.2415293455124,217.95602184534073,215.70440024137497,215.05426633358002,215.5753774046898,216.6571295261383
-125,217.19981217384338,217.56285959482193,216.94026321172714,216.6655011177063,217.69076800346375,217.48996633291245,215.73590165376663,217.52669149637222,216.29754573106766,216.23499155044556,217.96218740940094,215.71557933092117,215.11302334070206,215.59105265140533,216.66791754961014
-124,217.21267902851105,217.54217433929443,216.91954946517944,216.62360990047455,217.71358013153076,217.5026723742485,215.70686620473862,217.56522351503372,216.33445590734482,216.22503572702408,217.96513760089874,215.72198051214218,215.171084523201,215.6117091178894,216.6798963546753
-123,217.22239464521408,217.52546620368958,216.90392434597015,216.58450704813004,217.73872220516205,217.51451432704926,215.68025308847427,217.60164672136307,216.36907398700714,216.2122306227684,217.9653321504593,215.72343808412552,215.22618222236633,215.6363068819046,216.6930928826332
-122,217.22861939668655,217.5123541355133,216.8950588107109,216.5496815443039,217.7648382782936,217.52406251430511,215.65729731321335,217.6355711221695,216.39987778663635,216.19693392515182,217.96354311704636,215.71969759464264,215.27692234516144,215.66378211975098,216.70723682641983
-121,217.23150712251663,217.50201505422592,216.89408868551254,216.52028739452362,217.7903208732605,217.53007739782333,215.6391919851303,217.6673910021782,216.42566895484924,216.17945444583893,217.9604845046997,215.71142399311066,215.32285058498383,215.69348722696304,216.72213566303253
-120,217.23180079460144,217.49372953176498,216.9015496969223,216.4970037341118,217.81365072727203,217.5320706963539,215.62708640098572,217.6974739432335,216.44566750526428,216.16041654348373,217.95637619495392,215.69992625713348,215.36384284496307,215.72557020187378,216.73799884319305
-119,217.2307750582695,217.48670434951782,216.91734957695007,216.47972530126572,217.8333786725998,217.52924859523773,215.6219493150711,217.7257540822029,216.46021223068237,216.1404648423195,217.95170778036118,215.6864567399025,215.39993166923523,215.760757625103,216.75436413288116
-118,217.22998178005219,217.4797039628029,216.94067710638046,216.4681140780449,217.84818017482758,217.5211879014969,215.62435549497604,217.75135850906372,216.46997618675232,216.12034529447556,217.9471910595894,215.6722096800804,215.4311145544052,215.79904466867447,216.77062022686005
-117,217.2299444079399,217.47148650884628,216.97046428918839,216.46193379163742,217.8570961356163,217.5082430243492,215.63436436653137,217.7737262248993,216.47645509243011,216.10048282146454,217.94367986917496,215.65871036052704,215.4564307332039,215.8395518064499,216.78629958629608
-116,217.2307869195938,217.461259663105,217.00481486320496,216.46050417423248,217.86017352342606,217.4914586544037,215.65144807100296,217.79229432344437,216.48109877109528,216.08094799518585,217.94169771671295,215.6474271416664,215.474878013134,215.88096606731415,216.8010590672493
-115,217.23234218358994,217.4487602710724,217.04183393716812,216.46279615163803,217.85773277282715,217.47208374738693,215.67513465881348,217.80635732412338,216.4851130247116,216.06238043308258,217.94125497341156,215.63923555612564,215.48735415935516,215.92191594839096,216.81471866369247
-114,217.23461884260178,217.4335829615593,217.07963407039642,216.4677176475525,217.850870013237,217.45182490348816,215.70472860336304,217.8151901960373,216.48906272649765,216.04603737592697,217.94257354736328,215.634663939476,215.4960470199585,215.96087443828583,216.82741951942444
-113,217.23774534463882,217.4158700108528,217.11636638641357,216.4742426276207,217.84107565879822,217.43224251270294,215.73915523290634,217.81830620765686,216.4931189417839,216.03290688991547,217.94565397500992,215.6328576207161,215.5028303861618,215.99604189395905,216.8387223482132
-112,217.24190944433212,217.39669352769852,217.15124762058258,216.4818920493126,217.82979148626328,217.41437536478043,215.77711421251297,217.815944314003,216.49707531929016,216.0238573551178,217.95009487867355,215.6321679353714,215.50944966077805,216.02564984560013,216.84780496358871
-111,217.2478061914444,217.37640863656998,217.18354094028473,216.4907888174057,217.8180405497551,217.39908188581467,215.81717348098755,217.80942153930664,216.50059866905212,216.02001470327377,217.9553462266922,215.63094943761826,215.51753574609756,216.04809880256653,216.85469472408295
-110,217.25511360168457,217.3557443022728,217.21217226982117,216.50182485580444,217.80639976263046,217.3866601586342,215.85791093111038,217.80026257038116,216.50318503379822,216.02223253250122,217.96082717180252,215.62808066606522,215.52839642763138,216.0627259016037,216.8598352074623
-109,217.26280742883682,217.33547282218933,217.2365420460701,216.51588732004166,217.79510259628296,217.37681013345718,215.8982833623886,217.7895902991295,216.50383085012436,216.0306962132454,217.96575963497162,215.62298065423965,215.54347759485245,216.0698682665825,216.86350893974304
-108,217.27028465270996,217.31617087125778,217.25658810138702,216.53218364715576,217.78489553928375,217.36964905261993,215.9380024075508,217.77826499938965,216.5014048218727,216.0449331998825,217.9690626859665,215.61515945196152,215.56361520290375,216.07015603780746,216.86595857143402
-107,217.2774856686592,217.29815351963043,217.27229595184326,216.54912501573563,217.77758395671844,217.36556446552277,215.97740936279297,217.76705706119537,216.49502754211426,216.06396275758743,217.9692297577858,215.6042355298996,215.58911621570587,216.06423264741898,216.8677934408188
-106,217.28412902355194,217.28124630451202,217.28344756364822,216.56601876020432,217.77415299415588,217.3648026585579,216.01706558465958,217.75665271282196,216.48393082618713,216.08654016256332,217.96507436037064,215.59059298038483,215.6194731593132,216.05307960510254,216.8697299361229
-105,217.28992474079132,217.26588207483292,217.29044967889786,216.5831270813942,217.77530723810196,217.3670027256012,216.0568734407425,217.74774980545044,216.4678885936737,216.11093187332153,217.9566024541855,215.57498556375504,215.65266519784927,216.0378189086914,216.87212735414505
-104,217.29408210515976,217.25275641679764,217.2942231297493,216.6010747551918,217.78156089782715,217.37149846553802,216.09699404239655,217.74043172597885,216.44763559103012,216.13518470525742,217.94427448511124,215.55824679136276,215.68679851293564,216.01954811811447,216.87538886070251
-103,217.29630905389786,217.24225240945816,217.29541397094727,216.61991566419601,217.79279971122742,217.37750017642975,216.13674479722977,217.73436850309372,216.4235521554947,216.15859776735306,217.9286562204361,215.54143142700195,215.71987849473953,215.99971318244934,216.88033586740494
-102,217.29643005132675,217.23463708162308,217.29459589719772,216.63974756002426,217.80879032611847,217.38427579402924,216.17467093467712,217.72912633419037,216.39628386497498,216.1805362701416,217.91071623563766,215.5258606672287,215.7494302392006,215.97866320610046,216.88775146007538
-101,217.29393261671066,217.2300837635994,217.29157274961472,216.66056072711945,217.82913601398468,217.39139634370804,216.20976096391678,217.72457325458527,216.36641252040863,216.20027148723602,217.89158982038498,215.5126680135727,215.77409505844116,215.9563711285591,216.89836859703064
-100,217.28881585597992,217.2284010052681,217.28646731376648,216.68203955888748,217.85274124145508,217.39933687448502,216.2409833073616,217.72064584493637,216.33443516492844,216.2186078429222,217.87230050563812,215.50274574756622,215.79378581047058,215.9329772591591,216.91291028261185
-99,217.2801628112793,217.22951143980026,217.28016752004623,216.7036088705063,217.87810051441193,217.4083023071289,216.26733654737473,217.717631816864,216.30121892690659,216.2355055809021,217.85367560386658,215.4975157380104,215.80882251262665,215.90880197286606,216.93073856830597
-98,217.26708489656448,217.23317128419876,217.27336716651917,216.72443741559982,217.90392637252808,217.41822284460068,216.28822702169418,217.71536618471146,216.26848989725113,216.2504466176033,217.83685755729675,215.4985722899437,215.81983888149261,215.88412642478943,216.95024520158768
-97,217.24947774410248,217.23985874652863,217.26623076200485,216.74444246292114,217.9291713833809,217.42934101819992,216.30299770832062,217.71398478746414,216.2381506562233,216.26393502950668,217.82243663072586,215.5066016316414,215.82767313718796,215.85932886600494,216.9700738787651
-96,217.22755420207977,217.249540746212,217.25904500484467,216.76361894607544,217.9528186917305,217.44134157896042,216.31101781129837,217.7137187719345,216.2111475467682,216.27571642398834,217.81021481752396,215.5210735797882,215.8332377076149,215.83460772037506,216.98913657665253
-95,217.2017971277237,217.2616744041443,217.25241792201996,216.78230756521225,217.97363770008087,217.45392483472824,216.31234288215637,217.7143982052803,216.18851870298386,216.2855115532875,217.80028766393661,215.54045170545578,215.83724701404572,215.81050807237625,217.00665336847305
-94,217.17330169677734,217.27640914916992,217.24703031778336,216.8004106283188,217.99097675085068,217.4670496582985,216.3069704771042,217.7154836654663,216.17135614156723,216.29301953315735,217.7930029630661,215.56265330314636,215.83968818187714,215.7876037955284,217.0221228003502
-93,217.14368617534637,217.2938123345375,217.2434505224228,216.81716775894165,218.00468289852142,217.4807823896408,216.29503846168518,217.71598088741302,216.16016256809235,216.298000395298,217.78850173950195,215.58578157424927,215.8402556180954,215.76645117998123,217.03502929210663
-92,217.11421078443527,217.31357169151306,217.24215215444565,216.8316215276718,218.01473182439804,217.4951560497284,216.27600288391113,217.71526032686234,216.15497571229935,216.3009958267212,217.786605656147,215.60834580659866,215.83831053972244,215.74769473075867,217.04509192705154
-91,217.08588021993637,217.3349573612213,217.24372071027756,216.84389507770538,218.02125871181488,217.51024556159973,216.249742269516,217.71249616146088,216.1553083062172,216.30214166641235,217.78669703006744,215.62944400310516,215.83316433429718,215.73165851831436,217.05218744277954
-90,217.05987960100174,217.35749173164368,217.2485785484314,216.8542196750641,218.0244641304016,217.52646321058273,216.2171903848648,217.70701932907104,216.1601197719574,216.30157440900803,217.7885445356369,215.64887177944183,215.8251375555992,215.71900808811188,217.05632108449936
-89,217.03727567195892,217.38000214099884,217.2565581202507,216.86239111423492,218.0249302983284,217.54376471042633,216.17918491363525,217.69902956485748,216.16894668340683,216.2998250722885,217.79236125946045,215.66661643981934,215.81533020734787,215.7106705904007,217.05785977840424
-88,217.01882982254028,217.40081924200058,217.26738691329956,216.86766451597214,218.02360463142395,217.56185418367386,216.13756132125854,217.68962174654007,216.1814449429512,216.29774594306946,217.79819452762604,215.68272632360458,215.80484759807587,215.7069948911667,217.05667293071747
-87,217.00505393743515,217.41874957084656,217.280579328537,216.86961686611176,218.02146899700165,217.58041954040527,216.09427720308304,217.6799854040146,216.1970390677452,216.29625016450882,217.80575889348984,215.69767248630524,215.79476249217987,215.7080346941948,217.0521610379219
-86,216.99624502658844,217.43357568979263,217.29467445611954,216.86819684505463,218.01923620700836,217.5993973016739,216.0516698360443,217.67116075754166,216.21446126699448,216.29655838012695,217.8143568634987,215.7119510769844,215.7860705256462,215.71350318193436,217.04392838478088
-85,216.99233776330948,217.4448949098587,217.30801737308502,216.86387926340103,218.01679229736328,217.6183090209961,216.01224839687347,217.6642588376999,216.23268467187881,216.30005013942719,217.8232545852661,215.72594672441483,215.77955603599548,215.7228860259056,217.03235357999802
-84,216.99285167455673,217.4524241089821,217.31948626041412,216.8574839234352,218.01407688856125,217.63669538497925,215.97837340831757,217.65996623039246,216.25101566314697,216.30749589204788,217.83194333314896,215.74000084400177,215.77578628063202,215.7356361746788,217.01809972524643
-83,216.99729186296463,217.4566787481308,217.3282052874565,216.85022968053818,218.01103711128235,217.65425717830658,215.95119404792786,217.65896290540695,216.26865315437317,216.3192081451416,217.83975797891617,215.75407910346985,215.7753074169159,215.75135231018066,217.00223171710968
-82,217.00516963005066,217.45881706476212,217.33354568481445,216.8431825041771,218.00799149274826,217.67077338695526,215.9307206273079,217.66188085079193,216.28508931398392,216.335169672966,217.84603548049927,215.76841682195663,215.77833080291748,215.76957792043686,216.98581486940384
-81,217.01603001356125,217.45998775959015,217.3350266814232,216.83712166547775,218.00561672449112,217.68627852201462,215.91673058271408,217.66896605491638,216.30048167705536,216.35472911596298,217.8505920767784,215.78303146362305,215.78475362062454,215.78974109888077,216.96992766857147
-80,217.0293800830841,217.4614508152008,217.33283752202988,216.8326432108879,218.00450783967972,217.7009544968605,215.90880954265594,217.6794473528862,216.31511390209198,216.37672245502472,217.85360699892044,215.79784721136093,215.79429650306702,215.81125277280807,216.9552150964737
-79,217.0452964901924,217.46377950906754,217.32742351293564,216.83008974790573,218.00516921281815,217.71520894765854,215.90622502565384,217.69238394498825,216.32939612865448,216.3993383049965,217.85504531860352,215.812702357769,215.80634951591492,215.83353275060654,216.9420002102852
-78,217.06409621238708,217.4674347639084,217.3195760846138,216.8296795487404,218.00788909196854,217.72918397188187,215.9083086848259,217.70664954185486,216.3433502316475,216.42071390151978,217.85506695508957,215.82712614536285,215.82003319263458,215.85577708482742,216.93013495206833
-77,217.08585959672928,217.4727719426155,217.31031274795532,216.83133310079575,218.0129206776619,217.74314588308334,215.9142620563507,217.7210767865181,216.35668700933456,216.43898963928223,217.85399401187897,215.840525329113,215.83485227823257,215.87741273641586,216.9192554950714
-76,217.11049669981003,217.47983253002167,217.30063593387604,216.83458214998245,218.02048939466476,217.75722765922546,215.92291337251663,217.73466908931732,216.369200527668,216.45272374153137,217.85212022066116,215.85315996408463,215.85056561231613,215.89787006378174,216.90876400470734
-75,217.1372328400612,217.48830199241638,217.29131466150284,216.83885318040848,218.03039407730103,217.77125293016434,215.93306523561478,217.74677968025208,216.38056814670563,216.46114718914032,217.8499995470047,215.86569893360138,215.86746633052826,215.9164822101593,216.898087143898
-74,217.16506385803223,217.49761551618576,217.2829750776291,216.8435818552971,218.0421604514122,217.78504329919815,215.9436970949173,217.75714337825775,216.3903791308403,216.46369010210037,217.8483150601387,215.87905555963516,215.88621908426285,215.93305110931396,216.88736295700073
-73,217.1926046013832,217.5072894692421,217.2758349776268,216.84849154949188,218.05504381656647,217.79810827970505,215.95392084121704,217.76578396558762,216.39833813905716,216.45987302064896,217.84778714179993,215.89413011074066,215.90723830461502,215.94764006137848,216.87722104787827
-72,217.21791303157806,217.51719570159912,217.27003055810928,216.85326504707336,218.0681522488594,217.8097509741783,215.963314473629,217.77284169197083,216.40449315309525,216.44998514652252,217.84887498617172,215.91152250766754,215.93044239282608,215.9602580666542,216.86878180503845
-71,217.2392138838768,217.52729135751724,217.26543295383453,216.85763776302338,218.0807539820671,217.81937325000763,215.9715666770935,217.77779680490494,216.40896099805832,216.43511140346527,217.85189777612686,215.9313085079193,215.95528715848923,215.97099232673645,216.86313623189926
-70,217.25544315576553,217.53702354431152,217.2615566253662,216.86126893758774,218.09200274944305,217.82636016607285,215.97831839323044,217.78009790182114,216.41202461719513,216.41629880666733,217.8570972084999,215.95309686660767,215.980682015419,215.980175614357,216.8610947728157
-69,217.26654744148254,217.5458647608757,217.2577805519104,216.8639577627182,218.10118144750595,217.83032828569412,215.98288482427597,217.77927082777023,216.41410541534424,216.39471167325974,217.8642978668213,215.97664427757263,216.00535881519318,215.9879286289215,216.8629247546196
-68,217.2734596133232,217.55321145057678,217.2535336613655,216.86558187007904,218.10772174596786,217.83116906881332,215.9848032593727,217.77479422092438,216.41569602489471,216.3714184165001,217.87304043769836,216.00164115428925,216.0277922153473,215.9943751692772,216.86834955215454
-67,217.277718603611,217.5587357878685,217.2485985159874,216.86604869365692,218.1113724708557,217.82869189977646,215.98414933681488,217.76630717515945,216.41743236780167,216.34763944149017,217.8828805088997,216.02771258354187,216.04665917158127,215.99935400485992,216.87713849544525
-66,217.28061640262604,217.5626898407936,217.24293494224548,216.86546725034714,218.11221247911453,217.82302802801132,215.98109447956085,217.75378584861755,216.42013835906982,216.3249779343605,217.89309811592102,216.05452865362167,216.06089329719543,216.002838909626,216.88879352808
-65,217.28298658132553,217.56536549329758,217.23703920841217,216.86394518613815,218.11026149988174,217.81462568044662,215.9756252169609,217.73731088638306,216.42481416463852,216.3048865199089,217.9027862548828,216.08188098669052,216.0699498653412,216.00471544265747,216.90276449918747
-64,217.2849561572075,217.5672052502632,217.2317879796028,216.8619326353073,218.10575485229492,217.80423146486282,215.96798402071,217.7172405719757,216.43243497610092,216.28811848163605,217.91122794151306,216.10966765880585,216.0730538368225,216.00459998846054,216.91847950220108
-63,217.28598183393478,217.56856489181519,217.22822976112366,216.860269010067,218.09914588928223,217.79294764995575,215.958624958992,217.69435292482376,216.4434215426445,216.27469050884247,217.91810059547424,216.13779377937317,216.0696747303009,216.00230640172958,216.9350145459175
-62,217.28545236587524,217.569369494915,217.2272635102272,216.85945111513138,218.09068232774734,217.7821183204651,215.9478320479393,217.66979336738586,216.45761221647263,216.26417803764343,217.92302829027176,216.16598653793335,216.0598492026329,215.99783116579056,216.9511617422104
-61,217.28273063898087,217.56952691078186,217.22959518432617,216.8598803281784,218.0805276632309,217.77317041158676,215.93590158224106,217.64463871717453,216.47439873218536,216.2557249069214,217.92559534311295,216.1933490037918,216.04414874315262,215.99117946624756,216.9658281803131
-60,217.27755165100098,217.5691025853157,217.23540878295898,216.86194902658463,218.0690239071846,217.76726949214935,215.92327851057053,217.6201330423355,216.4929324388504,216.248249232769,217.92542552947998,216.21874749660492,216.0234682559967,215.98265600204468,216.97795164585114
-59,217.2700356245041,217.568032681942,217.2444333434105,216.86578226089478,218.05653774738312,217.76498353481293,215.91006070375443,217.5975363254547,216.51217091083527,216.24117594957352,217.92232781648636,216.2409838438034,215.99945878982544,215.97258907556534,216.9864611029625
-58,217.26039057970047,217.5664456486702,217.25565415620804,216.87122398614883,218.04328829050064,217.76643776893616,215.89629381895065,217.57771319150925,216.53106421232224,216.23402965068817,217.91633009910583,216.2589172720909,215.9741992354393,215.96143877506256,216.99090200662613
-57,217.2489104270935,217.56467539072037,217.26783001422882,216.878067612648,218.02933257818222,217.7714175581932,215.8820486664772,217.561363697052,216.54872220754623,216.22668075561523,217.90761733055115,216.27169036865234,215.94986444711685,215.9498953819275,216.99159568548203
-56,217.2361147403717,217.5632603764534,217.27984577417374,216.88614964485168,218.0148482322693,217.7794319987297,215.86756199598312,217.54885774850845,216.56445652246475,216.21932876110077,217.89664846658707,216.27871543169022,215.9282636642456,215.9386271238327,216.98916786909103
-55,217.22246569395065,217.56265425682068,217.2907492518425,216.8956177830696,218.00008744001389,217.78983479738235,215.853471159935,217.54040324687958,216.57785499095917,216.21247839927673,217.88420045375824,216.27932888269424,215.91075003147125,215.92807292938232,216.98448014259338
-54,217.20853179693222,217.56313824653625,217.29975539445877,216.90632528066635,217.9849265217781,217.80196619033813,215.84035378694534,217.53587144613266,216.58844089508057,216.20667093992233,217.87127965688705,216.27270829677582,215.89814066886902,215.91856163740158,216.97876584529877
-53,217.19490468502045,217.56483680009842,217.3061933517456,216.91800451278687,217.9691219329834,217.8149098753929,215.82822650671005,217.53493708372116,216.59604716300964,216.2023451924324,217.85909473896027,216.25852984189987,215.8907123208046,215.9101477265358,216.97331470251083
-52,217.18218421936035,217.56757658720016,217.30956065654755,216.9307427406311,217.95271652936935,217.8276287317276,215.81723028421402,217.5369758605957,216.60064804553986,216.1998559832573,217.84832167625427,216.23717218637466,215.8885137438774,215.90271466970444,216.96912878751755
-51,217.17105102539062,217.57103103399277,217.30983579158783,216.94472175836563,217.93581634759903,217.83914029598236,215.80768352746964,217.5414196252823,216.60211795568466,216.1990687251091,217.83934944868088,216.20988255739212,215.8913385272026,215.89615964889526,216.96669787168503
-50,217.16186022758484,217.57481050491333,217.30696123838425,216.96005618572235,217.91852349042892,217.84861838817596,215.8004525899887,217.54762560129166,216.6004140973091,216.1993888616562,217.83235442638397,216.1787005662918,215.8989445567131,215.89049357175827,216.96635848283768
-49,217.15486097335815,217.57857251167297,217.30091559886932,216.97690522670746,217.90125644207,217.85557317733765,215.79624676704407,217.55488377809525,216.59554541110992,216.20015186071396,217.8272099494934,216.1461107134819,215.91109269857407,215.88552278280258,216.96829146146774
-48,217.1501209139824,217.58217656612396,217.29184019565582,216.99529266357422,217.8843696117401,217.85926485061646,215.79573929309845,217.56244486570358,216.58797305822372,216.20080149173737,217.82368272542953,216.1147801876068,215.92739337682724,215.88104754686356,216.97254246473312
-47,217.14748054742813,217.5853766798973,217.2799929380417,217.01498913764954,217.8680940270424,217.85936570167542,215.79895323514938,217.5697683095932,216.57785791158676,216.20105308294296,217.8215463757515,216.08738619089127,215.9470972418785,215.87686377763748,216.9791243672371
-46,217.14657670259476,217.58779627084732,217.26556968688965,217.03560829162598,217.85266423225403,217.8555005788803,215.80536329746246,217.57662838697433,216.56498378515244,216.20065891742706,217.82050156593323,216.06612169742584,215.9690859913826,215.87287896871567,216.98793202638626
-45,217.14724951982498,217.58913213014603,217.24876511096954,217.05659180879593,217.83831250667572,217.84737080335617,215.81374925374985,217.58271872997284,216.54943591356277,216.19922524690628,217.82045739889145,216.05245369672775,215.99234515428543,215.86893969774246,216.99865812063217
-44,217.1494364142418,217.5892419219017,217.2301219701767,217.07718640565872,217.82526290416718,217.83488780260086,215.8228589296341,217.58787709474564,216.5315153002739,216.19629174470901,217.8211708664894,216.04741567373276,216.0155447125435,215.86468595266342,217.01088827848434
-43,217.15278404951096,217.58814787864685,217.21033531427383,217.0964394211769,217.8138256072998,217.81835091114044,215.8316199183464,217.59221184253693,216.51169395446777,216.19118386507034,217.82260698080063,216.05113625526428,216.03727102279663,215.8595255613327,217.02367460727692
-42,217.15729123353958,217.5858628153801,217.189821600914,217.11341845989227,217.80406296253204,217.7980101108551,215.8388854265213,217.5959877371788,216.490367770195,216.18352138996124,217.82468062639236,216.0629721879959,216.05627197027206,215.8531450033188,217.03594708442688
-41,217.16277074813843,217.5824694633484,217.16926628351212,217.12699884176254,217.79607862234116,217.77454090118408,215.84369206428528,217.5997866988182,216.46795731782913,216.17294359207153,217.8274598121643,216.08171451091766,216.0714356303215,215.84518021345139,217.04670321941376
-40,217.1690338253975,217.57804948091507,217.14970868825912,217.13594257831573,217.7901148200035,217.74897009134293,215.84548032283783,217.60397720336914,216.44484663009644,216.1594363451004,217.83116501569748,216.1058212518692,216.0821180343628,215.83493781089783,217.05508685112
-39,217.1760395169258,217.5731018781662,217.13221514225006,217.13901394605637,217.7863216996193,217.72231996059418,215.8437241911888,217.60870319604874,216.4213758111,216.14331084489822,217.83592784404755,216.13347870111465,216.08798205852509,215.82217180728912,217.06033939123154
-38,217.18344819545746,217.56796103715897,217.11744672060013,217.13522720336914,217.78476721048355,217.69539231061935,215.8381845355034,217.6138608455658,216.3979127407074,216.12504589557648,217.84208023548126,216.16295337677002,216.08881670236588,215.80733942985535,217.0621709227562
-37,217.1909175515175,217.5627425312996,217.10559463500977,217.12414115667343,217.78525745868683,217.66886442899704,215.82898890972137,217.6192376613617,216.37467366456985,216.10557091236115,217.8495512008667,216.1929228901863,216.08471632003784,215.79141908884048,217.0606934428215
-36,217.19816583395004,217.55721700191498,217.09636718034744,217.1057167649269,217.78752768039703,217.6432602405548,215.81668132543564,217.62455713748932,216.35186219215393,216.08614176511765,217.8581167459488,216.22219747304916,216.07626551389694,215.77556991577148,217.0562800168991
-35,217.2050335407257,217.5512659549713,217.08925783634186,217.0804524421692,217.7913939356804,217.61910450458527,215.80184543132782,217.6294645667076,216.32985305786133,216.06825643777847,217.8672102689743,216.24961507320404,216.06442284584045,215.76097053289413,217.04990452528
-34,217.21142905950546,217.54460847377777,217.0835980772972,217.0494766831398,217.79685378074646,217.59682035446167,215.784752368927,217.633465051651,216.3090450167656,216.053093791008,217.8758646249771,216.2743602991104,216.05047273635864,215.74853336811066,217.0427759885788
-33,217.2174220085144,217.53691512346268,217.07903879880905,217.0144343972206,217.80379062891006,217.57666105031967,215.76581221818924,217.63605856895447,216.28981494903564,216.04142528772354,217.88304734230042,216.29603743553162,216.03566420078278,215.7388550043106,217.03587943315506
-32,217.22287714481354,217.52775651216507,217.07535952329636,216.97740161418915,217.81207072734833,217.55891048908234,215.74540024995804,217.6369343996048,216.2726730108261,216.03393799066544,217.88794499635696,216.31487035751343,216.0207599401474,215.73183047771454,217.02985101938248
-31,217.22756570577621,217.51693695783615,217.07239145040512,216.9401713013649,217.82133996486664,217.54366677999496,215.7240497469902,217.63598316907883,216.25825208425522,216.0312095284462,217.89005786180496,216.3314529657364,216.00640922784805,215.7272064089775,217.0252874493599
-30,217.2314658164978,217.5044420361519,217.06987351179123,216.90438330173492,217.83114850521088,217.53108209371567,215.7027144432068,217.6333400607109,216.24707746505737,216.03333401679993,217.88911998271942,216.34622836112976,215.99323600530624,215.72464442253113,217.02244460582733
-29,217.23438239097595,217.49057072401047,217.06738716363907,216.87135553359985,217.84111374616623,217.52139061689377,215.6826394200325,217.62905484437943,216.23925334215164,216.03998816013336,217.88516974449158,216.35975247621536,215.98167914152145,215.72358810901642,217.02132940292358
-28,217.2360548377037,217.47583615779877,217.0645785331726,216.8417865037918,217.8508906364441,217.51475435495377,215.66496920585632,217.62318992614746,216.23487555980682,216.0505737066269,217.87829619646072,216.37224507331848,215.9721297621727,215.72347724437714,217.0218244791031
-27,217.236421585083,217.46072101593018,217.0614956021309,216.81576359272003,217.8600264787674,217.5114535689354,215.6508104801178,217.615820646286,216.23398458957672,216.06424474716187,217.86878967285156,216.38372004032135,215.9651980996132,215.7237748503685,217.0238392353058
-26,217.23548358678818,217.44584149122238,217.05835008621216,216.7930832505226,217.86811101436615,217.51161390542984,215.6412873864174,217.6069502234459,216.23636054992676,216.08016109466553,217.85699546337128,216.3939287662506,215.9611994624138,215.72421211004257,217.0269936323166
-25,217.23337519168854,217.4317398071289,217.0553253889084,216.7734300494194,217.87472200393677,217.51533550024033,215.6371372938156,217.59675282239914,216.2417792081833,216.09731096029282,217.84342074394226,216.40208876132965,215.95988780260086,215.7247992157936,217.03077918291092
-24,217.2302943468094,217.41879218816757,217.052510201931,216.75635528564453,217.87939715385437,217.5224729180336,215.63892966508865,217.58544778823853,216.24946612119675,216.11460137367249,217.8285585641861,216.40733963251114,215.96072643995285,215.72585171461105,217.03475838899612
-23,217.2262709736824,217.40704637765884,217.0500447154045,216.74140185117722,217.88180923461914,217.53266382217407,215.64684516191483,217.57313853502274,216.25848424434662,216.13105726242065,217.8127719759941,216.40906912088394,215.96320700645447,215.72794836759567,217.0382130742073
-22,217.2208788394928,217.3964911699295,217.0481083393097,216.72813940048218,217.88175648450851,217.54511177539825,215.6604392528534,217.56020933389664,216.26752746105194,216.14594393968582,217.79652673006058,216.4067320227623,215.96670347452164,215.73156625032425,217.04040199518204
-21,217.21372681856155,217.38677775859833,217.04664438962936,216.71613854169846,217.87931448221207,217.5588157773018,215.67888695001602,217.54715931415558,216.27496427297592,216.1587542295456,217.78010839223862,216.40034419298172,215.97045773267746,215.73744648694992,217.04048109054565
-20,217.2043463587761,217.3776273727417,217.04555994272232,216.70523846149445,217.87468099594116,217.57277929782867,215.70095819234848,217.53439831733704,216.27960228919983,216.16902458667755,217.76400780677795,216.39012455940247,215.9738496541977,215.7462738752365,217.03764301538467
-19,217.192176759243,217.3687089085579,217.04484939575195,216.69526940584183,217.86815077066422,217.58603435754776,215.72524124383926,217.52243888378143,216.28054904937744,216.17631804943085,217.74865156412125,216.37680107355118,215.97654551267624,215.7583554983139,217.03134334087372
-18,217.17674684524536,217.35958498716354,217.04440200328827,216.68575900793076,217.85989886522293,217.59765595197678,215.75007730722427,217.51186376810074,216.27732890844345,216.18030858039856,217.73438781499863,216.36125200986862,215.97848278284073,215.7734649181366,217.0213179588318
-17,217.15805625915527,217.34999012947083,217.04412853717804,216.67629528045654,217.8501787185669,217.60689455270767,215.77386063337326,217.5027830004692,216.2700297832489,216.18085658550262,217.72177278995514,216.34456038475037,215.97969555854797,215.79083508253098,217.00767928361893
-16,217.13619923591614,217.33989548683167,217.04397982358932,216.6664342880249,217.83940255641937,217.61319881677628,215.79507517814636,217.4949461221695,216.2591821551323,216.1780333518982,217.71137529611588,216.32741516828537,215.98027700185776,215.8095515370369,216.99109387397766
-15,217.11182737350464,217.32918846607208,217.0438272356987,216.65581291913986,217.82826340198517,217.61632364988327,215.81306582689285,217.48787486553192,216.2458180785179,216.1719048023224,217.7035592198372,216.31046676635742,215.97993195056915,215.82802039384842,216.97237116098404
-14,217.08587688207626,217.31773269176483,217.0435283780098,216.64426243305206,217.81751817464828,217.61613714694977,215.8278860449791,217.4812879562378,216.23136246204376,216.16267359256744,217.69874560832977,216.2943685054779,215.97835558652878,215.8444373011589,216.95246493816376
-13,217.05946797132492,217.30561465024948,217.04303407669067,216.6313532590866,217.8078248500824,217.61278373003006,215.8397159576416,217.47471123933792,216.21710014343262,216.15085673332214,217.6971868276596,216.2796267271042,215.97506898641586,215.85723996162415,216.93234986066818
-12,217.03355765342712,217.29268515110016,217.04219943284988,216.61680817604065,217.7996551990509,217.6067447066307,215.84923261404037,217.46766930818558,216.20452934503555,216.1370414495468,217.698925614357,216.26645439863205,215.96976339817047,215.8650227189064,216.91287118196487
-11,217.00914186239243,217.27901887893677,217.04120260477066,216.60044765472412,217.7931781411171,217.59857541322708,215.85748463869095,217.45987182855606,216.19505262374878,216.1218712925911,217.7035991549492,216.2546328306198,215.96235686540604,215.86699211597443,216.89493173360825
-10,216.98693519830704,217.26448261737823,217.04021018743515,216.58216840028763,217.78834837675095,217.58928221464157,215.86543506383896,217.45122826099396,216.189879655838,216.10615211725235,217.71084928512573,216.2440316081047,215.95264148712158,215.86293578147888,216.87924271821976
-9,216.96755009889603,217.24898332357407,217.03946167230606,216.5619376897812,217.78451520204544,217.5799691081047,215.87364780902863,217.4420002102852,216.18967759609222,216.0904724597931,217.72042739391327,216.23423027992249,215.94017845392227,215.85320734977722,216.86646580696106
-8,216.95159047842026,217.23272216320038,217.03921914100647,216.53986883163452,217.780863404274,217.57153242826462,215.88243508338928,217.4325988292694,216.19458693265915,216.075545668602,217.73194098472595,216.22490441799164,215.9249865412712,215.83844023942947,216.85707545280457
-7,216.9393025636673,217.2160289287567,217.03971952199936,216.5164177417755,217.7764732837677,217.56469106674194,215.89202046394348,217.4232211112976,216.20458734035492,216.0619677901268,217.7448518872261,216.21572709083557,215.9071767926216,215.81968021392822,216.85142141580582
-6,216.9305459856987,217.19953483343124,217.04133594036102,216.49222201108932,217.77044707536697,217.55995362997055,215.9022308588028,217.41408443450928,216.21898305416107,216.04999458789825,217.75857639312744,216.20604127645493,215.8871282339096,215.7979884147644,216.84946352243423
-5,216.92490804195404,217.1839588880539,217.04439449310303,216.46805202960968,217.7621745467186,217.55764943361282,215.9127270579338,217.4055342078209,216.23690354824066,216.03954416513443,217.77247500419617,216.1952697634697,215.86501014232635,215.7741478085518,216.85092854499817
-4,216.92204266786575,217.17013293504715,217.04956263303757,216.44466811418533,217.75139385461807,217.55813837051392,215.9226312637329,217.39783090353012,216.2572368979454,216.03038972616196,217.7858698964119,216.18268102407455,215.84100258350372,215.7489954829216,216.8552228808403
-3,216.9216834306717,217.15883284807205,217.05735617876053,216.4230444431305,217.73828303813934,217.56184738874435,215.93103259801865,217.39131319522858,216.2786940932274,216.02214688062668,217.79807019233704,216.16817158460617,215.81526654958725,215.72368800640106,216.86152535676956
-2,216.9240122437477,217.15079593658447,217.06836926937103,216.40409290790558,217.7234074473381,217.56870049238205,215.9368269443512,217.3863164782524,216.30021953582764,216.0146803855896,217.80869948863983,216.15230929851532,215.78826636075974,215.69930320978165,216.86895614862442
-1,216.92960768938065,217.14663970470428,217.08302783966064,216.38866817951202,217.70752894878387,217.57868510484695,215.93928587436676,217.3830304145813,216.3211624622345,216.00818991661072,217.81747084856033,216.13608998060226,215.76085352897644,215.6770453453064,216.87683951854706
0,216.9394604563713,217.1469156742096,217.10150855779648,216.37780421972275,217.6914063692093,217.59169667959213,215.93829327821732,217.38149291276932,216.3411147594452,216.00320279598236,217.82443368434906,216.12049633264542,215.7341343164444,215.65787202119827,216.88465762138367
1,216.9713973402977,217.1666133403778,217.13870525360107,216.39760679006577,217.69033920764923,217.62820130586624,215.9574744105339,217.3931142091751,216.3773958683014,216.01986318826675,217.83634692430496,216.1211897134781,215.72903740406036,215.6631003022194,216.90337717533112
2,217.00908583402634,217.19041568040848,217.17869967222214,216.4252672791481,217.691008746624,217.66777956485748,215.9761762022972,217.40679788589478,216.4139171242714,216.03898108005524,217.8480839729309,216.12517309188843,215.72820031642914,215.67393046617508,216.9214136004448
3,217.05278331041336,217.21908181905746,217.22087806463242,216.4616960287094,217.69433510303497,217.7103152871132,215.9961366057396,217.42276841402054,216.45094496011734,216.0618016719818,217.86045867204666,216.13354170322418,215.7336621284485,215.69112837314606,216.93900501728058
4,217.10244756937027,217.25341206789017,217.26471906900406,216.50768584012985,217.70131421089172,217.7558782696724,216.01946157217026,217.44120609760284,216.4890132546425,216.08951580524445,217.87455928325653,216.14763128757477,215.74729365110397,215.71555650234222,216.9567032456398
5,217.1577211022377,217.29397594928741,217.30982053279877,216.56385892629623,217.71311461925507,217.80462312698364,216.04824483394623,217.46254485845566,216.52896654605865,216.12313830852509,217.8916489481926,216.16917037963867,215.77082282304764,215.74793940782547,216.97547048330307
6,217.21845227479935,217.341268658638,217.35635209083557,216.63062644004822,217.73129069805145,217.85725504159927,216.08456069231033,217.48774099349976,216.57226902246475,216.16389137506485,217.9133957028389,216.1998810172081,215.80584383010864,215.78925347328186,216.9968847632408
7,217.2847043275833,217.39577585458755,217.40471470355988,216.7082839012146,217.75756430625916,217.91480201482773,216.13049030303955,217.51800125837326,216.6208158135414,216.21360397338867,217.94150418043137,216.24153637886047,215.85388988256454,215.8407661318779,217.02287638187408
8,217.35693359375,217.45835143327713,217.45612508058548,216.79760545492172,217.79385787248611,217.97862058877945,216.18814885616302,217.55520975589752,216.6766272187233,216.2743930220604,217.97773909568787,216.29591572284698,215.91684967279434,215.90432459115982,217.05601358413696
9,217.43607980012894,217.53043395280838,217.51286005973816,216.89999270439148,217.84212374687195,218.05063390731812,216.25968670845032,217.60193490982056,216.7422452569008,216.3489226102829,218.02418488264084,216.3653198480606,215.99688762426376,215.981967151165,217.09949725866318
10,217.52375316619873,217.6139703989029,217.57811880111694,217.01717287302017,217.90455269813538,218.13336312770844,216.34749096632004,217.66133749485016,216.82070446014404,216.44040352106094,218.0832290649414,216.45265358686447,216.09638172388077,216.0763584971428,217.1572636961937
11,217.6224284172058,217.71138751506805,217.65578478574753,217.15152364969254,217.9838809967041,218.22965931892395,216.454216837883,217.73713648319244,216.91576951742172,216.55227088928223,218.15733379125595,216.5612337589264,216.21807551383972,216.19026440382004,217.2337870001793
12,217.73529243469238,217.82550531625748,217.75029677152634,217.30585539340973,218.08310770988464,218.34263372421265,216.58265668153763,217.8332325220108,217.03173464536667,216.68812131881714,218.24932444095612,216.69450563192368,216.36515194177628,216.32680279016495,217.3335645198822
13,217.86595636606216,217.95943081378937,217.86643308401108,217.48318594694138,218.2053387761116,218.4756605029106,216.73573952913284,217.95351594686508,217.17327255010605,216.85163378715515,218.36237913370132,216.85589760541916,216.54081910848618,216.48953062295914,217.46116441488266
14,218.01846557855606,218.116974234581,218.00908613204956,217.68657624721527,218.35363990068436,218.63211792707443,216.91682690382004,218.10195809602737,217.3450022339821,217.04647171497345,218.50018095970154,217.04877990484238,216.7482561469078,216.68248462677002,217.6208211183548
15,218.19728869199753,218.30183839797974,218.18284088373184,217.91889196634293,218.53108930587769,218.81521743535995,217.12948936223984,218.2824466228485,217.5511840581894,217.27570462226868,218.6663637161255,217.27636164426804,216.99057567119598,216.90998822450638,217.81633859872818
16,218.4065312743187,218.51735830307007,218.39161616563797,218.18238067626953,218.74070769548416,219.02745246887207,217.3773628473282,218.49800556898117,217.7951017022133,217.54205965995789,218.8641818165779,217.54140704870224,217.26993012428284,217.17609733343124,218.05079686641693
17,218.64950054883957,218.7664058804512,218.63809996843338,218.4783360362053,218.9847086071968,219.27028185129166,217.66345393657684,218.7507764697075,218.0791078209877,217.8469961285591,219.09610414505005,217.84595942497253,217.58799743652344,217.4836741089821,218.32585906982422
18,218.92828351259232,219.05086344480515,218.92338222265244,218.80676007270813,219.2643465399742,219.54421192407608,217.98981928825378,219.04156202077866,218.4040504693985,218.19078838825226,219.36349439620972,218.190578520298,217.94536352157593,217.83414542675018,218.64185065031052
19,219.2432023882866,219.37060755491257,219.24661272764206,219.16622084379196,219.57925409078598,219.84807413816452,218.35655117034912,219.3695724606514,218.76868867874146,218.57186204195023,219.66595661640167,218.5738719701767,218.34093916416168,218.22688657045364,218.9972254037857
20,219.59212464094162,219.72317212820053,219.60487985610962,219.55316078662872,219.92696332931519,220.17884427309036,218.76112377643585,219.73163616657257,219.169018805027,218.9861802458763,220.00065833330154,218.99220204353333,218.77124136686325,218.6586521267891,219.3882011771202
21,219.97010266780853,220.10360407829285,219.99250358343124,219.96165478229523,220.30237793922424,220.53124022483826,219.1978526711464,220.12198168039322,219.59826189279556,219.42694282531738,220.36215341091156,219.4389761686325,219.22978591918945,219.12267589569092,219.80849772691727
22,220.36908024549484,220.50383120775223,220.400783598423,220.38317340612411,220.69740277528763,220.89739674329758,219.65783882141113,220.53187662363052,220.04691791534424,219.88467019796371,220.74222135543823,219.90408074855804,219.7072788476944,219.6083157658577,220.24895459413528
23,220.7776801586151,220.91260117292404,220.81769394874573,220.80633318424225,221.1007924079895,221.26709389686584,220.12853586673737,220.94962483644485,220.50242483615875,220.34681832790375,221.12974846363068,220.37396532297134,220.19066083431244,220.10131686925888,220.697072327137
24,221.1810188293457,221.3156679868698,221.2281054854393,221.21727114915848,221.49822807312012,221.62780433893204,220.59376096725464,221.36022716760635,220.94893783330917,220.79754626750946,221.5105932354927,220.8319706916809,220.6633152961731,220.58388262987137,221.13714838027954
25,221.56137758493423,221.69608092308044,221.61427384614944,221.59965652227402,221.8729299902916,221.96509557962418,221.03398817777634,221.74630665779114,221.36812943220139,221.21806091070175,221.86811769008636,221.25868541002274,221.1056981086731,221.03579783439636,221.55080777406693
26,221.89900648593903,222.0350682735443,221.9565508365631,221.93547773361206,222.20616054534912,222.26325798034668,221.4270847439766,222.08897405862808,221.74016839265823,221.58763736486435,222.18416666984558,221.63311678171158,221.4960470199585,221.4349023103714,221.9177086353302
27,222.17373138666153,222.31334954500198,222.23476576805115,222.2064556479454,222.47879201173782,222.50620609521866,221.7503905892372,222.36911761760712,222.04478806257248,221.88480186462402,222.4406413435936,221.93407136201859,221.81215542554855,221.75866675376892,222.21722376346588
28,222.3670396208763,222.51333326101303,222.43020057678223,222.39573282003403,222.67341816425323,222.67900866270065,221.98250502347946,222.569722533226,222.2632948756218,222.09014946222305,222.62135338783264,222.1423779129982,222.03365498781204,221.98673713207245,222.43063807487488
29,222.46451115608215,222.62122237682343,222.52831745147705,222.49007034301758,222.7764464020729,222.76977759599686,222.10627496242523,222.677736222744,222.38082778453827,222.18882012367249,222.71398437023163,222.2434476017952,222.1450822353363,222.10353112220764,222.54329735040665
30,222.4583202600479,222.6292160153389,222.52103871107101,222.4820460677147,222.78012746572495,222.7714751958847,222.11155366897583,222.6861088871956,222.3887718319893,222.17260867357254,222.71208196878433,222.22948586940765,222.1383393406868,222.10050415992737,222.5468783378601
31,222.34864288568497,222.53706669807434,222.40814357995987,222.37153446674347,222.68408155441284,222.68345737457275,221.9970190525055,222.59478390216827,222.28645700216293,222.04149967432022,222.61605089902878,222.10127514600754,222.01384377479553,221.97754210233688,222.44107401371002
32,222.14387476444244,222.3520192503929,222.19734638929367,222.1657589673996,222.49560457468033,222.5114951133728,221.770625770092,222.4109115600586,222.08124887943268,221.80399161577225,222.43299680948257,221.8678731918335,221.78067278862,221.74320715665817,222.23356115818024
33,221.85904425382614,222.087661921978,221.9028298854828,221.8780466914177,222.22827744483948,222.26669549942017,221.44793677330017,222.14768648147583,221.78737181425095,221.47539204359055,222.175430893898,221.54479229450226,221.45502054691315,221.41303157806396,221.93889611959457
34,221.51324278116226,221.76174473762512,221.5433035492897,221.5257846713066,221.89966821670532,221.96390742063522,221.04964196681976,221.82206410169601,221.42352861166,221.07556462287903,221.85968095064163,221.15167444944382,221.05767047405243,221.0073863863945,221.57604950666428
35,221.12709295749664,221.39383125305176,221.139169216156,221.1281734108925,221.52910482883453,221.61996948719025,220.5990447998047,221.45264720916748,221.01054751873016,220.62646836042404,221.5038765668869,220.70961129665375,220.61101043224335,220.54890489578247,221.16623121500015
36,220.72008842229843,221.0029302239418,220.71049576997757,220.70452147722244,221.13549530506134,221.25194776058197,220.11928409337997,221.05806243419647,220.5690244436264,220.1495716571808,221.12596094608307,220.23955869674683,220.1368175148964,220.05968290567398,220.73052376508713
37,220.3094186782837,220.60612332820892,220.2754147052765,220.27231377363205,220.73587107658386,220.8756267428398,219.63173747062683,220.6556453704834,220.11769258975983,219.6642837524414,220.74238115549088,219.76104003190994,219.6547818183899,219.56000566482544,220.28827303647995
38,219.9095510840416,220.21773183345795,219.84946596622467,219.8465473651886,220.34450542926788,220.50449568033218,219.15486466884613,220.26024717092514,219.67260336875916,219.18725037574768,220.36711502075195,219.29084819555283,219.1814107298851,219.0673484802246,219.85600209236145
39,219.53199571371078,219.8490345478058,219.44472301006317,219.43896543979645,219.97250878810883,220.149480342865,218.70310348272324,219.88415503501892,219.24607455730438,218.73177993297577,220.01110833883286,218.84247839450836,218.7298493385315,218.59598845243454,219.44697785377502
40,219.1852291226387,219.5084964632988,219.06960636377335,219.05818343162537,219.62774181365967,219.818892121315,218.28702425956726,219.53662240505219,218.84682035446167,218.3076257109642,219.68209451436996,218.42582547664642,218.3100974559784,218.1570644378662,219.07106882333755
41,218.87484031915665,219.2015009522438,218.72932875156403,218.70993119478226,219.3149957060814,219.518310546875,217.9134755730629,219.22399866580963,218.48025196790695,217.92126923799515,219.38491648435593,218.0473335981369,217.9288448691368,217.75827622413635,218.73440432548523
42,218.6033735871315,218.93068933486938,218.42626440525055,218.39712435007095,219.0364693403244,219.25123858451843,217.58551633358002,218.94975370168686,218.1490849852562,217.5760356783867,219.121826171875,217.71051651239395,217.58973681926727,217.4039860367775,218.439823448658
43,218.37087845802307,218.6962821483612,218.16076523065567,218.12035810947418,218.79225170612335,219.01902097463608,217.30304789543152,218.71464747190475,217.85386669635773,217.27298283576965,218.89283430576324,217.41640311479568,217.29456675052643,217.0955874323845,218.18777871131897
44,218.17567706108093,218.49662387371063,217.93124318122864,217.87821245193481,218.58098232746124,218.82099294662476,217.06382524967194,218.51704025268555,217.593852519989,217.0112697482109,218.69617146253586,217.1640636920929,217.04323953390121,216.8318554162979,217.97651261091232
45,218.01463049650192,218.3281039595604,217.735296189785,217.66805690526962,218.40038686990738,218.65503478050232,216.86401957273483,218.3539959192276,217.36746406555176,216.78834027051926,218.5289323925972,216.9510422348976,216.83396530151367,216.6098192334175,217.80216425657272
46,217.8836933374405,218.18609768152237,217.57020276784897,217.4864066839218,218.24786084890366,218.51810312271118,216.6986319422722,218.22169119119644,217.1725492477417,216.600636780262,218.38757592439651,216.77396535873413,216.66383457183838,216.42534971237183,217.65989059209824
47,217.77814024686813,218.0659720301628,217.43287044763565,217.3294199705124,218.12041318416595,218.40670436620712,216.56243079900742,218.11567145586014,217.0066328048706,216.44417637586594,218.2685272693634,216.62899523973465,216.52948462963104,216.27382189035416,217.5442529320717
48,217.69301044940948,217.9641392827034,217.32018250226974,217.1932697892189,218.01455223560333,218.31722557544708,216.4502547979355,218.03148579597473,216.8672467470169,216.31482887268066,218.16844403743744,216.51241117715836,216.42704719305038,216.15039712190628,217.44985055923462
49,217.62362492084503,217.87779313325882,217.22886383533478,217.0746591091156,217.92670905590057,218.24611222743988,216.35771477222443,217.96490681171417,216.7518029808998,216.20867496728897,218.08447206020355,216.42068642377853,216.35231524705887,216.05032342672348,217.37205106019974
50,217.56569647789001,217.80482578277588,217.15587997436523,216.9708640575409,217.85365957021713,218.19009006023407,216.28139197826385,217.91221070289612,216.65779000520706,216.12209963798523,218.01444572210312,216.35037106275558,216.30058455467224,215.96930837631226,217.30712461471558
51,217.51559382677078,217.74373614788055,217.0984908938408,216.87998777627945,217.79268497228622,218.14605408906937,216.21869587898254,217.87005347013474,216.58237314224243,216.05239087343216,217.9567134976387,216.29848074913025,216.2672637104988,215.90357929468155,217.25209832191467
52,217.4705689549446,217.69348925352097,217.05418968200684,216.800615131855,217.74210101366043,218.1110018491745,216.16764718294144,217.83524030447006,216.52270805835724,215.9974281191826,217.9100542664528,216.26229923963547,216.24785661697388,215.84987008571625,217.2049754858017
53,217.42904740571976,217.6535633802414,217.02081793546677,216.7314795255661,217.70107054710388,218.08219462633133,216.12638348340988,217.80507051944733,216.47598111629486,215.95497977733612,217.87346804141998,216.23905915021896,216.23787504434586,215.8055323958397,217.16472005844116
54,217.3907766342163,217.62337452173233,216.99644201993942,216.67151987552643,217.66863465309143,218.0574892759323,216.093275308609,217.77764976024628,216.43909829854965,215.9230710864067,217.84608429670334,216.22629874944687,216.2333338856697,215.76868575811386,217.13049632310867
55,217.35592740774155,217.60197567939758,216.9791703224182,216.62015652656555,217.64378190040588,218.03527891635895,216.0668529868126,217.75192177295685,216.4093914628029,215.89960825443268,217.8271347284317,216.22194463014603,216.23132240772247,215.73771703243256,217.10149765014648
56,217.32484954595566,217.58829981088638,216.96722346544266,216.57726365327835,217.62557995319366,218.01468193531036,216.0458465218544,217.72695142030716,216.38460141420364,215.88308823108673,217.81566643714905,216.22451210021973,216.22971832752228,215.71164828538895,217.0769892334938
57,217.2978377342224,217.5813763141632,216.95919400453568,216.5426805615425,217.61323297023773,217.99526685476303,216.0285303592682,217.7022755742073,216.36274844408035,215.87222361564636,217.81070971488953,216.2327446937561,216.22690761089325,215.68982899188995,217.05650836229324
58,217.2746496796608,217.57970482110977,216.953903734684,216.51602870225906,217.60600435733795,217.97701060771942,216.01318609714508,217.6777869462967,216.3420553803444,215.8654472231865,217.81127977371216,216.24522197246552,216.22114527225494,215.67182213068008,217.03954374790192
59,217.2547032237053,217.58168578147888,216.95082759857178,216.49658280611038,217.60305655002594,217.96016174554825,215.9985637664795,217.65360647439957,216.32134276628494,215.86124551296234,217.8164684176445,216.2603376507759,216.2114052772522,215.65752720832825,217.02546668052673
60,217.23727756738663,217.5853595137596,216.94970381259918,216.48319900035858,217.60359740257263,217.9449462890625,215.98337477445602,217.63006526231766,216.30012226104736,215.85825335979462,217.8248651623726,216.27664351463318,216.19731813669205,215.6467182636261,217.01383757591248
61,217.22128814458847,217.58885711431503,216.950677216053,216.47433561086655,217.60678857564926,217.9316166639328,215.9671015739441,217.60770124197006,216.27901917696,215.85530745983124,217.83472990989685,216.29299187660217,216.1793487071991,215.63895452022552,217.00442612171173
62,217.20557111501694,217.59086519479752,216.95417666435242,216.46853750944138,217.61168682575226,217.92023181915283,215.94995123147964,217.5870097875595,216.2591193318367,215.85130512714386,217.8438801765442,216.3088257908821,216.1583952307701,215.63374650478363,216.99687492847443
63,217.18903356790543,217.59059661626816,216.9600937962532,216.46464049816132,217.6177161335945,217.91030383110046,215.9323096871376,217.56877636909485,216.24147164821625,215.84541177749634,217.8505721092224,216.3241577744484,216.1356395483017,215.6302769780159,216.99109679460526
64,217.17079252004623,217.58778721094131,216.9681926369667,216.4615843296051,217.62473571300507,217.90113198757172,215.91488230228424,217.55395662784576,216.2270877957344,215.83723306655884,217.8536543250084,216.3394558429718,216.1123172044754,215.62752085924149,216.986956179142
65,217.15050143003464,217.5826963186264,216.97833359241486,216.458369910717,217.63291436433792,217.8920956850052,215.89823865890503,217.54279971122742,216.21651011705399,215.82656109333038,217.85259062051773,216.35522454977036,216.08932447433472,215.62435722351074,216.98484641313553
66,217.12827146053314,217.57596838474274,216.99020093679428,216.4544322490692,217.6425632238388,217.88252121210098,215.88259333372116,217.5350043773651,216.20992839336395,215.81399166584015,217.84725934267044,216.3716214299202,216.0675092935562,215.61949467658997,216.98525434732437
67,217.10447949171066,217.5685232281685,217.00313806533813,216.44943606853485,217.65394800901413,217.87209391593933,215.8679477572441,217.52992969751358,216.20745140314102,215.80067384243011,217.83779519796371,216.3882339000702,216.04766350984573,215.61171513795853,216.9886895418167
68,217.0798164010048,217.5613105893135,217.0163552761078,216.443345785141,217.66697144508362,217.86059319972992,215.85434716939926,217.52683818340302,216.20914155244827,215.78806692361832,217.8243870139122,216.40422105789185,216.0306990146637,215.60028344392776,216.9955371618271
69,217.0548096895218,217.55495965480804,217.028948366642,216.43641483783722,217.68146872520447,217.84809869527817,215.84195148944855,217.5248417854309,216.2150342464447,215.7773460149765,217.807170689106,216.41837799549103,216.01778870821,215.58476305007935,217.00570899248123
70,217.03004676103592,217.54957622289658,217.03990709781647,216.42902487516403,217.69734686613083,217.83491706848145,215.83145225048065,217.52335345745087,216.2250815629959,215.76918822526932,217.78643691539764,216.43056744337082,216.00928872823715,215.5655239224434,217.01902586221695
71,217.0061618089676,217.5452538728714,217.04854309558868,216.42159813642502,217.7146418094635,217.82147020101547,215.82376343011856,217.5220968723297,216.23881524801254,215.76397508382797,217.76249301433563,216.44107103347778,216.0053186416626,215.5431573987007,217.03522729873657
72,216.9840075969696,217.54178565740585,217.0544708967209,216.41484314203262,217.73356693983078,217.80839097499847,215.81959569454193,217.52053445577621,216.25552678108215,215.76191246509552,217.7356705069542,216.44991046190262,216.005923807621,215.5180270075798,217.05384081602097
73,216.9648067355156,217.53850156068802,217.05795830488205,216.4096244573593,217.75397753715515,217.7961584329605,215.8192014694214,217.51809173822403,216.27442914247513,215.76330435276031,217.7066707611084,216.4567088484764,216.01115328073502,215.49081355333328,217.0737606883049
74,216.9501685500145,217.53485894203186,217.0597991347313,216.40661478042603,217.77523130178452,217.7852000594139,215.82223170995712,217.51460361480713,216.2946222424507,215.76849937438965,217.67623245716095,216.46108031272888,216.02100867033005,215.46233075857162,217.09374994039536
75,216.94171649217606,217.53040260076523,217.06131196022034,216.40657877922058,217.7965338230133,217.77579885721207,215.82717335224152,217.5101519227028,216.3148700594902,215.7775982618332,217.64541190862656,216.46255189180374,216.0352292060852,215.43386262655258,217.11276710033417
76,216.94093716144562,217.52468836307526,217.06379395723343,216.41021066904068,217.81682378053665,217.76817452907562,215.8322422504425,217.5050544142723,216.3338978290558,215.79022860527039,217.61560159921646,216.46032392978668,216.0531297326088,215.40653574466705,217.12990921735764
77,216.9488136768341,217.51722007989883,217.06784057617188,216.4180832505226,217.8346807360649,217.76240932941437,215.83543473482132,217.49949491024017,216.3505855202675,215.8054347038269,217.58800768852234,216.45409780740738,216.07350707054138,215.38140678405762,217.1442768573761
78,216.96567219495773,217.50780737400055,217.07361268997192,216.43046361207962,217.84809583425522,217.75843596458435,215.8348400592804,217.49375516176224,216.36489075422287,215.82219797372818,217.56331288814545,216.4436725974083,216.09476113319397,215.3594633936882,217.15532928705215
79,216.990791618824,217.49623036384583,217.08099687099457,216.44738000631332,217.8551704287529,217.75578135252,215.82934671640396,217.48831224441528,216.3771751523018,215.83929592370987,217.54182118177414,216.42873895168304,216.11480098962784,215.34169977903366,217.16280609369278
80,217.0220866203308,217.48225259780884,217.08978259563446,216.46842974424362,217.85453474521637,217.75369161367416,215.81885570287704,217.48329383134842,216.38767141103745,215.8549923300743,217.52352130413055,216.40954357385635,216.13140958547592,215.32876670360565,217.1663100719452
81,217.05685126781464,217.4659590125084,217.09944850206375,216.4930221438408,217.84546440839767,217.75187999010086,215.80409789085388,217.47879749536514,216.39580464363098,215.86737221479416,217.50804263353348,216.3870297074318,216.14247459173203,215.32086449861526,217.16591048240662
82,217.0919550061226,217.4478675723076,217.1091536283493,216.52037739753723,217.82758527994156,217.75018447637558,215.786199092865,217.4751477241516,216.401322722435,215.87532544136047,217.49478030204773,216.36252772808075,216.14670956134796,215.31800758838654,217.16149067878723
83,217.12475353479385,217.42863821983337,217.11792361736298,216.5493842959404,217.80078148841858,217.74835062026978,215.76647132635117,217.47238183021545,216.40394920110703,215.87865310907364,217.48295718431473,216.3373481631279,216.14438712596893,215.3202365040779,217.15294343233109
84,217.1534389257431,217.4093478322029,217.12510895729065,216.57893133163452,217.76548719406128,217.74656438827515,215.7464418411255,217.47060668468475,216.40302407741547,215.87747794389725,217.47211128473282,216.31274181604385,216.13680851459503,215.32739627361298,217.1405319571495
85,217.17710906267166,217.3912417292595,217.13032633066177,216.60797953605652,217.72292339801788,217.7450811266899,215.72777312994003,217.46964591741562,216.39731293916702,215.8719506263733,217.46225309371948,216.28974276781082,216.12538903951645,215.33888983726501,217.12443661689758
86,217.195670068264,217.37564224004745,217.13392394781113,216.63539499044418,217.67490369081497,217.74407494068146,215.71163934469223,217.46916419267654,216.38581842184067,215.86232262849808,217.45320284366608,216.2689698934555,216.11147212982178,215.35355472564697,217.10467344522476
87,217.20948481559753,217.3639263510704,217.13659638166428,216.66008484363556,217.6236338019371,217.7438122034073,215.69847643375397,217.46849924325943,216.36797147989273,215.8490068912506,217.4450603723526,216.25103735923767,216.09673964977264,215.36990070343018,217.08141350746155
88,217.21946674585342,217.3573390841484,217.1387187242508,216.68087476491928,217.57146817445755,217.74492424726486,215.68867111206055,217.46691447496414,216.3438069820404,215.83298456668854,217.43810892105103,216.23635709285736,216.0830084681511,215.38638454675674,217.05535888671875
89,217.22654348611832,217.35698807239532,217.14096504449844,216.69638866186142,217.52047765254974,217.7480994462967,215.68256002664566,217.4638300538063,216.31398230791092,215.8150486946106,217.4325133562088,216.22501295804977,216.07170593738556,215.4018087387085,217.027088701725
90,217.23150664567947,217.3632596731186,217.14424514770508,216.70487666130066,217.47260701656342,217.75423389673233,215.6799698472023,217.45897924900055,216.27994948625565,215.79607272148132,217.42849469184875,216.2167171239853,216.06390416622162,215.4152125120163,216.99688863754272
91,217.23496836423874,217.37596076726913,217.1490073800087,216.7049206495285,217.42957878112793,217.7644459605217,215.68048483133316,217.4526970386505,216.24405169487,215.7768868803978,217.42594027519226,216.21068048477173,216.060391664505,215.42610603570938,216.96511733531952
92,217.23654329776764,217.39408457279205,217.15560674667358,216.69635426998138,217.39224714040756,217.77933156490326,215.6834562420845,217.44544756412506,216.209321975708,215.7578649520874,217.42499142885208,216.20612448453903,216.06090539693832,215.4342259168625,216.93232822418213
93,217.2356448173523,217.416441321373,217.16399323940277,216.6806223988533,217.36030197143555,217.79862928390503,215.6882597208023,217.43740510940552,216.17879629135132,215.7392000555992,217.4259451031685,216.20221942663193,216.06432169675827,215.43957620859146,216.89909702539444
94,217.23214399814606,217.4420998096466,217.17386150360107,216.65887373685837,217.33319300413132,217.82148188352585,215.69412642717361,217.42870473861694,216.1546429991722,215.72098064422607,217.42901903390884,216.198211312294,216.06939041614532,215.44263172149658,216.86652076244354
95,217.2258159518242,217.4698355793953,217.18450111150742,216.6323191523552,217.3102626800537,217.8470469713211,215.70046430826187,217.41933500766754,216.13840585947037,215.70386803150177,217.43409621715546,216.1936748623848,216.0755786895752,215.4441083073616,216.83590346574783
96,217.21686416864395,217.49780476093292,217.1950799226761,216.60205471515656,217.29102367162704,217.87432485818863,215.7067956328392,217.4096281528473,216.13078701496124,215.68862968683243,217.44093042612076,216.1887024641037,216.08186095952988,215.44459986686707,216.8085652589798
97,217.20496594905853,217.52420914173126,217.2052299976349,216.56912606954575,217.275272667408,217.9022092819214,215.7133761048317,217.39976924657822,216.1316836476326,215.67614382505417,217.44915515184402,216.18353176116943,216.0864464044571,215.44434684515,216.78529262542725
98,217.1900885105133,217.54737502336502,217.21450752019882,216.53489834070206,217.26310020685196,217.92976462841034,215.72082591056824,217.39029705524445,216.14057821035385,215.6667748093605,217.45847445726395,216.17825895547867,216.08832186460495,215.44336837530136,216.76658964157104
99,217.17231684923172,217.56577932834625,217.22292935848236,216.5007141828537,217.2545292377472,217.95580863952637,215.72990936040878,217.38115960359573,216.1572595834732,215.66007554531097,217.4691064953804,216.17375153303146,216.08675855398178,215.44160336256027,216.75247305631638
100,217.15156888961792,217.5783975124359,217.2304419875145,216.46806180477142,217.25029927492142,217.9790410399437,215.7410848736763,217.37257826328278,216.1814814209938,215.65496534109116,217.48202830553055,216.17138147354126,216.08177024126053,215.43876910209656,216.7428783774376
101,217.1286393404007,217.58464413881302,217.2365653514862,216.43816995620728,217.25129240751266,217.99882316589355,215.75440162420273,217.36432766914368,216.21282893419266,215.65025728940964,217.49783438444138,216.172553896904,216.07366102933884,215.43442058563232,216.73817485570908
102,217.10503149032593,217.58442616462708,217.24113327264786,216.41205793619156,217.25824904441833,218.01479703187943,215.76917159557343,217.35712713003159,216.2500142455101,215.6451751589775,217.51624900102615,216.1777045726776,216.0627663731575,215.42801868915558,216.738336622715
103,217.08228188753128,217.5781802535057,217.2441395521164,216.3899472951889,217.2708693742752,218.0271171927452,215.78442007303238,217.35127013921738,216.29198640584946,215.63999146223068,217.53680300712585,216.18715101480484,216.04960453510284,215.41942310333252,216.74312216043472
104,217.06183284521103,217.56710463762283,217.24585688114166,216.37160527706146,217.28830742835999,218.03683060407639,215.79997408390045,217.34621262550354,216.33768582344055,215.63612109422684,217.55936390161514,216.2008484005928,216.0349823832512,215.4091820716858,216.75151485204697
105,217.04447376728058,217.55241924524307,217.2472524046898,216.35658186674118,217.3098462820053,218.0451456308365,215.81638795137405,217.3415448665619,216.38495510816574,215.6338273882866,217.58345121145248,216.21815890073776,216.01942539215088,215.39812290668488,216.7620279788971
106,217.0301012992859,217.53550040721893,217.24885874986649,216.34487468004227,217.33431726694107,218.05320173501968,215.83399486541748,217.33736407756805,216.43148213624954,215.63318991661072,217.60787272453308,216.23796391487122,216.0033410191536,215.38714617490768,216.77324175834656
107,217.0176653265953,217.5180990099907,217.2509372830391,216.33733838796616,217.3600726723671,218.0619157552719,215.85276454687119,217.3339935541153,216.4752579331398,215.63453245162964,217.63158190250397,216.25923585891724,215.98746091127396,215.3775219321251,216.78399866819382
108,217.00626814365387,217.50151896476746,217.25295716524124,216.33566200733185,217.3856572508812,218.07154023647308,215.87265866994858,217.3311727643013,216.51505184173584,215.63811135292053,217.65396004915237,216.2805294394493,215.9732815027237,215.37081545591354,216.79302191734314
109,216.99559658765793,217.4869950413704,217.25334459543228,216.341088950634,217.40980333089828,218.081791639328,215.89433604478836,217.32921701669693,216.55022782087326,215.643728017807,217.6751692891121,216.3003070950508,215.96267902851105,215.36898350715637,216.7988439798355
110,216.98575884103775,217.47501933574677,217.25061285495758,216.35425978899002,217.43168753385544,218.09216821193695,215.91666388511658,217.32875835895538,216.58061331510544,215.6509330868721,217.69574570655823,216.31681734323502,215.95645648241043,215.37336438894272,216.79991406202316
111,216.97684341669083,217.4655197262764,217.2437407374382,216.37578397989273,217.45040982961655,218.10216236114502,215.93894469738007,217.330657184124,216.60616970062256,215.659454703331,217.7160965204239,216.32897460460663,215.95491981506348,215.384461581707,216.79493641853333
112,216.9681654572487,217.4589999318123,217.2321279644966,216.40593314170837,217.46510392427444,218.11110472679138,215.96069955825806,217.3353709578514,216.6268303990364,215.66891384124756,217.7363724708557,216.33628034591675,215.95819681882858,215.40252423286438,216.78374534845352
113,216.95880180597305,217.455038189888,217.21557694673538,216.44387954473495,217.47483414411545,218.11804378032684,215.98196589946747,217.34304988384247,216.64229702949524,215.67885065078735,217.75658917427063,216.33877897262573,215.9658527970314,215.42685186862946,216.7666541337967
114,216.94857168197632,217.4515922665596,217.19463282823563,216.48821240663528,217.47918289899826,218.12204366922379,216.00297087430954,217.35385012626648,216.65261846780777,215.68865591287613,217.77701556682587,216.3369602560997,215.97675502300262,215.45569455623627,216.74470776319504
115,216.93736666440964,217.447221159935,217.17020112276077,216.53677958250046,217.47862255573273,218.12336724996567,216.02376127243042,217.36816716194153,216.6580991744995,215.69735103845596,217.79793602228165,216.3312173485756,215.98948389291763,215.48741346597672,216.7186722755432
116,216.92511999607086,217.44131565093994,217.14306944608688,216.58689790964127,217.47440934181213,218.12183785438538,216.0443806052208,217.38619297742844,216.65935254096985,215.7041083574295,217.8187164068222,216.32237285375595,216.00197672843933,215.52072525024414,216.68898820877075
117,216.91170555353165,217.43345767259598,217.11453413963318,216.63598042726517,217.46784663200378,218.117751121521,216.06574243307114,217.40659952163696,216.6572686433792,215.70864486694336,217.83828938007355,216.31095558404922,216.01209449768066,215.5545043349266,216.65620583295822
118,216.89692348241806,217.4227578639984,217.0861274600029,216.68202662467957,217.46048593521118,218.11151671409607,216.08925986289978,217.4282950758934,216.65276318788528,215.71069240570068,217.85533320903778,216.29673999547958,216.01852190494537,215.5869831442833,216.62139111757278
119,216.88089388608932,217.40911155939102,217.05919182300568,216.72351390123367,217.453347325325,218.10345697402954,216.1154344677925,217.44969481229782,216.6461849808693,215.7096261382103,217.86846047639847,216.27968227863312,216.020925283432,215.61701744794846,216.58567875623703
120,216.86447113752365,217.39257729053497,217.03429174423218,216.75901705026627,217.44693386554718,218.09424740076065,216.14340335130692,217.47004628181458,216.6376873254776,215.705171585083,217.87637662887573,216.26027208566666,216.02014023065567,215.64411973953247,216.55025678873062
121,216.84831780195236,217.37435096502304,217.01264989376068,216.7876997590065,217.4412807226181,218.08485239744186,216.17180341482162,217.48915934562683,216.62767833471298,215.6972873210907,217.87832003831863,216.2392053604126,216.01761955022812,215.66779208183289,216.5164713859558
122,216.8328719139099,217.35585302114487,216.99529534578323,216.80902910232544,217.4360706806183,218.07598942518234,216.19855380058289,217.5065421462059,216.61679005622864,215.6858634352684,217.8740230202675,216.2174225449562,216.01524084806442,215.68798571825027,216.4858073592186
123,216.81860357522964,217.33874815702438,216.98280495405197,216.82254880666733,217.43079155683517,218.06812596321106,216.22133553028107,217.52142637968063,216.6061155796051,215.6719001531601,217.8637182712555,216.19597351551056,216.01441925764084,215.70484668016434,216.4597651362419
124,216.80554926395416,217.32444709539413,216.97548401355743,216.8281348347664,217.42478424310684,218.06179350614548,216.23841404914856,217.53299391269684,216.5964758992195,215.65641576051712,217.84844118356705,216.17498070001602,216.0165895819664,215.7186563014984,216.43991649150848
125,216.79311567544937,217.3142056465149,216.9735542535782,216.8259756565094,217.4176509976387,218.05719155073166,216.248576939106,217.54044491052628,216.58834248781204,215.63991236686707,217.8290223479271,216.1537882089615,216.02282631397247,215.72982221841812,216.42783337831497
126,216.7791268825531,217.30904299020767,216.97670167684555,216.81620025634766,217.40971690416336,218.0539264678955,216.25210279226303,217.54293650388718,216.58168476819992,215.62254965305328,217.8058511018753,216.13081765174866,216.03296130895615,215.73786133527756,216.42462813854218
127,216.7622253894806,217.3090341091156,216.98450255393982,216.79862993955612,217.40181958675385,218.05158299207687,216.2502400279045,217.54002439975739,216.57581597566605,215.60533851385117,217.7793169617653,216.1045571565628,216.04583770036697,215.7416068315506,216.43077552318573
128,216.74289911985397,217.31328880786896,216.99620908498764,216.77298164367676,217.39404380321503,218.04942178726196,216.24381303787231,217.53126060962677,216.56966125965118,215.58928829431534,217.7497854232788,216.07419735193253,216.05985271930695,215.74039655923843,216.44614970684052
129,216.72232365608215,217.32082164287567,217.01072758436203,216.73967045545578,217.38609212636948,218.04666769504547,216.2332924604416,217.51727080345154,216.56179136037827,215.5755203962326,217.71763747930527,216.03941237926483,216.07277923822403,215.73368221521378,216.4702354669571
130,216.70243000984192,217.3304607272148,217.02678179740906,216.70021522045135,217.37773019075394,218.04292047023773,216.21943229436874,217.49911504983902,216.55071848630905,215.5651969909668,217.6835077404976,216.0010033249855,216.08284759521484,215.72112786769867,216.50218099355698
131,216.68475365638733,217.3411567211151,217.04309332370758,216.6564238667488,217.36843413114548,218.03810334205627,216.2030627131462,217.47814083099365,216.53563475608826,215.55882954597473,217.64810222387314,215.9596385359764,216.08854669332504,215.70259952545166,216.54100209474564
132,216.67048525810242,217.35311263799667,217.05839037895203,216.61049842834473,217.35921949148178,218.03252297639847,216.18498796224594,217.45613461732864,216.51595377922058,215.55684977769852,217.6120172739029,215.9161777496338,216.08883547782898,215.6778472661972,216.58583629131317
133,216.66036891937256,217.3664003610611,217.07159233093262,216.56460684537888,217.35080343484879,218.0276513695717,216.16590231657028,217.4346485733986,216.49087297916412,215.55930376052856,217.5761160850525,215.8716368675232,216.08218604326248,215.64706367254257,216.63511645793915
134,216.65457391738892,217.38060915470123,217.08204627037048,216.51970618963242,217.34348386526108,218.02523547410965,216.14632630348206,217.41472136974335,216.4598604440689,215.56584256887436,217.54197990894318,215.82686549425125,216.06782346963882,215.60989916324615,216.68701034784317
135,216.65259540081024,217.3952578306198,217.08951270580292,216.47623753547668,217.33666723966599,218.02646201848984,216.1269599199295,217.39699321985245,216.4225645661354,215.57573127746582,217.51085072755814,215.78267216682434,216.04556947946548,215.56678450107574,216.73947048187256
136,216.65432542562485,217.40959829092026,217.09383189678192,216.4338919520378,217.3298351764679,218.03185588121414,216.1079825758934,217.3814521431923,216.37907963991165,215.5877137184143,217.48314481973648,215.73998111486435,216.0168977379799,215.51964437961578,216.79033648967743
137,216.6602013707161,217.42250037193298,217.09500008821487,216.39209914207458,217.32204765081406,218.04122459888458,216.08955264091492,217.3675502538681,216.33049231767654,215.6007154583931,217.45876288414001,215.6996995806694,215.98469811677933,215.47035789489746,216.83773577213287
138,216.67085897922516,217.43265557289124,217.0932570695877,216.35232454538345,217.31263905763626,218.05368554592133,216.07239252328873,217.35510647296906,216.27789688110352,215.61475425958633,217.43756359815598,215.66291004419327,215.95144885778427,215.42094802856445,216.8803945183754
139,216.68712317943573,217.4384062886238,217.08888095617294,216.31587153673172,217.30137240886688,218.06844514608383,216.05623054504395,217.34401220083237,216.2222256064415,215.63053530454636,217.4190937280655,215.6306980252266,215.9195932149887,215.37335658073425,216.91684538125992
140,216.7093014717102,217.43871557712555,217.08268290758133,216.28406256437302,217.28836661577225,218.0847378373146,216.040387570858,217.3342086672783,216.16421192884445,215.6495510339737,217.40293830633163,215.60317879915237,215.89194428920746,215.32927185297012,216.9463021159172
141,216.736920773983,217.43314045667648,217.075703561306,216.25886398553848,217.27448576688766,218.10191768407822,216.0253735780716,217.32571870088577,216.10520154237747,215.67281967401505,217.38887906074524,215.57979613542557,215.8697583079338,215.2895306944847,216.96861219406128
142,216.76921087503433,217.4220186471939,217.0702464580536,216.2422714829445,217.26078313589096,218.11957895755768,216.01164883375168,217.31881868839264,216.04704040288925,215.70115494728088,217.3769010901451,215.55917537212372,215.85311943292618,215.25456124544144,216.98361998796463
143,216.80506950616837,217.40626794099808,217.0681111216545,216.23514431715012,217.24816811084747,218.1374273300171,215.9998683333397,217.3141657114029,215.9916512966156,215.73492109775543,217.36702340841293,215.53910434246063,215.84176117181778,215.22357374429703,216.99120503664017
144,216.84353560209274,217.38632190227509,217.07066428661346,216.23745220899582,217.23755741119385,218.15461856126785,215.99039071798325,217.31184023618698,215.94063138961792,215.77446472644806,217.3591267466545,215.51678657531738,215.83443093299866,215.1958845257759,216.99104005098343
145,216.8832877278328,217.36313319206238,217.07802879810333,216.2466263771057,217.22985845804214,218.169990837574,215.98277920484543,217.31175351142883,215.89583712816238,215.8195264339447,217.35357654094696,215.49087595939636,215.82908725738525,215.17111325263977,216.98328572511673
146,216.9230632185936,217.33786791563034,217.09054386615753,216.26030659675598,217.2264330983162,218.18234646320343,215.97622632980347,217.31389212608337,215.85919404029846,215.8692997097969,217.35080897808075,215.46217292547226,215.82403951883316,215.1494381427765,216.96909534931183
147,216.9619199037552,217.31121397018433,217.10834580659866,216.27600479125977,217.22808492183685,218.18982630968094,215.97102242708206,217.31824892759323,215.8328971862793,215.92223572731018,217.35084837675095,215.4320120215416,215.8175894021988,215.13047695159912,216.95094501972198
148,216.99869620800018,217.28442406654358,217.13046139478683,216.29231601953506,217.23496961593628,218.1908102631569,215.9680415391922,217.3246983885765,215.81885623931885,215.9768807888031,217.35449117422104,215.40195137262344,215.8080114722252,215.11296844482422,216.93190693855286
149,217.03167515993118,217.25853526592255,217.1549664735794,216.30785989761353,217.2477552294731,218.185766518116,215.9689725637436,217.33287525177002,215.81917083263397,216.03121691942215,217.3626458644867,215.37374675273895,215.79554837942123,215.09574729204178,216.91481041908264
150,217.0600900053978,217.23364037275314,217.1801551580429,216.32103723287582,217.2662603855133,218.1764565706253,215.97470903396606,217.34205889701843,215.83589732646942,216.08272057771683,217.37582314014435,215.34911614656448,215.7814902663231,215.07729268074036,216.90213125944138
151,217.08313137292862,217.2095245718956,217.20412480831146,216.33019745349884,217.289759516716,218.16393214464188,215.98444706201553,217.35275888442993,215.86985301971436,216.12906056642532,217.3938528895378,215.33061599731445,215.76702469587326,215.05678814649582,216.8951679468155
152,217.10030072927475,217.1861416697502,217.22577023506165,216.33376795053482,217.31790256500244,218.14833760261536,215.99685430526733,217.36493837833405,215.91771686077118,216.16750890016556,217.41551852226257,215.32084399461746,215.75358951091766,215.0339378118515,216.89453732967377
153,217.11197966337204,217.1645273566246,217.24443995952606,216.33110165596008,217.35015094280243,218.12969410419464,216.01017957925797,217.3785063624382,215.97668141126633,216.1949644088745,217.43899923563004,215.32096582651138,215.74250727891922,215.00879472494125,216.89972287416458
154,217.11844408512115,217.14605116844177,217.2601665854454,216.32293558120728,217.38475513458252,218.1082352399826,216.02289885282516,217.39274150133133,216.04543161392212,216.20887887477875,217.46266627311707,215.33132314682007,215.73432755470276,214.98106336593628,216.908677816391
155,217.1204719543457,217.13153380155563,217.27334868907928,216.31082755327225,217.42039054632187,218.0849648118019,216.03494709730148,217.4069260954857,216.12033063173294,216.20832324028015,217.4848912358284,215.35187178850174,215.7293894290924,214.95213758945465,216.91889214515686
156,217.11886078119278,217.1220698952675,217.28503561019897,216.29648286104202,217.45543533563614,218.0608855485916,216.04635018110275,217.42053544521332,216.1972455382347,216.1936485171318,217.50432062149048,215.3811258673668,215.72760766744614,214.92414420843124,216.9277657866478
157,217.11451971530914,217.11894607543945,217.2960729598999,216.28187710046768,217.4886615872383,218.03710919618607,216.05786579847336,217.43350702524185,216.27260208129883,216.16647386550903,217.51982551813126,215.41671335697174,215.72921442985535,214.89942276477814,216.9345362186432
158,217.10845583677292,217.12322276830673,217.30790603160858,216.269340634346,217.5203139781952,218.01525926589966,216.07001227140427,217.44657117128372,216.3437883257866,216.128968000412,217.53146314620972,215.4568727016449,215.73515623807907,214.87918281555176,216.93887478113174
159,217.10076957941055,217.13490062952042,217.32184618711472,216.2612720131874,217.55162799358368,217.9961195588112,216.08189886808395,217.45985025167465,216.40945905447006,216.0835644006729,217.53966134786606,215.50042444467545,215.74499171972275,214.8643838763237,216.94102782011032
160,217.091490149498,217.1546664237976,217.33874595165253,216.25986570119858,217.58345621824265,217.97887670993805,216.09291660785675,217.47403073310852,216.46954268217087,216.03306567668915,217.54466795921326,215.54673027992249,215.75704324245453,214.85720074176788,216.94160914421082
161,217.08101326227188,217.18315666913986,217.35951679944992,216.26748144626617,217.615751683712,217.96221441030502,216.1036519408226,217.4897140264511,216.5238538980484,215.9806808233261,217.54616951942444,215.5966767668724,215.770045876503,214.85837596654892,216.94223576784134
162,217.0702005624771,217.2203558087349,217.38532435894012,216.28493863344193,217.64841133356094,217.9455748796463,216.11439889669418,217.50875389575958,216.5734731554985,215.93036651611328,217.54353493452072,215.65032148361206,215.78256195783615,214.86832928657532,216.94458907842636
163,217.06056851148605,217.2653173804283,217.41818434000015,216.31228804588318,217.68173283338547,217.92934185266495,216.12460029125214,217.53280878067017,216.61961990594864,215.88625985383987,217.53568017482758,215.70794731378555,215.7937467098236,214.88646352291107,216.95022022724152
164,217.05471009016037,217.3165032863617,217.45875519514084,216.34941118955612,217.71676176786423,217.91458475589752,216.13308757543564,217.56375753879547,216.66371101140976,215.85117268562317,217.52299493551254,215.76972419023514,215.80465751886368,214.91239768266678,216.9610305428505
165,217.05553686618805,217.3710853457451,217.5060811638832,216.39518958330154,217.75422018766403,217.90225476026535,216.1388332247734,217.60239976644516,216.7072855234146,215.82692205905914,217.50713354349136,215.83641010522842,215.81541627645493,214.94518423080444,216.97699290513992
166,217.06597757339478,217.4261302947998,217.55900752544403,216.44885075092316,217.79437214136124,217.89268106222153,216.1416476368904,217.64887142181396,216.75160789489746,215.81508868932724,217.49087578058243,215.90886586904526,215.8264538049698,214.9851215481758,216.99728381633759
167,217.08797442913055,217.48002177476883,217.615252494812,216.50924134254456,217.83739918470383,217.8873534798622,216.14193898439407,217.70391005277634,216.79898989200592,215.8170164823532,217.47803390026093,215.98706191778183,215.83847838640213,215.0319795012474,217.02112579345703
168,217.1222749352455,217.53202241659164,217.6717420220375,216.57505613565445,217.88275730609894,217.88750803470612,216.14046847820282,217.76583057641983,216.84946447610855,215.8328796029091,217.4708234667778,216.0700141787529,215.85270935297012,215.08557558059692,217.04807609319687
169,217.16869974136353,217.58289968967438,217.7257804274559,216.64500898122787,217.93085926771164,217.89381766319275,216.13877046108246,217.832574903965,216.9034252166748,215.86257946491241,217.4719915986061,216.1548810005188,215.87131255865097,215.14591830968857,217.07620865106583
170,217.2258798480034,217.63319337368011,217.7756434082985,216.7172850370407,217.9816147685051,217.90815204381943,216.13744002580643,217.90195256471634,216.96138548851013,215.90542644262314,217.48326534032822,216.23851418495178,215.89424985647202,215.21065199375153,217.103948533535
171,217.29140037298203,217.682503759861,217.82261723279953,216.78925502300262,218.03434216976166,217.9324340224266,216.138527572155,217.97223383188248,217.02346801757812,215.95943838357925,217.5065365433693,216.3168402314186,215.9192722439766,215.2772553563118,217.13210898637772
172,217.36139529943466,217.7289988398552,217.8685809969902,216.860293507576,218.08787840604782,217.96664905548096,216.14375519752502,218.04205018281937,217.09037840366364,216.02000445127487,217.54216372966766,216.386128783226,215.9446085691452,215.3441851735115,217.1618111729622
173,217.43150943517685,217.7710582613945,217.914408326149,216.93110340833664,218.14067023992538,218.0105276107788,216.15349954366684,218.10986387729645,217.16209942102432,216.08405137062073,217.58937084674835,216.44558984041214,215.96610921621323,215.41073322296143,217.19423139095306
174,217.49661129713058,217.80846965312958,217.96001839637756,217.00178909301758,218.1902755498886,218.06358468532562,216.16793090105057,218.17396086454391,217.23853772878647,216.1500912308693,217.6469904780388,216.49471127986908,215.98191791772842,215.47629058361053,217.23144149780273
175,217.55293411016464,217.8419005870819,218.00657230615616,217.07078558206558,218.2349020242691,218.12501049041748,216.18710613250732,218.2321063876152,217.31850343942642,216.21790194511414,217.7129191160202,216.53399229049683,215.9926638007164,215.5410984158516,217.2758600115776
176,217.5976197719574,217.87232846021652,218.053307056427,217.13657200336456,218.27313697338104,218.19430488348007,216.21296334266663,218.28302657604218,217.40059214830399,216.28733789920807,217.78653687238693,216.56594395637512,215.99871677160263,215.60627055168152,217.32914751768112
177,217.6279617547989,217.90201073884964,218.0985815525055,217.19708347320557,218.30452632904053,218.2697837948799,216.2464680671692,218.32667976617813,217.48417329788208,216.35782247781754,217.8671065568924,216.5927369594574,216.00049549341202,215.67197769880295,217.39153587818146
178,217.64337122440338,217.9318489432335,218.1416376233101,217.2534180879593,218.32913368940353,218.3508020043373,216.28903049230576,218.36126065254211,217.56876629590988,216.4273046851158,217.95328164100647,216.61637669801712,216.0000774860382,215.7391043305397,217.46277475357056
179,217.6454232931137,217.96329087018967,218.18295353651047,217.30701369047165,218.34645700454712,218.43502932786942,216.33994048833847,218.38647311925888,217.65217292308807,216.49211138486862,218.0433988571167,216.63604986667633,216.00042510032654,215.8073763847351,217.54342633485794
180,217.63845032453537,217.99606066942215,218.22408097982407,217.3590782880783,218.3550910949707,218.52081018686295,216.39759504795074,218.40422159433365,217.73244607448578,216.55159771442413,218.1363570690155,216.65248894691467,216.00343376398087,215.8760662674904,217.6317298412323
