shift,pair_00,pair_01,pair_02,pair_03,pair_04,pair_05,pair_06,pair_07,pair_08,pair_09,pair_10,pair_11,pair_12,pair_13,pair_14
-180,215.56380653381348,216.45610862970352,217.7819668650627,215.3059988617897,216.94199097156525,216.95070034265518,217.64084500074387,220.12607610225677,218.5045147538185,216.73945879936218,216.13280457258224,218.62352085113525,218.28884422779083,215.13132959604263,217.7796465754509
-179,215.55424892902374,216.40580028295517,217.74354684352875,215.25453567504883,216.89099842309952,216.9308621287346,217.58782893419266,220.08187901973724,218.432743370533,216.68550968170166,216.06798911094666,218.5618678331375,218.15918219089508,215.08450782299042,217.71272265911102
-178,215.54137635231018,216.36092108488083,217.6978102326393,215.209790289402,216.84254586696625,216.91669857501984,217.5440834760666,220.03561025857925,218.35634166002274,216.64467692375183,216.01153922080994,218.50458806753159,218.02916967868805,215.02902388572693,217.65420693159103
-177,215.52272003889084,216.31903916597366,217.6479725241661,215.16902327537537,216.79455226659775,216.90455120801926,217.509143948555,219.98925548791885,218.27494049072266,216.61449325084686,215.9623743891716,218.4499626159668,217.90078538656235,214.96227329969406,217.60162568092346
-176,215.4977793097496,216.28003877401352,217.59602516889572,215.12919104099274,216.74405598640442,216.8908775448799,217.48278391361237,219.94405883550644,218.19004887342453,216.5920266509056,215.91793650388718,218.39584547281265,217.77482688426971,214.88468408584595,217.55450809001923
-175,215.4666514992714,216.24489003419876,217.54275983572006,215.08650547266006,216.68898004293442,216.872251868248,217.46333903074265,219.90174329280853,218.10410529375076,216.57418793439865,215.87619507312775,218.34087431430817,217.65070915222168,214.79992055892944,217.51348942518234
-174,215.43200200796127,216.2132740020752,217.489592730999,215.03867268562317,216.62855875492096,216.84733188152313,217.44785732030869,219.8622680902481,218.01916754245758,216.55740028619766,215.83614140748978,218.28386425971985,217.52889972925186,214.71080058813095,217.47868555784225
-173,215.39565193653107,216.18545025587082,217.43945425748825,214.98449540138245,216.5622233748436,216.819309592247,217.43373441696167,219.8264383673668,217.93822765350342,216.53876316547394,215.7982777953148,218.22343266010284,217.40975975990295,214.62350922822952,217.4522541165352
-172,215.35756784677505,216.16045039892197,217.39559787511826,214.92568051815033,216.4905732870102,216.78973758220673,217.41844427585602,219.79474502801895,217.8644809126854,216.51699090003967,215.7645732164383,218.16067618131638,217.29441076517105,214.5428003668785,217.43447762727737
-171,215.31805860996246,216.13836866617203,217.36068212985992,214.86525171995163,216.41271591186523,216.75894898176193,217.401193857193,219.76808780431747,217.80070286989212,216.49102824926376,215.73522019386292,218.09680646657944,217.185191988945,214.47285550832748,217.42330956459045
-170,215.2784554362297,216.1196820139885,217.33430010080338,214.80632656812668,216.3281271457672,216.72698557376862,217.3807448744774,219.7460411787033,217.7472686767578,216.46093767881393,215.70999425649643,218.03424656391144,217.08442413806915,214.41779088974,217.41867595911026
-169,215.2402110695839,216.10275375843048,217.3143406510353,214.75130623579025,216.23787277936935,216.69494253396988,217.35766965150833,219.7284706234932,217.70461112260818,216.42893534898758,215.6884896159172,217.97689652442932,216.99396097660065,214.38011765480042,217.42004507780075
-168,215.20411604642868,216.08621245622635,217.2982141971588,214.7024142742157,216.14448302984238,216.66343313455582,217.3324195742607,219.71464359760284,217.67209088802338,216.39614272117615,215.672132730484,217.92817395925522,216.91458237171173,214.35975497961044,217.4273357987404
-167,215.1720151901245,216.0683230161667,217.283445417881,214.66251021623611,216.0522978901863,216.63277447223663,217.30521327257156,219.70364075899124,217.64915746450424,216.36371964216232,215.66197055578232,217.89091730117798,216.84665447473526,214.35497671365738,217.43977415561676
-166,215.14477735757828,216.045836687088,217.26813101768494,214.63314032554626,215.96537125110626,216.6029949784279,217.27537620067596,219.69533437490463,217.63612169027328,216.33304071426392,215.6577217578888,217.8654609322548,216.7894179224968,214.36213529109955,217.45654100179672
-165,215.12388449907303,216.01565849781036,217.2514967918396,214.61331528425217,215.8881150484085,216.57471829652786,217.2424191236496,219.69005113840103,217.6322163939476,216.3046600818634,215.6588557958603,217.85188740491867,216.74295830726624,214.37544178962708,217.4760423898697
-164,215.10969072580338,215.97648745775223,217.23237186670303,214.600526034832,215.82333827018738,216.54934734106064,217.20624202489853,219.6878662109375,217.63527834415436,216.27940994501114,215.6649979352951,217.84825682640076,216.7073916196823,214.39204055070877,217.4962118268013
-163,215.1022355556488,215.92855644226074,217.20983666181564,214.5913923382759,215.7725899219513,216.52774995565414,217.16826742887497,219.6883840560913,217.6427470445633,216.2572436928749,215.67596626281738,217.85318565368652,216.68302738666534,214.40782523155212,217.51620656251907
-162,215.10073083639145,215.8727082014084,217.18360447883606,214.5846791267395,215.73670572042465,216.51099282503128,217.1295771598816,219.69129329919815,217.65097641944885,216.23752933740616,215.69114929437637,217.86645191907883,216.66957890987396,214.4205247759819,217.5351396203041
-161,215.10463047027588,215.8104783296585,217.15400117635727,214.57880818843842,215.7143161892891,216.50016105175018,217.09220170974731,219.69661235809326,217.65538275241852,216.22064131498337,215.70980155467987,217.88633787631989,216.66687732934952,214.42955470085144,217.551103413105
-160,215.11304765939713,215.74316745996475,217.12222003936768,214.57239454984665,215.7041026353836,216.4966503381729,217.05739545822144,219.70428276062012,217.65229284763336,216.2064768075943,215.7308879494667,217.9118331670761,216.6739965081215,214.43326878547668,217.56238669157028
-159,215.12533801794052,215.67309898138046,217.08920937776566,214.5654900074005,215.7043159008026,216.500550866127,217.02566921710968,219.71366316080093,217.63933783769608,216.19455236196518,215.75391644239426,217.94147861003876,216.6891079545021,214.4316759109497,217.5680996775627
-158,215.14147329330444,215.60278683900833,217.05501931905746,214.55938577651978,215.71297907829285,216.51184582710266,216.99749451875687,219.72397804260254,217.61545139551163,216.18632125854492,215.7788035273552,217.97351652383804,216.71038681268692,214.4264075756073,217.5679817199707
-157,215.160269677639,215.53463411331177,217.02054011821747,214.55485600233078,215.72868943214417,216.5298358798027,216.9740429520607,219.73410868644714,217.57980298995972,216.18216240406036,215.8045193552971,218.00533843040466,216.73606818914413,214.41675347089767,217.56261038780212
-156,215.18109494447708,215.47098457813263,216.98624140024185,214.55325883626938,215.75082385540009,216.5537849664688,216.95619744062424,219.7433454990387,217.53274536132812,216.18103623390198,215.8302445411682,218.03427809476852,216.76503413915634,214.40165096521378,217.5528512597084
-155,215.20349490642548,215.41423267126083,216.9516813158989,214.5550884604454,215.77848899364471,216.58254182338715,216.94463968276978,219.75188374519348,217.47498327493668,216.18255138397217,215.8552794456482,218.05935889482498,216.79583978652954,214.3810714483261,217.54045617580414
-154,215.22665733098984,215.36604315042496,216.91642785072327,214.55993735790253,215.81008738279343,216.61433613300323,216.93894827365875,219.75997442007065,217.40721476078033,216.18665236234665,215.87889564037323,218.07963413000107,216.82667392492294,214.3554489016533,217.52683752775192
-153,215.25340104103088,215.32671254873276,216.87904012203217,214.56772601604462,215.8437928557396,216.64702862501144,216.93777912855148,219.7681369781494,217.33195036649704,216.19364827871323,215.89983648061752,218.09449636936188,216.85619467496872,214.3248702287674,217.5145165324211
-152,215.28590607643127,215.29641741514206,216.83850413560867,214.57897740602493,215.87844544649124,216.67897874116898,216.93979412317276,219.7765245437622,217.25213420391083,216.2042117714882,215.91774427890778,218.10415756702423,216.88333696126938,214.28917926549911,217.50505083799362
-151,215.32589453458786,215.27483022212982,216.79477912187576,214.59365355968475,215.9137635231018,216.7087197303772,216.9431387782097,219.78490841388702,217.17045813798904,216.21796303987503,215.93350303173065,218.10892140865326,216.9074845314026,214.24849009513855,217.49986535310745
-150,215.37308079004288,215.26095658540726,216.74841833114624,214.6113892197609,215.9485079050064,216.73493641614914,216.94611030817032,219.79252928495407,217.09011101722717,216.2344650030136,215.94731837511063,218.11003524065018,216.92839670181274,214.20399355888367,217.49988788366318
-149,215.4255576133728,215.25396025180817,216.69986748695374,214.63127428293228,215.9822919368744,216.75659120082855,216.9470732808113,219.79885190725327,217.01436775922775,216.25264900922775,215.95959025621414,218.10979372262955,216.94701039791107,214.15659427642822,217.50475478172302
-148,215.48169600963593,215.2522829771042,216.65044742822647,214.65257507562637,216.01543712615967,216.77386271953583,216.94531536102295,219.80355840921402,216.94529366493225,216.27168130874634,215.96970331668854,218.11013293266296,216.96443194150925,214.10670226812363,217.51463478803635
-147,215.53941351175308,215.2548741698265,216.60131978988647,214.67386758327484,216.04687696695328,216.7874591946602,216.94032382965088,219.8064907193184,216.88445913791656,216.2905896306038,215.97707837820053,218.11275470256805,216.98179972171783,214.0553698539734,217.53005278110504
-146,215.59577643871307,215.2618506550789,216.5533436536789,214.69302135705948,216.07532024383545,216.79825621843338,216.9321066737175,219.80768585205078,216.83320999145508,216.3083713054657,215.98117899894714,218.11892819404602,216.9999861717224,214.003597676754,217.55088394880295
-145,215.6482251882553,215.27389574050903,216.50695914030075,214.70850330591202,216.09940284490585,216.80766373872757,216.92090010643005,219.80727016925812,216.79132467508316,216.3247190117836,215.98224025964737,218.13007932901382,217.01984602212906,213.95258623361588,217.5767503976822
-144,215.6941209435463,215.29041689634323,216.4625784754753,214.7198720574379,216.1178097128868,216.81660467386246,216.90653717517853,219.80550342798233,216.75800108909607,216.33950942754745,215.9801162481308,218.14782285690308,217.04279363155365,213.90548872947693,217.60665881633759
-143,215.73151183128357,215.31048768758774,216.42072027921677,214.72760897874832,216.12985932826996,216.82554334402084,216.889264523983,219.80224066972733,216.7322860956192,216.35230457782745,215.97539323568344,218.17267489433289,217.06948125362396,213.8659170269966,217.6397823691368
-142,215.75938940048218,215.3331983089447,216.38204407691956,214.7323578596115,216.1359201669693,216.8350995182991,216.8701667189598,219.79755663871765,216.71284836530685,216.36274123191833,215.96853297948837,218.2037717103958,217.0999155640602,213.83699542284012,217.675363779068
-141,215.77679759263992,215.35897159576416,216.3473962545395,214.73458296060562,216.1371914744377,216.84589236974716,216.8506659269333,219.79193305969238,216.69818276166916,216.3708707690239,215.96024698019028,218.23957669734955,217.13384610414505,213.82067620754242,217.71244406700134
-140,215.784936606884,215.38788467645645,216.31749355793,214.7345808148384,216.13609367609024,216.85780096054077,216.83239489793777,219.7858411669731,216.6871771812439,216.37672972679138,215.9512928724289,218.2786756157875,217.17045199871063,213.81800669431686,217.74960029125214
-139,215.78691536188126,215.41971743106842,216.29329806566238,214.73319518566132,216.13433569669724,216.87082052230835,216.8180991411209,219.78008222579956,216.67928248643875,216.38069993257523,215.9431507587433,218.3195920586586,217.2082747220993,213.82847315073013,217.78601151704788
-138,215.78597104549408,215.45440006256104,216.2754613161087,214.73143362998962,216.13344180583954,216.88496685028076,216.81010681390762,219.7753980755806,216.67435067892075,216.3832684159279,215.93678015470505,218.36107516288757,217.24498057365417,213.85041332244873,217.82076716423035
-137,215.78505635261536,215.49158823490143,216.26435762643814,214.73013347387314,216.1349037885666,216.8998622894287,216.8096335530281,219.77215909957886,216.67218166589737,216.38463574647903,215.9332493543625,218.40160977840424,217.27802807092667,213.88127887248993,217.85318249464035
-136,215.78667026758194,215.53073507547379,216.26032042503357,214.72995960712433,216.13845777511597,216.9145649075508,216.8179750442505,219.77076733112335,216.67247259616852,216.3854619860649,215.93286675214767,218.4402248263359,217.30543941259384,213.91837257146835,217.88219118118286
-135,215.7930167913437,215.57152205705643,216.2639680504799,214.73104786872864,216.1433909535408,216.92847961187363,216.83530724048615,219.77143841981888,216.6752347946167,216.38656026124954,215.93473255634308,218.47604244947433,217.32620507478714,213.95850497484207,217.90686964988708
-134,215.80482959747314,215.6137015223503,216.27510219812393,214.7336671948433,216.14892852306366,216.94118058681488,216.8606014251709,219.77459079027176,216.67999649047852,216.38843488693237,215.93826484680176,218.50770223140717,217.3403154015541,213.99910801649094,217.9261816740036
-133,215.82207745313644,215.65739983320236,216.29361760616302,214.73870205879211,216.1542810201645,216.9523937702179,216.89194351434708,219.78049010038376,216.6864732503891,216.3917619585991,215.94379609823227,218.53406196832657,217.34910011291504,214.03756535053253,217.93889075517654
-132,215.8446303009987,215.7026508450508,216.31874400377274,214.74655652046204,216.15915608406067,216.96250653266907,216.92691212892532,219.78874844312668,216.69481599330902,216.3974650502205,215.9502323269844,218.55427205562592,217.3535071015358,214.0713392496109,217.9444871544838
-131,215.87167358398438,215.74901223182678,216.34963130950928,214.75762754678726,216.16379588842392,216.9716740846634,216.9636394381523,219.79870772361755,216.7055351138115,216.40545785427094,215.95599204301834,218.56869661808014,217.3543655872345,214.09863424301147,217.94343948364258
-130,215.90158915519714,215.7960056066513,216.38632905483246,214.7731992006302,216.16823649406433,216.97961312532425,217.00015151500702,219.8096163868904,216.71846902370453,216.41532623767853,215.9595039486885,218.57878798246384,217.35245424509048,214.11808973550797,217.93636065721512
-129,215.93244463205338,215.84270668029785,216.42858451604843,214.7942934036255,216.1722949743271,216.98593765497208,217.03395491838455,219.82090336084366,216.73337864875793,216.42632621526718,215.95955258607864,218.58652812242508,217.3485050201416,214.12950038909912,217.9241653084755
-128,215.9626044034958,215.8878457546234,216.47534388303757,214.82156801223755,216.17610162496567,216.99087339639664,217.06270265579224,219.832112967968,216.7500433921814,216.43759095668793,215.95533281564713,218.5931118130684,217.34305089712143,214.13336938619614,217.90800338983536
-127,215.99123108386993,215.930757522583,216.52518624067307,214.85426062345505,216.1799852848053,216.99434214830399,217.08422380685806,219.84281241893768,216.7685023546219,216.44824409484863,215.94650769233704,218.59898447990417,217.3363135457039,214.13101369142532,217.88866114616394
-126,216.01753509044647,215.97099995613098,216.57668679952621,214.89123392105103,216.18454825878143,216.99596786499023,217.09696251153946,219.85259181261063,216.7883598804474,216.45724952220917,215.93358492851257,218.60395336151123,217.32841402292252,214.1244037747383,217.86646151542664
-125,216.0409900546074,216.0081462264061,216.62858265638351,214.93122577667236,216.19032138586044,216.9953545331955,217.10033190250397,219.86168503761292,216.80905097723007,216.46413147449493,215.91751611232758,218.60810792446136,217.3194727897644,214.11537033319473,217.84159803390503
-124,216.06150656938553,216.0418785214424,216.67961114645004,214.9721381664276,216.19741064310074,216.9921407699585,217.09505486488342,219.87045449018478,216.8301215171814,216.46921277046204,215.8995804786682,218.61156737804413,217.30916619300842,214.10569363832474,217.81487315893173
-123,216.07897609472275,216.07172977924347,216.7289595603943,215.0124322772026,216.20589536428452,216.98598778247833,217.0827757716179,219.87935811281204,216.85144650936127,216.47275817394257,215.88121110200882,218.6138865351677,217.2967386841774,214.09718030691147,217.7875794172287
-122,216.09257739782333,216.09682649374008,216.77585864067078,215.05101269483566,216.21565729379654,216.97659254074097,217.0663503408432,219.8887563943863,216.8726762533188,216.47488075494766,215.86403387784958,218.614353120327,217.28121656179428,214.0908397436142,217.76090109348297
-121,216.1013652086258,216.1162635087967,216.8195645213127,215.08724570274353,216.22623646259308,216.96331256628036,217.04854118824005,219.89906519651413,216.89354348182678,216.47627979516983,215.8489769101143,218.61236828565598,217.26195001602173,214.08783411979675,217.7361055612564
-120,216.1044409275055,216.1294212937355,216.85930860042572,215.12077116966248,216.2372503876686,216.94527435302734,217.03173345327377,219.91083616018295,216.91417306661606,216.47807145118713,215.83671522140503,218.60789680480957,217.23891907930374,214.08922892808914,217.7142671942711
-119,216.10145109891891,216.13628154993057,216.89511531591415,215.15140974521637,216.24806690216064,216.92211735248566,217.0184975862503,219.924740254879,216.93526470661163,216.48172622919083,215.82734811306,218.6016741991043,217.21367120742798,214.09531724452972,217.69653809070587
-118,216.09221053123474,216.1368791460991,216.9275393486023,215.17898935079575,216.2576869726181,216.89438092708588,217.0105528831482,219.94159764051437,216.95806127786636,216.48831009864807,215.82103550434113,218.5946055650711,217.18792575597763,214.10601180791855,217.684035718441
-117,216.07753521203995,216.13141906261444,216.95786100625992,215.203719496727,216.26497757434845,216.8633632659912,217.00883150100708,219.96167343854904,216.98277401924133,216.4985392689705,215.81677269935608,218.5874258875847,217.16284769773483,214.12068819999695,217.677588224411
-116,216.0593808889389,216.12045526504517,216.9870731830597,215.2253954410553,216.26953983306885,216.83109384775162,217.01383036375046,219.98466676473618,217.0091249346733,216.51291543245316,215.81392872333527,218.58099484443665,217.13871723413467,214.13815850019455,217.67782533168793
-115,216.0391075015068,216.10496658086777,217.01569467782974,215.24377197027206,216.27117717266083,216.79998171329498,217.02547007799149,220.01015961170197,217.03694480657578,216.5317969918251,215.81243461370468,218.5758579969406,217.11586165428162,214.1572266817093,217.68439483642578
-114,216.0177719593048,216.08683890104294,217.0437552332878,215.25857281684875,216.27059280872345,216.77214270830154,217.04354923963547,220.03760927915573,217.06558430194855,216.55496788024902,215.81190592050552,218.57183635234833,217.0950367450714,214.1766551733017,217.69633573293686
-113,215.9954760670662,216.06756103038788,217.07130885124207,215.26911079883575,216.26810312271118,216.749225795269,217.06751984357834,220.06624120473862,217.09403789043427,216.5815412402153,215.81158924102783,218.5685931444168,217.07681673765182,214.19593608379364,217.7126166820526
-112,215.9727145433426,216.04834014177322,217.099343419075,215.27512657642365,216.2637191414833,216.73332327604294,217.0962056517601,220.0952246785164,217.1213020682335,216.61057209968567,215.81147015094757,218.56586134433746,217.0613875389099,214.2144426703453,217.73242419958115
-111,215.9501640200615,216.03092902898788,217.1283808350563,215.27807730436325,216.25778406858444,216.72632920742035,217.12786155939102,220.12323027849197,217.14616280794144,216.64099138975143,215.81147408485413,218.56334501504898,217.04906523227692,214.231458902359,217.75468677282333
-110,215.92855137586594,216.01687967777252,217.15918028354645,215.28042656183243,216.25117307901382,216.7292806506157,217.1603608727455,220.14865350723267,217.16743552684784,216.67151135206223,215.81138157844543,218.56155812740326,217.04022079706192,214.24627536535263,217.77790462970734
-109,215.9085469841957,216.00696551799774,217.19196832180023,215.2836652994156,216.24481374025345,216.74223440885544,217.19132494926453,220.17005741596222,217.18428641557693,216.70142513513565,215.8108189702034,218.56142473220825,217.0354746580124,214.25888055562973,217.80108326673508
-108,215.89041125774384,216.00184655189514,217.22628152370453,215.28803652524948,216.2389051914215,216.76404702663422,217.21901959180832,220.1867511868477,217.1965972185135,216.7305542230606,215.80988591909409,218.56381887197495,217.0358573794365,214.2704318165779,217.82374382019043
-107,215.87445217370987,216.0020428299904,217.26143735647202,215.2937136888504,216.23303544521332,216.79270803928375,217.24249774217606,220.19857543706894,217.20415979623795,216.7585141658783,215.80895698070526,218.56895262002945,217.0423138141632,214.28205925226212,217.8453664779663
-106,215.86084002256393,216.00805175304413,217.29630160331726,215.30098247528076,216.22759544849396,216.82625448703766,217.260797560215,220.20575177669525,217.20623075962067,216.78555560112,215.80899792909622,218.57639545202255,217.0544621348381,214.29513120651245,217.86585235595703
-105,215.84958374500275,216.02007603645325,217.3294278383255,215.31097292900085,216.22307401895523,216.863214969635,217.27381747961044,220.20881778001785,217.20240885019302,216.81195068359375,215.81146878004074,218.58551651239395,217.07205486297607,214.31030529737473,217.88539099693298
-104,215.84128844738007,216.03766477108002,217.3595234155655,215.3240893483162,216.21969944238663,216.90188109874725,217.28222531080246,220.20806223154068,217.19285261631012,216.83842170238495,215.81786960363388,218.59558123350143,217.09409660100937,214.3272904753685,217.90411984920502
-103,215.83665972948074,216.06076806783676,217.38569021224976,215.33927863836288,216.2165857553482,216.9408693909645,217.2871053814888,220.20374542474747,217.17783945798874,216.86465901136398,215.82893776893616,218.60623067617416,217.11923336982727,214.34551459550858,217.92204278707504
-102,215.83566170930862,216.08884638547897,217.40773230791092,215.35631901025772,216.21279227733612,216.9783440232277,217.2897681593895,220.19637084007263,217.15749561786652,216.8899787068367,215.84403085708618,218.6172142624855,217.14618229866028,214.36447590589523,217.9388358592987
-101,215.83752673864365,216.12078166007996,217.425548017025,215.37412536144257,216.20780473947525,217.0126388669014,217.2914860844612,220.18647772073746,217.1316180229187,216.91389989852905,215.86203128099442,218.62850373983383,217.1743061542511,214.38312250375748,217.9545469880104
-100,215.84138476848602,216.1553019285202,217.43927854299545,215.3918046951294,216.20129799842834,217.04248827695847,217.29330241680145,220.17476242780685,217.10060757398605,216.93614917993546,215.8827849626541,218.64030504226685,217.20279604196548,214.39977896213531,217.9696009159088
-99,215.84600794315338,216.19091641902924,217.44891929626465,215.40909671783447,216.19301337003708,217.0669088959694,217.29612851142883,220.16217136383057,217.0654252767563,216.95654624700546,215.90543454885483,218.65270018577576,217.23091167211533,214.41254073381424,217.98465132713318
-98,215.85063481330872,216.22652393579483,217.45456713438034,215.42598938941956,216.18323493003845,217.08537364006042,217.3003049492836,220.1497841477394,217.02771371603012,216.97507065534592,215.92915427684784,218.66516864299774,217.2580361366272,214.4207063317299,217.9998373389244
-97,215.85480225086212,216.2610138654709,217.4565531015396,215.44229584932327,216.1724869608879,217.09791880846024,217.30522400140762,220.13819909095764,216.98986434936523,216.99162769317627,215.95284605026245,218.6769545674324,217.2839941382408,214.42443138360977,218.01502722501755
-96,215.8578782081604,216.2927737236023,217.45498979091644,215.4583014845848,216.16137689352036,217.1060853600502,217.31204122304916,220.12785583734512,216.95396488904953,217.00559681653976,215.9754061102867,218.6873517036438,217.30853325128555,214.4240247607231,218.03002947568893
-95,215.8596396446228,216.32005125284195,217.45014637708664,215.47409230470657,216.15125024318695,217.110524892807,217.32184559106827,220.11862015724182,216.92216086387634,217.0167378783226,215.99589264392853,218.69571590423584,217.33121693134308,214.42018938064575,218.0446611046791
-94,215.85972321033478,216.3420438170433,217.44270306825638,215.48950427770615,216.14359378814697,217.111123919487,217.3345018029213,220.11004561185837,216.89654356241226,217.02499878406525,216.01339799165726,218.70129883289337,217.35133123397827,214.41313660144806,218.05892497301102
-93,215.85808664560318,216.35855489969254,217.43343156576157,215.50464916229248,216.1391847729683,217.10874992609024,217.3496984243393,220.10154485702515,216.87860506772995,217.03018683195114,216.026859998703,218.70342445373535,217.36831229925156,214.40385764837265,218.07352912425995
-92,215.85516947507858,216.36939370632172,217.42298084497452,215.51975733041763,216.13820379972458,217.1042396426201,217.3673814535141,220.09260791540146,216.86889404058456,217.03262650966644,216.03547847270966,218.70178818702698,217.38173687458038,214.3934681415558,218.08902752399445
-91,215.85168862342834,216.37467765808105,217.41202992200851,215.53504860401154,216.14030319452286,217.0982282757759,217.3876475095749,220.0829300880432,216.86721050739288,217.032761156559,216.03870034217834,218.69649785757065,217.39129847288132,214.3821736574173,218.10588020086288
-90,215.84866774082184,216.37430882453918,217.40128529071808,215.5503311753273,216.1447228193283,217.09144002199173,217.4103343486786,220.07219195365906,216.87319177389145,217.03132927417755,216.03686767816544,218.6877646446228,217.39719885587692,214.37115663290024,218.12428659200668
-89,215.84714674949646,216.36868423223495,217.3912038207054,215.56494253873825,216.15070921182632,217.08432000875473,217.43520724773407,220.06026649475098,216.88644641637802,217.0285394191742,216.03084987401962,218.67585134506226,217.40023803710938,214.36232310533524,218.14405131340027
-88,215.84799540042877,216.3589590191841,217.38196009397507,215.57823640108109,216.15754371881485,217.0774483680725,217.46201765537262,220.04736250638962,216.90597015619278,217.02446579933167,216.02215564250946,218.6611081957817,217.40191864967346,214.35671889781952,218.1644749045372
-87,215.8518761396408,216.34642380475998,217.37343341112137,215.59045964479446,216.16427445411682,217.0715481042862,217.49022144079208,220.0340492129326,216.93059355020523,217.0192266702652,216.01253628730774,218.64398157596588,217.40385526418686,214.3552085161209,218.18507355451584
-86,215.85886406898499,216.33244681358337,217.36538338661194,215.60225689411163,216.17026895284653,217.06744718551636,217.5189768075943,220.0210683941841,216.95877754688263,217.0125417113304,216.00306183099747,218.62511944770813,217.40702790021896,214.3579477071762,218.2053817510605
-85,215.868790268898,216.31802719831467,217.3577777147293,215.61424958705902,216.17514449357986,217.06579267978668,217.5470922589302,220.00901556015015,216.98919808864594,217.00427520275116,215.99454247951508,218.60527604818344,217.41212606430054,214.36444050073624,218.224170088768
-84,215.8812736272812,216.30394023656845,217.35052609443665,215.62703049182892,216.1788439154625,217.06752479076385,217.57350140810013,219.99857050180435,217.02114206552505,216.9949808716774,215.98789751529694,218.58535397052765,217.41948103904724,214.37388426065445,218.23998093605042
-83,215.89608520269394,216.2908799648285,217.34353733062744,215.64072757959366,216.1812965273857,217.07310873270035,217.59720504283905,219.99022579193115,217.05403393507004,216.98536974191666,215.9833123087883,218.56623756885529,217.42900800704956,214.38462042808533,218.2515857219696
-82,215.91307717561722,216.27935415506363,217.33698320388794,215.65560454130173,216.18269401788712,217.08283352851868,217.61729550361633,219.98417925834656,217.0865222811699,216.97634333372116,215.98023408651352,218.54857897758484,217.44030231237411,214.39494049549103,218.2582204937935
-81,215.9317391514778,216.2695385813713,217.33086907863617,215.67170703411102,216.1833810210228,217.0972729921341,217.63323611021042,219.98037242889404,217.11705124378204,216.96913421154022,215.9776330590248,218.53265357017517,217.45275324583054,214.40336775779724,218.2600173354149
-80,215.95147395133972,216.26131904125214,217.32506954669952,215.68907517194748,216.18366718292236,217.11673283576965,217.64464664459229,219.97881132364273,217.1445209980011,216.96518862247467,215.97454696893692,218.51878416538239,217.46549433469772,214.40871846675873,218.25772547721863
-79,215.97213524580002,216.25436228513718,217.3195531964302,215.70840692520142,216.1838903427124,217.14137768745422,217.65147697925568,219.9795378446579,217.16828632354736,216.96576362848282,215.97017973661423,218.50757771730423,217.47736966609955,214.41028881072998,218.25189411640167
-78,215.9934567809105,216.2485368847847,217.3139882683754,215.72964811325073,216.18462359905243,217.17074501514435,217.65376257896423,219.98267483711243,217.18798750638962,216.97153103351593,215.96429753303528,218.4994591474533,217.48772633075714,214.4079111814499,218.2432255744934
-77,216.0149707198143,216.24402076005936,217.3079635500908,215.75245440006256,216.18670070171356,217.20341432094574,217.65142661333084,219.9882813692093,217.2036103606224,216.98224264383316,215.95695477724075,218.49495726823807,217.4965814948082,214.40162736177444,218.23200225830078
-76,216.03652954101562,216.24047654867172,217.30100882053375,215.77616637945175,216.19093418121338,217.23789966106415,217.64474213123322,219.99635821580887,217.21548169851303,216.9968501329422,215.94882756471634,218.49452662467957,217.50426304340363,214.39207530021667,218.21869164705276
-75,216.05799198150635,216.23791402578354,217.29286283254623,215.80024522542953,216.19779181480408,217.27241212129593,217.63419860601425,220.00669568777084,217.22375839948654,217.01405692100525,215.94074499607086,218.49815249443054,217.51109951734543,214.38080382347107,218.20393270254135
-74,216.07880282402039,216.23687821626663,217.28347009420395,215.82376313209534,216.20751422643661,217.30496633052826,217.6202295422554,220.01903462409973,217.22860676050186,217.0324593782425,215.93358755111694,218.50529968738556,217.51759016513824,214.36901760101318,218.1886550784111
-73,216.09835374355316,216.23790311813354,217.27302765846252,215.84532701969147,216.21978944540024,217.33364337682724,217.6034489274025,220.03304147720337,217.23044782876968,217.05048167705536,215.92835879325867,218.51522916555405,217.52416092157364,214.35756713151932,218.17393565177917
-72,216.11592936515808,216.24129557609558,217.2618807554245,215.86372953653336,216.2345696091652,217.35733205080032,217.58421808481216,220.04821372032166,217.23007082939148,217.0669509768486,215.9257419705391,218.52705073356628,217.53115165233612,214.34700417518616,218.160582780838
-71,216.13100230693817,216.2473732829094,217.2507472038269,215.87805104255676,216.2521311044693,217.3755886554718,217.56299608945847,220.06411069631577,217.2281311750412,217.08119374513626,215.92634898424149,218.53971153497696,217.53895390033722,214.33738666772842,218.14938879013062
-70,216.143057346344,216.2562716603279,217.24059092998505,215.88767236471176,216.27266663312912,217.38854432106018,217.54050087928772,220.0805041193962,217.2254079580307,217.09274089336395,215.9305583834648,218.552237033844,217.5475793480873,214.32875162363052,218.1412999033928
-69,216.15162009000778,216.26788008213043,217.23267829418182,215.8918358683586,216.29586869478226,217.39640700817108,217.517662525177,220.09736835956573,217.22223299741745,217.1015813946724,215.93816059827805,218.56373757123947,217.5565218925476,214.32141834497452,218.13709729909897
-68,216.15641874074936,216.2821291089058,217.22847002744675,215.88979977369308,216.3211658000946,217.39960020780563,217.49563735723495,220.11441922187805,217.2187163233757,217.10772901773453,215.94869089126587,218.57362097501755,217.56520903110504,214.3160299062729,218.1371665596962
-67,216.15752160549164,216.29911798238754,217.22916501760483,215.88142317533493,216.34795546531677,217.3988311290741,217.47555643320084,220.1313316822052,217.21506798267365,217.11132258176804,215.96160221099854,218.58159732818604,217.57316386699677,214.31323730945587,218.1413534283638
-66,216.15525287389755,216.31841665506363,217.23555034399033,215.86695384979248,216.37503123283386,217.39495009183884,217.45836359262466,220.14769613742828,217.2115844488144,217.11254650354385,215.97637099027634,218.58746349811554,217.57977253198624,214.3131347298622,218.1490997672081
-65,216.14995235204697,216.33911907672882,217.24793642759323,215.84694695472717,216.40083706378937,217.38893729448318,217.44490265846252,220.16297906637192,217.20845544338226,217.11149954795837,215.99316984415054,218.5912789106369,217.58488029241562,214.31582993268967,218.1596900820732
-64,216.14214473962784,216.3600878715515,217.26576155424118,215.82253122329712,216.42384350299835,217.38171356916428,217.43578922748566,220.17652469873428,217.20585042238235,217.10843443870544,216.01183462142944,218.59309619665146,217.5885266661644,214.32119488716125,218.17243766784668
-63,216.13259172439575,216.3802953362465,217.28807365894318,215.79535657167435,216.44282984733582,217.37445217370987,217.4309365749359,220.18790078163147,217.20411121845245,217.1032953262329,216.03199821710587,218.59326642751694,217.59076988697052,214.328877389431,218.18651342391968
-62,216.12245446443558,216.39904010295868,217.31379216909409,215.767003595829,216.4567809700966,217.36825984716415,217.4301878809929,220.19673371315002,217.20335745811462,217.0961646437645,216.05319982767105,218.5923427939415,217.59157752990723,214.33847200870514,218.20093196630478
-61,216.11287623643875,216.41577619314194,217.3415676355362,215.73881608247757,216.4652682542801,217.36406922340393,217.43325471878052,220.20303970575333,217.2036481499672,217.08754181861877,216.0746967792511,218.59090852737427,217.59112071990967,214.3495351076126,218.21466380357742
-60,216.10491979122162,216.4302760362625,217.37006437778473,215.71185648441315,216.46829223632812,217.36240190267563,217.43978947401047,220.20715427398682,217.20512652397156,217.07812070846558,216.09574896097183,218.5894787311554,217.58949899673462,214.36165463924408,218.22691583633423
-59,216.0994375348091,216.44269216060638,217.39793825149536,215.68759787082672,216.46621811389923,217.36332023143768,217.44929456710815,220.2095108628273,217.20789766311646,217.0690217614174,216.1153106689453,218.5886167883873,217.5867319703102,214.37448233366013,218.2371779680252
-58,216.09689331054688,216.45375853776932,217.42354887723923,215.6671724319458,216.45958679914474,217.36626875400543,217.46111285686493,220.21054846048355,217.2119119167328,217.06123667955399,216.13207870721817,218.58883780241013,217.5827478170395,214.3879142999649,218.24514788389206
-57,216.09741353988647,216.46416556835175,217.44566851854324,215.65109604597092,216.4492867588997,217.37025898694992,217.47426402568817,220.210779607296,217.21722549200058,217.05563366413116,216.14486873149872,218.59066325426102,217.5775203704834,214.40158367156982,218.25086027383804
-56,216.1010850071907,216.4744417667389,217.46371138095856,215.63921684026718,216.4366216659546,217.37388801574707,217.4877843260765,220.21048831939697,217.2241593003273,217.05313378572464,216.15308660268784,218.59441936016083,217.5710972547531,214.4148570895195,218.25466811656952
-55,216.10744559764862,216.4850708246231,217.4778429865837,215.6308125257492,216.4227339029312,217.37606316804886,217.5010725259781,220.20970356464386,217.23299610614777,217.05438774824142,216.15674644708633,218.60025918483734,217.56362080574036,214.4267699122429,218.25666588544846
-54,216.11611104011536,216.49615168571472,217.4883223772049,215.62464863061905,216.408094227314,217.37607777118683,217.51365768909454,220.20845943689346,217.24394059181213,217.05974507331848,216.15669149160385,218.60824126005173,217.5552038550377,214.43654072284698,218.25687950849533
-53,216.12684231996536,216.5076977610588,217.4954519867897,215.61928915977478,216.39276295900345,217.3738551735878,217.52495568990707,220.20681774616241,217.25705003738403,217.0692428946495,216.15417516231537,218.61835807561874,217.54607224464417,214.44372206926346,218.2552918791771
-52,216.13922476768494,216.51950061321259,217.4996002316475,215.6134968996048,216.37674701213837,217.36963480710983,217.53469371795654,220.2049262523651,217.27209454774857,217.08280009031296,216.15051293373108,218.63047468662262,217.53672051429749,214.448036134243,218.25189405679703
-51,216.15274965763092,216.53144454956055,217.5013318657875,215.60678899288177,216.35993373394012,217.3640843629837,217.5427230000496,220.20286083221436,217.28866279125214,217.10016870498657,216.1469789147377,218.64424365758896,217.52776616811752,214.44979482889175,218.24689704179764
-50,216.16705018281937,216.5432094335556,217.50108098983765,215.59899854660034,216.34197455644608,217.35793739557266,217.54878813028336,220.2006800174713,217.3063337802887,217.1206552386284,216.1444615125656,218.65927582979202,217.5198226571083,214.44922935962677,218.2407523393631
-49,216.1817016005516,216.5545044541359,217.49907457828522,215.5902065038681,216.3225263953209,217.35195821523666,217.55230951309204,220.19842129945755,217.32431876659393,217.1432032585144,216.14355927705765,218.67503970861435,217.51337164640427,214.44689917564392,218.23402643203735
-48,216.19646692276,216.5652266740799,217.4954890012741,215.58075112104416,216.30147010087967,217.34698450565338,217.5531017780304,220.1962411403656,217.34198081493378,217.16642755270004,216.14452594518661,218.69100689888,217.50888979434967,214.44353419542313,218.22744691371918
-47,216.21109741926193,216.57569867372513,217.49047207832336,215.57092428207397,216.27892273664474,217.34360587596893,217.551367521286,220.19427978992462,217.35895317792892,217.18903070688248,216.14756429195404,218.70662623643875,217.50668144226074,214.43983668088913,218.2216681241989
-46,216.22529327869415,216.58669435977936,217.48434615135193,215.56141829490662,216.25515687465668,217.34233009815216,217.5477550625801,220.19261747598648,217.37498944997787,217.20988351106644,216.15272372961044,218.72145247459412,217.5067020058632,214.4362741112709,218.21748661994934
-45,216.23867642879486,216.59817731380463,217.4775407910347,215.5533463358879,216.23070818185806,217.34338009357452,217.54319471120834,220.1912471652031,217.38973373174667,217.22826462984085,216.159893989563,218.73511350154877,217.5085085630417,214.43265581130981,218.21569508314133
-44,216.2509468793869,216.6098137497902,217.47062921524048,215.5479382276535,216.20622390508652,217.34673357009888,217.5387361049652,220.19020926952362,217.40301531553268,217.24392491579056,216.1690343618393,218.74735289812088,217.51141726970673,214.4284058213234,218.21684169769287
-43,216.26187533140182,216.62131941318512,217.46409821510315,215.54614466428757,216.1823928952217,217.35178619623184,217.53550082445145,220.18954414129257,217.4149027466774,217.25688433647156,216.1798267364502,218.7579790353775,217.514934360981,214.42319929599762,218.2210837006569
-42,216.27120465040207,216.63231986761093,217.45840406417847,215.54865729808807,216.1596304178238,217.35783207416534,217.53441220521927,220.18921607732773,217.42561453580856,217.2673698067665,216.19183111190796,218.76687759160995,217.5185757279396,214.41697001457214,218.22853475809097
-41,216.27887803316116,216.64237660169601,217.45405960083008,215.5555812716484,216.13827282190323,217.36379742622375,217.53604346513748,220.18933486938477,217.435172021389,217.27555710077286,216.20435100793839,218.77384889125824,217.52187222242355,214.41019767522812,218.23906075954437
-40,216.2848640680313,216.65130627155304,217.45148128271103,215.56664884090424,216.118586063385,217.36873549222946,217.5401239991188,220.18998461961746,217.44369983673096,217.28175139427185,216.21654719114304,218.77882605791092,217.52440357208252,214.40376609563828,218.25237607955933
-39,216.28929775953293,216.65898668766022,217.45089173316956,215.58114278316498,216.10060095787048,217.3718804717064,217.5460193157196,220.19119268655777,217.4511689543724,217.2861362695694,216.227725148201,218.78191202878952,217.52581989765167,214.39845448732376,218.26797795295715
-38,216.29218232631683,216.66524809598923,217.4521702528,215.59784626960754,216.08428007364273,217.37253880500793,217.5528524518013,220.19284564256668,217.4577744603157,217.28864908218384,216.23704838752747,218.78317952156067,217.52583342790604,214.39442813396454,218.28495371341705
-37,216.2935734987259,216.66974461078644,217.45506751537323,215.6153022646904,216.0698383450508,217.37040984630585,217.55955463647842,220.19482791423798,217.46370315551758,217.28899264335632,216.243938267231,218.78263890743256,217.5241597890854,214.39156460762024,218.3022719025612
-36,216.29400616884232,216.67199045419693,217.45909398794174,215.63201135396957,216.05751872062683,217.36572521924973,217.56492394208908,220.19701141119003,217.46902340650558,217.28733259439468,216.24775004386902,218.7800568342209,217.52045607566833,214.3895869255066,218.31889337301254
-35,216.29383236169815,216.6715186238289,217.46344089508057,215.64688062667847,216.04807180166245,217.3588780760765,217.5679441690445,220.19909018278122,217.4740835428238,217.28394663333893,216.24800568819046,218.77526503801346,217.51461428403854,214.38803625106812,218.33404409885406
-34,216.29308289289474,216.66805559396744,217.46705520153046,215.65862560272217,216.04253017902374,217.3502688407898,217.56794959306717,220.20090091228485,217.47925782203674,217.2787424325943,216.2450144290924,218.7679870724678,217.50673121213913,214.38617610931396,218.34710788726807
-33,216.29161268472672,216.66150730848312,217.46889674663544,215.66598093509674,216.0418496131897,217.34047573804855,217.56456822156906,220.20232552289963,217.48481804132462,217.27160155773163,216.23951244354248,218.75790166854858,217.4970781803131,214.38329565525055,218.3578116297722
-32,216.2891885638237,216.65183699131012,217.46828198432922,215.66810309886932,216.04669851064682,217.3298543691635,217.55760753154755,220.20323038101196,217.4909244775772,217.26254099607468,216.2323060631752,218.74462926387787,217.48605716228485,214.378946185112,218.36630553007126
-31,216.28580498695374,216.639210999012,217.46456062793732,215.66450893878937,216.057373046875,217.31862217187881,217.5473337173462,220.2036361694336,217.4973732829094,217.2517072558403,216.2239534854889,218.72808545827866,217.47417318820953,214.37290447950363,218.3730022907257
-30,216.28150469064713,216.62458115816116,217.45755392313004,215.65550553798676,216.07387328147888,217.30684500932693,217.5342502593994,220.20373541116714,217.50373780727386,217.23916101455688,216.21509683132172,218.7083448767662,217.46196323633194,214.3649582862854,218.3786747455597
-29,216.27618271112442,216.60921984910965,217.44733446836472,215.64186996221542,216.09573900699615,217.29462260007858,217.51915329694748,220.20388746261597,217.5094695687294,217.22539401054382,216.20635724067688,218.68549919128418,217.44975239038467,214.35463404655457,218.38398003578186
-28,216.26989871263504,216.59430706501007,217.4342623949051,215.62473809719086,216.12251114845276,217.28200209140778,217.50315856933594,220.2045665383339,217.51429450511932,217.21102648973465,216.19814598560333,218.65985226631165,217.43765556812286,214.34164947271347,218.3891596198082
-27,216.26274621486664,216.5808110833168,217.4189859032631,215.60527747869492,216.15331584215164,217.26904171705246,217.48741340637207,220.2061030268669,217.51797550916672,217.1966124176979,216.1904811859131,218.6318981051445,217.42548114061356,214.32615172863007,218.39405047893524
-26,216.25473076105118,216.5694979429245,217.40203201770782,215.58501797914505,216.18705928325653,217.2557417154312,217.4730362892151,220.2086454629898,217.52028381824493,217.1829269528389,216.18310225009918,218.6022850871086,217.41303288936615,214.3089325428009,218.39820820093155
-25,216.24600112438202,216.56095385551453,217.3841506242752,215.5653218626976,216.2225860953331,217.24212157726288,217.46109426021576,220.21238684654236,217.52085274457932,217.17090100049973,216.17553907632828,218.5715407729149,217.40046346187592,214.29130107164383,218.40135037899017
-24,216.23656910657883,216.5553953051567,217.36596947908401,215.5471522808075,216.25854700803757,217.2281122803688,217.45203107595444,220.21741610765457,217.51954144239426,217.16142827272415,216.16770815849304,218.5404201745987,217.38783937692642,214.27484619617462,218.4031884074211
-23,216.22675943374634,216.5526580810547,217.3481706380844,215.5308300256729,216.29364335536957,217.21379858255386,217.44577783346176,220.223566532135,217.5164297223091,217.15500557422638,216.15930676460266,218.50974428653717,217.37510293722153,214.2608984708786,218.40336060523987
-22,216.21687638759613,216.55185532569885,217.33125299215317,215.51609832048416,216.3265689611435,217.19905751943588,217.4417027235031,220.23050564527512,217.51193571090698,217.15165650844574,216.14974755048752,218.48046040534973,217.3621901869774,214.25076067447662,218.40161436796188
-21,216.20680975914001,216.5520275235176,217.31572943925858,215.50220090150833,216.3560510277748,217.1840302348137,217.43895810842514,220.23778647184372,217.506516456604,217.15144634246826,216.1386997103691,218.4533053636551,217.34930562973022,214.2450506091118,218.39792519807816
-20,216.19605439901352,216.55196070671082,217.30188047885895,215.48816323280334,216.38116496801376,217.16871351003647,217.43638640642166,220.2450562119484,217.50073313713074,217.15407305955887,216.12594640254974,218.42903798818588,217.3366687297821,214.2437150478363,218.39235013723373
-19,216.1840295791626,216.55038404464722,217.28984946012497,215.4728934764862,216.4012172818184,217.15335685014725,217.4327507019043,220.2518691420555,217.49503177404404,217.1586936712265,216.11145704984665,218.40803718566895,217.32446575164795,214.24602115154266,218.38515275716782
-18,216.17040812969208,216.5462806224823,217.27998888492584,215.45563119649887,216.4156295657158,217.1381552219391,217.42725253105164,220.2577447295189,217.490041077137,217.1643590927124,216.0953608751297,218.39051461219788,217.3128433227539,214.25095742940903,218.37658137083054
-17,216.1546469926834,216.5389068722725,217.2725538611412,215.436144053936,216.42396879196167,217.1234671473503,217.41923373937607,220.26230424642563,217.48607552051544,217.17038851976395,216.07798236608505,218.3765847682953,217.3017246723175,214.25747579336166,218.3668676018715
-16,216.13624793291092,216.52806025743484,217.26803809404373,215.41448533535004,216.42576146125793,217.10951894521713,217.40866404771805,220.26517641544342,217.48323547840118,217.17618244886398,216.06008607149124,218.36617064476013,217.29079282283783,214.26439905166626,218.3561371564865
-15,216.1152387857437,216.51411551237106,217.2669739127159,215.39096128940582,216.42076444625854,217.09649688005447,217.39565247297287,220.26590782403946,217.48138111829758,217.18109291791916,216.0425596833229,218.3591275215149,217.27959150075912,214.27063274383545,218.344291806221
-14,216.0918414592743,216.49806106090546,217.2698941230774,215.36640191078186,216.4084488749504,217.08479338884354,217.38023018836975,220.26416236162186,217.4800785779953,217.18477433919907,216.02651476860046,218.35522270202637,217.26766729354858,214.27518045902252,218.33098059892654
-13,216.06644356250763,216.48105138540268,217.2772114276886,215.34232074022293,216.38838815689087,217.07446825504303,217.36233919858932,220.25986433029175,217.47882002592087,217.18725311756134,216.01298278570175,218.35413932800293,217.25470465421677,214.27729469537735,218.31597703695297
-12,216.0396547317505,216.4642791748047,217.2891599535942,215.32031601667404,216.3604252934456,217.06556451320648,217.34194213151932,220.252894282341,217.47687882184982,217.18864154815674,216.00259733200073,218.35544234514236,217.24035149812698,214.27658343315125,218.29913467168808
-11,216.0121247768402,216.44885647296906,217.3054901957512,215.3021007180214,216.3248341679573,217.058050096035,217.31904393434525,220.24341362714767,217.47354930639267,217.1891651749611,215.99561846256256,218.3588257431984,217.22454857826233,214.272809445858,218.28037250041962
-10,215.98446536064148,216.43564450740814,217.325514793396,215.28912246227264,216.28255385160446,217.0517833828926,217.2937160730362,220.2317236661911,217.46793913841248,217.1891222000122,215.99178421497345,218.36411422491074,217.20746326446533,214.2656352519989,218.2600366473198
-9,215.9574994444847,216.42503994703293,217.34830963611603,215.2822186946869,216.23500895500183,217.04661655426025,217.26629543304443,220.2181648015976,217.4595092535019,217.18870848417282,215.9900524020195,218.37128067016602,217.18961119651794,214.25519067049026,218.23852676153183
-8,215.93202793598175,216.41738951206207,217.37259709835052,215.28172796964645,216.1841902732849,217.04261028766632,217.2374728322029,220.20307463407516,217.44796496629715,217.18808829784393,215.98944872617722,218.3805941939354,217.17167979478836,214.24190521240234,218.21624672412872
-7,215.90898102521896,216.41265070438385,217.39706230163574,215.28734129667282,216.13250344991684,217.0396649837494,217.2082130908966,220.18670094013214,217.4332057237625,217.18756300210953,215.98881202936172,218.39224594831467,217.15447080135345,214.22648525238037,218.19360119104385
-6,215.8891726732254,216.4103765487671,217.42032861709595,215.2981693148613,216.08203464746475,217.0378760099411,217.17942714691162,220.16942489147186,217.41563802957535,217.18745398521423,215.98687136173248,218.40627020597458,217.13885086774826,214.20982879400253,218.17111039161682
-5,215.8730440735817,216.4098083972931,217.44119840860367,215.31300741434097,216.03452062606812,217.03722876310349,217.15189838409424,220.15166348218918,217.39596271514893,217.1876336336136,215.98260068893433,218.42236596345901,217.12540876865387,214.19285666942596,218.1494184732437
-4,215.86098968982697,216.40963238477707,217.4584184885025,215.33071690797806,215.99093717336655,217.03755801916122,217.12612622976303,220.13391417264938,217.3750758767128,217.1879163980484,215.97559994459152,218.43983447551727,217.11433738470078,214.17641842365265,218.1289142370224
-3,215.85286074876785,216.40812921524048,217.47075998783112,215.35017204284668,215.951968729496,217.03870511054993,217.10241746902466,220.11654788255692,217.35402882099152,217.187968313694,215.96589612960815,218.45784503221512,217.10547643899918,214.16140234470367,218.1098929643631
-2,215.84813874959946,216.40387445688248,217.47702765464783,215.37005066871643,215.91780918836594,217.04018259048462,217.08107310533524,220.0999338030815,217.33378434181213,217.18715339899063,215.95405733585358,218.4751614332199,217.09845411777496,214.1483874320984,218.09255361557007
-1,215.84568560123444,216.3959692120552,217.47672480344772,215.3893140554428,215.88808751106262,217.04164516925812,217.06225353479385,220.08408600091934,217.31533008813858,217.18474024534225,215.9406613111496,218.49050098657608,217.09280943870544,214.1381737589836,218.07727432250977
0,215.84400701522827,216.3839201927185,217.46985119581223,215.40706205368042,215.8619195818901,217.04268783330917,217.04603642225266,220.0690283179283,217.29968345165253,217.18004566431046,215.92644065618515,218.50259602069855,217.0880886912346,214.13097470998764,218.06418997049332
1,215.8543140888214,216.39553213119507,217.47545701265335,215.4416156411171,215.86216616630554,217.06391024589539,217.0502616763115,220.06535702943802,217.30760991573334,217.19083416461945,215.9394571185112,218.52725207805634,217.09395426511765,214.14969700574875,218.0702331662178
2,215.86332577466965,216.40326189994812,217.47500336170197,215.47283017635345,215.8639316558838,217.0819885134697,217.05683958530426,220.061474442482,217.31918954849243,217.1977173089981,215.9532597064972,218.54775375127792,217.09890621900558,214.17042714357376,218.07807284593582
3,215.87029922008514,216.40765058994293,217.46897608041763,215.50071048736572,215.8654191493988,217.09615033864975,217.06498378515244,220.05731058120728,217.33443826436996,217.20059472322464,215.96763235330582,218.5635781288147,217.10290718078613,214.19242298603058,218.0876163840294
4,215.87467604875565,216.40911430120468,217.45794242620468,215.52520030736923,215.86522525548935,217.1058618426323,217.07419753074646,220.05263501405716,217.35290080308914,217.19971191883087,215.98226326704025,218.57438910007477,217.10592383146286,214.21478974819183,218.0990436077118
5,215.87616854906082,216.40763306617737,217.44214963912964,215.54639095067978,215.86230903863907,217.11117100715637,217.08414894342422,220.04743283987045,217.3739237189293,217.19566875696182,215.9966677427292,218.57997810840607,217.1078992486,214.23681247234344,218.11246490478516
6,215.875146150589,216.40394920110703,217.42213016748428,215.56450617313385,215.85666513442993,217.11272072792053,217.0949102640152,220.04177457094193,217.39652687311172,217.18955790996552,216.01055645942688,218.58040499687195,217.1088121533394,214.25780481100082,218.12793976068497
7,215.87205934524536,216.39874678850174,217.39842456579208,215.57947319746017,215.8489090204239,217.11133760213852,217.10671281814575,220.03578293323517,217.41973066329956,217.18248039484024,216.02358448505402,218.57602393627167,217.10865330696106,214.27723610401154,218.1454729437828
8,215.86762011051178,216.3932582139969,217.37187892198563,215.59128266572952,215.84009057283401,217.10779064893723,217.1198404431343,220.02972823381424,217.44274371862411,217.17586266994476,216.03568160533905,218.5674632191658,217.1073625087738,214.29465413093567,218.16489535570145
9,215.8625386953354,216.38820683956146,217.34361147880554,215.5997303724289,215.8314666748047,217.10279613733292,217.1347412467003,220.0241322517395,217.4648641347885,217.17083168029785,216.0468121767044,218.55555832386017,217.10513764619827,214.3096181154251,218.18574970960617
10,215.8572614789009,216.38401627540588,217.31498712301254,215.60463738441467,215.82412838935852,217.096628844738,217.151549577713,220.0195915699005,217.48548305034637,217.16867941617966,216.05730563402176,218.54132723808289,217.10232543945312,214.3222295641899,218.20733112096786
11,215.85206443071365,216.38081568479538,217.2873592376709,215.6060910820961,215.81888335943222,217.08959460258484,217.170234978199,220.01670879125595,217.5043711066246,217.17045158147812,216.0676173567772,218.52564138174057,217.09969782829285,214.33263117074966,218.22855138778687
12,215.84688359498978,216.37867575883865,217.26204240322113,215.60449302196503,215.8162152171135,217.0818234682083,217.19055622816086,220.01606941223145,217.5216419696808,217.17707312107086,216.07833290100098,218.50923496484756,217.09816360473633,214.34119921922684,218.2485767006874
13,215.8412395119667,216.3773317337036,217.24034875631332,215.60062658786774,215.81631588935852,217.07317638397217,217.21198850870132,220.01817566156387,217.53770744800568,217.18889516592026,216.09006077051163,218.49261558055878,217.0988134741783,214.3484051823616,218.26660978794098
14,215.8348811864853,216.37648504972458,217.22348642349243,215.5954841375351,215.81902867555618,217.06349909305573,217.234060049057,220.02336889505386,217.55296450853348,217.20546281337738,216.1035836338997,218.47607868909836,217.10257005691528,214.35460889339447,218.28211915493011
15,215.8276304602623,216.37597739696503,217.21260207891464,215.59002816677094,215.82392650842667,217.052543759346,217.25621354579926,220.03177976608276,217.56788504123688,217.22617900371552,216.11930871009827,218.4600356221199,217.1098672747612,214.36050885915756,218.2946282029152
16,215.81941413879395,216.37548297643661,217.20868480205536,215.5851407647133,215.8303109407425,217.04012179374695,217.27776390314102,220.04321652650833,217.5827723145485,217.24992763996124,216.1374946832657,218.4449324607849,217.12052869796753,214.3664408326149,218.30396854877472
17,215.8107978105545,216.37473171949387,217.2122727036476,215.5814294219017,215.83726477622986,217.02628582715988,217.29803901910782,220.05740177631378,217.59803849458694,217.27520644664764,216.15794610977173,218.43102806806564,217.13391321897507,214.3728119134903,218.31021684408188
18,215.80208271741867,216.37349957227707,217.22332006692886,215.57960844039917,215.84422492980957,217.0111728310585,217.31638252735138,220.0738788843155,217.61406886577606,217.30059999227524,216.18024134635925,218.41858285665512,217.1492938399315,214.379853785038,218.31378948688507
19,215.79385322332382,216.37166440486908,217.24136716127396,215.57990568876266,215.85075628757477,216.99503010511398,217.33226883411407,220.09200125932693,217.63108664751053,217.3250675201416,216.203826546669,218.40811437368393,217.16543608903885,214.38797014951706,218.31531035900116
20,215.7870887517929,216.36952888965607,217.26552695035934,215.5823094844818,215.85726875066757,216.9785036444664,217.34567284584045,220.11115795373917,217.64894384145737,217.34772008657455,216.22774857282639,218.39994609355927,217.1813560128212,214.39741265773773,218.31545889377594
21,215.78294771909714,216.36775130033493,217.29477208852768,215.58677178621292,215.86431688070297,216.9628368616104,217.35670846700668,220.13078969717026,217.66753894090652,217.36795711517334,216.25095111131668,218.3946534395218,217.19667899608612,214.4083549976349,218.3150299191475
22,215.78269255161285,216.36707252264023,217.3279013633728,215.59333735704422,215.87266218662262,216.94968342781067,217.3656406402588,220.15052223205566,217.6868059039116,217.38537555933,216.2726839184761,218.39269322156906,217.2113082408905,214.42113757133484,218.314650952816
23,215.78754633665085,216.36880588531494,217.36361175775528,215.60208934545517,215.8834285736084,216.94119083881378,217.37320113182068,220.17004150152206,217.7067032456398,217.40008282661438,216.29295653104782,218.39443743228912,217.22568535804749,214.4362429380417,218.31494492292404
24,215.7985054254532,216.3741859793663,217.4008754491806,215.61329346895218,215.8980192542076,216.93983471393585,217.3802896142006,220.18925869464874,217.7275338768959,217.4124557375908,216.3125103712082,218.4003168940544,217.240638256073,214.45426660776138,218.31648802757263
25,215.81626731157303,216.38448822498322,217.43926680088043,215.62710225582123,215.91795206069946,216.94787871837616,217.38783675432205,220.20825523138046,217.7498733997345,217.42352294921875,216.33256369829178,218.41081422567368,217.25714057683945,214.47631269693375,218.32007384300232
26,215.8414442539215,216.4012855887413,217.47872906923294,215.6440131664276,215.94465517997742,216.96736484766006,217.39710748195648,220.22746974229813,217.77458357810974,217.43455451726913,216.35474956035614,218.42652243375778,217.2762296795845,214.50407564640045,218.32674425840378
27,215.874642431736,216.42631447315216,217.51923924684525,215.6650121808052,215.97979700565338,216.99956893920898,217.40955591201782,220.24761134386063,217.80281972885132,217.44721633195877,216.38093280792236,218.4484252333641,217.2990592122078,214.53957569599152,218.33756762742996
28,215.91661596298218,216.46146482229233,217.56144285202026,215.69176816940308,216.0250182747841,217.04523903131485,217.4271406531334,220.26973170042038,217.83599251508713,217.46347045898438,216.41295492649078,218.47758334875107,217.32700449228287,214.5851148366928,218.35394126176834
29,215.96825832128525,216.50901591777802,217.6064960360527,215.7269195318222,216.08200007677078,217.10480910539627,217.45204776525497,220.29505848884583,217.87564450502396,217.48534280061722,216.4531368613243,218.51514357328415,217.36112648248672,214.64331966638565,218.37768304347992
30,216.03091192245483,216.57128125429153,217.65602260828018,215.77391344308853,216.15256142616272,217.1785627603531,217.48687934875488,220.32517153024673,217.9237152338028,217.51525217294693,216.5040563941002,218.56231945753098,217.4029905796051,214.7170170545578,218.41071379184723
31,216.10629379749298,216.65058994293213,217.71277159452438,215.83661323785782,216.2383862733841,217.26707941293716,217.53428626060486,220.36178481578827,217.98221451044083,217.55591708421707,216.56848120689392,218.62044006586075,217.45430529117584,214.80871963500977,218.45502281188965
32,216.19689512252808,216.74898481369019,217.77996003627777,215.91897857189178,216.34089529514313,217.37068498134613,217.59707134962082,220.4067189693451,218.0532443523407,217.61042588949203,216.64884841442108,218.6909499168396,217.51708751916885,214.9204878807068,218.5126427412033
33,216.30573612451553,216.86793518066406,217.86074435710907,216.02437913417816,216.46149003505707,217.48979967832565,217.6777941584587,220.46174037456512,218.13882315158844,217.6820843219757,216.74726486206055,218.77558302879333,217.59376853704453,215.0539475083351,218.5853443145752
34,216.43571949005127,217.00886499881744,217.9581663608551,216.15596342086792,216.60137820243835,217.62489330768585,217.77840518951416,220.52843070030212,218.24078208208084,217.77389335632324,216.86555767059326,218.87618547677994,217.6869398355484,215.21037012338638,218.6747232079506
35,216.58926284313202,217.17288088798523,218.07468038797379,216.3158205151558,216.76181995868683,217.77637934684753,217.9002496600151,220.6080042719841,218.36056184768677,217.88858062028885,217.00525134801865,218.99441188573837,217.79910242557526,215.39087599515915,218.7821016907692
36,216.76782482862473,217.36067354679108,218.21197122335434,216.50519233942032,216.94396305084229,217.94445079565048,218.0438369512558,220.70149755477905,218.49923372268677,218.02829629182816,217.1672648191452,219.13166242837906,217.93214410543442,215.5964258313179,218.9083890914917
37,216.9714822769165,217.57156682014465,218.37069684267044,216.72405898571014,217.14838647842407,218.12933123111725,218.20876389741898,220.80954259634018,218.65718019008636,218.19386929273605,217.3519738316536,219.28858768939972,218.08691811561584,215.82728189229965,219.05382865667343
38,217.19896459579468,217.80390721559525,218.5504736304283,216.97052562236786,217.37483650445938,218.3305343389511,218.39363235235214,220.93210607767105,218.83375138044357,218.38475209474564,217.55906999111176,219.4646713733673,218.26336127519608,216.08217918872833,219.21789455413818
39,217.44740188121796,218.05493831634521,218.74930638074875,217.24114102125168,217.62173908948898,218.54684400558472,218.59616768360138,221.06826776266098,219.0274344086647,218.5990490913391,217.7868880033493,219.65817785263062,218.45991575717926,216.35852718353271,219.39904218912125
40,217.71262603998184,218.32034575939178,218.96376991271973,217.53084075450897,217.88562566041946,218.77589631080627,218.81303453445435,221.21616131067276,219.23513436317444,218.83293145895004,218.0324021577835,219.86615085601807,218.67349684238434,216.6522302031517,219.5944214463234
41,217.98906391859055,218.59427815675735,219.18895691633224,217.83280539512634,218.1614026427269,219.01400285959244,219.03962129354477,221.37270039319992,219.45226430892944,219.08102023601532,218.29088121652603,220.08422774076462,218.89955908060074,216.95751243829727,219.79987978935242
42,218.26916754245758,218.86952877044678,219.41870492696762,218.1387484073639,218.44196116924286,219.256000995636,219.2700453400612,221.53360921144485,219.6725624203682,219.33614724874496,218.55592513084412,220.3066080212593,219.13217294216156,217.26677304506302,220.00979393720627
43,218.54422879219055,219.13756132125854,219.6452443599701,218.4389373064041,218.71841037273407,219.4952231645584,219.4970532655716,221.693605363369,219.88870686292648,219.58969849348068,218.81926560401917,220.52621001005173,219.3640332221985,217.57102286815643,220.21724605560303
44,218.80440455675125,219.38884127140045,219.85973000526428,218.72243708372116,218.98060339689255,219.72365152835846,219.71240562200546,221.84661239385605,220.09283870458603,219.8319930434227,219.07131153345108,220.73483842611313,219.58651500940323,217.86004322767258,220.41439545154572
45,219.03947740793228,219.61337733268738,220.0527060031891,218.97795301675797,219.21774953603745,219.93229854106903,219.9073270559311,221.98587095737457,220.27646780014038,220.05270373821259,219.30144107341766,220.92346227169037,219.79043918848038,218.12263011932373,220.59286296367645
46,219.23925238847733,219.80131816864014,220.2147962450981,219.1943438053131,219.41918659210205,220.11146944761276,220.07306081056595,222.10437470674515,220.43158370256424,220.24147653579712,219.49862480163574,221.0833415389061,219.966468334198,218.34725058078766,220.7445303797722
47,219.3938609957695,219.94352281093597,220.33728849887848,219.3610713481903,219.57477217912674,220.25176244974136,220.20140671730042,222.1956797838211,220.5506929755211,220.3887904882431,219.65227538347244,221.20661044120789,220.10532993078232,218.52278703451157,220.86176079511642
48,219.4948400259018,220.03216022253036,220.4130763411522,219.46901482343674,219.67596817016602,220.3448160290718,220.28531831502914,222.2544155716896,220.62735283374786,220.4866549372673,219.75312703847885,221.2868520617485,220.19900196790695,218.63964813947678,220.9381880760193
49,219.5363221168518,220.06232899427414,220.43748486042023,219.51185739040375,219.71695351600647,220.3845176100731,220.31969928741455,222.27698689699173,220.65703409910202,220.52964735031128,219.7945401072502,221.31963390111923,220.2418133020401,218.6907560825348,220.96946543455124
50,219.51552921533585,220.0327245593071,220.40879940986633,219.48667514324188,219.69539374113083,220.36775624752045,220.3017676472664,222.26178568601608,220.63748490810394,220.51545238494873,219.7729034423828,221.30307787656784,220.2310591340065,218.6721795797348,220.95358473062515
51,219.43364822864532,219.9455036520958,220.32855933904648,219.39379638433456,219.61241793632507,220.294691324234,220.23173308372498,222.20926541090012,220.5692399740219,220.4450718164444,219.6883361339569,221.2378829717636,220.16704946756363,218.58384960889816,220.89120692014694
52,219.29532134532928,219.80591356754303,220.20112299919128,219.23731935024261,219.47230076789856,220.16859072446823,220.11272531747818,222.12191486358643,220.45538771152496,220.32255452871323,219.5454090833664,221.1274198293686,220.0531144142151,218.4298379421234,220.78534871339798
53,219.10828655958176,219.62164372205734,220.03342854976654,219.02491527795792,219.28276425600052,219.99556696414948,219.95048528909683,222.00410598516464,220.30133199691772,220.15486788749695,219.35201621055603,220.9774847626686,219.89564388990402,218.21777200698853,220.6408416032791
54,218.8826709985733,219.40152633190155,219.8341747522354,218.7670676112175,219.0540035367012,219.78382259607315,219.7527800798416,221.86172366142273,220.11428207159042,219.95106106996536,219.1185948252678,220.7957924604416,219.70314973592758,217.957881629467,220.46416795253754
55,218.62955898046494,219.15512251853943,219.61286067962646,218.47553765773773,218.79768800735474,219.54269003868103,219.52877634763718,221.70133078098297,219.90279352664948,219.72119945287704,218.85691648721695,220.59101539850235,219.48541116714478,217.66211080551147,220.26306080818176
56,218.36020421981812,218.89246410131454,219.3789929151535,218.16230487823486,218.52597123384476,219.28223997354507,219.2882205247879,221.5297492146492,219.67588204145432,219.4758934378624,218.5787707567215,220.3715961575508,219.25219440460205,217.34243041276932,220.04607373476028
57,218.08519732952118,218.6236755847931,219.14157211780548,217.83899021148682,218.25045359134674,219.0125231742859,219.04029220342636,221.35416746139526,219.44232535362244,219.2257832288742,218.29511696100235,220.1456362605095,219.01276713609695,217.01023471355438,219.82141202688217
58,217.81397926807404,218.35824805498123,218.9086811542511,217.51627802848816,217.98104429244995,218.7427418231964,218.79335463047028,221.18108409643173,219.21030640602112,218.9808964729309,218.01587146520615,219.92054307460785,218.77530002593994,216.6758977174759,219.59661811590195
59,217.55431962013245,218.10388416051865,218.6871384382248,217.20368230342865,217.7252495288849,218.48092132806778,218.55439710617065,221.0159548521042,218.98699635267258,218.75028133392334,217.74901294708252,219.70287954807281,218.54648262262344,216.3486646413803,219.37828624248505
60,217.31184071302414,217.86711758375168,218.48259836435318,216.9091084599495,217.4880712032318,218.23373001813889,218.3290358185768,220.8634955883026,218.77836155891418,218.54097604751587,217.5002121925354,219.49794268608093,218.3312926888466,216.03627634048462,219.17192661762238
61,217.09000730514526,217.65295094251633,218.29908674955368,216.63845962285995,217.27241271734238,218.00588297843933,218.1213807463646,220.72735422849655,218.58876997232437,218.3575877547264,217.2730634212494,219.3095764517784,218.13326102495193,215.74508899450302,218.98158812522888
62,216.89030534029007,217.46470093727112,218.1388055086136,216.39591282606125,217.0795098543167,217.80031937360764,217.93411433696747,220.6098466515541,218.42103534936905,218.20202547311783,217.06965154409409,219.14044189453125,217.9543474316597,215.4793999195099,218.80994552373886
63,216.7130452990532,217.3039594888687,218.00237035751343,216.18379890918732,216.90947145223618,217.61853110790253,217.76906198263168,220.5121951699257,218.2766317129135,218.07418030500412,216.8906357884407,218.99209040403366,217.79525357484818,215.24145650863647,218.65843790769577
64,216.55761814117432,217.1708808541298,217.88890033960342,216.00299215316772,216.7617751955986,217.46042656898499,217.62667572498322,220.43443089723587,218.15564340353012,217.9724099636078,216.7359447479248,218.86483800411224,217.65539306402206,215.0318353176117,218.52751487493515
65,216.42262709140778,217.0641793012619,217.79617911577225,215.85293424129486,216.63549369573593,217.32453566789627,217.5065689086914,220.3756079673767,218.0569046139717,217.89407473802567,216.60517001152039,218.75782364606857,217.53317326307297,214.85018289089203,218.41656494140625
66,216.30676275491714,216.98140811920166,217.7212918996811,215.73166000843048,216.5287208557129,217.20841473340988,217.40766847133636,220.33365887403488,217.97822546958923,217.83648324012756,216.49731123447418,218.66946029663086,217.42630076408386,214.694870531559,218.32470858097076
67,216.20851922035217,216.91931855678558,217.6609162092209,215.63674384355545,216.43901985883713,217.1090548634529,217.328458070755,220.30596870183945,217.91688919067383,217.79647535085678,216.41079235076904,218.5976225733757,217.33207267522812,214.5633435845375,218.25095200538635
68,216.125767827034,216.87432938814163,217.61175268888474,215.56523805856705,216.36307847499847,217.02353656291962,217.26722979545593,220.2899529337883,217.87001579999924,217.77050215005875,216.34384363889694,218.54039818048477,217.2485774755478,214.45287841558456,218.19396233558655
69,216.05621099472046,216.84265679121017,217.5706405043602,215.51389998197556,216.29755437374115,216.94970095157623,217.22153162956238,220.28302139043808,217.83445072174072,217.75495398044586,216.29440593719482,218.49583625793457,217.17453813552856,214.36097872257233,218.1520009636879
70,215.99760955572128,216.8203423023224,217.5350022315979,215.4791117310524,216.23983722925186,216.8860638141632,217.18864351511002,220.28269106149673,217.80723369121552,217.7464604973793,216.25999981164932,218.46201771497726,217.1089444756508,214.28521364927292,218.1228586435318
71,215.9479392170906,216.80403703451157,217.50303500890732,215.45770871639252,216.1878172159195,216.83184623718262,217.16605418920517,220.28688752651215,217.78550243377686,217.7423887848854,216.23776984214783,218.43746614456177,217.05099308490753,214.22378838062286,218.10404235124588
72,215.90535509586334,216.79103100299835,217.47331422567368,215.4468709230423,216.13951861858368,216.78662556409836,217.15119272470474,220.29381346702576,217.7669910788536,217.74086833000183,216.2245568037033,218.42093342542648,216.99987190961838,214.1753351688385,218.09318482875824
73,215.8681166768074,216.7793562412262,217.444770693779,215.44435369968414,216.0934197306633,216.7504478096962,217.14157915115356,220.30195063352585,217.7500075697899,217.74067413806915,216.2174124121666,218.41139656305313,216.95508313179016,214.1385542154312,218.0880172252655
74,215.8346694111824,216.76807063817978,217.41650569438934,215.44791436195374,216.04850053787231,216.72336965799332,217.13502526283264,220.31016886234283,217.73321449756622,217.74104928970337,216.21361768245697,218.40793192386627,216.91624450683594,214.11246275901794,218.0865072607994
75,215.80357998609543,216.75706028938293,217.38782685995102,215.4551846385002,216.0044116973877,216.7053354382515,217.12975466251373,220.31756907701492,217.71574991941452,217.74148213863373,216.21080738306046,218.40949076414108,216.88287669420242,214.09630239009857,218.08704537153244
76,215.77334094047546,216.74687308073044,217.35824102163315,215.4643840789795,215.96166783571243,216.69581747055054,217.12416422367096,220.3232992887497,217.69743490219116,217.74161756038666,216.2070268392563,218.41500282287598,216.85460978746414,214.0892368555069,218.0881524682045
77,215.74318796396255,216.73846638202667,217.32774424552917,215.47388684749603,215.92096543312073,216.6935823559761,217.11732828617096,220.32649892568588,217.67834562063217,217.74079591035843,216.2010207772255,218.42317163944244,216.83095061779022,214.09014773368835,218.0890263915062
78,215.71322220563889,216.7330368757248,217.2969519495964,215.48236203193665,215.88334625959396,216.69681859016418,217.10850656032562,220.32644820213318,217.65883481502533,217.73868519067764,216.19178813695908,218.43280851840973,216.811141371727,214.09820276498795,218.08953952789307
79,215.6838818192482,216.7312850356102,217.26685708761215,215.48864763975143,215.84989708662033,216.70391243696213,217.09722512960434,220.3223996758461,217.63976627588272,217.73523598909378,216.1787012219429,218.44292736053467,216.79437190294266,214.1122743487358,218.08985936641693
80,215.65578430891037,216.73315560817719,217.23862278461456,215.49235421419144,215.8216125369072,216.713558614254,217.08346462249756,220.3137480020523,217.62175291776657,217.7302514910698,216.1611853837967,218.45247554779053,216.78010112047195,214.13094681501389,218.0903857946396
81,215.62969410419464,216.7380895614624,217.2131472826004,215.49393486976624,215.7992960214615,216.72492450475693,217.06714564561844,220.30009281635284,217.60515868663788,217.7232478260994,216.13900762796402,218.4598205089569,216.76781237125397,214.15270912647247,218.09139889478683
82,215.60608625411987,216.74493372440338,217.19109112024307,215.49418103694916,215.78363347053528,216.73753410577774,217.04849082231522,220.2813007235527,217.5901175737381,217.713676571846,216.11204260587692,218.46378022432327,216.7570128440857,214.17561930418015,218.09263664484024
83,215.58532631397247,216.75211250782013,217.17267924547195,215.49339991807938,215.7750061750412,216.7508738040924,217.02794098854065,220.25758987665176,217.57666391134262,217.70131105184555,216.08040326833725,218.4636708498001,216.74761497974396,214.19783407449722,218.09364879131317
84,215.56749498844147,216.75786811113358,217.15832394361496,215.49185317754745,215.77340477705002,216.76424878835678,217.00620156526566,220.22961109876633,217.56455159187317,217.68627792596817,216.04425966739655,218.45889419317245,216.7401458621025,214.21736127138138,218.09404414892197
85,215.55236673355103,216.7605355978012,217.1483355164528,215.4897437095642,215.77873557806015,216.77679425477982,216.98415350914001,220.19828706979752,217.55372554063797,217.66889882087708,216.00410610437393,218.44934159517288,216.73528373241425,214.232707798481,218.09358602762222
86,215.53960794210434,216.75881212949753,217.14304667711258,215.4871215224266,215.7900071144104,216.78784203529358,216.96235048770905,220.1647363305092,217.54445856809616,217.6493638753891,215.9611503481865,218.43557679653168,216.73364579677582,214.24288922548294,218.0916867852211
87,215.52909129858017,216.75189715623856,217.14302015304565,215.48361498117447,215.80592662096024,216.79740744829178,216.94095534086227,220.1305480003357,217.53716242313385,217.6280786395073,215.9168679714203,218.41844081878662,216.73537516593933,214.24654293060303,218.08682149648666
88,215.5209949016571,216.7395777106285,217.14806854724884,215.47810262441635,215.8253959417343,216.80532425642014,216.920008122921,220.0972654223442,217.53234195709229,217.60584062337875,215.87235534191132,218.39870864152908,216.74019861221313,214.24199771881104,218.0776972770691
89,215.5158795118332,216.72191548347473,217.15777748823166,215.4691960811615,215.84688943624496,216.81150698661804,216.89965039491653,220.0663589835167,217.5303788781166,217.58376955986023,215.8287212252617,218.37725347280502,216.74755442142487,214.2282291650772,218.06357449293137
90,215.51392644643784,216.69934022426605,217.1712493300438,215.45571625232697,215.8684265613556,216.8160805106163,216.88029128313065,220.03926861286163,217.53121101856232,217.5630195736885,215.78693336248398,218.35491633415222,216.75716280937195,214.20563566684723,218.04458248615265
91,215.51492881774902,216.6729045510292,217.18741589784622,215.43709814548492,215.887868642807,216.81931501626968,216.8624186515808,220.01696068048477,217.53441751003265,217.54442876577377,215.74794042110443,218.33237773180008,216.76852518320084,214.17526465654373,218.02143824100494
92,215.5184504389763,216.6436292529106,217.2054204940796,215.41380739212036,215.9038649201393,216.8220020532608,216.8462216258049,219.99926948547363,217.5391326546669,217.52835804224014,215.71274083852768,218.30997121334076,216.7808482646942,214.13869708776474,217.99525517225266
93,215.52384454011917,216.61264580488205,217.2247892022133,215.38604801893234,215.9155876636505,216.82514572143555,216.83154386281967,219.98576378822327,217.5448004603386,217.51511996984482,215.6825996041298,218.28795289993286,216.7934957742691,214.09825855493546,217.9676348567009
94,215.53017634153366,216.5810106396675,217.2451030611992,215.35443603992462,215.9216113090515,216.82954496145248,216.81856054067612,219.9757462143898,217.551695227623,217.50475323200226,215.65851736068726,218.26641339063644,216.80581605434418,214.05638140439987,217.9402921795845
95,215.53688889741898,216.54977524280548,217.26571542024612,215.3191955089569,215.92055302858353,216.8349284529686,216.80786699056625,219.96826028823853,217.5601931810379,217.4968662261963,215.64167040586472,218.24517768621445,216.81650739908218,214.01545929908752,217.91492754220963
96,215.5430632829666,216.52012687921524,217.28542590141296,215.2807566523552,215.9112543463707,216.8407215476036,216.79959601163864,219.96301287412643,217.57000756263733,217.49074709415436,215.63330799341202,218.22382140159607,216.82403653860092,213.9783940911293,217.8929044008255
97,215.54755157232285,216.49288833141327,217.30268514156342,215.24079418182373,215.8951187133789,216.84618532657623,216.79399186372757,219.95998221635818,217.58086693286896,217.4861837029457,215.63391035795212,218.20180320739746,216.82763719558716,213.9473755955696,217.87557458877563
98,215.5497449040413,216.46836918592453,217.31560200452805,215.20089429616928,215.87446641921997,216.85110825300217,216.79072588682175,219.95911329984665,217.5925776362419,217.48305886983871,215.643617272377,218.17885625362396,216.82690405845642,213.92438024282455,217.86412262916565
99,215.5491441488266,216.44660085439682,217.32319045066833,215.16295838356018,215.8518236875534,216.85538107156754,216.7891812324524,219.9603351354599,217.6052143573761,217.48087918758392,215.6623576283455,218.15502429008484,216.82101571559906,213.91145825386047,217.85916185379028
100,215.54550778865814,216.4269421696663,217.32465994358063,215.12868946790695,215.82971292734146,216.8588108420372,216.78919714689255,219.96363580226898,217.61881279945374,217.47989082336426,215.68961322307587,218.13042569160461,216.80956768989563,213.91027307510376,217.86067324876785
101,215.5390540957451,216.40852409601212,217.31992721557617,215.0994729399681,215.80970114469528,216.86151456832886,216.79140996932983,219.9690135717392,217.63329935073853,217.48020428419113,215.72450405359268,218.10492503643036,216.79253774881363,213.92132127285004,217.86778265237808
102,215.530435025692,216.39046812057495,217.3097438812256,215.07659763097763,215.79258573055267,216.86340594291687,216.79681396484375,219.97611862421036,217.64824151992798,217.4817790389061,215.76589661836624,218.07857936620712,216.77019399404526,213.94216293096542,217.87922233343124
103,215.52000510692596,216.37254291772842,217.29513174295425,215.0607373714447,215.77886748313904,216.86388421058655,216.80702769756317,219.98436254262924,217.66288602352142,217.48471760749817,215.81187844276428,218.05160266160965,216.74288564920425,213.97008925676346,217.89398950338364
104,215.5078238248825,216.35611337423325,217.2775455713272,215.05144560337067,215.76837247610092,216.8616898059845,216.82232624292374,219.993077814579,217.67696183919907,217.4890723824501,215.85988360643387,218.02436238527298,216.71122759580612,214.00266456604004,217.91092777252197
105,215.49318408966064,216.34296602010727,217.2579801082611,215.04824662208557,215.7600942850113,216.85605984926224,216.84295350313187,220.002157330513,217.69044268131256,217.49439370632172,215.90722650289536,217.99715346097946,216.67675352096558,214.036836206913,217.92831933498383
106,215.4757058620453,216.33436179161072,217.2372214794159,215.0508857369423,215.75287771224976,216.84752422571182,216.86943823099136,220.0116983652115,217.70293980836868,217.49995070695877,215.95153564214706,217.97096252441406,216.64123040437698,214.06986570358276,217.944169819355
107,215.4550644159317,216.33052241802216,217.21613866090775,215.05880898237228,215.74602419137955,216.836319565773,216.9021297097206,220.0217283964157,217.71381044387817,217.50508004426956,215.9915935397148,217.94748359918594,216.6065012216568,214.0987446308136,217.9566953778267
108,215.43069350719452,216.33190655708313,217.19525718688965,215.07146710157394,215.73911887407303,216.82351410388947,216.93993240594864,220.03218114376068,217.72250258922577,217.50936436653137,216.02675133943558,217.9282906651497,216.57468271255493,214.12112432718277,217.96527564525604
109,215.40266942977905,216.3384661078453,217.17462396621704,215.08808892965317,215.73230528831482,216.81023424863815,216.98078840970993,220.04229974746704,217.72901666164398,217.51262897253036,216.05667036771774,217.91440910100937,216.54806953668594,214.13601672649384,217.9696483016014
110,215.37146896123886,216.35016214847565,217.154920399189,215.10825556516647,215.72646290063858,216.7974459528923,217.02264940738678,220.0512928366661,217.73322957754135,217.5148103237152,216.08158779144287,217.90589308738708,216.5286557674408,214.1428580880165,217.96953278779984
111,215.33787882328033,216.36703902482986,217.13676446676254,215.13194805383682,215.72195488214493,216.78611606359482,217.06357830762863,220.0585086941719,217.73506647348404,217.5162063241005,216.10211449861526,217.90249919891357,216.51772624254227,214.14145863056183,217.96502649784088
112,215.30257159471512,216.3886930346489,217.12045121192932,215.15862411260605,215.71918231248856,216.77657908201218,217.10137283802032,220.06360375881195,217.73447519540787,217.51695454120636,216.11899954080582,217.90358477830887,216.51579302549362,214.13238137960434,217.95627933740616
113,215.26615977287292,216.4139038324356,217.1063437461853,215.1880214214325,215.71822732686996,216.76856380701065,217.13433742523193,220.06641936302185,217.73088723421097,217.51667588949203,216.13377952575684,217.9083127975464,216.52240592241287,214.11684143543243,217.94340592622757
114,215.22980225086212,216.44103807210922,217.09508401155472,215.22045028209686,215.7193951010704,216.76154679059982,217.1616097688675,220.06722784042358,217.72464168071747,217.5151693224907,216.14858269691467,217.91523331403732,216.53666979074478,214.0962610244751,217.92662125825882
115,215.19552725553513,216.46949446201324,217.08676850795746,215.25583618879318,215.72268104553223,216.75486755371094,217.18303567171097,220.06662476062775,217.71602308750153,217.51196378469467,216.16555559635162,217.92266815900803,216.5575647354126,214.07245475053787,217.90677165985107
116,215.16548067331314,216.49896281957626,217.0813109278679,215.29350423812866,215.72809731960297,216.74773675203323,217.19926953315735,220.0653333067894,217.70500618219376,217.5070362687111,216.18602621555328,217.92906218767166,216.58373606204987,214.0466918349266,217.88501864671707
117,215.14190500974655,216.5287669301033,217.07838261127472,215.33272963762283,215.73571687936783,216.73961073160172,217.21127516031265,220.06381809711456,217.69142639636993,217.50036841630936,216.2104754447937,217.9333240389824,216.61355465650558,214.02141535282135,217.86259472370148
118,215.12673765420914,216.55815333127975,217.07777881622314,215.37187027931213,215.74408549070358,216.7303871512413,217.2202119231224,220.06227976083755,217.67561823129654,217.49227911233902,216.23930764198303,217.93493115901947,216.64501160383224,214.0001974105835,217.84063988924026
119,215.1213436126709,216.58642810583115,217.0791906118393,215.40976637601852,215.7514569759369,216.71978080272675,217.22730588912964,220.06096708774567,217.6586388349533,217.4829986691475,216.27226322889328,217.93379920721054,216.67557632923126,213.98610091209412,217.82017421722412
120,215.12690263986588,216.61268538236618,217.08180743455887,215.4454743862152,215.756088078022,216.70720946788788,217.23392802476883,220.05992257595062,217.64137935638428,217.47240936756134,216.30750393867493,217.93059122562408,216.7029659152031,213.98133790493011,217.80171984434128
121,215.14336162805557,216.63608425855637,217.08491772413254,215.47763550281525,215.7569204568863,216.69247210025787,217.24104231595993,220.0593313574791,217.62408608198166,217.46002328395844,216.34244817495346,217.9261479973793,216.72523993253708,213.98665326833725,217.78582108020782
122,215.16976189613342,216.6551098227501,217.08832985162735,215.50504457950592,215.75366681814194,216.67585027217865,217.24847447872162,220.05956894159317,217.6065474152565,217.445785343647,216.37447327375412,217.92139142751694,216.74125629663467,214.00165051221848,217.77287244796753
123,215.20459020137787,216.6681730747223,217.09253239631653,215.52591109275818,215.74644660949707,216.65788769721985,217.25523602962494,220.0605407357216,217.5886150598526,217.42990696430206,216.40113455057144,217.91700315475464,216.7497522830963,214.02509820461273,217.76285177469254
124,215.24626278877258,216.67488342523575,217.09840154647827,215.5391679406166,215.73547732830048,216.63888025283813,217.26011687517166,220.0618965625763,217.5701830983162,217.4128429889679,216.4199040532112,217.91358184814453,216.7495230436325,214.05446362495422,217.75505149364471
125,215.2929180264473,216.67559683322906,217.10614728927612,215.5448426604271,215.72177457809448,216.6192063689232,217.26212400197983,220.0632131099701,217.55198574066162,217.39473962783813,216.42913961410522,217.91191321611404,216.74030804634094,214.086244225502,217.74870771169662
126,215.3424670100212,216.6706799864769,217.11581194400787,215.54359662532806,215.70572888851166,216.59948325157166,217.26030278205872,220.06381511688232,217.5345879793167,217.37528055906296,216.42836439609528,217.91253626346588,216.72239917516708,214.11745828390121,217.74269884824753
127,215.39249044656754,216.66069024801254,217.12787127494812,215.53656822443008,215.68763959407806,216.58101683855057,217.25363719463348,220.06288862228394,217.51814979314804,217.35432648658752,216.4182002544403,217.9157497882843,216.696634888649,214.14517670869827,217.7354809641838
128,215.44111704826355,216.64632350206375,217.1424126625061,215.5250397324562,215.6675929427147,216.5647276043892,217.2419404387474,220.06003326177597,217.50245136022568,217.33191585540771,216.40033608675003,217.92179882526398,216.6646054983139,214.1674212217331,217.72554671764374
129,215.4869241118431,216.62831437587738,217.15894669294357,215.50949507951736,215.64610278606415,216.55132776498795,217.2258276939392,220.05525481700897,217.48748511075974,217.30745315551758,216.37648576498032,217.930628657341,216.62829053401947,214.18332308530807,217.71173226833344
130,215.5294343829155,216.60747981071472,217.17623150348663,215.48953425884247,215.62370485067368,216.54107546806335,217.20624548196793,220.04856210947037,217.47280603647232,217.2805724143982,216.3479826450348,217.941852748394,216.58951288461685,214.19221979379654,217.69326651096344
131,215.56862086057663,216.58480721712112,217.19330728054047,215.46452635526657,215.6005321741104,216.53408175706863,217.18472337722778,220.0398707985878,217.45874679088593,217.25132393836975,216.31559592485428,217.9552071094513,216.55002856254578,214.19401955604553,217.67028272151947
132,215.60391068458557,216.56143754720688,217.2091071009636,215.43373262882233,215.5760680437088,216.53018790483475,217.16320925951004,220.0293489098549,217.44677782058716,217.2193564772606,216.27990227937698,217.97024405002594,216.51112926006317,214.18949085474014,217.64395660161972
133,215.6344437599182,216.53828638792038,217.22225379943848,215.39637398719788,215.54926347732544,216.52912086248398,217.14341711997986,220.0177263021469,217.4383561015129,217.18470579385757,216.2417939901352,217.98621505498886,216.47401475906372,214.1791214942932,217.61568349599838
134,215.65917193889618,216.51668518781662,217.23129671812057,215.35189920663834,215.52028661966324,216.53041869401932,217.12624561786652,220.00621217489243,217.43477153778076,217.14788430929184,216.20276546478271,218.00237399339676,216.44080871343613,214.163087785244,217.58668822050095
135,215.67724007368088,216.4988293647766,217.23454189300537,215.3000946044922,215.48976808786392,216.53363639116287,217.11201828718185,219.99611073732376,217.43657553195953,217.10983139276505,216.1642290353775,218.01780027151108,216.41367238759995,214.14132678508759,217.55858600139618
136,215.68760508298874,216.48640602827072,217.23145800828934,215.24165111780167,215.4589872956276,216.53767263889313,217.10050922632217,219.98856264352798,217.44305795431137,217.07174521684647,216.12762945890427,218.03184032440186,216.3948745727539,214.11472886800766,217.53281557559967
137,215.68925285339355,216.48031133413315,217.22134244441986,215.17802703380585,215.43014407157898,216.54144072532654,217.09202474355698,219.98391085863113,217.4527084827423,217.03494596481323,216.0939005613327,218.04391193389893,216.38707745075226,214.08479350805283,217.51062762737274
138,215.68062680959702,216.479651927948,217.20358383655548,215.11166805028915,215.4059110879898,216.54420512914658,217.08615446090698,219.98257339000702,217.4646191596985,217.00023806095123,216.06310164928436,218.05381792783737,216.39189344644547,214.05308002233505,217.49322891235352
139,215.66071993112564,216.48318940401077,217.17779248952866,215.0451134443283,215.3891106247902,216.5453308224678,217.08211421966553,219.98410069942474,217.47793918848038,216.968101978302,216.0345585346222,218.06126022338867,216.40822702646255,214.02058416604996,217.48166120052338
140,215.62885558605194,216.48909813165665,217.14447915554047,214.9807887673378,215.38216197490692,216.54539746046066,217.07879376411438,219.98776376247406,217.49129366874695,216.9387047290802,216.00619739294052,218.06589937210083,216.43472880125046,213.9878785610199,217.47677338123322
141,215.58471941947937,216.49481773376465,217.10476648807526,214.92067098617554,215.38595634698868,216.54497158527374,217.07492965459824,219.99299156665802,217.50347751379013,216.9110123515129,215.97585660219193,218.06763631105423,216.46947240829468,213.9551420211792,217.47912502288818
142,215.52904123067856,216.4984745979309,217.06068766117096,214.86659395694733,215.39952528476715,216.5439047217369,217.0693774819374,219.99927651882172,217.51414746046066,216.8842338323593,215.9428830742836,218.06638664007187,216.50977647304535,213.9227198958397,217.4889678955078
143,215.46332377195358,216.49889141321182,217.0147819519043,214.8194386959076,215.42049723863602,216.54257690906525,217.06129848957062,220.0057732462883,217.523413002491,216.85865485668182,215.90659600496292,218.0625895857811,216.55235332250595,213.89100193977356,217.5058531165123
144,215.38983136415482,216.49498587846756,216.9689930677414,214.7800565958023,215.44640517234802,216.54189896583557,217.04992133378983,220.01204735040665,217.53158873319626,216.83390551805496,215.8663358092308,218.05663430690765,216.59653902053833,213.8606554865837,217.52859634160995
145,215.31171482801437,216.48665088415146,216.92441368103027,214.74913930892944,215.47539174556732,216.54263389110565,217.0339714884758,220.0179501771927,217.5392010807991,216.809621155262,215.82212156057358,218.049458026886,216.64246827363968,213.83301901817322,217.55631744861603
146,215.23253947496414,216.47647511959076,216.88219130039215,214.727245926857,215.5069643855095,216.54476177692413,217.0129600763321,220.02262729406357,217.5470244884491,216.7863394021988,215.77405279874802,218.04250305891037,216.69011694192886,213.81048637628555,217.5888580083847
147,215.15460056066513,216.46712094545364,216.84275233745575,214.71490877866745,215.5407497882843,216.54729944467545,216.986898124218,220.0261378288269,217.55545109510422,216.76459604501724,215.7221764922142,218.03666406869888,216.73904514312744,213.7945186495781,217.62635272741318
148,215.07954001426697,216.46167069673538,216.80676263570786,214.7121832370758,215.57616257667542,216.5495678782463,216.95592737197876,220.02848380804062,217.56493693590164,216.74411809444427,215.66821533441544,218.03198790550232,216.78713542222977,213.78576201200485,217.66877752542496
149,215.00809717178345,216.46308434009552,216.77517473697662,214.71805602312088,215.61266660690308,216.55119627714157,216.92050230503082,220.02903193235397,217.5762687921524,216.72509062290192,215.61422568559647,218.02913296222687,216.8318567276001,213.78351175785065,217.7153987288475
150,214.9402151107788,216.47361248731613,216.74867022037506,214.73156589269638,215.64980155229568,216.5522564649582,216.88110905885696,220.0280190706253,217.58936727046967,216.7080082297325,215.5629479289055,218.02844542264938,216.87101978063583,213.78718972206116,217.76497375965118
151,214.8756366968155,216.49461102485657,216.72840231657028,214.75125002861023,215.6869297027588,216.55226546525955,216.83997470140457,220.02546936273575,217.60422003269196,216.69284635782242,215.51794332265854,218.0299117565155,216.9031629562378,213.79605215787888,217.81578385829926
152,214.81447565555573,216.52575820684433,216.71503019332886,214.77500313520432,215.72416305541992,216.55076831579208,216.79937160015106,220.02119326591492,217.6200693845749,216.68062156438828,215.48251593112946,218.03264737129211,216.92696142196655,213.80903059244156,217.86589109897614
153,214.75676971673965,216.56522023677826,216.70893877744675,214.80195677280426,215.7618309855461,216.5474892258644,216.76140350103378,220.01508724689484,217.63431936502457,216.6734367609024,215.45927315950394,218.03588062524796,216.94227594137192,213.82498514652252,217.9135748744011
154,214.70411378145218,216.6094048023224,216.71000158786774,214.83328467607498,215.8002233505249,216.5416008234024,216.72709447145462,220.00733172893524,217.64540392160416,216.67291063070297,215.44923746585846,218.03886061906815,216.9506272673607,213.84209203720093,217.95665103197098
155,214.6583486199379,216.65529400110245,216.71807271242142,214.86999970674515,215.83937960863113,216.53261494636536,216.6966416835785,219.9988129734993,217.65322667360306,216.6806676387787,215.45203322172165,218.04098457098007,216.9545577764511,213.8599550127983,217.9917488694191
156,214.62090343236923,216.70079320669174,216.7325957417488,214.9125304222107,215.87956523895264,216.52114391326904,216.6696097254753,219.9904893040657,217.65816432237625,216.69873917102814,215.46697461605072,218.04248082637787,216.95622849464417,213.87841296195984,218.01674336194992
157,214.59239315986633,216.74485409259796,216.75267553329468,214.9615587592125,215.9208067059517,216.50827819108963,216.64669984579086,219.98312652111053,217.66038995981216,216.72883516550064,215.4926120042801,218.04377728700638,216.95682549476624,213.89749962091446,218.03091770410538
158,214.5717362165451,216.78694850206375,216.77783781290054,215.01679128408432,215.9630262851715,216.49601781368256,216.62829679250717,219.9777246117592,217.66012579202652,216.7709692120552,215.52675795555115,218.04542648792267,216.95614051818848,213.91680121421814,218.03303855657578
159,214.5570603609085,216.82711619138718,216.80686950683594,215.07715719938278,216.00595939159393,216.4857458472252,216.61405408382416,219.97554486989975,217.65769600868225,216.82440680265427,215.5673786997795,218.0485541820526,216.95384865999222,213.9363740682602,218.02266949415207
160,214.54654294252396,216.86509823799133,216.83665871620178,215.1415714621544,216.04938513040543,216.47914803028107,216.60588347911835,219.97693729400635,217.6536613702774,216.8871255517006,215.61287534236908,218.05444234609604,216.95129311084747,213.9557956457138,218.00073701143265
161,214.54029017686844,216.90035444498062,216.86411100625992,215.2072492837906,216.09236443042755,216.47800582647324,216.6055771112442,219.9823670387268,217.64863365888596,216.95684671401978,215.66076374053955,218.06457781791687,216.94927334785461,213.97520858049393,217.9689010977745
162,214.53894692659378,216.93344748020172,216.8863132596016,215.27140033245087,216.1339173913002,216.48445516824722,216.6141825914383,219.99204355478287,217.64355075359344,217.0314759016037,215.71024465560913,218.07974553108215,216.9494064450264,213.99416893720627,217.9304558634758
163,214.54165244102478,216.9646567106247,216.90109372138977,215.3311208486557,216.1721168756485,216.5008064508438,216.63226586580276,220.0062222480774,217.64013558626175,217.11012095212936,215.76122957468033,218.09996211528778,216.95289313793182,214.01233786344528,217.88976299762726
164,214.54799461364746,216.99480766057968,216.90723943710327,215.3829215168953,216.20509946346283,216.52700316905975,216.6589770913124,220.0246241092682,217.64008897542953,217.1911633014679,215.81510066986084,218.12613952159882,216.95998615026474,214.03104090690613,217.85112458467484
165,214.5569907426834,217.02570360898972,216.9038690328598,215.42213422060013,216.23016959428787,216.5621577501297,216.69256246089935,220.04690718650818,217.64365202188492,217.27224147319794,215.87442034482956,218.15867447853088,216.97104448080063,214.05165737867355,217.8184779882431
166,214.5684072971344,217.05819725990295,216.89215713739395,215.4466134905815,216.24463093280792,216.60484313964844,216.7314771413803,220.07205772399902,217.6518275141716,217.3503829240799,215.93964219093323,218.19727540016174,216.9856167435646,214.07508957386017,217.7948655486107
167,214.5829330086708,217.09394866228104,216.8744379878044,215.45693093538284,216.24793487787247,216.65332382917404,216.77446740865707,220.09899640083313,217.66285526752472,217.42282038927078,216.0103299021721,218.24102401733398,217.00258493423462,214.10264021158218,217.7823024392128
168,214.6021721959114,217.13407766819,216.85258185863495,215.45470982789993,216.23986619710922,216.70644629001617,216.8210011124611,220.12745451927185,217.6750373840332,217.48801386356354,216.0874183177948,218.2878760099411,217.0222053527832,214.1347714662552,217.78159594535828
169,214.62640249729156,217.1785445213318,216.8304585814476,215.44167643785477,216.22047704458237,216.7625257372856,216.87053680419922,220.1574519276619,217.6872678399086,217.54567539691925,216.1721795797348,218.3343142271042,217.04493832588196,214.17087906599045,217.7931592464447
170,214.6570119857788,217.22556799650192,216.81075555086136,215.4175564646721,216.19152581691742,216.81893873214722,216.92346620559692,220.18902945518494,217.69983488321304,217.5978026986122,216.26409500837326,218.37636721134186,217.07088160514832,214.210673391819,217.81651532649994
171,214.6960290670395,217.27320057153702,216.795591711998,215.38410717248917,216.15416449308395,216.8738261461258,216.98111635446548,220.22168093919754,217.71391832828522,217.64514499902725,216.3619945049286,218.4120147228241,217.10075491666794,214.25486087799072,217.84987062215805
172,214.7447094321251,217.31860333681107,216.78636014461517,215.34429055452347,216.11108285188675,216.92598342895508,217.04354631900787,220.25498855113983,217.72953659296036,217.68774318695068,216.463860809803,218.4412900209427,217.13461619615555,214.3030816912651,217.89090585708618
173,214.80148893594742,217.3591262102127,216.78481817245483,215.30203300714493,216.06598269939423,216.97465711832047,217.11163711547852,220.28849297761917,217.74745416641235,217.72603154182434,216.5693280696869,218.46437269449234,217.17317765951157,214.35698980093002,217.93733364343643
174,214.86649256944656,217.38979238271713,216.79182559251785,215.2587416768074,216.02415508031845,217.0194343328476,217.18638223409653,220.32171094417572,217.76895552873611,217.76195913553238,216.67923212051392,218.48210203647614,217.21699339151382,214.4170748591423,217.98695242404938
175,214.9397069811821,217.40876746177673,216.80830091238022,215.2161157131195,215.99077093601227,217.06194752454758,217.26651811599731,220.35484582185745,217.79552298784256,217.79666590690613,216.79437732696533,218.4966623187065,217.26473104953766,214.48249471187592,218.03840178251266
176,215.02186191082,217.4161355495453,216.8350664973259,215.1756329536438,215.97114861011505,217.10500228405,217.35113108158112,220.38883912563324,217.82775539159775,217.83240777254105,216.91398322582245,218.50985097885132,217.31500262022018,214.54988610744476,218.0907450914383
177,215.11413842439651,217.4122753739357,216.87088185548782,215.13727569580078,215.96910732984543,217.14960151910782,217.4401473402977,220.4234540462494,217.86585384607315,217.87093484401703,217.03462499380112,218.52312177419662,217.36671543121338,214.61585766077042,218.14391881227493
178,215.21480083465576,217.3987718820572,216.91469711065292,215.10234582424164,215.98774468898773,217.19642579555511,217.53326761722565,220.4586085677147,217.90982073545456,217.91582238674164,217.15436190366745,218.53671008348465,217.41957533359528,214.6771866083145,218.19810891151428
179,215.32380932569504,217.37871021032333,216.96254581212997,215.07664966583252,216.02909195423126,217.2472358942032,217.62902969121933,220.4933540225029,217.9597195982933,217.96763807535172,217.2694327235222,218.55259639024734,217.47421616315842,214.73248904943466,218.25302082300186
180,215.44205260276794,217.35687798261642,217.01230645179749,215.06528174877167,216.0914590358734,217.30307930707932,217.72575426101685,220.52657115459442,218.01537638902664,218.02531415224075,217.3761066198349,218.57269662618637,217.53062403202057,214.78307926654816,218.30892133712769
