shift,pair_00,pair_01,pair_02,pair_03,pair_04,pair_05,pair_06,pair_07,pair_08,pair_09,pair_10,pair_11,pair_12,pair_13,pair_14,pair_15,pair_16,pair_17,pair_18
-180,215.68006974458694,216.17620587348938,216.7602190375328,217.61378663778305,218.06953185796738,217.61378663778305,216.14428502321243,216.93467843532562,217.8189496397972,218.17983561754227,217.53941416740417,218.33311372995377,217.31981378793716,216.2795284986496,217.05513966083527,217.28519922494888,216.1908005475998,217.67441350221634,217.2903392314911
-179,215.71727871894836,216.1228758096695,216.6685357093811,217.49804425239563,218.01100653409958,217.49804425239563,216.13701421022415,216.89123630523682,217.81190276145935,218.13266998529434,217.55796837806702,218.26851654052734,217.24545192718506,216.2581451535225,216.9670688509941,217.1941623687744,216.10126554965973,217.6852279305458,217.1696770787239
-178,215.7431325316429,216.06465113162994,216.57855826616287,217.39399755001068,217.9517952799797,217.39399755001068,216.122689306736,216.85144728422165,217.81160062551498,218.0942113995552,217.5518138408661,218.21437811851501,217.1750670671463,216.2500435113907,216.90292543172836,217.10472178459167,216.0133512020111,217.70242804288864,217.06662327051163
-177,215.75829482078552,216.0033054947853,216.49170869588852,217.30174338817596,217.89269244670868,217.30174338817596,216.10176599025726,216.8154911994934,217.8173752427101,218.06465369462967,217.52049690485,218.17321175336838,217.11026686429977,216.25371748209,216.86483502388,217.02141690254211,215.92656141519547,217.7225147485733,216.98065918684006
-176,215.7634648680687,215.94206488132477,216.40836602449417,217.21890729665756,217.83419388532639,217.21890729665756,216.07459872961044,216.78506141901016,217.82778561115265,218.04126650094986,217.467713534832,218.1453298330307,217.05191028118134,216.2664532661438,216.8522082567215,216.94784969091415,215.8402237892151,217.7436266541481,216.9090055823326
-175,215.76155149936676,215.88346952199936,216.32806015014648,217.14503955841064,217.7749353647232,217.14503955841064,216.04555386304855,216.76125013828278,217.84257417917252,218.02218401432037,217.3975790143013,218.12957459688187,217.0003426671028,216.28639382123947,216.8627049922943,216.88436287641525,215.75523936748505,217.764912545681,216.8491907119751
-174,215.75723218917847,215.82946211099625,216.25209271907806,217.07833629846573,217.71379506587982,217.07833629846573,216.0166712999344,216.7444362640381,217.86205804347992,218.00579237937927,217.3145135641098,218.12440168857574,216.95439797639847,216.31107848882675,216.89161455631256,216.83020162582397,215.67295515537262,217.78388267755508,216.79916763305664
-173,215.75339579582214,215.78085380792618,216.18209266662598,217.01677840948105,217.65119922161102,217.01677840948105,215.98912239074707,216.73403865098953,217.88610273599625,217.98812466859818,217.2240424156189,218.1265349984169,216.9133079648018,216.33928298950195,216.93424010276794,216.78401464223862,215.59502017498016,217.7969474196434,216.75670957565308
-172,215.75197505950928,215.73869466781616,216.11841928958893,216.96067529916763,217.58850973844528,216.96067529916763,215.96355199813843,216.72822934389114,217.91383039951324,217.9666475057602,217.1313243508339,218.13314867019653,216.87568020820618,216.37148374319077,216.9849978685379,216.74361389875412,215.52459394931793,217.80130624771118,216.71970438957214
-171,215.75363785028458,215.70300710201263,216.0622220635414,216.90816777944565,217.5279221534729,216.90816777944565,215.9382368326187,216.72489440441132,217.94559508562088,217.93861138820648,217.03948932886124,218.14266163110733,216.84134030342102,216.40657609701157,217.03889399766922,216.70674514770508,215.46387654542923,217.7955066561699,216.68671560287476
-170,215.75872319936752,215.6729844212532,216.0126901268959,216.85651862621307,217.4711188673973,216.85651862621307,215.9128462076187,216.7197059392929,217.98081177473068,217.90347027778625,216.95135182142258,218.15420681238174,216.81026136875153,216.4423187971115,217.09157598018646,216.6724745631218,215.4166550040245,217.7789450287819,216.65720182657242
-169,215.7658131122589,215.6469533443451,215.96858894824982,216.80430221557617,217.41850900650024,216.80430221557617,215.88732343912125,216.70876836776733,218.0181321501732,217.86094611883163,216.86798739433289,218.1657254099846,216.78356850147247,216.4759891629219,217.13971465826035,216.64175885915756,215.38430351018906,217.75324082374573,216.62955921888351
-168,215.77375662326813,215.62314003705978,215.929485142231,216.7519455552101,217.3712239265442,216.7519455552101,215.86290603876114,216.690868973732,218.0559859275818,217.81268352270126,216.7888886332512,218.17647105455399,216.76225405931473,216.50459045171738,217.18080991506577,216.6166551709175,215.36626636981964,217.71957886219025,216.60277903079987
-167,215.78158628940582,215.5994890332222,215.89539712667465,216.7008952498436,217.33071345090866,216.7008952498436,215.84030467271805,216.66741478443146,218.09280908107758,217.76114922761917,216.71395206451416,218.18547904491425,216.74685376882553,216.52538287639618,217.2129749059677,216.5976044535637,215.35967695713043,217.6798031926155,216.57726335525513
-166,215.7877984046936,215.5761433839798,215.86832523345947,216.6527183651924,217.29944133758545,216.6527183651924,215.82038074731827,216.63998752832413,218.12590318918228,217.70823538303375,216.6433281302452,218.19213503599167,216.7375112771988,216.53689312934875,217.23469245433807,216.5843995809555,215.36190778017044,217.63553494215012,216.55440509319305
-165,215.79125261306763,215.55315905809402,215.84923368692398,216.61133259534836,217.2775121331215,216.61133259534836,215.80391490459442,216.61097997426987,218.15216463804245,217.65689080953598,216.57812517881393,218.1952600479126,216.7334668636322,216.5375457406044,217.24469578266144,216.57472068071365,215.3694104552269,217.58771413564682,216.53418111801147
-164,215.79027950763702,215.53170704841614,215.83844727277756,216.57905292510986,217.2644008398056,216.57905292510986,215.7919316291809,216.5842651128769,218.16921132802963,217.60950738191605,216.52132976055145,218.1941237449646,216.73379415273666,216.52709740400314,217.2435188293457,216.56720542907715,215.37899112701416,217.5374287366867,216.5165050625801
-163,215.7832067012787,215.51282268762589,215.83612436056137,216.55733478069305,217.25834721326828,216.55733478069305,215.7847974896431,216.56232047080994,218.17610156536102,217.56837064027786,216.475015103817,218.18827205896378,216.73883247375488,216.50633984804153,217.23210936784744,216.56073969602585,215.38840347528458,217.4859894514084,216.50236302614212
-162,215.76909148693085,215.49707227945328,215.8413393497467,216.54655021429062,217.25776571035385,216.54655021429062,215.78230369091034,216.5459025502205,218.17232555150986,217.53382742404938,216.43860483169556,218.17679578065872,216.74935966730118,216.4781595468521,217.21128034591675,216.55406254529953,215.39560848474503,217.43446654081345,216.49152135849
-161,215.74612659215927,215.48425197601318,215.85351133346558,216.54550844430923,217.261987388134,216.54550844430923,215.78303563594818,216.5355120897293,218.15828400850296,217.5059762597084,216.4110627770424,218.15920495986938,216.76404750347137,216.44563573598862,217.18267744779587,216.54504376649857,215.40009009838104,217.38337349891663,216.48334401845932
-160,215.71425265073776,215.47464001178741,215.87015116214752,216.55203598737717,217.269913315773,216.55203598737717,215.78417372703552,216.53125673532486,218.13521987199783,217.48400861024857,216.39153051376343,218.1348380446434,216.7803731560707,216.41053104400635,217.14772444963455,216.5322140455246,215.40159803628922,217.33192950487137,216.47640365362167
-159,215.67299395799637,215.4689194560051,215.8891967535019,216.5654217004776,217.2800605893135,216.5654217004776,215.78160679340363,216.532659471035,218.10473310947418,217.46694022417068,216.38010329008102,218.10413891077042,216.79575270414352,216.37513649463654,217.10848551988602,216.51431888341904,215.40121054649353,217.27924418449402,216.46993029117584
-158,215.622945189476,215.46717715263367,215.91013306379318,216.58466428518295,217.2913973927498,216.58466428518295,215.77201837301254,216.53874146938324,218.0687211751938,217.4540712237358,216.3771417737007,218.0681153535843,216.80823570489883,216.34181088209152,217.0669058561325,216.49137026071548,215.3991584777832,217.224671959877,216.46295726299286
-157,215.56774973869324,215.46951460838318,215.9320747256279,216.609985768795,217.3020876646042,216.609985768795,215.7530152797699,216.54869103431702,218.02839636802673,217.4450860619545,216.38247698545456,218.02635645866394,216.81680411100388,216.3120800256729,217.0252005457878,216.46366626024246,215.3956173658371,217.16740602254868,216.4553067088127
-156,215.51068484783173,215.47522509098053,215.9549658894539,216.6401864886284,217.31108474731445,216.6401864886284,215.72307389974594,216.5612637400627,217.9855182170868,217.43927162885666,216.39541494846344,217.9791688323021,216.82107490301132,216.28670966625214,216.9856954216957,216.43191969394684,215.39168512821198,217.10730695724487,216.44779843091965
-155,215.4547346830368,215.48315858840942,215.97952061891556,216.6724687218666,217.31730890274048,216.6724687218666,215.68198835849762,216.57550024986267,217.94226616621017,217.43580734729767,216.4159734249115,217.92732775211334,216.82047313451767,216.26599645614624,216.94946563243866,216.39769291877747,215.38863271474838,217.04418700933456,216.44128847122192
-154,215.40334349870682,215.49204164743423,216.0056555867195,216.70398849248886,217.32004582881927,216.70398849248886,215.63166099786758,216.59010577201843,217.89999949932098,217.43444055318832,216.44419932365417,217.8722465634346,216.8136813044548,216.24916392564774,216.91640049219131,216.36216348409653,215.387466609478,216.97851479053497,216.43643122911453
-153,215.35997980833054,215.50041949748993,216.03341794013977,216.7325342297554,217.31889986991882,216.7325342297554,215.5744360089302,216.60497230291367,217.85959178209305,217.43453472852707,216.48121267557144,217.81677240133286,216.79953902959824,216.23475688695908,216.8863347172737,216.3271101117134,215.38894605636597,216.91141241788864,216.4324722290039
-152,215.32727700471878,215.50793474912643,216.06135892868042,216.75744378566742,217.31447505950928,216.75744378566742,215.51304215192795,216.61971932649612,217.822163939476,217.4348269701004,216.5273003578186,217.76419204473495,216.77797096967697,216.22085815668106,216.85960853099823,216.29451078176498,215.39291727542877,216.84442681074142,216.42910462617874
-151,215.30758208036423,215.5138846039772,216.0875300168991,216.77854895591736,217.30750167369843,216.77854895591736,215.45036262273788,216.63443648815155,217.78868520259857,217.4345816373825,216.58069014549255,217.71795880794525,216.74982953071594,216.20597231388092,216.83654481172562,216.2656415104866,215.4005282521248,216.7787162065506,216.42621856927872
-150,215.30231553316116,215.51867312192917,216.110549390316,216.79558169841766,217.29820609092712,216.79558169841766,215.38898986577988,216.64968794584274,217.76073676347733,217.43410408496857,216.63927870988846,217.68116635084152,216.71670335531235,216.18918645381927,216.81713205575943,216.24174845218658,215.41363036632538,216.7155725955963,216.424222946167
-149,215.3104755282402,215.52309757471085,216.12973707914352,216.81026011705399,217.2868903875351,216.81026011705399,215.3315868973732,216.6660379767418,217.73943090438843,217.4337539076805,216.7005124092102,217.6561079621315,216.67960143089294,216.17044430971146,216.80169415473938,216.22438138723373,215.43297219276428,216.65719199180603,216.42307567596436
-148,215.3310248851776,215.5286779999733,216.1455071568489,216.82404100894928,217.27499693632126,216.82404100894928,215.28071922063828,216.6830078959465,217.72495275735855,217.43452388048172,216.76207321882248,217.6428284049034,216.63897329568863,216.15035098791122,216.79013818502426,216.21417355537415,215.45768547058105,216.60585623979568,216.42285645008087
-147,215.36192750930786,215.53617042303085,216.1587655544281,216.83748710155487,217.26333940029144,216.83748710155487,215.2382173538208,216.69951158761978,217.7168116569519,217.4384969472885,216.82210618257523,217.64006865024567,216.59572851657867,216.12957006692886,216.78256171941757,216.21127206087112,215.4860995411873,216.56248944997787,216.4236297607422
-146,215.40149980783463,215.54540491104126,216.1700804233551,216.8509722352028,217.25195491313934,216.8509722352028,215.20537561178207,216.7147674560547,217.71442312002182,217.44691169261932,216.87932705879211,217.64566469192505,216.5500931739807,216.10923898220062,216.77844727039337,216.21496868133545,215.51623040437698,216.52747744321823,216.42515355348587
-145,215.44686430692673,215.55615484714508,216.17946434020996,216.86466562747955,217.2402644753456,216.86466562747955,215.1834322810173,216.72786909341812,217.71730786561966,217.4606415629387,216.93261402845383,217.6576243042946,216.50185745954514,216.0901426076889,216.7767368555069,216.22407120466232,215.54596990346909,216.50223290920258,216.42614406347275
-144,215.4935120344162,215.56836730241776,216.18711191415787,216.8784504532814,217.22789919376373,216.8784504532814,215.17322170734406,216.7383114695549,217.7243029475212,217.47928208112717,216.9813505411148,217.67421126365662,216.45091474056244,216.07306504249573,216.77636379003525,216.23833692073822,215.57334035634995,216.4869909286499,216.42559397220612
-143,215.53776425123215,215.58220237493515,216.19312471151352,216.89226549863815,217.21422827243805,216.89226549863815,215.17321556806564,216.74587750434875,217.7337281703949,217.5019736289978,217.02496683597565,217.69373804330826,216.39824706315994,216.05967110395432,216.77603578567505,216.256864964962,215.59691524505615,216.48095208406448,216.42223036289215
-142,215.57685041427612,215.59750533103943,216.19780004024506,216.90572047233582,217.19816064834595,216.90572047233582,215.1812195777893,216.75084602832794,217.74349921941757,217.52697801589966,217.06298702955246,217.71489429473877,216.34544199705124,216.05151855945587,216.77493649721146,216.2780402302742,215.61650490760803,216.48251229524612,216.4143287539482
-141,215.61015456914902,215.6140776872635,216.20192277431488,216.91834199428558,217.1787896156311,216.91834199428558,215.19455456733704,216.7536233663559,217.7518984079361,217.5529710650444,217.0952707529068,217.7369133234024,216.2943860888481,216.05030435323715,216.7721956372261,216.300401866436,215.6321929693222,216.49018543958664,216.40122598409653
-140,215.63888430595398,215.63141000270844,216.20704019069672,216.92998510599136,217.1552705168724,216.92998510599136,215.21132791042328,216.75454604625702,217.7583983540535,217.5784621834755,217.12151038646698,217.75903302431107,216.24798172712326,216.05735504627228,216.76758527755737,216.32241880893707,215.64419144392014,216.50299274921417,216.38371628522873
-139,215.66438406705856,215.64942783117294,216.21431690454483,216.94148737192154,217.12791877985,216.94148737192154,215.22964775562286,216.75374555587769,217.7629457116127,217.60222959518433,217.14192247390747,217.7805494070053,216.20911747217178,216.0743390917778,216.76189297437668,216.3427073955536,215.65294128656387,216.5204838514328,216.36335092782974
-138,215.68806475400925,215.66873180866241,216.2238718867302,216.95365351438522,217.09838545322418,216.95365351438522,215.24773794412613,216.75025206804276,217.76611322164536,217.62365126609802,217.15698647499084,217.80098295211792,216.17971444129944,216.10177451372147,216.75617849826813,216.359645485878,215.65939378738403,216.54230481386185,216.3410307765007
-137,215.7108172774315,215.68921542167664,216.23596811294556,216.9666224718094,217.0684534907341,216.9666224718094,215.26400977373123,216.74320632219315,217.76889157295227,217.64213740825653,217.16731417179108,217.81954580545425,216.1605999469757,216.1390722990036,216.75147372484207,216.3725128173828,215.66418081521988,216.56808865070343,216.31811040639877
-136,215.7334263920784,215.7103852033615,216.25009161233902,216.98060059547424,217.04008382558823,216.98060059547424,215.27697801589966,216.73132890462875,217.77253991365433,217.65679740905762,217.1733369231224,217.83569157123566,216.1514304280281,216.18481135368347,216.74772745370865,216.38271099328995,215.6673133969307,216.5979881286621,216.29583024978638
-135,215.75604140758514,215.73185366392136,216.26547944545746,216.99542021751404,217.01442140340805,216.99542021751404,215.28587526082993,216.71354341506958,217.77783167362213,217.6669763326645,217.17492562532425,217.84975159168243,216.1513011455536,216.23647958040237,216.74409675598145,216.3912232518196,215.6683047413826,216.63186341524124,216.27543318271637
-134,215.77817904949188,215.75359278917313,216.28145283460617,217.01004666090012,216.99242067337036,217.01004666090012,215.2907002568245,216.68931871652603,217.78525173664093,217.67270463705063,217.17217481136322,217.86271637678146,216.15850961208344,216.29156482219696,216.7397267818451,216.39796417951584,215.6665514111519,216.6690937280655,216.2581661939621
-133,215.7991315126419,215.77551591396332,216.29705959558487,217.02336794137955,216.97478067874908,217.02336794137955,215.29169231653214,216.65908575057983,217.7954095005989,217.67452490329742,217.16570603847504,217.87533730268478,216.1716087460518,216.34739685058594,216.7347338795662,216.40183824300766,215.6616644859314,216.70861732959747,216.24552065134048
-132,215.81775856018066,215.7978830933571,216.31137877702713,217.03435242176056,216.96202903985977,217.03435242176056,215.28976160287857,216.6240834593773,217.80879253149033,217.6739444732666,217.15646350383759,217.88836646080017,216.18882137537003,216.40187042951584,216.72990435361862,216.40236043930054,215.6532759666443,216.74926614761353,216.23859453201294
-131,215.83316487073898,215.8215932250023,216.32421052455902,217.0422830581665,216.95500618219376,217.0422830581665,215.2857345342636,216.58594125509262,217.8249253630638,217.67237520217896,217.1455653309822,217.9024811387062,216.2087845802307,216.4534033536911,216.725461602211,216.39957237243652,215.64211177825928,216.79005032777786,216.2384979724884
-130,215.8464633822441,215.84768611192703,216.3357800245285,217.0459268093109,216.9544169306755,217.0459268093109,215.28029483556747,216.54700142145157,217.84310805797577,217.67070096731186,217.13407003879547,217.91891139745712,216.23011529445648,216.501218855381,216.7215029001236,216.39404433965683,215.62970423698425,216.83056724071503,216.2459586262703
-129,215.85886949300766,215.87655293941498,216.34574311971664,217.0445613861084,216.96072924137115,217.0445613861084,215.2747967839241,216.50982242822647,217.8617998957634,217.66968071460724,217.12274438142776,217.9382711648941,216.2509507536888,216.54476988315582,216.71832299232483,216.3871164917946,215.61783915758133,216.87027752399445,216.2609001994133
-128,215.8717826604843,215.90777242183685,216.35406059026718,217.03810220956802,216.97412717342377,217.03810220956802,215.27000319957733,216.4768043756485,217.879096865654,217.67012494802475,217.11197501420975,217.96018886566162,216.27015841007233,216.58317637443542,216.7157959342003,216.3805987238884,215.60815554857254,216.90799701213837,216.28305131196976
-127,215.88611590862274,215.94049680233002,216.3602237701416,217.0271155834198,216.99443662166595,217.0271155834198,215.2663705945015,216.4501975774765,217.89382308721542,217.673126578331,217.1021112203598,217.9838631749153,216.28727209568024,216.61540859937668,216.71340608596802,216.37702786922455,215.6027929186821,216.9421859383583,216.31165879964828
-126,215.90174823999405,215.974114716053,216.36372047662735,217.01290261745453,217.02109932899475,217.01290261745453,215.26394641399384,216.4315608739853,217.90567952394485,217.6790286898613,217.09338295459747,218.007915019989,216.30253690481186,216.64090514183044,216.71129709482193,216.37921780347824,215.6031853556633,216.9713886976242,216.34581738710403
-125,215.91841512918472,216.00840145349503,216.36418628692627,216.9963731765747,217.05337297916412,216.9963731765747,215.26243436336517,216.4211500287056,217.91472333669662,217.68749058246613,217.0858114361763,218.0309683084488,216.31632959842682,216.65977466106415,216.70977771282196,216.3890020251274,215.60937494039536,216.9947497844696,216.38410395383835
-124,215.93658035993576,216.04257583618164,216.3618410229683,216.97832971811295,217.09019964933395,216.97832971811295,215.26181602478027,216.41848295927048,217.92103189229965,217.69752222299576,217.07917922735214,218.05159413814545,216.32886856794357,216.6721722483635,216.70927107334137,216.40744072198868,215.62012845277786,217.01196259260178,216.4251646399498
-123,215.95735973119736,216.0758736729622,216.35680359601974,216.95987820625305,217.1304069161415,216.95987820625305,215.26238203048706,216.4225596189499,217.9250603914261,217.70830750465393,217.07355004549026,218.06920057535172,216.34059810638428,216.67895102500916,216.71054500341415,216.43479365110397,215.63335502147675,217.0227245092392,216.4683289527893
-122,215.9818195104599,216.10778295993805,216.3486284017563,216.9420890212059,217.17319476604462,216.9420890212059,215.26452320814133,216.4322012066841,217.92719131708145,217.71896940469742,217.06901448965073,218.08362251520157,216.35194194316864,216.6819362640381,216.71410584449768,216.46982884407043,215.64766037464142,217.0272045135498,216.51291698217392
-121,216.0103240609169,216.13749808073044,216.3369180560112,216.92562478780746,217.21816205978394,216.92562478780746,215.26902616024017,216.44626605510712,217.92803794145584,217.72791129350662,217.06546634435654,218.0948053598404,216.3633999824524,216.68276453018188,216.71978479623795,216.51029205322266,215.66286993026733,217.02586209774017,216.55707848072052
-120,216.0436881184578,216.16399842500687,216.32177263498306,216.91042774915695,217.26468509435654,216.91042774915695,215.27696055173874,216.46432930231094,217.92684698104858,217.7334060072899,217.0629165172577,218.1031150817871,216.37482130527496,216.68211382627487,216.72697073221207,216.552838742733,215.6791069507599,217.01927959918976,216.5987828373909
-119,216.0825321674347,216.18600249290466,216.30386233329773,216.89633655548096,217.31203466653824,216.89633655548096,215.28871566057205,216.48530662059784,217.92292881011963,217.73354589939117,217.0612969994545,218.10935336351395,216.38573503494263,216.67998546361923,216.73513782024384,216.59391939640045,215.69622606039047,217.00850588083267,216.63649880886078
-118,216.12589019536972,216.20274662971497,216.28353905677795,216.88328212499619,217.3591541647911,216.88328212499619,215.30446791648865,216.5075660943985,217.91619962453842,217.72660475969315,217.0609918832779,218.1139487028122,216.3957406282425,216.6768660545349,216.74486327171326,216.6304875612259,215.71432620286942,216.9950687289238,216.66914820671082
-117,216.1718714237213,216.21357476711273,216.26182675361633,216.8716030716896,217.40462565422058,216.8716030716896,215.32420694828033,216.5297630429268,217.9069780111313,217.7118195295334,217.06266778707504,218.11719578504562,216.40459322929382,216.6732358932495,216.7567234635353,216.661241710186,215.73173648118973,216.9814888238907,216.6956832408905
-116,216.21786218881607,216.2179270386696,216.24005544185638,216.8618751168251,217.44675773382187,216.8618751168251,215.34803712368011,216.55101084709167,217.89573580026627,217.68925458192825,217.0670245885849,218.11930310726166,216.41224265098572,216.66983914375305,216.77138721942902,216.68569380044937,215.7462614774704,216.96933698654175,216.71577602624893
-115,216.2614433169365,216.215811252594,216.21922409534454,216.8542275428772,217.484326004982,216.8542275428772,215.3753361105919,216.57116031646729,217.88301807641983,217.65935868024826,217.07424187660217,218.12037593126297,216.4187404513359,216.66765028238297,216.78923106193542,216.70301282405853,215.7567274570465,216.9595386981964,216.72978579998016
-114,216.30070441961288,216.2082182765007,216.20000839233398,216.84909969568253,217.51638573408127,216.84909969568253,215.4048193693161,216.59075474739075,217.8697034716606,217.6230502128601,217.08487993478775,218.12073290348053,216.4246710538864,216.6675232052803,216.81058728694916,216.7125921845436,215.76231729984283,216.95339065790176,216.73833853006363
-113,216.33441454172134,216.19645595550537,216.1828928589821,216.8472631573677,217.54219108819962,216.8472631573677,215.43507742881775,216.61042684316635,217.8569661974907,217.5816017985344,217.0992185473442,218.1206532716751,216.430311024189,216.67022174596786,216.8350060582161,216.71420633792877,215.76273000240326,216.95238703489304,216.74299132823944
-112,216.36164778470993,216.18169271945953,216.16828483343124,216.848807990551,217.5606733560562,216.848807990551,215.4645619392395,216.6306374669075,217.84534639120102,217.53689169883728,217.1172885298729,218.1200293302536,216.43510299921036,216.67606282234192,216.86154812574387,216.70860105752945,215.75805246829987,216.95771461725235,216.7456049323082
-111,216.38175946474075,216.16474789381027,216.15637642145157,216.85373902320862,217.57041203975677,216.85373902320862,215.49181532859802,216.65128880739212,217.83511513471603,217.49099296331406,217.13907599449158,218.11915868520737,216.43821346759796,216.68566489219666,216.88944619894028,216.69749373197556,215.7490718960762,216.9698017835617,216.7478454709053
-110,216.39548927545547,216.14692306518555,216.14703261852264,216.86190927028656,217.57105213403702,216.86190927028656,215.51582556962967,216.6724755167961,217.82654970884323,217.4457740187645,217.16457164287567,218.1186627149582,216.43924272060394,216.69910269975662,216.91732114553452,216.68247550725937,215.73729532957077,216.98872262239456,216.75091689825058
-109,216.4038671851158,216.1297287940979,216.14003729820251,216.87285381555557,217.56383049488068,216.87285381555557,215.53598952293396,216.69427251815796,217.82023632526398,217.40258306264877,217.19328957796097,218.11895382404327,216.43848913908005,216.71697390079498,216.94456911087036,216.66526263952255,215.72433024644852,217.01350384950638,216.75549346208572
-108,216.40724736452103,216.11383938789368,216.13550794124603,216.88637363910675,217.55097270011902,216.88637363910675,215.55189204216003,216.71641182899475,217.81667166948318,217.36271250247955,217.2242921590805,218.12006551027298,216.43643814325333,216.7384775876999,216.97114622592926,216.64757347106934,215.71169638633728,217.04333513975143,216.76242923736572
-107,216.40657079219818,216.0995746254921,216.1336744427681,216.90177911520004,217.53473591804504,216.90177911520004,215.56294006109238,216.73787367343903,217.81590336561203,217.3276950120926,217.25676757097244,218.12237930297852,216.43391275405884,216.7625213265419,216.99635726213455,216.63044899702072,215.70059657096863,217.07709181308746,216.77247309684753
-106,216.4029459953308,216.08737236261368,216.13497948646545,216.9178906083107,217.5171148777008,216.9178906083107,215.56839096546173,216.75785833597183,217.81844860315323,217.29855662584305,217.28961020708084,218.12609297037125,216.4315928220749,216.78760558366776,217.01953268051147,216.61479884386063,215.69227749109268,217.11253476142883,216.78584897518158
-105,216.3974648118019,216.0770499110222,216.13951474428177,216.93358027935028,217.4996440410614,216.93358027935028,215.5676567554474,216.77575999498367,217.82484543323517,217.2758173942566,217.32142168283463,218.13111400604248,216.4296510219574,216.81206810474396,217.04000222682953,216.60129588842392,215.68814712762833,217.1476809978485,216.80232906341553
-104,216.39088368415833,216.06871855258942,216.14709103107452,216.94796574115753,217.4833481311798,216.94796574115753,215.56036233901978,216.79083061218262,217.83537358045578,217.25964444875717,217.35001999139786,218.13700997829437,216.4280743598938,216.83495497703552,217.05725783109665,216.59011352062225,215.6901296377182,217.18134075403214,216.82082760334015
-103,216.3843115568161,216.06175327301025,216.15768986940384,216.96058052778244,217.46886813640594,216.96058052778244,215.5467072725296,216.80233389139175,217.84991896152496,217.2500724196434,217.3731546998024,218.14338570833206,216.42708277702332,216.85536801815033,217.07112205028534,216.5814866423607,215.6994587779045,217.21220755577087,216.84028488397598
-102,216.3790899515152,216.05532902479172,216.17037326097488,216.97202920913696,217.45632368326187,216.97202920913696,215.52709794044495,216.8094522356987,217.86826312541962,217.2463651895523,217.38933944702148,218.1504362821579,216.42692893743515,216.87256222963333,217.08141589164734,216.57645601034164,215.71713948249817,217.23876363039017,216.85969871282578
-101,216.37628453969955,216.04833096265793,216.18414574861526,216.98316252231598,217.44591307640076,216.98316252231598,215.5026227235794,216.81155574321747,217.89010149240494,217.24754393100739,217.39794147014618,218.15802162885666,216.42792344093323,216.88609540462494,217.08803069591522,216.57579046487808,215.7431897521019,217.26011711359024,216.8777421116829
-100,216.37612891197205,216.03995501995087,216.19833362102509,216.99510729312897,217.4375438094139,216.99510729312897,215.47514307498932,216.80911272764206,217.91514092683792,217.25262933969498,217.39879602193832,218.16565907001495,216.43017494678497,216.89590060710907,217.09100621938705,216.57857859134674,215.77652794122696,217.2764881849289,216.89349895715714
-99,216.3783165216446,216.02993869781494,216.2120125889778,217.00936913490295,217.43130499124527,217.00936913490295,215.44603770971298,216.8033092021942,217.94300609827042,217.26125997304916,217.39203596115112,218.17295664548874,216.43379378318787,216.90205436944962,217.09046411514282,216.58309477567673,215.8159098625183,217.28867518901825,216.90664130449295
-98,216.38284349441528,216.01913040876389,216.22547686100006,217.02770191431046,217.42758291959763,217.02770191431046,215.41601020097733,216.79500740766525,217.9724937081337,217.27313143014908,217.37843072414398,218.1797166466713,216.43973690271378,216.9050132036209,217.08681172132492,216.58795857429504,215.85959649085999,217.29804921150208,216.91623085737228
-97,216.39034271240234,216.00918394327164,216.23962724208832,217.05109882354736,217.42615181207657,217.05109882354736,215.3845945596695,216.78566020727158,218.00174456834793,217.28768467903137,217.35945987701416,218.18588149547577,216.44870895147324,216.90581893920898,217.08068668842316,216.59164148569107,215.90575993061066,217.30622053146362,216.92165368795395
-96,216.40067845582962,216.00099176168442,216.25572568178177,217.07968217134476,217.42674612998962,217.07968217134476,215.35336101055145,216.77724677324295,218.02875834703445,217.30466920137405,217.3370864391327,218.19122087955475,216.46077394485474,216.90584963560104,217.07309710979462,216.5927517414093,215.95217669010162,217.31468284130096,216.92254358530045
-95,216.41317027807236,215.995421230793,216.2734413743019,217.112713098526,217.42915052175522,217.112713098526,215.32463145256042,216.77107977867126,218.05237209796906,217.3239341378212,217.3138120174408,218.19574624300003,216.4751678109169,216.90614587068558,217.06513100862503,216.59007120132446,215.99703335762024,217.3239033818245,216.91917997598648
-94,216.42695039510727,215.99306118488312,216.29141956567764,217.14923632144928,217.43343770503998,217.14923632144928,215.30012238025665,216.7681629061699,218.0717841386795,217.34559071063995,217.2920441031456,218.19999730587006,216.49018865823746,216.90760880708694,217.05811524391174,216.5838668346405,216.0386700630188,217.33332115411758,216.91199600696564
-93,216.44094502925873,215.99348431825638,216.30848556756973,217.18823117017746,217.43989288806915,217.18823117017746,215.28038787841797,216.7690510749817,218.08629989624023,217.36939525604248,217.2737718820572,218.20424246788025,216.50484919548035,216.9111823439598,217.05315524339676,216.57561379671097,216.0753431916237,217.34240621328354,216.90159863233566
-92,216.4542340040207,215.99668443202972,216.323854804039,217.22874701023102,217.44846391677856,217.22874701023102,215.26544207334518,216.77364468574524,218.09520024061203,217.39403867721558,217.26016169786453,218.2087590098381,216.5189230442047,216.91735500097275,217.0506466627121,216.5670849084854,216.10599637031555,217.350484251976,216.888405919075
-91,216.4669406414032,216.00281006097794,216.33734345436096,217.26976042985916,217.45826601982117,217.26976042985916,215.25438767671585,216.7815564274788,218.09825938940048,217.41899836063385,217.25150907039642,218.21364611387253,216.53245395421982,216.92598181962967,217.0505326986313,216.56005132198334,216.13010531663895,217.35708010196686,216.87314838171005
-90,216.47851115465164,216.01074796915054,216.34926849603653,217.30959105491638,217.46818602085114,217.30959105491638,215.2464977502823,216.7919678092003,218.09635597467422,217.44466745853424,217.24753785133362,218.21898925304413,216.5453400015831,216.93615943193436,217.05228078365326,216.5563433766365,216.14757180213928,217.36229127645493,216.85617005825043
-89,216.48839819431305,216.0193464756012,216.36026787757874,217.34629279375076,217.47701513767242,217.34629279375076,215.2415298819542,216.80353796482086,218.0902839899063,217.47071719169617,217.24752974510193,218.22488820552826,216.5570940375328,216.94667053222656,217.0550433397293,216.5573769211769,216.15879160165787,217.36703741550446,216.83737963438034
-88,216.495860517025,216.02795392274857,216.37108314037323,217.3785884976387,217.48338770866394,217.3785884976387,215.23907047510147,216.81505280733109,218.08112013339996,217.4963321685791,217.25046396255493,218.2310208082199,216.5672988295555,216.95619201660156,217.05811595916748,216.564471244812,216.1639038324356,217.37218767404556,216.81719160079956
-87,216.50018763542175,216.03645086288452,216.38259810209274,217.40562611818314,217.4869168996811,217.40562611818314,215.2388015985489,216.82582557201385,218.0702314376831,217.52104312181473,217.25545001029968,218.2367771267891,216.57533115148544,216.96369117498398,217.06100410223007,216.57844829559326,216.16287535429,217.37895095348358,216.796116232872
-86,216.50113773345947,216.04395723342896,216.3960076570511,217.42678850889206,217.48718571662903,217.42678850889206,215.24050664901733,216.8354577422142,218.05943393707275,217.54469561576843,217.26169019937515,218.2416821718216,216.5808101296425,216.96846336126328,217.06392937898636,216.5988770723343,216.15599870681763,217.38767057657242,216.77503848075867
-85,216.49831253290176,216.04930317401886,216.4123781323433,217.44219267368317,217.48422008752823,217.44219267368317,215.24353289604187,216.84331834316254,218.0501944422722,217.56662774085999,217.26842498779297,218.2453802227974,216.58382040262222,216.9698103070259,217.06785988807678,216.62439167499542,216.14481455087662,217.39805430173874,216.75501030683517
-84,216.49155187606812,216.05108207464218,216.4323269724846,217.45194679498672,217.4786278605461,217.45194679498672,215.24739867448807,216.84979355335236,218.04362535476685,217.5863396525383,217.27545511722565,218.2480173110962,216.58471232652664,216.9677351117134,217.07334744930267,216.65355426073074,216.131245136261,217.4097028374672,216.73696774244308
-83,216.48104697465897,216.04778623580933,216.4558572769165,217.45617598295212,217.47149002552032,217.45617598295212,215.2525970339775,216.85548692941666,218.04052913188934,217.60386711359024,217.28354120254517,218.250268638134,216.5840493440628,216.9627303481102,217.08024203777313,216.6846343278885,216.1168926358223,217.4224133491516,216.72159439325333
-82,216.4668762087822,216.0384332537651,216.48239451646805,217.45570427179337,217.46423071622849,217.45570427179337,215.2600917816162,216.86056715250015,218.04188346862793,217.6193271279335,217.29296207427979,218.25266480445862,216.58291095495224,216.95511668920517,217.08860498666763,216.71603858470917,216.10290694236755,217.4355680346489,216.70934414863586
-81,216.4493002295494,216.02312523126602,216.51107662916183,217.45190572738647,217.45847916603088,217.45190572738647,215.2711502313614,216.86524897813797,218.04875230789185,217.63248997926712,217.3033123612404,218.2555637359619,216.58255833387375,216.94532245397568,217.09869265556335,216.74626940488815,216.08975893259048,217.44860500097275,216.70017671585083
-80,216.4290097951889,216.0033432841301,216.54100918769836,217.44636356830597,217.45571213960648,217.44636356830597,215.28713202476501,216.86951059103012,218.06196850538254,217.64310497045517,217.31380546092987,218.25898045301437,216.5839597582817,216.9338310956955,217.11085557937622,216.77368772029877,216.0773143172264,217.46087157726288,216.69377273321152
-79,216.4070799946785,215.98119217157364,216.57136595249176,217.44064736366272,217.45708733797073,217.44064736366272,215.30908453464508,216.87349826097488,218.08173286914825,217.6512656211853,217.3235760331154,218.26298010349274,216.58752399683,216.92092430591583,217.1249584555626,216.7968801856041,216.0653391480446,217.47159039974213,216.6900708079338
-78,216.38470351696014,215.9589985013008,216.60099744796753,217.4360949397087,217.46336168050766,217.4360949397087,215.33764338493347,216.87709659337997,218.10746240615845,217.65720456838608,217.33196014165878,218.26763266324997,216.59377545118332,216.90685749053955,217.1403312087059,216.81520080566406,216.05388808250427,217.48035806417465,216.68935352563858
-77,216.36276799440384,215.93855398893356,216.62870436906815,217.43373435735703,217.47453212738037,217.43373435735703,215.37318873405457,216.88009703159332,218.13804119825363,217.6614694595337,217.33885890245438,218.27278804779053,216.60354989767075,216.8921054005623,217.15641140937805,216.82863265275955,216.04307961463928,217.48692053556442,216.69213515520096
-76,216.34212845563889,215.92118269205093,216.65366911888123,217.43423306941986,217.48994576931,217.43423306941986,215.41541957855225,216.8823408484459,218.17143034934998,217.66478019952774,217.3449091911316,218.27780205011368,216.6176112294197,216.87688940763474,217.173115670681,216.8375574350357,216.03272247314453,217.49135679006577,216.6986222267151
-75,216.3239684700966,215.9078404903412,216.6755375266075,217.4378683567047,217.50845044851303,217.4378683567047,215.4632292985916,216.8838388323784,218.20502418279648,217.66770458221436,217.35092890262604,218.28190529346466,216.6360360980034,216.8615484237671,217.1901460289955,216.8423152565956,216.0226895213127,217.49347513914108,216.70879328250885
-74,216.309785425663,215.89902675151825,216.69402492046356,217.44464945793152,217.52853405475616,217.44464945793152,215.5152758359909,216.8844971060753,218.23646634817123,217.67066901922226,217.35795259475708,218.28441578149796,216.65802150964737,216.8463777899742,217.20686775445938,216.8439514040947,216.01304590702057,217.4930266737938,216.72278678417206
-73,216.30076122283936,215.8949213027954,216.7089574933052,217.45395809412003,217.54879534244537,217.45395809412003,215.56994396448135,216.88418418169022,218.2640684247017,217.67414730787277,217.36649483442307,218.2849503159523,216.6824346780777,216.83158606290817,217.2228021621704,216.84335565567017,216.00410389900208,217.4900775551796,216.74064111709595
-72,216.29775393009186,215.89566349983215,216.7203185558319,217.46474862098694,217.56775736808777,217.46474862098694,215.62529742717743,216.88255560398102,218.286705493927,217.6785425543785,217.37671226263046,218.28376418352127,216.70779865980148,216.81727904081345,217.23754394054413,216.84113293886185,215.9965141415596,217.4849997162819,216.76231223344803
-71,216.30157780647278,215.90125745534897,216.72834599018097,217.47599577903748,217.58417868614197,217.47599577903748,215.67918479442596,216.8793712258339,218.30381655693054,217.68410223722458,217.38861727714539,218.2813287973404,216.73198276758194,216.80363446474075,217.25096690654755,216.83773881196976,215.9905006289482,217.4782955646515,216.78752052783966
-70,216.31241434812546,215.91139405965805,216.73380875587463,217.48679023981094,217.59738320112228,217.48679023981094,215.72914969921112,216.87471425533295,218.31561636924744,217.69085359573364,217.402041554451,218.27813643217087,216.75291568040848,216.7908439040184,217.26273161172867,216.83352428674698,215.98572951555252,217.47033619880676,216.8154531121254
-69,216.32968533039093,215.92528355121613,216.73760384321213,217.4964770078659,217.60716634988785,217.4964770078659,215.77310860157013,216.8693569302559,218.32306748628616,217.698681473732,217.41719990968704,218.27474349737167,216.76889407634735,216.77910351753235,217.27239125967026,216.82891976833344,215.9817959666252,217.46161502599716,216.84495222568512
-68,216.35181033611298,215.94181686639786,216.73990553617477,217.50476390123367,217.6136313676834,217.50476390123367,215.80952942371368,216.8637986779213,218.3275781273842,217.70737832784653,217.43404603004456,218.27194494009018,216.7787554860115,216.76859146356583,217.27944338321686,216.82439625263214,215.9787843823433,217.45279496908188,216.8749127984047
-67,216.37698590755463,215.96017509698868,216.74029403924942,217.5117159485817,217.61686891317368,217.5117159485817,215.83741134405136,216.85865116119385,218.33047688007355,217.71671229600906,217.45221984386444,218.2703231573105,216.78170150518417,216.75984901189804,217.28362411260605,216.820281624794,215.97700691223145,217.4445543885231,216.90427845716476
-66,216.40326446294785,215.97942519187927,216.73816406726837,217.51773524284363,217.6169748902321,217.51773524284363,215.85673534870148,216.8546457886696,218.33290493488312,217.72680658102036,217.47095090150833,218.27037400007248,216.77765786647797,216.75345653295517,217.28520333766937,216.8168721795082,215.9771248102188,217.4372794032097,216.93191981315613
-65,216.4287680387497,215.99876648187637,216.7331062555313,217.5236178636551,217.61387264728546,217.5236178636551,215.86845993995667,216.85265094041824,218.3358251452446,217.73771703243256,217.4890598654747,218.27253943681717,216.76707458496094,216.7498442530632,217.28417122364044,216.81452023983002,215.9794675707817,217.43145418167114,216.95714032649994
-64,216.4520772099495,216.01769477128983,216.72509998083115,217.53023755550385,217.60746735334396,217.53023755550385,215.87397330999374,216.85321217775345,218.33972281217575,217.74976056814194,217.50547301769257,218.2774214744568,216.75108647346497,216.74954360723495,217.2809567451477,216.81361585855484,215.98425233364105,217.4276574254036,216.9795269370079
-63,216.47244799137115,216.03600811958313,216.7141580581665,217.53852605819702,217.59806180000305,217.53852605819702,215.87494826316833,216.856704890728,218.34451514482498,217.7626857161522,217.5193201303482,218.2855966091156,216.7312782406807,216.75277423858643,217.2765389084816,216.8144758939743,215.99151879549026,217.4266101717949,216.9987125992775
-62,216.4897992014885,216.0533441901207,216.7005197405815,217.5491030216217,217.58607530593872,217.5491030216217,215.87289023399353,216.86286038160324,218.34986025094986,217.77578681707382,217.52970832586288,218.2972258925438,216.70942795276642,216.7591693997383,217.27157056331635,216.8172395825386,216.00078493356705,217.42876291275024,217.0143694281578
-61,216.50412261486053,216.0684643983841,216.68481707572937,217.5619695186615,217.57200676202774,217.5619695186615,215.86900013685226,216.87104189395905,218.35562032461166,217.7885383963585,217.53602600097656,218.3121276497841,216.68691331148148,216.76825553178787,217.26620918512344,216.8218646645546,216.0115881562233,217.43427151441574,217.02651101350784
-60,216.5153169631958,216.0804306268692,216.66799694299698,217.5768165588379,217.55626273155212,217.5768165588379,215.86389714479446,216.88024920225143,218.3618301153183,217.80093955993652,217.5380534529686,218.3298655152321,216.66479301452637,216.77966618537903,217.2603681087494,216.82854688167572,216.0233615040779,217.4431676864624,217.03559082746506
-59,216.52310061454773,216.088736474514,216.65124559402466,217.59297692775726,217.53935664892197,217.59297692775726,215.85723847150803,216.88931328058243,218.3684401512146,217.8132939338684,217.53624826669693,218.34984582662582,216.64369416236877,216.79306203126907,217.25391727685928,216.83761537075043,216.03538632392883,217.45525193214417,217.04221826791763
-58,216.5272507071495,216.0933274626732,216.63568300008774,217.60980051755905,217.52214759588242,217.60980051755905,215.84881395101547,216.8972454071045,218.37552726268768,217.8260549902916,217.53162664175034,218.3713554739952,216.62371534109116,216.80796319246292,217.24678087234497,216.84921789169312,216.04703897237778,217.46998530626297,217.04688096046448
-57,216.5275518298149,216.09466433525085,216.6219487786293,217.62633192539215,217.50543475151062,217.62633192539215,215.83866792917252,216.9038091301918,218.38268393278122,217.83956134319305,217.52564626932144,218.39348202943802,216.60491704940796,216.82386672496796,217.23904991149902,216.86361050605774,216.0577745437622,217.48680764436722,217.05006474256516
-56,216.52396935224533,216.09356915950775,216.6099249124527,217.6415240764618,217.48973953723907,217.6415240764618,215.82671850919724,216.90952640771866,218.3895741701126,217.8540163040161,217.51999020576477,218.41573005914688,216.5875626206398,216.84030771255493,217.23088163137436,216.88056468963623,216.0671483874321,217.5051377415657,217.05239272117615
-55,216.5165771842003,216.09087771177292,216.59922564029694,217.6545975804329,217.4752275943756,217.6545975804329,215.8130213022232,216.9150611758232,218.3957599401474,217.86934196949005,217.51616221666336,218.43769401311874,216.57185173034668,216.857206761837,217.2225058078766,216.89930778741837,216.07505095005035,217.52424561977386,217.054538667202
-54,216.50571167469025,216.08800077438354,216.58988225460052,217.6647565960884,217.4620795249939,217.6647565960884,215.7978200316429,216.9210026860237,218.4006688594818,217.8851576447487,217.51579362154007,218.4588519334793,216.5577730536461,216.87438362836838,217.21433758735657,216.91878354549408,216.08158028125763,217.5433793067932,217.05662328004837
-53,216.49202263355255,216.08645391464233,216.5820653438568,217.67158192396164,217.45022755861282,217.67158192396164,215.78139054775238,216.9282180070877,218.4038833975792,217.9008271098137,217.52008545398712,218.47884893417358,216.54521679878235,216.89186495542526,217.20683336257935,216.93801963329315,216.08691036701202,217.5618269443512,217.05798441171646
-52,216.47620749473572,216.08701086044312,216.57568234205246,217.67462807893753,217.43957006931305,217.67462807893753,215.76423120498657,216.9370640516281,218.40514016151428,217.9157612323761,217.52900981903076,218.49748301506042,216.53414750099182,216.9098191857338,217.2002484202385,216.95620667934418,216.09115344285965,217.57886838912964,217.0577037334442
-51,216.45901906490326,216.0899000763893,216.57022178173065,217.67345547676086,217.42985808849335,217.67345547676086,215.74690252542496,216.94753575325012,218.4044417142868,217.92948073148727,217.54180932044983,218.51437950134277,216.5246331691742,216.9281091094017,217.19467574357986,216.97273087501526,216.09445923566818,217.59374886751175,217.05481946468353
-50,216.44162625074387,216.09503960609436,216.56553184986115,217.66793811321259,217.42075496912003,217.66793811321259,215.72958517074585,216.9593054652214,218.4021246433258,217.94169092178345,217.55740702152252,218.52924627065659,216.51658391952515,216.94634920358658,217.19033217430115,216.98706370592117,216.09762352705002,217.60596597194672,217.04830223321915
-49,216.42561852931976,216.10207879543304,216.5616222023964,217.65827947854996,217.41201847791672,217.65827947854996,215.71269863843918,216.9719364643097,218.39839839935303,217.95237708091736,217.57436221837997,218.54200625419617,216.5098361968994,216.96412855386734,217.18753826618195,216.99874711036682,216.10147941112518,217.6151767373085,217.03730189800262
-48,216.4127350449562,216.11065113544464,216.55837243795395,217.64527821540833,217.4035406112671,217.64527821540833,215.69679576158524,216.98484855890274,218.3933652639389,217.96176528930664,217.5911801457405,218.55288761854172,216.50455504655838,216.9811656475067,217.1867534518242,217.00757229328156,216.10671603679657,217.62109404802322,217.0215945839882
-47,216.40420806407928,216.1200127005577,216.55590695142746,217.6302214860916,217.39555633068085,217.6302214860916,215.68228524923325,216.99738198518753,218.38760602474213,217.97003346681595,217.60653400421143,218.562251329422,216.5005338191986,216.99728798866272,217.18813705444336,217.01366078853607,216.11355859041214,217.62356412410736,217.00171196460724
-46,216.40033209323883,216.12927758693695,216.55417615175247,217.6142366528511,217.38856583833694,217.6142366528511,215.66910183429718,217.00908678770065,218.3816139101982,217.97719585895538,217.61926525831223,218.57073956727982,216.49681067466736,217.01233685016632,217.19181126356125,217.01759499311447,216.1221951842308,217.62244927883148,216.9785317182541
-45,216.4009537100792,216.13791853189468,216.55345165729523,217.59834176301956,217.38314580917358,217.59834176301956,215.65685033798218,217.01967734098434,218.37562477588654,217.98327314853668,217.62873101234436,218.57878160476685,216.49244743585587,217.0262268781662,217.1975423693657,217.0200710296631,216.13282412290573,217.6176813840866,216.95328909158707
-44,216.40538901090622,216.14561676979065,216.55372887849808,217.58326041698456,217.3799929022789,217.58326041698456,215.6455307006836,217.0290322303772,218.37009555101395,217.9888002872467,217.6345864534378,218.58660209178925,216.4868929386139,217.0389638543129,217.205047249794,217.0217495560646,216.145294547081,217.60917955636978,216.92759776115417
-43,216.41237783432007,216.1521001458168,216.55499696731567,217.56927210092545,217.37982720136642,217.56927210092545,215.63525211811066,217.0370927453041,218.36529046297073,217.99407351016998,217.63708752393723,218.59414267539978,216.47998785972595,217.0502913594246,217.2139441370964,217.02313536405563,216.15949147939682,217.59718561172485,216.9032751917839
-42,216.42052710056305,216.15748006105423,216.5571989417076,217.55646365880966,217.38302785158157,217.55646365880966,215.6261642575264,217.04385834932327,218.36129820346832,217.99935269355774,217.63710206747055,218.60108017921448,216.47181338071823,217.05989664793015,217.22360825538635,217.02456629276276,216.17522633075714,217.58175998926163,216.88189351558685
-41,216.42884349822998,216.16186732053757,216.56008177995682,217.54489076137543,217.38954836130142,217.54489076137543,215.61876583099365,217.04978680610657,218.35825181007385,218.00474172830582,217.6355795264244,218.60708725452423,216.46281027793884,217.0673257112503,217.23323595523834,217.02633261680603,216.19210493564606,217.56320536136627,216.86471062898636
-40,216.43636363744736,216.16573756933212,216.56345343589783,217.53453743457794,217.3992676138878,217.53453743457794,215.6137773990631,217.05508518218994,218.35641700029373,218.010238468647,217.6333315372467,218.6119565963745,216.45311480760574,217.07207643985748,217.24183577299118,217.029137134552,216.2097829580307,217.54211407899857,216.85264682769775
-39,216.44236755371094,216.16989344358444,216.56716459989548,217.52556151151657,217.41175919771194,217.52556151151657,215.61153650283813,217.05996668338776,218.35600727796555,218.01592421531677,217.63106656074524,218.6153411269188,216.4431837797165,217.0743687748909,217.24869561195374,217.0332846045494,216.22797870635986,217.51893210411072,216.8461223244667
-38,216.44614458084106,216.17520225048065,216.57076740264893,217.5178837776184,217.4265776872635,217.5178837776184,215.61206609010696,217.06474697589874,218.35687029361725,218.0220120549202,217.62934184074402,218.6169530749321,216.43364089727402,217.07466715574265,217.2533322572708,217.03914099931717,216.2466048002243,217.49458247423172,216.84491229057312
-37,216.4473294019699,216.18225640058517,216.5739245414734,217.51134741306305,217.4430913925171,217.51134741306305,215.61525505781174,217.0696462392807,218.3585215806961,218.0283948779106,217.62851309776306,218.6166434288025,216.42525798082352,217.07360529899597,217.25578117370605,217.04689824581146,216.26535338163376,217.46996581554413,216.84810024499893
-36,216.44587206840515,216.19152742624283,216.5762113928795,217.505892932415,217.46072494983673,217.505892932415,215.6208816766739,217.07499742507935,218.3604959845543,218.034628033638,217.6287015080452,218.61436700820923,216.41894781589508,217.07219099998474,217.25630801916122,217.05628502368927,216.28379315137863,217.4460214972496,216.85415279865265
-35,216.44195687770844,216.20302432775497,216.57716047763824,217.50128507614136,217.47894209623337,217.50128507614136,215.62845307588577,217.0812451839447,218.36212623119354,218.04030096530914,217.6299449801445,218.6104012131691,216.4154895544052,217.07125502824783,217.25530689954758,217.0667788386345,216.30145132541656,217.4233866930008,216.86173897981644
-34,216.43587285280228,216.2165578007698,216.57657653093338,217.49744081497192,217.49694842100143,217.49744081497192,215.63725465536118,217.08864015340805,218.36280316114426,218.0451284646988,217.6320223212242,218.60502231121063,216.41536396741867,217.07114797830582,217.25300300121307,217.07786685228348,216.31767535209656,217.40231442451477,216.86961609125137
-33,216.42804145812988,216.23181927204132,216.57449197769165,217.49412500858307,217.5136143565178,217.49412500858307,215.64665681123734,217.09716391563416,218.36196237802505,218.04878568649292,217.63466292619705,218.59865695238113,216.41860073804855,217.07184797525406,217.24955970048904,217.08875042200089,216.33178156614304,217.382854282856,216.87630087137222
-32,216.4189369082451,216.24820864200592,216.57120043039322,217.49098414182663,217.52807223796844,217.49098414182663,215.655752658844,217.10623234510422,218.35925441980362,218.0510396361351,217.63722360134125,218.59167498350143,216.42464208602905,217.07314157485962,217.2449786067009,217.09886914491653,216.34284037351608,217.3648955821991,216.88058024644852
-31,216.4089965224266,216.26523077487946,216.56699842214584,217.48782336711884,217.53958588838577,217.48782336711884,215.66393107175827,217.11492437124252,218.35443896055222,218.05158251523972,217.63935458660126,218.58442735671997,216.43268752098083,217.07439160346985,217.23931282758713,217.10760241746902,216.3507605791092,217.3481044769287,216.88158017396927
-30,216.39844173192978,216.28195202350616,216.5623020529747,217.48471051454544,217.54764825105667,217.48471051454544,215.67083805799484,217.1221427321434,218.34726637601852,218.05006629228592,217.6407842040062,218.57727587223053,216.44219893217087,217.07505005598068,217.2326425909996,217.11468929052353,216.35589295625687,217.33209908008575,216.8789831995964
-29,216.38735127449036,216.297318816185,216.55733358860016,217.4817864894867,217.55189388990402,217.4817864894867,215.6759421825409,217.1262738108635,218.3375631570816,218.04613560438156,217.6412912607193,218.57039266824722,216.45293581485748,217.0747303366661,217.22489660978317,217.1202089190483,216.35839414596558,217.31663066148758,216.8729646205902
-28,216.37577658891678,216.31043875217438,216.55231893062592,217.4793512225151,217.55241286754608,217.4793512225151,215.67893826961517,217.12611097097397,218.32527965307236,218.03970271348953,217.64106673002243,218.56381422281265,216.46503961086273,217.07339721918106,217.21615797281265,217.124576151371,216.35820752382278,217.30191779136658,216.86414116621017
-27,216.36365777254105,216.32030594348907,216.54745572805405,217.47761023044586,217.54956644773483,217.47761023044586,215.68006217479706,217.12065076828003,218.310445189476,218.03085708618164,217.64047080278397,218.55782252550125,216.47862321138382,217.07120126485825,217.20641952753067,217.1283193230629,216.35511672496796,217.28804886341095,216.85346519947052
-26,216.35069328546524,216.32632380723953,216.5428591966629,217.4766012430191,217.54399752616882,217.4766012430191,215.67997586727142,217.10940313339233,218.29313606023788,218.0199756026268,217.6402633190155,218.5527747273445,216.49379324913025,217.0682793855667,217.1957963705063,217.13174039125443,216.34890347719193,217.27510726451874,216.84212905168533
-25,216.33693408966064,216.32840657234192,216.53843039274216,217.47644126415253,217.53614515066147,217.47644126415253,215.67917448282242,217.09255802631378,218.27370703220367,218.0072684288025,217.64121574163437,218.54894226789474,216.51061713695526,217.0642832517624,217.18430149555206,217.134834587574,216.3396239876747,217.26305335760117,216.83115869760513
-24,216.3226951956749,216.32685804367065,216.53370958566666,217.47697085142136,217.52640843391418,217.47697085142136,215.67787605524063,217.07037889957428,218.25275433063507,217.99335378408432,217.6438730955124,218.54640239477158,216.52916818857193,217.05883079767227,217.1719287633896,217.137449324131,216.32770150899887,217.25174152851105,216.82113349437714
-23,216.30854696035385,216.3222380876541,216.52817112207413,217.47811543941498,217.51526379585266,217.47811543941498,215.67652958631516,217.04333919286728,218.2311651110649,217.9790762066841,217.64844125509262,218.5453314781189,216.54928612709045,217.05171686410904,217.1587175130844,217.13939917087555,216.3136709332466,217.240915954113,216.81218379735947
-22,216.29552763700485,216.3154205083847,216.52145570516586,217.47980070114136,217.50333505868912,217.47980070114136,215.67549669742584,217.01221352815628,218.21013700962067,217.9653518795967,217.65452110767365,218.5455957055092,216.57053738832474,217.04271733760834,217.14483100175858,217.14062803983688,216.29806923866272,217.23036926984787,216.80432796478271
-21,216.284605383873,216.30720365047455,216.51337081193924,217.48221117258072,217.49117827415466,217.48221117258072,215.6750375032425,216.97785699367523,218.1910327076912,217.95287019014359,217.66129851341248,218.5470626950264,216.59221762418747,217.03187382221222,217.1300392150879,217.14140444993973,216.28155440092087,217.22012627124786,216.7974994778633
-20,216.2765839099884,216.29837542772293,216.50396710634232,217.48569267988205,217.4792526960373,217.48569267988205,215.6751338839531,216.9412237405777,218.17510843276978,217.94209957122803,217.66804081201553,218.54952478408813,216.61318480968475,217.01922470331192,217.1138265132904,217.14217108488083,216.26486587524414,217.21009200811386,216.7913538813591
-19,216.27204632759094,216.28966808319092,216.4933567047119,217.49050325155258,217.46809339523315,217.49050325155258,215.6756390929222,216.9033420085907,218.16339379549026,217.93326085805893,217.6739947795868,218.5527986884117,216.63264507055283,217.00520431995392,217.09575074911118,217.143348634243,216.2486457824707,217.2002530694008,216.7850381731987
-18,216.2710558772087,216.28169524669647,216.48156368732452,217.49682420492172,217.45785641670227,217.49682420492172,215.675810277462,216.86518347263336,218.15672028064728,217.92654705047607,217.67839407920837,218.55678689479828,216.64990162849426,216.9902206659317,217.07555758953094,217.145143866539,216.2335802912712,217.19041162729263,216.77789145708084
-17,216.27313095331192,216.27471840381622,216.46888172626495,217.50486850738525,217.44854426383972,217.50486850738525,215.67545115947723,216.82760399580002,218.15527510643005,217.92181992530823,217.680410861969,218.5616419315338,216.66452783346176,216.97494012117386,217.05301570892334,217.14741384983063,216.2204505801201,217.18073099851608,216.76903194189072
-16,216.2774447798729,216.26881790161133,216.455672621727,217.51442110538483,217.43996208906174,217.51442110538483,215.67463624477386,216.79165649414062,218.15853774547577,217.9188134074211,217.67955213785172,218.56720316410065,216.6760887503624,216.95996570587158,217.02831757068634,217.15003335475922,216.20972228050232,217.17158323526382,216.75771230459213
-15,216.28285336494446,216.2640579342842,216.44247287511826,217.5250744819641,217.43187922239304,217.5250744819641,215.6736251115799,216.7582802772522,218.16564720869064,217.91709929704666,217.67568159103394,218.57309061288834,216.68408089876175,216.94578635692596,217.0020528435707,217.1527183651924,216.2017371058464,217.16352301836014,216.74329829216003
-14,216.28810560703278,216.26021987199783,216.42947101593018,217.53617799282074,217.42385137081146,217.53617799282074,215.67282128334045,216.72829061746597,218.17540472745895,217.91619288921356,217.66865611076355,218.57909846305847,216.68829542398453,216.93275731801987,216.9749990105629,217.155122756958,216.19686144590378,217.15709817409515,216.72519063949585
-13,216.29197311401367,216.25710535049438,216.416847884655,217.54715663194656,217.41536724567413,217.54715663194656,215.67261892557144,216.70246636867523,218.18659394979477,217.9157679080963,217.65868866443634,218.58516359329224,216.68869018554688,216.92120724916458,216.9479808807373,217.1571750640869,216.1949781179428,217.15284997224808,216.70336413383484
-12,216.293512403965,216.25466936826706,216.40471094846725,217.5573480129242,217.40603756904602,217.5573480129242,215.67301160097122,216.681507229805,218.19804000854492,217.9154098033905,217.6460524201393,218.59123182296753,216.6856449842453,216.91113913059235,216.92188096046448,217.15875124931335,216.19604057073593,217.1513746380806,216.6778331398964
-11,216.29174560308456,216.2527449131012,216.3931610584259,217.56599402427673,217.39569014310837,217.56599402427673,215.67396986484528,216.66614949703217,218.2086415886879,217.91477930545807,217.6315450668335,218.59717720746994,216.6794918179512,216.90244895219803,216.8975811600685,217.15969735383987,216.2001894712448,217.15301948785782,216.6491264104843
-10,216.2859296798706,216.25095349550247,216.38215172290802,217.57250130176544,217.38438779115677,217.57250130176544,215.67509329319,216.65648812055588,218.21757060289383,217.91346669197083,217.6159217953682,218.60264980793,216.67082279920578,216.89503455162048,216.8758150935173,217.15974789857864,216.2075451016426,217.15788108110428,216.61792916059494
-9,216.27566504478455,216.24888169765472,216.37157636880875,217.57668566703796,217.37234508991241,217.57668566703796,215.6756973862648,216.65226942300797,218.2244113087654,217.91122782230377,217.59991520643234,218.6074076294899,216.66039383411407,216.8891128897667,216.85710215568542,217.15864497423172,216.21833270788193,217.16582638025284,216.58504116535187
-8,216.26080870628357,216.24620938301086,216.3613399863243,217.57850164175034,217.36002910137177,217.57850164175034,215.67505431175232,216.65269762277603,218.2289828658104,217.90802419185638,217.5842542052269,218.61138612031937,216.64879018068314,216.8848859667778,216.8418533205986,217.15631198883057,216.232830286026,217.1765239238739,216.55150628089905
-7,216.24189227819443,216.24265670776367,216.35117691755295,217.57804840803146,217.34832084178925,217.57804840803146,215.67256343364716,216.65649145841599,218.23149704933167,217.9038803577423,217.56975162029266,218.61453503370285,216.6366383433342,216.8824896812439,216.83031398057938,217.15260487794876,216.25095427036285,217.1895939707756,216.51854819059372
-6,216.21999061107635,216.23798328638077,216.34053254127502,217.57545471191406,217.33811831474304,217.57545471191406,215.66788959503174,216.6622213125229,218.23195338249207,217.8989760875702,217.55711901187897,218.6169449687004,216.6244889497757,216.8816888332367,216.82257056236267,217.14718705415726,216.27202916145325,217.20438396930695,216.48749196529388
-5,216.19606506824493,216.2320789694786,216.32895064353943,217.57101488113403,217.33029627799988,217.57101488113403,215.6607482433319,216.66832149028778,218.23051530122757,217.89358347654343,217.54703897237778,218.61881321668625,216.6125284433365,216.8824936747551,216.8183869123459,217.14008831977844,216.29539328813553,217.22022384405136,216.45943534374237
-4,216.1711624264717,216.22487956285477,216.3160781264305,217.5650918483734,217.32524073123932,217.5650918483734,215.65089190006256,216.67367494106293,218.2272908091545,217.88798809051514,217.53996884822845,218.62030911445618,216.60055911540985,216.88472646474838,216.8174267411232,217.13134843111038,216.32028460502625,217.23621690273285,216.43545693159103
-3,216.14644193649292,216.21622323989868,216.30177795886993,217.5580796599388,217.32309484481812,217.5580796599388,215.63823306560516,216.67743706703186,218.22235345840454,217.88243514299393,217.53609627485275,218.6215941309929,216.58854335546494,216.88763093948364,216.8187495470047,217.12107706069946,216.34589529037476,217.25105744600296,216.4164502620697
-2,216.12282806634903,216.20611709356308,216.28621304035187,217.5503358244896,217.32369673252106,217.5503358244896,215.62270307540894,216.67915606498718,218.21562641859055,217.87713450193405,217.535222530365,218.62267661094666,216.5759863257408,216.89063429832458,216.82146286964417,217.10935705900192,216.37154638767242,217.26361912488937,216.40304267406464
-1,216.1011140346527,216.19480443000793,216.26996785402298,217.54209607839584,217.3264707326889,217.54209607839584,215.6042799949646,216.67880940437317,218.20720171928406,217.87191742658615,217.5367865562439,218.62334316968918,216.5625,216.8929676413536,216.8246632218361,217.09656965732574,216.39663487672806,217.27300643920898,216.39543211460114
0,216.08187931776047,216.18265056610107,216.2537043094635,217.5335384607315,217.33062362670898,217.5335384607315,215.58287906646729,216.6769078373909,218.19738149642944,217.86648857593536,217.54018622636795,218.62322664260864,216.5477814078331,216.89405006170273,216.82770138978958,217.08339154720306,216.42072933912277,217.27843606472015,216.39324170351028
1,216.0863111615181,216.19283193349838,216.26566797494888,217.5413869023323,217.35145336389542,217.5413869023323,215.57287901639938,216.69162672758102,218.20806646347046,217.87618714571,217.56217324733734,218.63416701555252,216.5394907593727,216.91789650917053,216.8419560790062,217.09388357400894,216.4578856229782,217.3034924864769,216.41488045454025
2,216.09370797872543,216.20448368787766,216.27870070934296,217.54777401685715,217.37186747789383,217.54777401685715,215.56087851524353,216.7051818370819,218.21555542945862,217.88466745615005,217.58646899461746,218.64541852474213,216.52897208929062,216.938392162323,216.85403054952621,217.10404831171036,216.49458640813828,217.3243791460991,216.43931090831757
3,216.1041608452797,216.21827179193497,216.2934998869896,217.552576482296,217.39106220006943,217.552576482296,215.54760259389877,216.71828371286392,218.219812810421,217.8918651342392,217.6129915714264,218.6568781733513,216.5162707567215,216.95496141910553,216.8637146949768,217.11375665664673,216.5309602022171,217.34124213457108,216.46561896800995
4,216.11770063638687,216.23432052135468,216.31086772680283,217.55561244487762,217.40850162506104,217.55561244487762,215.53382521867752,216.73135942220688,218.22112667560577,217.89796715974808,217.64149713516235,218.66844183206558,216.50156944990158,216.96770334243774,216.87113589048386,217.12279081344604,216.5669710636139,217.35453528165817,216.4929782152176
5,216.13454246520996,216.25240856409073,216.33148926496506,217.5566367506981,217.4240163564682,217.5566367506981,215.5205398797989,216.74469262361526,218.2202092409134,217.90319854021072,217.67165404558182,218.6800076365471,216.48523902893066,216.97678673267365,216.87632715702057,217.13068461418152,216.60243046283722,217.36486625671387,216.52069824934006
6,216.15485560894012,216.2721507549286,216.35602462291718,217.55555588006973,217.43768978118896,217.55555588006973,215.50844287872314,216.75813329219818,218.2179920077324,217.90783661603928,217.70320409536362,218.6912031173706,216.46758145093918,216.98276060819626,216.87925392389297,217.13698261976242,216.6369867324829,217.37286633253098,216.54826813936234
7,216.17884230613708,216.29333972930908,216.38423138856888,217.55225080251694,217.44994294643402,217.55225080251694,215.49809801578522,216.7713658809662,218.2154045701027,217.9121989607811,217.73564165830612,218.70172882080078,216.44893997907639,216.9863579273224,216.87987512350082,217.1412953734398,216.6702196598053,217.3792524933815,216.5754837989807
8,216.20665687322617,216.3157900571823,216.41515052318573,217.54703867435455,217.46136981248856,217.54703867435455,215.48990082740784,216.78350067138672,218.21365702152252,217.91636353731155,217.76845610141754,218.71130073070526,216.42964631319046,216.98821568489075,216.87820953130722,217.1432403922081,216.7017868757248,217.3848746418953,216.60187977552414
9,216.23832023143768,216.3392749428749,216.44745045900345,217.5405752658844,217.4723373055458,217.5405752658844,215.48398458957672,216.79335218667984,218.21361672878265,217.92049491405487,217.80090922117233,218.71979200839996,216.4102378487587,216.98891270160675,216.87470012903214,217.14276242256165,216.73113018274307,217.39023262262344,216.62726908922195
10,216.27379566431046,216.36370652914047,216.47941344976425,217.5335295200348,217.482874751091,217.5335295200348,215.48040586709976,216.79998683929443,218.21560257673264,217.9246169924736,217.83217471837997,218.72742038965225,216.39157909154892,216.98911046981812,216.86970603466034,217.1401522755623,216.75784522294998,217.3958232998848,216.65145009756088
11,216.31269413232803,216.38889253139496,216.50899076461792,217.52675992250443,217.492735683918,217.52675992250443,215.47909927368164,216.80257099866867,218.21956038475037,217.92884927988052,217.86128199100494,218.73442566394806,216.37445276975632,216.98923832178116,216.8633252978325,217.13585156202316,216.78148347139359,217.4019272327423,216.67427629232407
12,216.35429537296295,216.41490477323532,216.53438943624496,217.52150231599808,217.5015785098076,217.52150231599808,215.47988146543503,216.8007624745369,218.2251634001732,217.93323850631714,217.88716369867325,218.74101984500885,216.35956209897995,216.9894146323204,216.8559646010399,217.13073885440826,216.8016421198845,217.4084134697914,216.69558930397034
13,216.39752972126007,216.44189929962158,216.5542424917221,217.51888185739517,217.50903403759003,217.51888185739517,215.48263734579086,216.79452127218246,218.23178815841675,217.93745720386505,217.90888583660126,218.74771201610565,216.3473036289215,216.98949056863785,216.84825217723846,217.1256691813469,216.81756275892258,217.41463607549667,216.7153645157814
14,216.44116860628128,216.4701269865036,216.56768208742142,217.51967203617096,217.51506167650223,217.51967203617096,215.48717212677002,216.78408217430115,218.2384468317032,217.94114673137665,217.92557966709137,218.75497806072235,216.337888777256,216.98925012350082,216.8411230444908,217.12128275632858,216.82857060432434,217.4197497367859,216.73364180326462
15,216.48362535238266,216.49950516223907,216.5744925737381,217.5242161154747,217.51993387937546,217.5242161154747,215.49323564767838,216.76992189884186,218.24419289827347,217.94387704133987,217.93637597560883,218.76322597265244,216.33124428987503,216.9886006116867,216.8355786204338,217.11830604076385,216.83406519889832,217.42310631275177,216.75031864643097
16,216.52339816093445,216.52989077568054,216.57484018802643,217.5324431657791,217.5239068865776,217.5324431657791,215.500692486763,216.75289618968964,218.24825793504715,217.94542771577835,217.94087117910385,218.77284169197083,216.3268741965294,216.98742985725403,216.83248233795166,217.1172524690628,216.83358126878738,217.4240894317627,216.76517069339752
17,216.55884319543839,216.5609410405159,216.56944864988327,217.5439618229866,217.52718979120255,217.5439618229866,215.50928950309753,216.73430067300797,218.24985080957413,217.94546848535538,217.9390195608139,218.78407007455826,216.3242176771164,216.98553520441055,216.83247953653336,217.11809265613556,216.82688331604004,217.4224619269371,216.7783192396164
18,216.58871567249298,216.59178584814072,216.55957919359207,217.5582657456398,217.5299105644226,217.5582657456398,215.51907360553741,216.71539813280106,218.24844616651535,217.9442247748375,217.93131643533707,218.7967849969864,216.32289457321167,216.98288255929947,216.83590054512024,217.12028539180756,216.81424069404602,217.4182135462761,216.78991848230362
19,216.6120584011078,216.62142771482468,216.54693114757538,217.57451629638672,217.53224229812622,217.57451629638672,215.5300806760788,216.69783931970596,218.2438650727272,217.94197392463684,217.91866046190262,218.81071764230728,216.32267171144485,216.97931843996048,216.8429347872734,217.12311053276062,216.79658210277557,217.41160547733307,216.8000420331955
20,216.62831729650497,216.6488389968872,216.53336822986603,217.59178054332733,217.53427308797836,217.59178054332733,215.5427190065384,216.68287098407745,218.23627245426178,217.93918830156326,217.90216290950775,218.82550418376923,216.32385367155075,216.97483265399933,216.85330975055695,217.12568777799606,216.7750939130783,217.40318369865417,216.80885255336761
21,216.63739609718323,216.67279815673828,216.5208489894867,217.6091268658638,217.53615128993988,217.6091268658638,215.55767041444778,216.6714844107628,218.22597306966782,217.93641489744186,217.88305693864822,218.84064882993698,216.3270081281662,216.96944069862366,216.86625027656555,217.12728255987167,216.75101780891418,217.393441259861,216.81654447317123
22,216.63944506645203,216.69266384840012,216.5111221075058,217.62570613622665,217.53804087638855,217.62570613622665,215.57561653852463,216.6640819311142,218.21369433403015,217.9342514872551,217.86238503456116,218.85563695430756,216.33280444145203,216.9633315205574,216.8808512687683,217.12732684612274,216.7254843711853,217.38314580917358,216.82321017980576
23,216.6350474357605,216.70790195465088,216.50553661584854,217.64085799455643,217.5401948094368,217.64085799455643,215.59661877155304,216.66063517332077,218.20044070482254,217.9330369234085,217.841217815876,218.86980205774307,216.34163224697113,216.95709639787674,216.89632368087769,217.12536305189133,216.69992649555206,217.37286853790283,216.82905530929565
24,216.6250095963478,216.71796375513077,216.50500828027725,217.6539921760559,217.54303413629532,217.6539921760559,215.6202078461647,216.66049647331238,218.18714678287506,217.9332895874977,217.8202772140503,218.8826555609703,216.35373067855835,216.95150631666183,216.91176968812943,217.12117052078247,216.67592918872833,217.36336702108383,216.83430355787277
25,216.61028438806534,216.72269195318222,216.51024967432022,217.66457217931747,217.54710483551025,217.66457217931747,215.6455843448639,216.66256415843964,218.17454808950424,217.9352355003357,217.80016922950745,218.8934881091118,216.36891263723373,216.947294652462,216.9266374707222,217.1148238182068,216.6547605395317,217.35526210069656,216.8392295241356
26,216.5917209982872,216.72225999832153,216.52129060029984,217.67241096496582,217.55272537469864,217.67241096496582,215.67235964536667,216.665533721447,218.1630977988243,217.93913221359253,217.78119260072708,218.90168964862823,216.38694179058075,216.94490730762482,216.9406138062477,217.10649472475052,216.63752555847168,217.34909224510193,216.84406161308289
27,216.57035183906555,216.71719163656235,216.5376699566841,217.6778375506401,217.55979496240616,217.6778375506401,215.69999712705612,216.668122112751,218.15304577350616,217.9453186392784,217.76339089870453,218.90696620941162,216.40735632181168,216.9445522427559,216.95386046171188,217.0965141057968,216.62467551231384,217.34543293714523,216.84915781021118
28,216.54712557792664,216.70810675621033,216.5583092570305,217.68106508255005,217.56766426563263,217.68106508255005,215.72786182165146,216.66901153326035,218.14452439546585,217.9541139602661,217.74705165624619,218.90925830602646,216.4295055270195,216.94568419456482,216.96651804447174,217.08549964427948,216.61612790822983,217.3447482585907,216.8546763062477
29,216.52294433116913,216.6958932876587,216.58163928985596,217.6825453042984,217.57547676563263,217.6825453042984,215.75542950630188,216.66709715127945,218.13769805431366,217.96576923131943,217.73268526792526,218.9088705778122,216.452563226223,216.9477408528328,216.9792422056198,217.07422083616257,216.61145949363708,217.34714370965958,216.86071348190308
30,216.49854826927185,216.68176996707916,216.60609483718872,217.68268984556198,217.58217650651932,217.68268984556198,215.78199660778046,216.66177380084991,218.1326248049736,217.98005360364914,217.72076553106308,218.90627193450928,216.47594088315964,216.9500487446785,216.99259114265442,217.06371718645096,216.60974144935608,217.35244524478912,216.86716496944427
31,216.47469794750214,216.66680240631104,216.6299604177475,217.68210345506668,217.58705508708954,217.68210345506668,215.80700081586838,216.6529924273491,218.12954181432724,217.99677604436874,217.7115619778633,218.90221065282822,216.49905902147293,216.95213264226913,217.00672453641891,217.0550016760826,216.6103281378746,217.36007064580917,216.87391829490662
32,216.4519059062004,216.6517134308815,216.65160191059113,217.68162381649017,217.58946138620377,217.68162381649017,215.82952016592026,216.6413410305977,218.128821849823,218.01571381092072,217.70530939102173,218.89764970541,216.52119821310043,216.95345050096512,217.0217472910881,217.04874503612518,216.612708568573,217.36939370632172,216.88096594810486
33,216.43025201559067,216.63726657629013,216.66951709985733,217.68205934762955,217.58898657560349,217.68205934762955,215.84861677885056,216.62777984142303,218.13088476657867,218.0364727973938,217.7020412683487,218.89374369382858,216.5417805314064,216.95364999771118,217.03740084171295,217.0454442501068,216.61678951978683,217.37974828481674,216.88795173168182
34,216.4098144173622,216.62413370609283,216.68257945775986,217.68406718969345,217.5853527188301,217.68406718969345,215.86385118961334,216.6138310432434,218.13605624437332,218.05854338407516,217.70164227485657,218.8914510011673,216.56045752763748,216.95239287614822,217.05314356088638,217.04508656263351,216.6224685907364,217.39038687944412,216.89404147863388
35,216.39075642824173,216.61278200149536,216.69048553705215,217.68796342611313,217.57855248451233,217.68796342611313,215.8749030828476,216.6008831858635,218.14430487155914,218.0812349319458,217.70371067523956,218.8915771842003,216.57716810703278,216.94957041740417,217.0684051513672,217.04752337932587,216.62957239151,217.40059900283813,216.89817875623703
36,216.37320917844772,216.6029897928238,216.69333642721176,217.69359821081161,217.5686422586441,217.69359821081161,215.88167130947113,216.59010475873947,218.15555679798126,218.10368239879608,217.70763605833054,218.89455842971802,216.59209269285202,216.94541436433792,217.08240854740143,217.05230832099915,216.63763058185577,217.4097023010254,216.89921820163727
37,216.35733830928802,216.5944500565529,216.6917165517807,217.7004960179329,217.55572819709778,217.7004960179329,215.88442891836166,216.58225864171982,218.16929632425308,218.12499010562897,217.71256959438324,218.90052366256714,216.6052184700966,216.94019901752472,217.0941510796547,217.059183716774,216.64598721265793,217.41724210977554,216.89602655172348
38,216.34335786104202,216.58679163455963,216.6867071390152,217.70815300941467,217.54005080461502,217.70815300941467,215.88365095853806,216.5779049396515,218.18497437238693,218.1443499326706,217.7175286412239,218.90915828943253,216.61677956581116,216.93424624204636,217.10313147306442,217.0679708123207,216.6541817188263,217.42310190200806,216.88805484771729
39,216.33167213201523,216.57967764139175,216.67952996492386,217.7158893942833,217.52199244499207,217.7158893942833,215.8801172375679,216.5771124958992,218.20187330245972,218.16100996732712,217.72184246778488,218.91974037885666,216.62725710868835,216.927876830101,217.10904324054718,217.07858324050903,216.6614823937416,217.4275957942009,216.87522453069687
40,216.32242661714554,216.57302635908127,216.6717213988304,217.7229500412941,217.50175952911377,217.7229500412941,215.8747975230217,216.57967579364777,218.2192124724388,218.174460709095,217.72502928972244,218.93145394325256,216.63706135749817,216.92123222351074,217.1119748353958,217.0910912156105,216.6671198606491,217.4310719370842,216.85809344053268
41,216.31572741270065,216.56676477193832,216.6646893620491,217.72853404283524,217.47936886548996,217.72853404283524,215.86867719888687,216.58525377511978,218.2363812327385,218.18462878465652,217.7269223332405,218.94336408376694,216.64640253782272,216.91437977552414,217.11220514774323,217.1056970357895,216.6703748703003,217.43392372131348,216.83778977394104
42,216.31123161315918,216.5608868598938,216.65941500663757,217.7317743897438,217.4549416899681,217.7317743897438,215.86276531219482,216.59321427345276,218.25296312570572,218.19188928604126,217.72749650478363,218.95457273721695,216.65534460544586,216.90734541416168,217.11033630371094,217.1225182414055,216.67068892717361,217.43652254343033,216.81565409898758
43,216.30801510810852,216.55533242225647,216.65650779008865,217.73214054107666,217.42850667238235,217.73214054107666,215.85825544595718,216.60280334949493,218.26877331733704,218.19689363241196,217.7268887758255,218.96488642692566,216.66382789611816,216.90035617351532,217.10712951421738,217.14159590005875,216.6679983139038,217.43928384780884,216.79321044683456
44,216.30500489473343,216.5499472618103,216.6561815738678,217.7294381260872,217.4001840353012,217.7294381260872,215.85574716329575,216.61307400465012,218.2837136387825,218.20059967041016,217.72536832094193,218.97430819272995,216.67188042402267,216.89369010925293,217.10327172279358,217.1629627943039,216.6626679301262,217.4422680735588,216.77174031734467
45,216.30126613378525,216.54479837417603,216.6583434343338,217.72334730625153,217.3702404499054,217.72334730625153,215.8553975224495,216.6230873465538,218.29750221967697,218.20378017425537,217.72300493717194,218.98300075531006,216.6795814037323,216.8876826763153,217.09970027208328,217.18670052289963,216.65533101558685,217.44510334730148,216.75208050012589
46,216.2959110736847,216.53987354040146,216.66261506080627,217.71455252170563,217.33888226747513,217.71455252170563,215.85665142536163,216.6318227648735,218.3097934126854,218.20652568340302,217.71977186203003,218.991250872612,216.68714326620102,216.88257831335068,217.09763324260712,217.21291607618332,216.64705097675323,217.44741934537888,216.7348200082779
47,216.28819626569748,216.53496873378754,216.66823881864548,217.70408326387405,217.30658823251724,217.70408326387405,215.85935002565384,216.6382451057434,218.32042664289474,218.20888876914978,217.7151370048523,218.99918860197067,216.69485360383987,216.8780975341797,217.09775632619858,217.241353392601,216.63883364200592,217.44894242286682,216.7203620672226
48,216.27769541740417,216.5297103524208,216.67441469430923,217.69278216362,217.27389138936996,217.69278216362,215.863106071949,216.64183336496353,218.3293885588646,218.21106457710266,217.70859152078629,219.0068307518959,216.70303338766098,216.8739648461342,217.10043901205063,217.27157527208328,216.63170248270035,217.4495106935501,216.70896929502487
49,216.264450609684,216.52366536855698,216.68031495809555,217.68124771118164,217.24137699604034,217.68124771118164,215.8673186302185,216.64231276512146,218.33674091100693,218.2130188345909,217.69962829351425,219.01393562555313,216.71146041154861,216.8700938820839,217.10567677021027,217.3030562400818,216.62658089399338,217.44949275255203,216.70070946216583
50,216.24915546178818,216.51642835140228,216.68479317426682,217.66991007328033,217.20979595184326,217.66991007328033,215.87130558490753,216.63967508077621,218.3423434495926,218.2146360874176,217.68794000148773,219.02011889219284,216.71967655420303,216.8661698102951,217.1129059791565,217.33528453111649,216.62378334999084,217.44931554794312,216.69530642032623
51,216.2326117157936,216.50778514146805,216.68702971935272,217.65898299217224,217.18000435829163,217.65898299217224,215.8745836019516,216.63421428203583,218.34635877609253,218.2160449028015,217.67358142137527,219.02511483430862,216.7271534204483,216.8615534901619,217.1211866736412,217.36754536628723,216.6235601902008,217.4492233991623,216.69245380163193
52,216.21536910533905,216.49783605337143,216.68621653318405,217.64858508110046,217.15301549434662,217.64858508110046,215.87673914432526,216.62644749879837,218.34904724359512,218.21745878458023,217.65697288513184,219.02867078781128,216.73337042331696,216.8557054400444,217.129388153553,217.39909529685974,216.6263021826744,217.44929158687592,216.69197571277618
53,216.1979345679283,216.48682057857513,216.6817878484726,217.63866645097733,217.13001537322998,217.63866645097733,215.87740433216095,216.61735880374908,218.35052126646042,218.21904522180557,217.6389896273613,219.0305643081665,216.73775559663773,216.84851908683777,217.13611209392548,217.42950254678726,216.6320623755455,217.44945985078812,216.69365125894547
54,216.18073952198029,216.47558099031448,216.67393296957016,217.62912064790726,217.11198097467422,217.62912064790726,215.87654447555542,216.6082118153572,218.35077548027039,218.2211634516716,217.62062019109726,219.0307361483574,216.7397627234459,216.8404803276062,217.14052385091782,217.45849871635437,216.64052516222,217.44995605945587,216.6976564526558
55,216.16427797079086,216.46504300832748,216.66333138942719,217.61990958452225,217.0996189713478,217.61990958452225,215.87392431497574,216.60042172670364,218.34991252422333,218.22426730394363,217.6029430627823,219.029410302639,216.73904460668564,216.83264291286469,217.14211654663086,217.48580515384674,216.65154922008514,217.45060223340988,216.70446461439133
56,216.14966356754303,216.45596259832382,216.65159446001053,217.61109536886215,217.09312105178833,217.61109536886215,215.86978143453598,216.59507662057877,218.34803313016891,218.2290050983429,217.58689659833908,219.02703207731247,216.7353447675705,216.82620704174042,217.14086109399796,217.51116621494293,216.6649534702301,217.4511882662773,216.71457946300507
57,216.13810777664185,216.4489152431488,216.64121413230896,217.60305899381638,217.09253299236298,217.60305899381638,215.86509430408478,216.59336817264557,218.34556978940964,218.23604279756546,217.57353329658508,219.02415430545807,216.72882729768753,216.82213008403778,217.13756728172302,217.53433018922806,216.68058037757874,217.4519286751747,216.72866493463516
58,216.13090270757675,216.44426435232162,216.63473320007324,217.59633892774582,217.0979351401329,217.59633892774582,215.86123514175415,216.59647744894028,218.34332865476608,218.24625039100647,217.56378823518753,219.02126002311707,216.72013223171234,216.82153975963593,217.1336522102356,217.55544513463974,216.6983734369278,217.4533992409706,216.74735498428345
59,216.12963545322418,216.44269955158234,216.63469862937927,217.59211868047714,217.10959899425507,217.59211868047714,215.85943365097046,216.60538589954376,218.34222787618637,218.260387301445,217.55865514278412,219.01883322000504,216.7106130719185,216.82555085420609,217.1309545636177,217.57507252693176,216.71871197223663,217.45620769262314,216.77110385894775
60,216.13577336072922,216.44515717029572,216.64325416088104,217.5918373465538,217.12799036502838,217.5918373465538,215.86078214645386,216.6208735704422,218.34360778331757,218.27908104658127,217.55953603982925,219.01742976903915,216.70198291540146,216.83516442775726,217.13137882947922,217.59418654441833,216.74262464046478,217.4612877368927,216.7999746799469
61,216.1507732272148,216.45272558927536,216.6618891954422,217.59663385152817,217.15394896268845,217.59663385152817,215.8664612174034,216.64339661598206,218.34899812936783,218.30269169807434,217.5677797794342,219.01791256666183,216.69681602716446,216.85097706317902,217.13668817281723,217.6140594482422,216.7713858485222,217.4699330329895,216.8334874510765
62,216.17621451616287,216.4665503501892,216.6917209625244,217.60785919427872,217.18866735696793,217.60785919427872,215.87782722711563,216.67344802618027,218.3599641919136,218.3311441540718,217.58456522226334,219.0214408636093,216.69827008247375,216.87351429462433,217.14816254377365,217.6363433599472,216.80624067783356,217.48320192098618,216.87156653404236
63,216.2136451601982,216.48787820339203,216.73345816135406,217.62696659564972,217.23327791690826,217.62696659564972,215.89611566066742,216.7112318277359,218.37820744514465,218.36439895629883,217.6105940937996,219.02980118989944,216.709601521492,216.9034469127655,217.16710090637207,217.6627652645111,216.84855443239212,217.50236320495605,216.91487795114517
64,216.26441943645477,216.51781636476517,216.78736871480942,217.654886841774,217.2885701060295,217.654886841774,215.92264831066132,216.75715762376785,218.40490925312042,218.40251857042313,217.64628320932388,219.04478895664215,216.73350656032562,216.9413902759552,217.19495660066605,217.69449853897095,216.89954835176468,217.52877414226532,216.96425080299377
65,216.32937759160995,216.55720418691635,216.85315853357315,217.6921079158783,217.3552433848381,217.6921079158783,215.95873653888702,216.81150686740875,218.44085377454758,218.44556176662445,217.69189232587814,219.06786197423935,216.77182334661484,216.98774635791779,217.23285472393036,217.73255372047424,216.9599376320839,217.56362080574036,217.0204228758812
66,216.40874713659286,216.60650783777237,216.92979460954666,217.73872154951096,217.43326419591904,217.73872154951096,216.00538289546967,216.87418526411057,218.48622649908066,218.49360573291779,217.74721366167068,219.1000772714615,216.82555371522903,217.04206454753876,217.28144031763077,217.77787870168686,217.02994185686111,217.60780096054077,217.08408403396606
67,216.50175750255585,216.66565281152725,217.0157972574234,217.79428321123123,217.52197396755219,217.79428321123123,216.06294310092926,216.94484424591064,218.54028570652008,218.54648303985596,217.8115358352661,219.14194172620773,216.8940505385399,217.10343861579895,217.34041887521744,217.8310049176216,217.10925686359406,217.66149324178696,217.1554133296013
68,216.6067315340042,216.73438036441803,217.10924834012985,217.85772114992142,217.61994296312332,217.85772114992142,216.13095080852509,217.02260732650757,218.60155910253525,218.60375756025314,217.8836551308632,219.19342809915543,216.97595882415771,217.17057770490646,217.40833622217178,217.89164447784424,217.1971559524536,217.7239521741867,217.2338646054268
69,216.72118884325027,216.8118720650673,217.2078493833542,217.92749124765396,217.7247256040573,217.92749124765396,216.20822232961655,217.10613107681274,218.66843223571777,218.66452759504318,217.96201890707016,219.2537116408348,217.06886726617813,217.24174481630325,217.4833734035492,217.95863837003708,217.29168874025345,217.7938506603241,217.3182081580162
70,216.84132993221283,216.89661353826523,217.30913811922073,218.00152534246445,217.83347755670547,218.00152534246445,216.29274892807007,217.19355428218842,218.7386589050293,218.72755825519562,218.04482597112656,219.32122260332108,217.16929668188095,217.3153538107872,217.5634496808052,218.02993047237396,217.39053416252136,217.86922472715378,217.40684086084366
71,216.96321940422058,216.9867343902588,217.4105976819992,218.07771629095078,217.94333672523499,218.07771629095078,216.3816164135933,217.28232371807098,218.8101543188095,218.79145497083664,218.12964069843292,219.39384400844574,217.27376925945282,217.38976204395294,217.6461266875267,218.10302913188934,217.49131375551224,217.947712123394,217.49768728017807
72,217.0824933052063,217.08023118972778,217.50921684503555,218.15358811616898,218.05113643407822,218.15358811616898,216.4717469215393,217.36974167823792,218.8812085390091,218.85455924272537,218.21380817890167,219.46918445825577,217.37883013486862,217.46341687440872,217.72931867837906,218.1751953959465,217.59154826402664,218.02702170610428,217.58812880516052
73,217.1945165991783,217.1748395562172,217.60207402706146,218.22647869586945,218.15362977981567,218.22647869586945,216.56006747484207,217.45291936397552,218.9498759508133,218.91503566503525,218.29459697008133,219.54465353488922,217.48092770576477,217.53487825393677,217.81091207265854,218.24342542886734,217.68848741054535,218.10511875152588,217.6755529642105
74,217.2950422167778,217.26780205965042,217.68626588582993,218.2933884859085,218.24777054786682,218.2933884859085,216.64344787597656,217.52881914377213,219.0137757062912,218.97098845243454,218.36931425333023,219.61769926548004,217.57647097110748,217.60262149572372,217.8880938887596,218.30463480949402,217.7791549563408,218.17976957559586,217.75702667236328
75,217.37973922491074,217.3558468222618,217.75889813899994,218.35135900974274,218.33102744817734,218.35135900974274,216.71868032217026,217.59451758861542,219.0704436302185,219.02079194784164,218.4355866909027,219.68566584587097,217.66176503896713,217.6648913025856,217.9574974179268,218.35572975873947,217.8606550693512,218.24827009439468,217.8295660018921
76,217.44412022829056,217.43591314554214,217.8170980811119,218.397818505764,218.40118342638016,218.397818505764,216.78240287303925,217.6473781466484,219.11731445789337,219.06283235549927,218.49152034521103,219.74590599536896,217.73333340883255,217.71997690200806,218.0156553387642,218.39366781711578,217.93052673339844,218.30739110708237,217.88983476161957
77,217.48418670892715,217.50523847341537,217.85851550102234,218.43057650327682,218.4563257098198,218.43057650327682,216.83116495609283,217.68503487110138,219.1515901684761,219.09512996673584,218.5351516008377,219.79586094617844,217.7880099415779,217.7656328678131,218.05909955501556,218.41581684350967,217.98689651489258,218.3538842201233,217.93432939052582
78,217.49709552526474,217.56084191799164,217.8811030983925,218.44784623384476,218.4945251941681,218.44784623384476,216.8618157505989,217.7054969072342,219.17067980766296,219.11538422107697,218.56462109088898,219.83310562372208,217.8232958316803,217.7991406917572,218.0853413939476,218.4206708073616,218.02787691354752,218.38472867012024,217.96022361516953
79,217.48140436410904,217.59963923692703,217.8833590745926,218.44887524843216,218.51367312669754,218.44887524843216,216.8719910979271,217.70725148916245,219.17197555303574,219.12191772460938,218.57842415571213,219.855897128582,217.83735597133636,217.8181949853897,218.09332662820816,218.4075002670288,218.05161499977112,218.39785820245743,217.96569269895554
80,217.43679678440094,217.61890250444412,217.864331305027,218.4338334798813,218.51240903139114,218.4338334798813,216.86027443408966,217.68954128026962,219.15438580513,219.11377239227295,218.57556062936783,219.86298537254333,217.8293981552124,217.82148730754852,218.08308053016663,218.3767430782318,218.05636847019196,218.3922454714775,217.9495391845703
81,217.36467039585114,217.61704790592194,217.823952794075,218.40328353643417,218.49008244276047,218.40328353643417,216.82633936405182,217.65317970514297,219.1179301738739,219.09076809883118,218.55623292922974,219.85399597883224,217.80001229047775,217.8087711930275,218.05554139614105,218.329953789711,218.04108375310898,218.36771595478058,217.91146767139435
82,217.26829266548157,217.5938094854355,217.7634527683258,218.35819220542908,218.44741600751877,218.35819220542908,216.77074402570724,217.60005241632462,219.06325763463974,219.05363088846207,218.52108162641525,219.82931011915207,217.75099730491638,217.78035163879395,218.01189017295837,218.2695461511612,218.00592976808548,218.32522988319397,217.85258167982101
83,217.15226238965988,217.55028545856476,217.68552470207214,218.30005186796188,218.38653475046158,218.30005186796188,216.69511395692825,217.53229105472565,218.99165683984756,219.00382953882217,218.47064554691315,219.79003977775574,217.68492764234543,217.73737943172455,217.9536389708519,218.1981858611107,217.95247489213943,218.26612877845764,217.7755224108696
84,217.02180343866348,217.48854434490204,217.59431606531143,218.23086631298065,218.31022310256958,218.23086631298065,216.60192424058914,217.4523696899414,218.90517395734787,218.94345128536224,218.4054170846939,219.7380766272545,217.60445356369019,217.6813604235649,217.88213574886322,218.11900186538696,217.88282042741776,218.19337266683578,217.68388438224792
85,216.88214486837387,217.4112321138382,217.49433535337448,218.1531401872635,218.2218957543373,218.1531401872635,216.49468284845352,217.3629474043846,218.80682677030563,218.875064432621,218.32740795612335,219.6756170988083,217.51222676038742,217.61379772424698,217.79880160093307,218.03568029403687,217.79902082681656,218.11074548959732,217.58194947242737
86,216.7386292219162,217.3213729262352,217.3896403312683,218.06909501552582,218.12548953294754,218.06909501552582,216.37769854068756,217.26644837856293,218.7000408768654,218.80154013633728,218.23981368541718,219.60484021902084,217.41073954105377,217.53688007593155,217.70523416996002,217.9515883922577,217.70348984003067,218.0219486951828,217.47457015514374
87,216.59617745876312,217.22205805778503,217.28459465503693,217.98037964105606,218.02500700950623,217.98037964105606,216.25567311048508,217.16506963968277,218.58825039863586,218.7256161570549,218.14605295658112,219.5281091928482,217.30344581604004,217.4533696770668,217.6043003797531,217.8696749806404,217.59913915395737,217.9302476644516,217.36601877212524
88,216.45922738313675,217.11657893657684,217.18295776844025,217.8886423110962,217.92403906583786,217.8886423110962,216.13362228870392,217.06064558029175,218.47588819265366,218.65000021457672,218.049498796463,219.44841009378433,217.19411772489548,217.36635148525238,217.49935507774353,217.79242259263992,217.488995552063,217.83862179517746,217.26024347543716
89,216.33171343803406,217.00814545154572,217.08789831399918,217.79523360729218,217.8258474469185,217.79523360729218,216.0161794424057,216.9550222158432,218.36728805303574,218.57719922065735,217.9531215429306,219.3686540722847,217.08701819181442,217.27840512990952,217.39353555440903,217.72123688459396,217.37562435865402,217.75000607967377,217.16060322523117
90,216.21655666828156,216.89967912435532,217.00188434123993,217.7015017271042,217.73284476995468,217.7015017271042,215.90702509880066,216.8504163622856,218.26592260599136,218.5090616941452,217.85953724384308,219.29167580604553,216.98576992750168,217.19174087047577,217.2901355624199,217.65734058618546,217.26143336296082,217.66678953170776,217.06823271512985
91,216.11596035957336,216.79330968856812,216.92589670419693,217.60877001285553,217.6462669968605,217.60877001285553,215.80853271484375,216.7487489581108,218.1743142604828,218.4467517733574,217.77067512273788,219.2196899652481,216.8931457400322,217.10815811157227,217.1918820142746,217.60178649425507,217.14850038290024,217.5905413031578,216.9836426973343
92,216.03161627054214,216.69064384698868,216.85930782556534,217.5180428624153,217.56650125980377,217.5180428624153,215.72147578001022,216.65172237157822,218.09403014183044,218.39052426815033,217.68743062019348,219.1539168357849,216.81124836206436,217.02869510650635,217.10007733106613,217.55534553527832,217.03901678323746,217.52228063344955,216.9071066379547
93,215.9638969898224,216.5927032828331,216.8005656003952,217.43009173870087,217.49339926242828,217.43009173870087,215.64600735902786,216.56100404262543,218.02560526132584,218.33999514579773,217.61066907644272,219.09506958723068,216.74063909053802,216.9537109732628,217.0151693224907,217.51864349842072,216.93564265966415,217.462142765522,216.83895444869995
94,215.91223788261414,216.50044751167297,216.74818694591522,217.3455731868744,217.4265855550766,217.3455731868744,215.58186316490173,216.4778944849968,217.96812093257904,218.29442620277405,217.54160928726196,219.04322224855423,216.68146276474,216.8839762210846,216.93766748905182,217.49201780557632,216.84138637781143,217.40941697359085,216.77902030944824
95,215.8745396733284,216.4149278998375,216.7004206776619,217.26497089862823,217.3660792708397,217.26497089862823,215.52818495035172,216.403460085392,217.92019647359848,218.252661049366,217.48127961158752,218.9983662366867,216.6335769891739,216.8207237124443,216.86834156513214,217.47487652301788,216.75859540700912,217.36274975538254,216.7262985110283
96,215.84853720664978,216.3364613056183,216.6555010676384,217.1888628602028,217.31197488307953,217.1888628602028,215.48387640714645,216.33796745538712,217.8804463148117,218.2139522433281,217.43063855171204,218.95963263511658,216.59717321395874,216.76431787014008,216.80822157859802,217.46637791395187,216.6881526708603,217.31969839334488,216.6787592768669
97,215.8318440914154,216.26502430438995,216.61226868629456,217.11815118789673,217.26409256458282,217.11815118789673,215.4474744796753,216.2807257771492,217.84810483455658,218.17801523208618,217.3898344039917,218.9261171221733,216.57243144512177,216.7148061990738,216.75831770896912,217.46525663137436,216.630211353302,217.2781918644905,216.63412249088287
98,215.82203406095505,216.20045959949493,216.57067745923996,217.05378156900406,217.22215861082077,217.05378156900406,215.41791385412216,216.2311064004898,217.8228279352188,218.1448820233345,217.35890513658524,218.89634215831757,216.55881518125534,216.67237001657486,216.71902340650558,217.469118475914,216.58436572551727,217.23780745267868,216.5908477306366
99,215.81699407100677,216.14302265644073,216.53071987628937,216.99651610851288,217.1858832836151,216.99651610851288,215.3947229385376,216.18882644176483,217.8036791086197,218.114199757576,217.33683997392654,218.86917465925217,216.5549368262291,216.63699501752853,216.68995428085327,217.47525024414062,216.54978448152542,217.1990064382553,216.5482655763626
100,215.81492352485657,216.0933501124382,216.49251490831375,216.94683557748795,217.15485709905624,216.94683557748795,215.37745827436447,216.15278947353363,217.7899408340454,218.08580940961838,217.3220133781433,218.84465670585632,216.55950433015823,216.6080181002617,216.6700929403305,217.48159313201904,216.52529901266098,217.1621454358101,216.50588768720627
101,215.81470423936844,216.05182999372482,216.45633608102798,216.90494734048843,217.1280899643898,216.90494734048843,215.36589121818542,216.12205082178116,217.77988028526306,218.05944848060608,217.31337314844131,218.82271564006805,216.5706307888031,216.58428990840912,216.65805596113205,217.4867361187935,216.5099555850029,217.12788170576096,216.46385979652405
102,215.81555843353271,216.01905292272568,216.42316776514053,216.87093114852905,217.10473453998566,216.87093114852905,215.36027896404266,216.09592700004578,217.77217745780945,218.03475832939148,217.3097729086876,218.80311703681946,216.58581238985062,216.56488674879074,216.6515503525734,217.48932403326035,216.50278288125992,217.09734582901,216.4232132434845
103,215.81642121076584,215.99500501155853,216.39376956224442,216.84500485658646,217.08438843488693,216.84500485658646,215.3612231016159,216.07433933019638,217.76652175188065,218.01127910614014,217.30972135066986,218.78580981492996,216.6028087735176,216.54909002780914,216.64866149425507,217.4877694249153,216.50277835130692,217.07114124298096,216.3856348991394
104,215.81634497642517,215.97926980257034,216.36899983882904,216.82726973295212,217.06660306453705,216.82726973295212,215.36811608076096,216.0574141740799,217.76220279932022,217.98862266540527,217.31186932325363,218.77053767442703,216.62003523111343,216.53646034002304,216.64814990758896,217.48100745677948,216.50933063030243,217.0496997833252,216.352734208107
105,215.81486862897873,215.9702249765396,216.34982866048813,216.81756460666656,217.05082952976227,216.81756460666656,215.37911349534988,216.0452397465706,217.7581044435501,217.96667730808258,217.31489527225494,218.75670808553696,216.6368567943573,216.526895403862,216.64919704198837,217.46848398447037,216.52089202404022,217.0335636138916,216.32535928487778
106,215.8114177584648,215.96620559692383,216.33705455064774,216.81573176383972,217.0368812084198,216.81573176383972,215.39208906888962,216.03707939386368,217.75360703468323,217.94561856985092,217.3175367116928,218.74361205101013,216.65360939502716,216.52034604549408,216.65097218751907,217.44997495412827,216.5358099937439,217.02327489852905,216.30434149503708
107,215.80747216939926,215.966638982296,216.3307003378868,216.82114481925964,217.02479320764542,216.82114481925964,215.4050593972206,216.03217887878418,217.74820256233215,217.9258006811142,217.31913739442825,218.73097336292267,216.66998887062073,216.51667654514313,216.6529660820961,217.42583948373795,216.5526751279831,217.01883280277252,216.28988981246948
108,215.80427300930023,215.96975702047348,216.32985693216324,216.83252441883087,217.01445001363754,216.83252441883087,215.41659152507782,216.02991926670074,217.74244165420532,217.9081892967224,217.31913143396378,218.71878063678741,216.68479365110397,216.51515591144562,216.6549972295761,217.39710974693298,216.5706728696823,217.02000212669373,216.28217285871506
109,215.80246543884277,215.9730368256569,216.3333505988121,216.84838485717773,217.0058263540268,216.84838485717773,215.4263106584549,216.02920031547546,217.7367206811905,217.8935205936432,217.31681215763092,218.7074156999588,216.69651627540588,216.51493018865585,216.65717512369156,217.36528754234314,216.59018123149872,217.02602845430374,216.2800856232643
110,215.80283802747726,215.97559958696365,216.33968180418015,216.86713635921478,216.9986646771431,216.86713635921478,215.4342349767685,216.02837020158768,217.7303615808487,217.88160622119904,217.31209164857864,218.69744437932968,216.70413595438004,216.5145584344864,216.65946173667908,217.33175313472748,216.61177968978882,217.03572326898575,216.28226399421692
111,215.80623775720596,215.97670817375183,216.3472442626953,216.88744366168976,216.9933750629425,216.88744366168976,215.4401272535324,216.0257077217102,217.722791492939,217.87297183275223,217.30574208498,218.68927615880966,216.70752090215683,216.51273280382156,216.66249859333038,217.2974106669426,216.63530987501144,217.04747933149338,216.2880671620369
112,215.81357038021088,215.97591596841812,216.35400927066803,216.9074066877365,216.99048781394958,216.9074066877365,215.44408094882965,216.02093958854675,217.7135490179062,217.86857438087463,217.29820615053177,218.68320089578629,216.70691221952438,216.50849401950836,216.66702109575272,217.26274567842484,216.6605612039566,217.05936688184738,216.29668480157852
113,215.8252677321434,215.9736847281456,216.35850155353546,216.92556077241898,216.98950135707855,216.92556077241898,215.44612646102905,216.01425725221634,217.70245510339737,217.86868065595627,217.2890995144844,218.679858148098,216.70189362764359,216.50151777267456,216.67301005125046,217.2283445596695,216.68754535913467,217.0695470571518,216.30750799179077
114,215.84147191047668,215.9714910387993,216.35936212539673,216.94094413518906,216.98991227149963,216.94094413518906,215.4473393559456,216.00692868232727,217.6896602511406,217.872621178627,217.27799409627914,218.6798067688942,216.69193136692047,216.49150919914246,216.67989301681519,217.19527560472488,216.7162076830864,217.07688039541245,216.31953316926956
115,215.86176979541779,215.97128415107727,216.3557669520378,216.95303320884705,216.99085426330566,216.95303320884705,215.44958227872849,216.00031608343124,217.6760910153389,217.87983691692352,217.26467543840408,218.68327444791794,216.67613452672958,216.47820508480072,216.68674743175507,217.16482937335968,216.7452980875969,217.08077013492584,216.33153212070465
116,215.88492268323898,215.9754855632782,216.34802436828613,216.9622049331665,216.99167144298553,216.9622049331665,215.45454812049866,215.99300748109818,217.66280686855316,217.89017021656036,217.24909228086472,218.69020175933838,216.65398347377777,216.46108943223953,216.69294607639313,217.1376769542694,216.77299815416336,217.08116579055786,216.34221130609512
117,215.90954667329788,215.98716694116592,216.33718299865723,216.96881860494614,216.99148535728455,216.96881860494614,215.462781727314,215.98328417539597,217.65093976259232,217.90362960100174,217.23125445842743,218.70033824443817,216.62519323825836,216.43942987918854,216.6985216140747,217.11454993486404,216.79822981357574,217.07853293418884,216.35024917125702
118,215.93421787023544,216.00864017009735,216.32469809055328,216.97341573238373,216.98905688524246,216.97341573238373,215.4737116098404,215.97100526094437,217.64119809865952,217.9199429154396,217.21172052621841,218.7131146788597,216.58963018655777,216.41257685422897,216.70277547836304,217.09597021341324,216.8197911977768,217.0734584927559,216.35460859537125
119,215.95725560188293,216.04000341892242,216.31252360343933,216.9766880273819,216.98302495479584,216.9766880273819,215.48551911115646,215.9577162861824,217.6336933374405,217.93878698349,217.19191497564316,218.72756695747375,216.54719191789627,216.38010197877884,216.70465874671936,217.08202356100082,216.83680427074432,217.06584811210632,216.3554201722145
120,215.9764730334282,216.08040297031403,216.30280315876007,216.97951024770737,216.9725120663643,216.97951024770737,215.4968204498291,215.9449343085289,217.62789237499237,217.95972794294357,217.17312610149384,218.74243760108948,216.49811428785324,216.34214782714844,216.70309203863144,217.07294112443924,216.84885782003403,217.05510294437408,216.35347777605057
121,215.99013102054596,216.12771970033646,216.29694616794586,216.98272067308426,216.9569228887558,216.98272067308426,215.50635820627213,215.9335384964943,217.62285405397415,217.9816969037056,217.1562418937683,218.75677198171616,216.44330382347107,216.29940676689148,216.69799840450287,217.06919533014297,216.85575765371323,217.04047811031342,216.34937179088593
122,215.99748462438583,216.1786146759987,216.2957665324211,216.98683792352676,216.93596982955933,216.98683792352676,215.512515604496,215.92429089546204,217.61758852005005,218.00388967990875,217.14159786701202,218.76966106891632,216.3834022283554,216.25310665369034,216.69074249267578,217.0708857178688,216.8569172024727,217.0216248035431,216.34341889619827
123,215.99894309043884,216.2294398546219,216.29976493120193,216.99214708805084,216.90987426042557,216.99214708805084,215.51377350091934,215.91762095689774,217.61158925294876,218.025456905365,217.12939035892487,218.7807047367096,216.3192303776741,216.20461076498032,216.6821991801262,217.0777486562729,216.8520839214325,216.9992671608925,216.33571285009384
124,215.9954989552498,216.277174949646,216.3094362616539,216.9988381266594,216.8792061805725,216.9988381266594,215.50870209932327,215.9141944050789,217.60513192415237,218.04558342695236,217.11964094638824,218.7897834777832,216.2521271109581,216.15581583976746,216.67267018556595,217.0887090563774,216.8417969942093,216.9745148420334,216.3262107372284
125,215.98819535970688,216.31983137130737,216.32511407136917,217.00713604688644,216.84509813785553,217.00713604688644,215.49663418531418,215.91451305150986,217.59884250164032,218.0635272860527,217.1115221977234,218.7968596816063,216.1838092803955,216.10883063077927,216.66291666030884,217.10268139839172,216.82718139886856,216.9481680393219,216.3143625855446
126,215.9776735305786,216.35624307394028,216.34696233272552,217.01729196310043,216.80904626846313,217.01729196310043,215.47705978155136,215.91777366399765,217.5938782095909,218.07863980531693,217.10364991426468,218.8021156191826,216.11683976650238,216.0654692053795,216.65389198064804,217.11752086877823,216.80931955575943,216.92094027996063,216.29915189743042
127,215.96429938077927,216.38622546195984,216.37506741285324,217.02949047088623,216.77211397886276,217.02949047088623,215.44962376356125,215.92219865322113,217.59118217229843,218.09046751260757,217.09570956230164,218.8056998848915,216.05400282144547,216.02667033672333,216.64621633291245,217.13157504796982,216.78923946619034,216.89335757493973,216.27999418973923
128,215.9485200047493,216.40979260206223,216.40920728445053,217.04408568143845,216.7356304526329,217.04408568143845,215.4146346449852,215.92654705047607,217.59070152044296,218.09884917736053,217.08814173936844,218.80749201774597,215.9978031516075,215.9927721619606,216.6407152414322,217.1444646716118,216.76850378513336,216.86512291431427,216.2571377158165
129,215.92994630336761,216.42678481340408,216.4479705095291,217.06092083454132,216.70120292901993,217.06092083454132,215.37395763397217,215.92923021316528,217.59175211191177,218.10386711359024,217.08109772205353,218.80730003118515,215.94982242584229,215.9634101986885,216.63787829875946,217.1558387875557,216.74853509664536,216.835522711277,216.23175102472305
130,215.90804362297058,216.43734449148178,216.4896538257599,217.07933175563812,216.66978114843369,217.07933175563812,215.33001726865768,215.92902916669846,217.59376794099808,218.1055849790573,217.07506757974625,218.80561864376068,215.9108195900917,215.93805521726608,216.637979388237,217.16497242450714,216.73103868961334,216.80403286218643,216.20522165298462
131,215.88244318962097,216.44169318675995,216.5328032374382,217.09828132390976,216.6418764591217,217.09828132390976,215.28522849082947,215.9245228767395,217.59614753723145,218.10411459207535,217.0702270269394,218.8033133149147,215.88164991140366,215.9160737991333,216.64115750789642,217.171400308609,216.71790397167206,216.77041178941727,216.1786956191063
132,215.85344517230988,216.44007670879364,216.5757268667221,217.11616730690002,216.61785662174225,217.11616730690002,215.24201399087906,215.91556787490845,217.59806925058365,218.09956949949265,217.0668443441391,218.80094242095947,215.8629560470581,215.8969537615776,216.64790660142899,217.17499470710754,216.70955365896225,216.7343092560768,216.1532562971115
133,215.82137709856033,216.4323991537094,216.61717289686203,217.1318523287773,216.5984182357788,217.1318523287773,215.2023047208786,215.903217792511,217.5993875861168,218.0925059914589,217.0654228925705,218.79871571063995,215.85533547401428,215.8800908923149,216.65879172086716,217.17550355196,216.70546329021454,216.69558703899384,216.12982523441315
134,215.78670465946198,216.41914588212967,216.6560355424881,217.1443812251091,216.58419370651245,217.1443812251091,215.16770315170288,215.8883683681488,217.59979045391083,218.0838267803192,217.06652772426605,218.79697620868683,215.85934835672379,215.86498153209686,216.67512273788452,217.17284083366394,216.70447117090225,216.65478539466858,216.10911029577255
135,215.74966841936111,216.40097320079803,216.69188159704208,217.1528051495552,216.57545119524002,217.1528051495552,215.13893330097198,215.87097758054733,217.5986652970314,218.0734505057335,217.07093518972397,218.7957083582878,215.87493985891342,215.85145384073257,216.69719624519348,217.1669859290123,216.70600986480713,216.6121565103531,216.09147262573242
136,215.71104484796524,216.37758457660675,216.72387200593948,217.15646082162857,216.57192867994308,217.15646082162857,215.11644119024277,215.85079890489578,217.5957093834877,218.06098294258118,217.07894897460938,218.79438662528992,215.90071845054626,215.84015077352524,216.72419065237045,217.15826439857483,216.70917332172394,216.56743639707565,216.07748538255692
137,215.67114228010178,216.34828501939774,216.75149536132812,217.15437811613083,216.57286059856415,217.15437811613083,215.0998014807701,215.82685834169388,217.59165024757385,218.0468474626541,217.09028631448746,218.79289209842682,215.9344516992569,215.83220952749252,216.75453090667725,217.14687407016754,216.71274328231812,216.52007991075516,216.0677045583725
138,215.62992936372757,216.31233727931976,216.7750912308693,217.14579796791077,216.57709914445877,217.14579796791077,215.08859676122665,215.79807704687119,217.58730483055115,218.03132164478302,217.1041560769081,218.79135012626648,215.97302943468094,215.82889276742935,216.7861084342003,217.13259345293045,216.7160052061081,216.47039836645126,216.06293416023254
139,215.58790117502213,216.2705473303795,216.79554986953735,217.13083267211914,216.58260464668274,217.13083267211914,215.08220463991165,215.76380532979965,217.58257883787155,218.01505142450333,217.11904883384705,218.79032737016678,216.01417064666748,215.83065044879913,216.81663477420807,217.1149132847786,216.71785926818848,216.4194924235344,216.0629734992981
140,215.54615449905396,216.22376215457916,216.81315958499908,217.11019432544708,216.5885968208313,217.11019432544708,215.07990407943726,215.72380113601685,217.57738173007965,217.99853348731995,217.13369888067245,218.79075473546982,216.05600196123123,215.8371393084526,216.84400534629822,217.0935388803482,216.71714842319489,216.36881351470947,216.06716495752335
141,215.50640523433685,216.17265433073044,216.82712614536285,217.08521246910095,216.59476101398468,217.08521246910095,215.0809561610222,215.67905724048615,217.57203727960587,217.9819996356964,217.1467273235321,218.79338002204895,216.09635478258133,215.84766614437103,216.86600518226624,217.06917548179626,216.7131136059761,216.32013738155365,216.07473307847977
142,215.4707731604576,216.11795485019684,216.8371443748474,217.05709969997406,216.60123318433762,217.05709969997406,215.08307921886444,215.63111650943756,217.56644064188004,217.96548181772232,217.15683072805405,218.7988234758377,216.13362115621567,215.86101925373077,216.88111054897308,217.04315638542175,216.70548367500305,216.27589291334152,216.0847823023796
143,215.44081324338913,216.0602320432663,216.8432772755623,217.0267288684845,216.60849678516388,217.0267288684845,215.08360236883163,215.5819046497345,217.56119656562805,217.94900143146515,217.16185295581818,218.80791687965393,216.16637337207794,215.87572050094604,216.88843303918839,217.017094373703,216.69464975595474,216.2379896044731,216.09683465957642
144,215.41644895076752,216.0010443329811,216.84628629684448,216.9956379532814,216.61719393730164,216.9956379532814,215.08052670955658,215.53370583057404,217.55685794353485,217.93218618631363,217.1594210267067,218.82021534442902,216.19302034378052,215.88992297649384,216.88726741075516,216.99234646558762,216.68170708417892,216.20802664756775,216.11030220985413
145,215.3976525068283,215.9425585269928,216.84681791067123,216.96484351158142,216.62799221277237,216.96484351158142,215.07235461473465,215.48808002471924,217.55315101146698,217.91505163908005,217.14805966615677,218.8346444964409,216.21201968193054,215.90123611688614,216.8777095079422,216.96966344118118,216.66789025068283,216.18716633319855,216.12301379442215
146,215.38474535942078,215.88615429401398,216.84504103660583,216.93495643138885,216.6410197019577,216.93495643138885,215.05923873186111,215.44679510593414,217.54994797706604,217.8984272480011,217.12665575742722,218.85020351409912,216.22238409519196,215.907732963562,216.85982078313828,216.94873386621475,216.65445804595947,216.17622703313828,216.13318091630936
147,215.37824976444244,215.8339722752571,216.84107065200806,216.9070046544075,216.65643626451492,216.9070046544075,215.04255485534668,215.4108566045761,217.54738396406174,217.8832085132599,217.0949793457985,218.8656023144722,216.22483658790588,215.90731233358383,216.83378726243973,216.92888981103897,216.64305067062378,216.17615640163422,216.14039570093155
148,215.37872940301895,215.78738671541214,216.83542734384537,216.88196682929993,216.6745524406433,216.88196682929993,215.02388793230057,215.3810150027275,217.54539281129837,217.87003540992737,217.0534959435463,218.879778444767,216.22201257944107,215.89816957712173,216.80069315433502,216.90940922498703,216.63516694307327,216.18762403726578,216.14379221200943
149,215.38669395446777,215.74731069803238,216.82916778326035,216.8605601787567,216.6954888701439,216.8605601787567,215.0049523115158,215.3578370809555,217.54378592967987,217.85876888036728,217.00300770998,218.89263778924942,216.21699392795563,215.8803772330284,216.76208978891373,216.88931155204773,216.63144636154175,216.2096911072731,216.14317446947098
150,215.40253961086273,215.71447414159775,216.82308399677277,216.84335386753082,216.7189661860466,216.84335386753082,214.98723620176315,215.34173035621643,217.5423247218132,217.84925085306168,216.94452214241028,218.9045251607895,216.2126258611679,215.85532420873642,216.72026348114014,216.86804866790771,216.63031417131424,216.2403262257576,216.13841104507446
151,215.4253267645836,215.69031065702438,216.81795233488083,216.83122211694717,216.74441468715668,216.83122211694717,214.97117096185684,215.33337712287903,217.54069328308105,217.84048134088516,216.87946635484695,218.91655325889587,216.21039575338364,215.82491326332092,216.67762625217438,216.8457035422325,216.63012993335724,216.27710181474686,216.12949746847153
152,215.45340490341187,215.67524725198746,216.81372064352036,216.8246042728424,216.7717672586441,216.8246042728424,214.95694202184677,215.33296263217926,217.53975915908813,217.8313194513321,216.81059247255325,218.92983776330948,216.20880550146103,215.79126513004303,216.63608479499817,216.82293450832367,216.62897109985352,216.31721490621567,216.11646229028702
153,215.4861027598381,215.66844582557678,216.80989050865173,216.82309085130692,216.8003495335579,216.82309085130692,214.94462221860886,215.34121966362,217.54094696044922,217.8208030462265,216.73972707986832,218.94553244113922,216.20622539520264,215.75704139471054,216.5972074866295,216.8003966808319,216.62516403198242,216.3588718175888,216.09914183616638
154,215.523894906044,215.66955983638763,216.80519592761993,216.8264889717102,216.83007246255875,216.8264889717102,214.93426305055618,215.35863888263702,217.54621106386185,217.808747112751,216.66886788606644,218.96449840068817,216.20291435718536,215.72555696964264,216.56130456924438,216.7788674235344,216.61748439073563,216.40143245458603,216.07721269130707
155,215.56731873750687,215.67708611488342,216.79820609092712,216.83442771434784,216.86121594905853,216.83442771434784,214.9262496829033,215.3849596977234,217.55732733011246,217.79548436403275,216.6007581949234,218.98739129304886,216.20018661022186,215.70020884275436,216.5297349691391,216.75914001464844,216.6048453450203,216.4442961215973,216.05215066671371
156,215.61690056324005,215.68863409757614,216.78997880220413,216.84688121080399,216.89437115192413,216.84688121080399,214.92068499326706,215.41913563013077,217.57446020841599,217.78130918741226,216.5394982099533,219.01442915201187,216.19847971200943,215.68371540308,216.50401282310486,216.7416980266571,216.58690053224564,216.48650807142258,216.02525526285172
157,215.67309272289276,215.70327693223953,216.78157794475555,216.86400663852692,216.9302400946617,216.86400663852692,214.9172927737236,215.4607616662979,217.59786534309387,217.76656591892242,216.48900711536407,219.0457422733307,216.19773888587952,215.67790919542313,216.4840749502182,216.72665709257126,216.56525659561157,216.52752912044525,215.99852657318115
158,215.73605555295944,215.72047173976898,216.77432906627655,216.88604426383972,216.96940124034882,216.88604426383972,214.91694474220276,215.50874292850494,217.6270031929016,217.75200700759888,216.45135074853897,219.08144825696945,216.19851398468018,215.6848739385605,216.46912360191345,216.71512430906296,216.5419619679451,216.5670421719551,215.97460001707077
159,215.80462592840195,215.73980742692947,216.76985049247742,216.91250813007355,217.0120564699173,216.91250813007355,214.91994988918304,215.56166183948517,217.66105115413666,217.7385460138321,216.42764806747437,219.12061017751694,216.20143336057663,215.70571333169937,216.45735830068588,216.70829623937607,216.51909512281418,216.60371828079224,215.9567624926567
160,215.8764973282814,215.7606554031372,216.76864236593246,216.94350814819336,217.05790221691132,216.94350814819336,214.92624002695084,215.61941415071487,217.6984385251999,217.72633808851242,216.4185966849327,219.16202026605606,216.20768344402313,215.7412394285202,216.4479460120201,216.706274330616,216.49996501207352,216.63698238134384,215.94816207885742
161,215.9492952823639,215.78213900327682,216.77088290452957,216.97961634397507,217.10628592967987,216.97961634397507,214.93667590618134,215.68233865499496,217.73526245355606,217.71407443284988,216.42315107584,219.2052395939827,216.2182109951973,215.7906448841095,216.440997838974,216.70965498685837,216.48705196380615,216.66809809207916,215.950239777565
162,216.02102863788605,215.80323731899261,216.77714431285858,217.02210766077042,217.15603309869766,217.02210766077042,214.9520287513733,215.75114411115646,217.76772379875183,217.70180088281631,216.44078814983368,219.24932903051376,216.2344137430191,215.85330724716187,216.43729156255722,216.7193639278412,216.48182117938995,216.69817751646042,215.96508538722992
163,216.08961606025696,215.82432985305786,216.7882495522499,217.07197266817093,217.20516735315323,217.07197266817093,214.97376281023026,215.82631772756577,217.79292660951614,217.69039571285248,216.47045582532883,219.29324704408646,216.25651919841766,215.92761266231537,216.437897503376,216.73556238412857,216.48512709140778,216.72722828388214,215.99302864074707
164,216.15350818634033,215.84559440612793,216.80417281389236,217.1299791932106,217.25188076496124,217.1299791932106,215.00331282615662,215.9067786335945,217.80888783931732,217.68281573057175,216.5106085538864,219.33603811264038,216.28359764814377,216.01058346033096,216.4451847076416,216.75929242372513,216.49739295244217,216.75537592172623,216.03489345312119
165,216.2117365002632,215.86802732944489,216.82508331537247,217.19609916210175,217.29408568143845,217.19609916210175,215.04229873418808,215.99151092767715,217.81528842449188,217.6823143362999,216.56025677919388,219.3763548731804,216.31550723314285,216.0998818874359,216.46076571941376,216.79071509838104,216.5195449590683,216.7824490070343,216.09169149398804
166,216.26382571458817,215.89343792200089,216.85096144676208,217.26776158809662,217.33135056495667,217.26776158809662,215.09140944480896,216.07948070764542,217.81215059757233,217.69089221954346,216.61921668052673,219.4133284687996,216.35144746303558,216.19202518463135,216.48531877994537,216.82918787002563,216.55208975076675,216.8075174689293,216.1618663072586
167,216.30964666604996,215.92219322919846,216.88096797466278,217.3414454460144,217.363119661808,217.3414454460144,215.15110158920288,216.1697894334793,217.80153894424438,217.7100167274475,216.68612152338028,219.44669967889786,216.39024537801743,216.28469288349152,216.51959538459778,216.87509214878082,216.59180200099945,216.8298395872116,216.2435451745987
168,216.3492242693901,215.9545574784279,216.91469991207123,217.41541266441345,217.38859635591507,217.41541266441345,215.22162401676178,216.26249587535858,217.78662025928497,217.74015456438065,216.75961500406265,219.4768443107605,216.43241775035858,216.37713187932968,216.56367999315262,216.9283208847046,216.63828068971634,216.84910303354263,216.33443462848663
169,216.38373935222626,215.9909143447876,216.95218801498413,217.48759698867798,217.40703201293945,217.48759698867798,215.30102521181107,216.35773348808289,217.77094721794128,217.78120481967926,216.8377621769905,219.5035617351532,216.47972762584686,216.4701995253563,216.61641561985016,216.9884819984436,216.69010764360428,216.8664379119873,216.43108463287354
170,216.41591984033585,216.0326367020607,216.99197202920914,217.55469292402267,217.41841423511505,217.55469292402267,215.38719135522842,216.4555023908615,217.7578547000885,217.83223205804825,216.91867488622665,219.5267328619957,216.53320968151093,216.5647599697113,216.67605984210968,217.05300623178482,216.74396228790283,216.88459527492523,216.52693581581116
171,216.44849866628647,216.08033192157745,217.03326392173767,217.61265510320663,217.42608094215393,217.61265510320663,215.47880840301514,216.55713790655136,217.74997049570084,217.89279359579086,217.00083255767822,219.54640758037567,216.59285002946854,216.66118574142456,216.74065989255905,217.11971348524094,216.7974824309349,216.90561717748642,216.61594486236572
172,216.4844074845314,216.13438606262207,217.0758854150772,217.65846586227417,217.43287253379822,217.65846586227417,215.5743693113327,216.66304576396942,217.74740654230118,217.96044582128525,217.08506947755814,219.56312197446823,216.65814167261124,216.75984263420105,216.80837780237198,217.18458759784698,216.8497303724289,216.93112856149673,216.69366836547852
173,216.52651590108871,216.19519984722137,217.11912322044373,217.69084799289703,217.4416959285736,217.69084799289703,215.67288118600845,216.7746480703354,217.7492498755455,218.03165769577026,217.1732063293457,219.5771906375885,216.7285599708557,216.85968911647797,216.87715244293213,217.244058072567,216.90173834562302,216.96150171756744,216.75713282823563
174,216.57651937007904,216.26207184791565,217.16146337985992,217.7096853852272,217.45439875125885,217.7096853852272,215.77251529693604,216.8926802277565,217.75455009937286,218.103449344635,217.26665073633194,219.5883999466896,216.80245238542557,216.96003770828247,216.94456708431244,217.29648154973984,216.95514833927155,216.9972803592682,216.80316144227982
175,216.63493090867996,216.33388847112656,217.20269411802292,217.71644854545593,217.47302287817,217.71644854545593,215.87291985750198,217.01645404100418,217.76268166303635,218.1752124428749,217.3663877248764,219.59733164310455,216.87703150510788,217.06152510643005,217.01005893945694,217.3426942229271,217.01064145565033,217.03917396068573,216.82963353395462
176,216.7013989686966,216.40912997722626,217.24353873729706,217.71437788009644,217.5003028512001,217.71437788009644,215.9747234582901,217.146628677845,217.7730547785759,218.24716651439667,217.47254425287247,219.60532176494598,216.95027589797974,217.16301828622818,217.0717608332634,217.38577687740326,217.06907451152802,217.08864444494247,216.83625090122223
177,216.7757003903389,216.48504030704498,217.2840000987053,217.70761787891388,217.53918665647507,217.70761787891388,216.0785979628563,217.28449827432632,217.7849704027176,218.31791234016418,217.58552700281143,219.61343586444855,217.020693898201,217.26218837499619,217.12886035442352,217.4300581216812,217.13166546821594,217.14790576696396,216.82581681013107
178,216.85475838184357,216.55904120206833,217.3233277797699,217.6995525956154,217.59239012002945,217.6995525956154,216.18358355760574,217.43037950992584,217.79890549182892,218.38553023338318,217.7062320113182,219.62319326400757,217.08722418546677,217.35765379667282,217.17985939979553,217.4800136089325,217.19993847608566,217.21945923566818,216.80359661579132
179,216.93588161468506,216.63029849529266,217.36099565029144,217.69502246379852,217.6606563925743,217.69502246379852,216.28932172060013,217.58250749111176,217.8145610690117,218.4520652294159,217.83325272798538,219.63552355766296,217.14848870038986,217.44653922319412,217.2211822271347,217.5392645597458,217.2750740647316,217.3038922548294,216.77718126773834
180,217.019933283329,216.69701218605042,217.3972225189209,217.69503951072693,217.74479377269745,217.69503951072693,216.39354133605957,217.73897355794907,217.83414369821548,218.51884478330612,217.96468311548233,219.65163522958755,217.20205700397491,217.52689391374588,217.25261306762695,217.61139464378357,217.3569397330284,217.39990001916885,216.75151371955872
