shift,pair_00,pair_01,pair_02,pair_03,pair_04,pair_05,pair_06,pair_07,pair_08,pair_09,pair_10,pair_11,pair_12,pair_13,pair_14
-180,216.98804688453674,218.2844408750534,217.28781735897064,216.5348619222641,216.3179693222046,217.37029427289963,217.32510101795197,215.60675251483917,218.09502923488617,215.76154828071594,215.9107305407524,216.07250273227692,215.39242070913315,216.98767787218094,215.7753747701645
-179,216.98235458135605,218.2276390194893,217.15596908330917,216.45936185121536,216.2070815563202,217.3100282549858,217.2987284064293,215.6596341729164,218.04814338684082,215.6710483431816,215.90942120552063,216.06418561935425,215.34325778484344,216.94943046569824,215.68307620286942
-178,216.98663902282715,218.17972832918167,217.03376960754395,216.39611423015594,216.1067377924919,217.25546526908875,217.27914017438889,215.70921355485916,217.99487727880478,215.58947825431824,215.9144088625908,216.0594642162323,215.2905462384224,216.9157910346985,215.6126189827919
-177,216.99910986423492,218.13810634613037,216.9232338666916,216.34562265872955,216.01966845989227,217.20433634519577,217.26205968856812,215.7528218626976,217.93582886457443,215.51825714111328,215.92306292057037,216.0588132739067,215.23531353473663,216.88354074954987,215.56669563055038
-176,217.01477527618408,218.1016889810562,216.82504373788834,216.30569595098495,215.94677066802979,217.15591233968735,217.2443481683731,215.78931879997253,217.87158650159836,215.4585604071617,215.93113791942596,216.0628138780594,215.18015682697296,216.85213100910187,215.54372531175613
-175,217.0298975110054,218.07107907533646,216.73886919021606,216.27175396680832,215.88590562343597,217.1094029545784,217.2240371108055,215.8176411986351,217.8033356666565,215.40992683172226,215.93520683050156,216.07252842187881,215.1257208585739,216.82061457633972,215.53966468572617
-174,217.0401013493538,218.0462965965271,216.66273254156113,216.24012458324432,215.83176404237747,217.06536972522736,217.19761633872986,215.83638167381287,217.73306035995483,215.3704498410225,215.93601965904236,216.0871583223343,215.07332891225815,216.78858238458633,215.54884058237076
-173,217.04208534955978,218.02643406391144,216.59560698270798,216.20996809005737,215.77964824438095,217.02429062128067,217.16319179534912,215.84089547395706,217.66306126117706,215.33859711885452,215.93419468402863,216.1049376130104,215.024159014225,216.75648617744446,215.56280344724655
-172,217.0324712395668,218.01061576604843,216.53653758764267,216.18235141038895,215.72730880975723,216.9860023856163,217.11940664052963,215.82946646213531,217.5953580737114,215.31148010492325,215.930597782135,216.12276273965836,214.98057585954666,216.7225888967514,215.5730139017105
-171,217.00943279266357,217.9981986284256,216.4861707687378,216.15898543596268,215.67284524440765,216.94861751794815,217.06733095645905,215.8003795146942,217.53084641695023,215.28540456295013,215.925678730011,216.13766264915466,214.9455959200859,216.68523877859116,215.57341158390045
-170,216.97218263149261,217.98711121082306,216.44427692890167,216.1408772468567,215.61748242378235,216.91011774539948,217.01055312156677,215.75489312410355,217.4700043797493,215.25798845291138,215.91785699129105,216.14714980125427,214.92142170667648,216.64421260356903,215.5636101961136
-169,216.92107850313187,217.97681760787964,216.4102664589882,216.12870299816132,215.5610358119011,216.86898571252823,216.9509454369545,215.69643825292587,217.41352605819702,215.2267508506775,215.90841680765152,216.14879220724106,214.9085391163826,216.60095989704132,215.54562503099442
-168,216.85950458049774,217.96716403961182,216.38256567716599,216.1227970123291,215.50471413135529,216.82436323165894,216.8911787867546,215.62932389974594,217.36255145072937,215.19085484743118,215.8974867463112,216.1414071917534,214.90485829114914,216.55597257614136,215.52157467603683
-167,216.7906351685524,217.9578359723091,216.35908770561218,216.12459754943848,215.4508786201477,216.7764578461647,216.83329451084137,215.5587336421013,217.319586455822,215.14906936883926,215.8848513364792,216.12788093090057,214.9079378247261,216.51072299480438,215.49202144145966
-166,216.71687531471252,217.94836223125458,216.33704257011414,216.13487637043,215.40054094791412,216.72651493549347,216.77907866239548,215.4881483912468,217.28700816631317,215.10060954093933,215.86988198757172,216.1106702685356,214.91403079032898,216.46681863069534,215.45759040117264
-165,216.63931000232697,217.938638985157,216.31310844421387,216.15424102544785,215.35379976034164,216.67638528347015,216.72889870405197,215.41873890161514,217.26692736148834,215.04465103149414,215.85199278593063,216.0934869647026,214.9194374680519,216.4241972565651,215.4192464351654
-164,216.56005710363388,217.92942887544632,216.28458285331726,216.18257987499237,215.30877751111984,216.6271024942398,216.6828721165657,215.3506299853325,217.26121431589127,214.98434054851532,215.83048444986343,216.07902491092682,214.92292380332947,216.38165646791458,215.37725466489792
-163,216.48096179962158,217.9215785264969,216.2519410252571,216.2196305990219,215.26425302028656,216.57984471321106,216.6409112215042,215.28245741128922,217.27047491073608,214.92255157232285,215.8055494427681,216.06791883707047,214.92306625843048,216.33851259946823,215.33228212594986
-162,216.40337300300598,217.91680282354355,216.2171441912651,216.26286727190018,215.21857005357742,216.53627049922943,216.60316544771194,215.21282315254211,217.29323941469193,214.8598029613495,215.77697187662125,216.0596423149109,214.91973036527634,216.29544872045517,215.28404211997986
-161,216.328320145607,217.91549867391586,216.18386280536652,216.30934637784958,215.17010915279388,216.497385263443,216.57000297307968,215.13962107896805,217.32740783691406,214.79645770788193,215.74494624137878,216.05256432294846,214.91478270292282,216.25611233711243,215.2328543663025
-160,216.25631201267242,217.91695934534073,216.1541475057602,216.35499691963196,215.1184401512146,216.46237993240356,216.54106384515762,215.06092482805252,217.36946946382523,214.73169803619385,215.71009415388107,216.04483777284622,214.90877455472946,216.22201561927795,215.17853087186813
-159,216.1890760064125,217.91912233829498,216.12892895936966,216.3955361843109,215.06413608789444,216.42959135770798,216.51575875282288,214.97567772865295,217.41627669334412,214.6648610830307,215.67413675785065,216.03568041324615,214.90262788534164,216.19302904605865,215.11899781227112
-158,216.12866818904877,217.91942071914673,216.11126255989075,216.42832577228546,215.01006227731705,216.3978369832039,216.4929301738739,214.88471692800522,217.46488589048386,214.59525817632675,215.63971745967865,216.0248214006424,214.89682990312576,216.170552611351,215.05297154188156
-157,216.0764735341072,217.91577291488647,216.1009500026703,216.4511381983757,214.95843535661697,216.36740589141846,216.47206562757492,214.7887078523636,217.5136432647705,214.52471685409546,215.6092373728752,216.010811150074,214.89147633314133,216.15667456388474,214.9804241657257
-156,216.03376179933548,217.9065962433815,216.09619802236557,216.4627492427826,214.91142547130585,216.33894354104996,216.45292472839355,214.69037371873856,217.56155622005463,214.45745426416397,215.58593660593033,215.9911824464798,214.8867223262787,216.15184634923935,214.90345573425293
-155,216.00117337703705,217.8909679055214,216.09630215168,216.46354061365128,214.86970794200897,216.31278908252716,216.43583625555038,214.59290462732315,217.6083967089653,214.39512181282043,215.5721566081047,215.9650076031685,214.88317888975143,216.1558626294136,214.82439863681793
-154,215.9782776236534,217.86841028928757,216.10072499513626,216.45378994941711,214.83367604017258,216.28900802135468,216.42105561494827,214.4986760020256,217.65351766347885,214.33860975503922,215.56809395551682,215.93321853876114,214.8810180425644,216.16878229379654,214.74545192718506
-153,215.96362018585205,217.83848237991333,216.108725130558,216.43471217155457,214.80503875017166,216.2664914727211,216.40858662128448,214.41232711076736,217.69691234827042,214.2885046005249,215.57374757528305,215.89759904146194,214.8808821439743,216.18969762325287,214.66901278495789
-152,215.95554441213608,217.80160707235336,216.1197693347931,216.40844810009003,214.78434002399445,216.24334317445755,216.39967250823975,214.3370339870453,217.73788315057755,214.24638944864273,215.58824187517166,215.85938864946365,214.88266950845718,216.21762681007385,214.5971406698227
-151,215.95263159275055,217.75830006599426,216.13272958993912,216.3763467669487,214.77170675992966,216.21879798173904,216.39474952220917,214.27590149641037,217.77602458000183,214.21339362859726,215.61070048809052,215.81970578432083,214.88587146997452,216.25147253274918,214.5303682088852
-150,215.95366448163986,217.7101275920868,216.1467438340187,216.33988445997238,214.76854372024536,216.19235414266586,216.39433187246323,214.23177605867386,217.81123769283295,214.1900596022606,215.6402104496956,215.78063297271729,214.89044040441513,216.29031908512115,214.46918833255768
-149,215.95678520202637,217.6584689617157,216.16053795814514,216.3016973733902,214.7764048576355,216.16425722837448,216.3981466293335,214.20659333467484,217.84347373247147,214.17775332927704,215.67493522167206,215.74526691436768,214.89641344547272,216.3329855799675,214.41468971967697
-148,215.9602273106575,217.60410279035568,216.17284166812897,216.2639850974083,214.7960560321808,216.136037170887,216.40508711338043,214.20061963796616,217.87230199575424,214.1760425567627,215.71310764551163,215.7171014547348,214.9033643603325,216.37756150960922,214.36780160665512
-147,215.96326088905334,217.5479543209076,216.18318396806717,216.22865456342697,214.82730567455292,216.1092650294304,216.4142408967018,214.21459692716599,217.89793008565903,214.1845304965973,215.7517027258873,215.69941890239716,214.9119616150856,216.42139011621475,214.32954251766205
-146,215.966383934021,217.4912496805191,216.19083577394485,216.1976392865181,214.8685937523842,216.08522582054138,216.42550390958786,214.24759805202484,217.92094933986664,214.20366847515106,215.7873556613922,215.6940290927887,214.9222995042801,216.46202546358109,214.30098021030426
-145,215.9699565768242,217.43572169542313,216.19624412059784,216.1717284321785,214.9172689318657,216.0640440583229,216.43957787752151,214.29749834537506,217.9418517947197,214.23452800512314,215.81710946559906,215.70166015625,214.933644592762,216.49763399362564,214.2835035920143
-144,215.97512340545654,217.38316422700882,216.20043301582336,216.15051394701004,214.970620572567,216.04583370685577,216.4568596482277,214.3623367547989,217.96101236343384,214.27682971954346,215.83876645565033,215.7215633392334,214.9455390572548,216.5273477435112,214.2770562171936
-143,215.98294585943222,217.33503687381744,216.20357465744019,216.13368487358093,215.0255156159401,216.03072530031204,216.47813260555267,214.43877041339874,217.9788104891777,214.3279908299446,215.8511615395546,215.75183457136154,214.9572884440422,216.5509631037712,214.2819820046425
-142,215.9946466088295,217.29246550798416,216.20585268735886,216.12073755264282,215.07984048128128,216.01879411935806,216.50350028276443,214.52319937944412,217.99525499343872,214.38420194387436,215.85414654016495,215.79012697935104,214.9688156247139,216.568277657032,214.29892539978027
-141,216.01120108366013,217.2576586008072,216.20810025930405,216.1115968823433,215.13143986463547,216.00994551181793,216.5324209332466,214.61220395565033,218.00986593961716,214.44090908765793,215.84846889972687,215.8330373764038,214.98053562641144,216.57916903495789,214.32664453983307
-140,216.03310996294022,217.2327179312706,216.21160435676575,216.10617768764496,215.1780822277069,216.00367456674576,216.5641332268715,214.70228058099747,218.02248966693878,214.49380904436111,215.83579754829407,215.87684255838394,214.9924874305725,216.58350551128387,214.36341005563736
-139,216.06060874462128,217.2184539437294,216.21748000383377,216.10299688577652,215.21818935871124,216.00020158290863,216.5972848534584,214.7908621430397,218.03294104337692,214.53899055719376,215.81833010911942,215.9175459742546,215.00360333919525,216.58061748743057,214.40755587816238
-138,216.0936142206192,217.21526765823364,216.22683107852936,216.1001985669136,215.2520625591278,215.99951243400574,216.63088536262512,214.8764865398407,218.04110997915268,214.573667883873,215.7978984117508,215.95193028450012,215.0135857462883,216.57050740718842,214.45752602815628
-137,216.13086837530136,217.22302758693695,216.2404533624649,216.09658181667328,215.28063756227493,216.00195455551147,216.6642238497734,214.95758682489395,218.04691302776337,214.59628015756607,215.77657562494278,215.9790353178978,215.0230312347412,216.5541913509369,214.51113361120224
-136,216.1699240207672,217.2406056523323,216.25753140449524,216.09244269132614,215.3048171401024,216.00732266902924,216.69646513462067,215.0325967669487,218.05000114440918,214.60737949609756,215.75604343414307,215.99881547689438,215.03237122297287,216.5326229929924,214.56590712070465
-135,216.20869702100754,217.26641100645065,216.27670592069626,216.0879573225975,215.32624089717865,216.0146940946579,216.72683227062225,215.100221991539,218.0501321554184,214.60790818929672,215.73793107271194,216.01198554039001,215.0418816804886,216.5067200064659,214.62030601501465
-134,216.2454293370247,217.29892480373383,216.29641449451447,216.0834704041481,215.3466991186142,216.02354711294174,216.75499033927917,215.1599303483963,218.04793989658356,214.59935677051544,215.72324150800705,216.01985961198807,215.0521969795227,216.478111743927,214.67308473587036
-133,216.27909553050995,217.33693152666092,216.31532287597656,216.0800737142563,215.3679466843605,216.03346866369247,216.78106480836868,215.2108204960823,218.04374355077744,214.58373486995697,215.71194505691528,216.02331483364105,215.06381958723068,216.44889229536057,214.72377729415894
-132,216.30915188789368,217.3794384598732,216.33202749490738,216.0796341896057,215.3911656141281,216.04471498727798,216.80463826656342,215.2517570257187,218.03743773698807,214.5617828965187,215.70280116796494,216.02381545305252,215.0763482451439,216.42122334241867,214.7719818353653
-131,216.33512997627258,217.42541140317917,216.34592407941818,216.08390313386917,215.4173395037651,216.05670845508575,216.8257926106453,215.28280103206635,218.0289832353592,214.53389209508896,215.69412350654602,216.0227164030075,215.08939915895462,216.39717882871628,214.8179937005043
-130,216.35723358392715,217.4742957353592,216.35670417547226,216.09424537420273,215.44722604751587,216.0690398812294,216.845176756382,215.30453598499298,218.01868504285812,214.5015532374382,215.68395102024078,216.02115029096603,215.10285204648972,216.3784304857254,214.8627941608429
-129,216.37546354532242,217.52570068836212,216.36454683542252,216.11131060123444,215.48086667060852,216.08235788345337,216.86358559131622,215.3180188536644,218.0078565478325,214.46801489591599,215.67042046785355,216.02015340328217,215.1166244149208,216.36651635169983,214.90668499469757
-128,216.3892942070961,217.57910299301147,216.3709009885788,216.13454860448837,215.51751846075058,216.09853702783585,216.88146489858627,215.32407706975937,217.99724632501602,214.43649262189865,215.65180623531342,216.0199122428894,215.130450963974,216.36306023597717,214.9505016207695
-127,216.39824801683426,217.63394248485565,216.37723410129547,216.16292643547058,215.55589777231216,216.11942905187607,216.8986794948578,215.32305133342743,217.9876627922058,214.41001617908478,215.62752449512482,216.01986867189407,215.14458590745926,216.37014836072922,214.99636268615723
-126,216.401428937912,217.6888272166252,216.3844158053398,216.19587582349777,215.59433144330978,216.14640712738037,216.9140043258667,215.3148342370987,217.97963166236877,214.3915891647339,215.5985605120659,216.02015781402588,215.1596400141716,216.38918620347977,215.04531157016754
-125,216.3986080288887,217.74193745851517,216.39282721281052,216.23308795690536,215.63066798448563,216.18137991428375,216.9260106086731,215.30003172159195,217.97342193126678,214.38299173116684,215.56639498472214,216.02189946174622,215.17665576934814,216.41967010498047,215.09737384319305
-124,216.39022600650787,217.79133957624435,216.40239936113358,216.27334344387054,215.66343569755554,216.22502410411835,216.93340373039246,215.28074687719345,217.9691767692566,214.38527983427048,215.53287130594254,216.02691626548767,215.19659662246704,216.46007233858109,215.15151900053024
-123,216.3772833943367,217.83547103405,216.41233068704605,216.31495624780655,215.6921884417534,216.27661061286926,216.93487972021103,215.2599674463272,217.96707391738892,214.39869022369385,215.49998939037323,216.03672164678574,215.22090661525726,216.5082652568817,215.20639038085938
-122,216.3603783249855,217.8734347820282,216.42233127355576,216.35611188411713,215.71663588285446,216.33460175991058,216.93020248413086,215.24065482616425,217.9677796959877,214.4228008389473,215.46979880332947,216.0519706606865,215.25034201145172,216.56137388944626,215.26137781143188
-121,216.34006851911545,217.90478038787842,216.43254935741425,216.39487999677658,215.73618525266647,216.39603555202484,216.9205356836319,215.22531431913376,217.97206646203995,214.45655763149261,215.44443118572235,216.07234650850296,215.28476804494858,216.6167265176773,215.31588727235794
-120,216.31656736135483,217.92958843708038,216.44335305690765,216.4297446012497,215.75020492076874,216.45696359872818,216.90702211856842,215.2157705426216,217.98017352819443,214.49883991479874,215.42573177814484,216.0967892408371,215.32330179214478,216.67159402370453,215.3698861002922
-119,216.2902436852455,217.94789880514145,216.45513147115707,216.4603694677353,215.7587250471115,216.51419293880463,216.89055037498474,215.2124690413475,217.9918931722641,214.5483422279358,215.41495430469513,216.12440764904022,215.36441028118134,216.7233847975731,215.42316782474518
-118,216.26136672496796,217.95986366271973,216.4676520228386,216.48680752515793,215.76149731874466,216.56554526090622,216.87202405929565,215.21489709615707,218.00684887170792,214.60403102636337,215.41246682405472,216.15381276607513,215.4066811800003,216.77012312412262,215.4742755293846
-117,216.23019015789032,217.96624594926834,216.48075526952744,216.5091632604599,215.75844103097916,216.60951977968216,216.8526406288147,215.2216991186142,218.024638235569,214.66448563337326,215.4178690314293,216.18290030956268,215.4487200975418,216.81029415130615,215.52097922563553
-116,216.19683814048767,217.96801805496216,216.4944944381714,216.5277916789055,215.74944239854813,216.64487159252167,216.83359676599503,215.23178750276566,218.04486417770386,214.72778683900833,215.42997235059738,216.2094915509224,215.48943066596985,216.84265613555908,215.56099486351013
-115,216.16148221492767,217.9667690396309,216.5086185336113,216.5432665348053,215.7344378232956,216.67136853933334,216.815776348114,215.24450302124023,218.0675682425499,214.79201471805573,215.4475975036621,216.23154509067535,215.5282363295555,216.86743879318237,215.59235727787018
-114,216.12456810474396,217.96445232629776,216.52275574207306,216.5565390586853,215.71355092525482,216.68989944458008,216.7996262907982,215.25888794660568,218.0926078557968,214.85546678304672,215.46918004751205,216.24776774644852,215.56489819288254,216.88571274280548,215.61440896987915
-113,216.08684188127518,217.96313565969467,216.53679364919662,216.5679259300232,215.68752425909042,216.7022629380226,216.78448510169983,215.27328222990036,218.11966037750244,214.91628175973892,215.49275195598602,216.2582637667656,215.59886413812637,216.89899498224258,215.62797701358795
-112,216.04919147491455,217.96461260318756,216.55025005340576,216.5766727924347,215.65735310316086,216.70997774600983,216.76968890428543,215.28574442863464,218.14807957410812,214.97309255599976,215.5165774822235,216.26387137174606,215.62960255146027,216.9091786146164,215.6339064836502
-111,216.01228940486908,217.97031968832016,216.56348425149918,216.58199959993362,215.62475967407227,216.71428602933884,216.75487488508224,215.2946338057518,218.1770864725113,215.02475303411484,215.53910475969315,216.26549077033997,215.65669631958008,216.91777235269547,215.63270473480225
-110,215.97720402479172,217.98138678073883,216.57614868879318,216.58401215076447,215.59176963567734,216.71655398607254,216.73942226171494,215.2982261776924,218.20604211091995,215.06969088315964,215.55920606851578,216.2642086148262,215.67925930023193,216.92660015821457,215.62430208921432
-109,215.94482511281967,217.99815541505814,216.58758693933487,216.58274620771408,215.55973821878433,216.71826380491257,216.7227874994278,215.295184135437,218.23465675115585,215.1071417927742,215.57600665092468,216.26101160049438,215.69682389497757,216.9369719028473,215.60893940925598
-108,215.91532295942307,218.02049553394318,216.59696805477142,216.57848143577576,215.52951329946518,216.72070479393005,216.70485317707062,215.28532272577286,218.26269620656967,215.1370740532875,215.58847069740295,216.2567527294159,215.70929270982742,216.94943326711655,215.58718061447144
-107,215.88902747631073,218.04751175642014,216.60366135835648,216.57186192274094,215.5018156170845,216.72465389966965,216.6860914826393,215.26954793930054,218.2897231578827,215.1595132946968,215.59634310007095,216.2519298195839,215.71698021888733,216.96452474594116,215.56015402078629
-106,215.86685228347778,218.0779954791069,216.60774117708206,216.56383967399597,215.4777899980545,216.73018831014633,216.66677469015121,215.24978268146515,218.31490898132324,215.17445242404938,215.5997198820114,216.24715930223465,215.72062611579895,216.98238784074783,215.52948808670044
-105,215.85012900829315,218.11077934503555,216.6096920967102,216.55545938014984,215.45904380083084,216.7376765012741,216.64735144376755,215.2279851436615,218.33761882781982,215.18133425712585,215.59888297319412,216.24295926094055,215.7214519381523,217.00228714942932,215.4967184662819
-104,215.83886086940765,218.14451104402542,216.60977709293365,216.5479543209076,215.44728308916092,216.74714720249176,216.62816607952118,215.20612555742264,218.35717338323593,215.17970323562622,215.59406512975693,216.23915660381317,215.7207264304161,217.0233713388443,215.4633293747902
-103,215.83244806528091,218.17788660526276,216.6079496741295,216.54251945018768,215.44279634952545,216.7576779127121,216.6096871495247,215.18620604276657,218.37307411432266,215.17021989822388,215.5851308107376,216.23514676094055,215.71936166286469,217.04423713684082,215.43094092607498
-102,215.8307459950447,218.20975410938263,216.6043223142624,216.5399404168129,215.44557708501816,216.7677527666092,216.59243869781494,215.17020463943481,218.38523310422897,215.1540186405182,215.57224649190903,216.2309095263481,215.71747982501984,217.06336116790771,215.40071761608124
-101,215.83330273628235,218.2390131354332,216.59898656606674,216.540392100811,215.45476120710373,216.77659302949905,216.57650154829025,215.15993642807007,218.39348435401917,215.13222032785416,215.55592823028564,216.227396607399,215.71485060453415,217.0797055363655,215.37418752908707
-100,215.8399823307991,218.2645724415779,216.59202897548676,216.5437449812889,215.4687678217888,216.78408068418503,216.5622757077217,215.15674775838852,218.397980093956,215.1062906384468,215.53701025247574,216.22551584243774,215.71106773614883,217.0929736495018,215.35315662622452
-99,215.8509258031845,218.28536581993103,216.58330845832825,216.54961788654327,215.48536038398743,216.79025715589523,216.54985457658768,215.16134244203568,218.39904981851578,215.07772034406662,215.5166290998459,216.22610503435135,215.70601677894592,217.10285717248917,215.33888518810272
-98,215.86641442775726,218.30069994926453,216.57350754737854,216.5578030347824,215.50260663032532,216.79510498046875,216.53927046060562,215.17409294843674,218.39689368009567,215.04762816429138,215.49571025371552,216.2296587228775,215.6988027691841,217.10954028367996,215.33198642730713
-97,215.88642001152039,218.31020563840866,216.56424641609192,216.56848430633545,215.51892948150635,216.7986313700676,216.53064048290253,215.19415497779846,218.39213514328003,215.01697677373886,215.47527241706848,216.23701655864716,215.6883803009987,217.1129970550537,215.33194774389267
-96,215.9106985926628,218.31370854377747,216.55611222982407,216.58210402727127,215.53270894289017,216.80100429058075,216.52363342046738,215.21946394443512,218.38550353050232,214.98613333702087,215.45662885904312,216.24830222129822,215.67416089773178,217.11336886882782,215.33775705099106
-95,215.93828588724136,218.3114776611328,216.55031388998032,216.5995152592659,215.54236769676208,216.8028095960617,216.51787227392197,215.24744427204132,218.37767481803894,214.95548141002655,215.44196444749832,216.26322495937347,215.6562008857727,217.11157876253128,215.3475200533867
-94,215.96895855665207,218.30455476045609,216.54693084955215,216.62190103530884,215.54778689146042,216.804916203022,216.5134373307228,215.27621847391129,218.3689129948616,214.92497891187668,215.4329036474228,216.28095519542694,215.6347793340683,217.10826367139816,215.35900408029556
-93,216.0025354027748,218.29430866241455,216.54622626304626,216.64954483509064,215.54925233125687,216.80841624736786,216.5105276107788,215.30424827337265,218.35942727327347,214.8948631286621,215.43036913871765,216.2997642159462,215.61019176244736,217.1040312051773,215.36973601579666
-92,216.03893822431564,218.28206765651703,216.54839515686035,216.68182116746902,215.5471270084381,216.815083861351,216.50983613729477,215.33080226182938,218.34938770532608,214.8663918375969,215.43486613035202,216.31755310297012,215.58299952745438,217.0991359949112,215.37691670656204
-91,216.07802140712738,218.26882177591324,216.5530726313591,216.71788144111633,215.5422168970108,216.82633876800537,216.51204484701157,215.3554831147194,218.33866292238235,214.84098279476166,215.4467892050743,216.3322769999504,215.5541741847992,217.09377813339233,215.37855380773544
-90,216.11923176050186,218.25540751218796,216.5599353313446,216.7565775513649,215.53464353084564,216.84257423877716,216.517569065094,215.37771809101105,218.32713735103607,214.81999242305756,215.4664250612259,216.3419981598854,215.52450639009476,217.0885357260704,215.37420177459717
-89,216.16175884008408,218.24188047647476,216.56884610652924,216.7967655658722,215.52545523643494,216.86346054077148,216.52659386396408,215.3971071243286,218.31483614444733,214.80424690246582,215.49299949407578,216.34536117315292,215.49469500780106,217.08377027511597,215.3642776608467
-88,216.20452165603638,218.22833847999573,216.5794394016266,216.83700972795486,215.51671648025513,216.88830530643463,216.53891175985336,215.4133586883545,218.30220180749893,214.79274916648865,215.52506905794144,216.34198307991028,215.46545547246933,217.07968997955322,215.34988236427307
-87,216.24560683965683,218.214848279953,216.59135752916336,216.87587761878967,215.51011317968369,216.9167593717575,216.55406826734543,215.42658019065857,218.2899050116539,214.78389596939087,215.5608583688736,216.33236056566238,215.43741810321808,217.07635468244553,215.33167338371277
-86,216.2826128602028,218.20116555690765,216.60420560836792,216.91199308633804,215.5069815516472,216.9483413696289,216.57170975208282,215.4360105395317,218.27835035324097,214.77651745080948,215.598178088665,216.31733810901642,215.41101890802383,217.07387179136276,215.31043982505798
-85,216.31408149003983,218.1875101327896,216.61737996339798,216.94432926177979,215.50810378789902,216.9821704030037,216.59133768081665,215.44176417589188,218.26773124933243,214.7696813941002,215.6355845928192,216.2981607913971,215.38680332899094,217.0722070336342,215.28763163089752
-84,216.33854722976685,218.1744168996811,216.62984091043472,216.97288352251053,215.5136626958847,217.01711440086365,216.6126942038536,215.44449651241302,218.25848758220673,214.76305800676346,215.67239832878113,216.27639144659042,215.36540341377258,217.07140463590622,215.2650974392891
-83,216.3550105690956,218.16206073760986,216.64044255018234,216.99802500009537,215.5230771303177,217.0519991517067,216.63565880060196,215.4452394247055,218.25130319595337,214.75677114725113,215.7084954380989,216.25367003679276,215.3472043275833,217.07138049602509,215.2449716925621
-82,216.36333113908768,218.1500414609909,216.64825028181076,217.02032870054245,215.53546458482742,217.0857406258583,216.66033166646957,215.4449464082718,218.24651592969894,214.750992000103,215.7441291809082,216.23146998882294,215.33217692375183,217.07176965475082,215.22906875610352
-81,216.36386740207672,218.13775420188904,216.65293431282043,217.04026579856873,215.55030953884125,217.11715465784073,216.68728458881378,215.44426971673965,218.24426251649857,214.74582117795944,215.77958244085312,216.21093368530273,215.3203484416008,217.0722540616989,215.21873784065247
-80,216.35717970132828,218.12451165914536,216.65447014570236,217.05834478139877,215.56734788417816,217.1452015042305,216.7172371149063,215.44364833831787,218.24449288845062,214.7415514588356,215.8152402639389,216.19325417280197,215.31218022108078,217.0720933675766,215.21549290418625
-79,216.34432822465897,218.11012613773346,216.65346664190292,217.074866771698,215.58716493844986,217.16928499937057,216.7504282593727,215.44380402565002,218.24715036153793,214.7387317419052,215.8510087132454,216.1791831254959,215.30805242061615,217.07031732797623,215.22050058841705
-78,216.3271244764328,218.09521901607513,216.65084594488144,217.09011471271515,215.6108095049858,217.18917775154114,216.78653651475906,215.44549226760864,218.2517974972725,214.73803585767746,215.88612681627274,216.1696230173111,215.30835038423538,217.0661426782608,215.2336072921753
-77,216.3072927594185,218.0807244181633,216.64795917272568,217.10423904657364,215.63919335603714,217.20492213964462,216.82454949617386,215.4487955570221,218.25848472118378,214.74023687839508,215.91952526569366,216.1650732755661,215.31356191635132,217.05901324748993,215.25416588783264
-76,216.28649562597275,218.0674443244934,216.64582574367523,217.11734610795975,215.67296117544174,217.21695786714554,216.86297565698624,215.45362848043442,218.26709800958633,214.74549388885498,215.95013856887817,216.16554355621338,215.32392156124115,217.04860389232635,215.2801085114479
-75,216.2662609219551,218.05619359016418,216.64512848854065,217.12936383485794,215.71167224645615,217.22597640752792,216.8998702764511,215.46014094352722,218.27747136354446,214.75382393598557,215.9772673845291,216.1708039045334,215.3392825126648,217.0347574353218,215.3092155456543
-74,216.24792230129242,218.04786545038223,216.6466607451439,217.14050024747849,215.75436383485794,217.23243647813797,216.933091878891,215.46833407878876,218.28961461782455,214.76491993665695,216.000594496727,216.18086904287338,215.3591661453247,217.01742643117905,215.3397500514984
-73,216.23257261514664,218.04343736171722,216.6510928273201,217.15114361047745,215.7995126247406,217.23671048879623,216.96086537837982,215.478475689888,218.3033372759819,214.77841871976852,216.01974552869797,216.19595271348953,215.38293904066086,216.9969881772995,215.3704144358635
-72,216.22091054916382,218.0435557961464,216.65863478183746,217.1619421839714,215.84524703025818,217.2391603589058,216.9824007153511,215.4911025762558,218.31852233409882,214.79356217384338,216.03458094596863,216.21617490053177,215.4099189043045,216.97434890270233,215.4001625776291
-71,216.21358919143677,218.04845714569092,216.66894000768661,217.17348009347916,215.88981139659882,217.23998910188675,216.99775397777557,215.5065754055977,218.33522373437881,214.80917704105377,216.04495173692703,216.24130791425705,215.43911957740784,216.95031076669693,215.4283366203308
-70,216.21101540327072,218.05802416801453,216.68127781152725,217.186159491539,215.9315024614334,217.23941451311111,217.00774550437927,215.52470481395721,218.3533279299736,214.82468366622925,216.05115181207657,216.2708374261856,215.46947526931763,216.92611461877823,215.4547289609909
-69,216.21316480636597,218.07175773382187,216.6948075890541,217.20040321350098,215.96895706653595,217.23756510019302,217.01344501972198,215.54567962884903,218.37248575687408,214.83990162611008,216.05362284183502,216.3038111925125,215.5002145767212,216.90363150835037,215.4794076681137
-68,216.21933710575104,218.088905274868,216.7089050412178,217.21659660339355,216.00077658891678,217.2342004776001,217.01606118679047,215.56957179307938,218.39223664999008,214.85488379001617,216.05271637439728,216.33910739421844,215.53111499547958,216.88497346639633,215.50283974409103
-67,216.2286233305931,218.10850381851196,216.7226101756096,217.23464107513428,216.02593743801117,217.22882741689682,217.0167192220688,215.5959354043007,218.4121451973915,214.86978256702423,216.04866749048233,216.37535655498505,215.5615770816803,216.8721324801445,215.52625155448914
-66,216.2402480840683,218.12953686714172,216.73496401309967,217.2540963292122,216.04377353191376,217.2211879491806,217.01651149988174,215.6242344379425,218.43186980485916,214.88483053445816,216.04129469394684,216.4113403558731,215.59081053733826,216.86642014980316,215.55084878206253
-65,216.25345891714096,218.15084248781204,216.74505805969238,217.27456563711166,216.05373507738113,217.21121567487717,217.0163164138794,215.6540800333023,218.45105624198914,214.9004786014557,216.03038239479065,216.44641894102097,215.6180863380432,216.868408203125,215.5773510336876
-64,216.26780426502228,218.17139846086502,216.75206625461578,217.29535883665085,216.05537742376328,217.19898116588593,217.01677465438843,215.68505853414536,218.4697948694229,214.9169904589653,216.01591539382935,216.47992205619812,215.64317470788956,216.8777932524681,215.60593849420547
-63,216.28307151794434,218.1899539232254,216.7554669380188,217.31573623418808,216.04865592718124,217.18489784002304,217.0182329416275,215.71647083759308,218.4882425069809,214.93406003713608,215.99789214134216,216.51116979122162,215.66571426391602,216.89379751682281,215.63639509677887
-62,216.29889792203903,218.20555919408798,216.7551183104515,217.33460122346878,216.03439790010452,217.16945546865463,217.02061611413956,215.74759554862976,218.50641816854477,214.95104682445526,215.97657316923141,216.5395423769951,215.68574285507202,216.91526579856873,215.66842591762543
-61,216.31487369537354,218.21747636795044,216.7511264681816,217.35057216882706,216.01391804218292,217.15328127145767,217.0237688422203,215.77703738212585,218.52445137500763,214.9672566652298,215.95268803834915,216.56443113088608,215.7039748430252,216.94084876775742,215.70122826099396
-60,216.3306878209114,218.22540056705475,216.7441290616989,217.36256951093674,215.98853707313538,217.1371762752533,217.0275021791458,215.8034171462059,218.54243421554565,214.98228174448013,215.9270180463791,216.58540815114975,215.72135895490646,216.96903187036514,215.73428285121918
-59,216.34603518247604,218.22939431667328,216.7354040145874,217.36992192268372,215.95957785844803,217.1220564842224,217.03170186281204,215.8252436518669,218.56044608354568,214.99579060077667,215.90066075325012,216.60208648443222,215.73864823579788,216.99828243255615,215.76733934879303
-58,216.3605830669403,218.22977954149246,216.72657197713852,217.3723019361496,215.9283065199852,217.1087151169777,217.03650599718094,215.84114515781403,218.57851719856262,215.00727087259293,215.87498533725739,216.61468464136124,215.75610601902008,217.02726578712463,215.80020940303802
-57,216.3741186261177,218.2269566655159,216.71947652101517,217.37025654315948,215.89564210176468,217.0976248383522,217.0420140028,215.84996020793915,218.59672212600708,215.01667779684067,215.8508312702179,216.623621404171,215.7737684249878,217.054614007473,215.83248454332352
-56,216.38605505228043,218.22148233652115,216.7159502506256,217.36454993486404,215.86229407787323,217.0890720486641,217.04820030927658,215.85123831033707,218.61505621671677,215.02413898706436,215.82880955934525,216.62929117679596,215.7915260195732,217.07922232151031,215.86346781253815
-55,216.39557844400406,218.2142437696457,216.7174550294876,217.35562866926193,215.82836413383484,217.08321940898895,217.0550212264061,215.84522032737732,218.63327664136887,215.02996861934662,215.80934983491898,216.63208377361298,215.80904644727707,217.1001153588295,215.89246398210526
-54,216.4018007516861,218.20607882738113,216.72496062517166,217.34419161081314,215.79373013973236,217.07986450195312,217.06206613779068,215.83230805397034,218.65131360292435,215.03478568792343,215.79306173324585,216.63238489627838,215.82609742879868,217.1167076230049,215.91914373636246
-53,216.40384858846664,218.197383582592,216.73878252506256,217.33133244514465,215.75817102193832,217.0785682797432,217.06878876686096,215.8133253455162,218.66879951953888,215.03945869207382,215.7808004617691,216.6305307149887,215.84245014190674,217.12901437282562,215.94294774532318
-52,216.40117591619492,218.18839782476425,216.7585855126381,217.31834161281586,215.7217875123024,217.07873499393463,217.07449567317963,215.7894566655159,218.6851868033409,215.0448630452156,215.77319991588593,216.62712216377258,215.85808914899826,217.13735282421112,215.96351999044418
-51,216.39348340034485,218.1794232726097,216.7833759188652,217.3064506649971,215.6849137544632,217.07949095964432,217.07863414287567,215.76206398010254,218.70035028457642,215.05168902873993,215.7706220149994,216.62276726961136,215.87319207191467,217.1423374414444,215.98015743494034
-50,216.38077211380005,218.17046982049942,216.81185865402222,217.29681116342545,215.64780217409134,217.08042281866074,217.08089131116867,215.73261886835098,218.71422696113586,215.0602746605873,215.7728870511055,216.6175063252449,215.8878322839737,217.14478194713593,215.99233210086823
-49,216.3636875152588,218.1617136001587,216.842346906662,217.29008150100708,215.6108739376068,217.0817374587059,217.08141362667084,215.70239746570587,218.72678124904633,215.06999170780182,215.7795336842537,216.61128449440002,215.9016529917717,217.1455808877945,216.0000485777855
-48,216.34299838542938,218.1532067656517,216.87306374311447,217.28652554750443,215.57475131750107,217.08356565237045,217.08052146434784,215.6725436449051,218.7379914522171,215.0797820687294,215.78978711366653,216.60406440496445,215.91415792703629,217.14574241638184,216.0031698346138
-47,216.31961566209793,218.14483296871185,216.90239000320435,217.286017537117,215.5399493575096,217.086040019989,217.07831412553787,215.64411091804504,218.74770826101303,215.0884217619896,215.802885055542,216.5957407951355,215.9253093600273,217.14589267969131,216.00173074007034
-46,216.29450976848602,218.13679611682892,216.92878621816635,217.2880700826645,215.50711351633072,217.08921247720718,217.07497853040695,215.61791390180588,218.75592303276062,215.09495109319687,215.81783264875412,216.58640784025192,215.93527978658676,217.1465426683426,215.99627631902695
-45,216.26838648319244,218.1292181611061,216.95121532678604,217.29178643226624,215.4767118692398,217.09293580055237,217.07087767124176,215.5945274233818,218.76290756464005,215.09885042905807,215.833314538002,216.57647544145584,215.94395530223846,217.14800381660461,215.98765969276428
-44,216.24187499284744,218.1218867301941,216.9692338705063,217.29591637849808,215.44912672042847,217.09710347652435,217.0665122270584,215.57394814491272,218.76883500814438,215.09984076023102,215.84808039665222,216.56644439697266,215.9513229727745,217.15036982297897,215.9769949913025
-43,216.21572798490524,218.11428982019424,216.98296290636063,217.2992844581604,215.42483747005463,217.10141783952713,217.06255131959915,215.55586630105972,218.77377820014954,215.09787875413895,215.86106079816818,216.5567351579666,215.9575657248497,217.15385138988495,215.965350151062
-42,216.19080299139023,218.10608184337616,216.9925798177719,217.30097597837448,215.40431189537048,217.10555559396744,217.05980890989304,215.539910197258,218.77794951200485,215.0934618115425,215.87152862548828,216.54779714345932,215.9629865884781,217.15853863954544,215.95366847515106
-41,216.16833478212357,218.0970829129219,216.9981706738472,217.30061173439026,215.3877614736557,217.1093277335167,217.0587922334671,215.52573990821838,218.7814982533455,215.0871805548668,215.87908452749252,216.54006201028824,215.96771848201752,217.1641983985901,215.94279742240906
-40,216.1495566368103,218.08730691671371,217.00018978118896,217.2981916666031,215.37552642822266,217.11289459466934,217.05981558561325,215.51305109262466,218.78469568490982,215.07976979017258,215.8838101029396,216.5338174700737,215.9721007347107,217.17043590545654,215.93347990512848
-39,216.13527047634125,218.07678872346878,216.99897652864456,217.2943590283394,215.36762410402298,217.11686265468597,217.06295216083527,215.5017188191414,218.78799951076508,215.0720920562744,215.88609039783478,216.52904617786407,215.97620958089828,217.17704272270203,215.92594635486603
-38,216.12587469816208,218.06582951545715,216.99477696418762,217.2899267077446,215.36369293928146,217.12178772687912,217.068009018898,215.4917949438095,218.79178005456924,215.06469351053238,215.88637441396713,216.52561795711517,215.97956609725952,217.18382340669632,215.91968363523483
-37,216.1211997270584,218.05470889806747,216.98759752511978,217.28555077314377,215.36353307962418,217.12808299064636,217.0743723511696,215.4831039905548,218.79618203639984,215.057974755764,215.88551062345505,216.5233787894249,215.98189491033554,217.1907753944397,215.91393673419952
-36,216.12049239873886,218.04331451654434,216.9776612520218,217.28158158063889,215.36653584241867,217.1358255147934,217.08136266469955,215.47543394565582,218.80116766691208,215.05231016874313,215.88427996635437,216.52203226089478,215.98326963186264,217.1977733373642,215.9082788825035
-35,216.12303972244263,218.03169494867325,216.96508610248566,217.2782639861107,215.37197041511536,217.14489656686783,217.08835524320602,215.46837270259857,218.8064050078392,215.04778039455414,215.88337063789368,216.5210389494896,215.98400789499283,217.20457738637924,215.90231746435165
-34,216.12789326906204,218.020054936409,216.94996893405914,217.27587795257568,215.3789762854576,217.15470045804977,217.0945182442665,215.46140694618225,218.81175655126572,215.044240295887,215.88334435224533,216.51993077993393,215.98464024066925,217.21078318357468,215.8960258960724
-33,216.13389229774475,218.00865477323532,216.9326656460762,217.27434450387955,215.3868818283081,217.16448938846588,217.09925663471222,215.45415383577347,218.81715363264084,215.04135835170746,215.88432675600052,216.51844054460526,215.98566454648972,217.21611642837524,215.88926601409912
-32,216.13978272676468,217.99769473075867,216.9136323928833,217.2732810974121,215.39533257484436,217.1736043691635,217.1020057797432,215.44611901044846,218.82247829437256,215.038654088974,215.88612979650497,216.51636332273483,215.98753768205643,217.22043764591217,215.88181871175766
-31,216.14442485570908,217.98730278015137,216.8934378027916,217.27244305610657,215.40389263629913,217.1815294623375,217.10246580839157,215.43705278635025,218.8275934457779,215.035630941391,215.88837653398514,216.51375138759613,215.9905589222908,217.22357219457626,215.8733395934105
-30,216.14726966619492,217.97741317749023,216.87281107902527,217.27141743898392,215.41207790374756,217.18796181678772,217.10070133209229,215.42685902118683,218.83238184452057,215.0317811369896,215.89077496528625,216.51074582338333,215.9950659275055,217.2249630689621,215.86340463161469
-29,216.14823651313782,217.96791291236877,216.85245221853256,217.26947551965714,215.41932439804077,217.19288074970245,217.09688025712967,215.41578817367554,218.8368119597435,215.02674394845963,215.893112719059,216.5073898434639,216.000818669796,217.22415173053741,215.8511826992035
-28,216.14736318588257,217.95859402418137,216.83310252428055,217.26606792211533,215.42484140396118,217.1968480348587,217.0916291475296,215.40421396493912,218.841044485569,215.02052372694016,215.8950840830803,216.50413632392883,216.00743180513382,217.22094213962555,215.83597493171692
-27,216.14496779441833,217.9488369822502,216.8154660463333,217.26089483499527,215.42809569835663,217.20041632652283,217.08562344312668,215.39257496595383,218.84510678052902,215.01360321044922,215.8964585661888,216.50142067670822,216.01425105333328,217.21543723344803,215.81737649440765
-26,216.14143282175064,217.93815714120865,216.8001143336296,217.25374376773834,215.4287008047104,217.20405215024948,217.079267680645,215.3806756734848,218.84889495372772,215.0068336725235,215.89714324474335,216.4994667172432,216.0207603573799,217.20813184976578,215.79521876573563
-25,216.13692933321,217.92624801397324,216.78735947608948,217.24471551179886,215.42643916606903,217.2081139087677,217.07299935817719,215.36826342344284,218.8522469997406,215.00072759389877,215.89716893434525,216.49840915203094,216.0262976884842,217.19962936639786,215.76989954710007
-24,216.1312713623047,217.91296869516373,216.77728110551834,217.23420709371567,215.421280503273,217.21282213926315,217.06702589988708,215.35515731573105,218.85509556531906,214.9960305094719,215.89657920598984,216.4982767701149,216.03028631210327,217.19069230556488,215.74271005392075
-23,216.1244050860405,217.8985756635666,216.76956242322922,217.2229014635086,215.4131423830986,217.21828919649124,217.06139826774597,215.34129959344864,218.85730683803558,214.99323308467865,215.8955460190773,216.4986754655838,216.03216016292572,217.1820734143257,215.71525239944458
-22,216.11608219146729,217.88346999883652,216.76370561122894,217.21146261692047,215.40187400579453,217.2243258357048,217.05617529153824,215.32663029432297,218.85871869325638,214.99295461177826,215.8942952156067,216.49927181005478,216.03149735927582,217.17449188232422,215.6894053220749
-21,216.10569602251053,217.86827236413956,216.75929033756256,217.20034992694855,215.3873296380043,217.23025381565094,217.05113118886948,215.31136572360992,218.85906785726547,214.99563747644424,215.89332973957062,216.49973911046982,216.0279204249382,217.16870838403702,215.66730415821075
-20,216.09269535541534,217.85365557670593,216.755785882473,217.1900559067726,215.3693351149559,217.23508197069168,217.0459491610527,215.2956142425537,218.85817921161652,215.00167632102966,215.89272791147232,216.4999000430107,216.02148246765137,217.16492074728012,215.65080046653748
-19,216.07665956020355,217.84035992622375,216.75277084112167,217.1807963848114,215.34838861227036,217.23804891109467,217.04009819030762,215.2796950340271,218.85601770877838,215.01161205768585,215.89230519533157,216.4996022582054,216.0123085975647,217.16283547878265,215.64117050170898
-18,216.0576758980751,217.82893216609955,216.75003319978714,217.17246639728546,215.3254393339157,217.23880475759506,217.03294277191162,215.2638160586357,218.85272419452667,215.0256415605545,215.89177864789963,216.49875819683075,216.00030851364136,217.16170555353165,215.6390815973282
-17,216.03627264499664,217.81971943378448,216.7474166750908,217.16482365131378,215.30175453424454,217.23726040124893,217.02389466762543,215.24824118614197,218.84816068410873,215.04398798942566,215.89085984230042,216.4970652461052,215.9858322739601,217.16045558452606,215.64452028274536
-16,216.01301658153534,217.81260430812836,216.74477010965347,217.15761828422546,215.27840620279312,217.23336786031723,217.01262307167053,215.2328034043312,218.842247068882,215.06653422117233,215.88919979333878,216.49436390399933,215.96935361623764,217.1579720377922,215.65663266181946
-15,215.98886567354202,217.80732291936874,216.74210399389267,217.15058678388596,215.25625222921371,217.22730028629303,216.9989297389984,215.2173609137535,218.83511167764664,215.092857837677,215.88658052682877,216.49044382572174,215.95190060138702,217.153473675251,215.6742016673088
-14,215.96470922231674,217.80387830734253,216.73937982320786,217.14350831508636,215.23590368032455,217.21938866376877,216.98297250270844,215.2014821767807,218.82678467035294,215.12204486131668,215.883047580719,216.48496025800705,215.93471503257751,217.14661115407944,215.69540506601334
-13,215.94159412384033,217.80234825611115,216.73673111200333,217.13629323244095,215.21752333641052,217.21009296178818,216.96548455953598,215.18492931127548,218.8174604177475,215.15330290794373,215.8788507580757,216.47774642705917,215.91892594099045,217.13742542266846,215.71819806098938
-12,215.9204185605049,217.80295687913895,216.73448765277863,217.12876105308533,215.2012944817543,217.20004260540009,216.94703298807144,215.1677629351616,218.80751585960388,215.18567788600922,215.87410122156143,216.4685885310173,215.90534245967865,217.12633180618286,215.74059772491455
-11,215.90161955356598,217.805828332901,216.73304742574692,217.1205627322197,215.1876003742218,217.1897040605545,216.92827063798904,215.15022194385529,218.7976000905037,215.21820902824402,215.8690853714943,216.45742708444595,215.8943691253662,217.11406767368317,215.76048922538757
-10,215.88512456417084,217.81095856428146,216.73269897699356,217.11161142587662,215.1764789223671,217.17965763807297,216.90978068113327,215.13240379095078,218.78814113140106,215.2498880624771,215.86411702632904,216.44429314136505,215.88600093126297,217.10137647390366,215.776225566864
-9,215.87078320980072,217.81795769929886,216.733600795269,217.1018784046173,215.16788005828857,217.1701688170433,216.8919895887375,215.11466491222382,218.77952414751053,215.27960169315338,215.8595905303955,216.42962223291397,215.87979340553284,217.08928960561752,215.78687113523483
-8,215.85827547311783,217.82606595754623,216.73542499542236,217.0911350250244,215.16166043281555,217.1612309217453,216.87493115663528,215.09748381376266,218.77178597450256,215.30642080307007,215.85588973760605,216.41410797834396,215.87541615962982,217.07866209745407,215.79195296764374
-7,215.84708255529404,217.83437079191208,216.73740047216415,217.07930773496628,215.15727978944778,217.15246802568436,216.85849076509476,215.08116245269775,218.76463413238525,215.3294721841812,215.85307413339615,216.39847445487976,215.87236630916595,217.07017475366592,215.79176461696625
-6,215.83673971891403,217.84201234579086,216.73868775367737,217.06641101837158,215.15437591075897,217.14323717355728,216.84222495555878,215.06584310531616,218.75743198394775,215.34781217575073,215.85083961486816,216.38335984945297,215.8696347475052,217.06441587209702,215.7873448729515
-5,215.82695490121841,217.84843927621841,216.73806810379028,217.05261516571045,215.15254300832748,217.13254910707474,216.8258684873581,215.05155992507935,218.74954944849014,215.36075228452682,215.84851962327957,216.3692103624344,215.86626136302948,217.0615906715393,215.77979439496994
-4,215.81745618581772,217.85316318273544,216.73437011241913,217.03787446022034,215.1512866616249,217.11949676275253,216.8089429140091,215.03832912445068,218.74028533697128,215.36774611473083,215.84546792507172,216.35631668567657,215.8610377907753,217.061589717865,215.77005434036255
-3,215.80809688568115,217.85581916570663,216.72678369283676,217.02226108312607,215.1502182483673,217.10336017608643,216.7912318110466,215.0260916352272,218.72914791107178,215.36914575099945,215.8416275382042,216.344919860363,215.85302102565765,217.06403505802155,215.7589516043663
-2,215.79865050315857,217.85635113716125,216.7149996161461,217.0057554244995,215.14889305830002,217.08385515213013,216.77259957790375,215.0150025486946,218.71570706367493,215.36542564630508,215.83720642328262,216.33537828922272,215.84161442518234,217.06825238466263,215.74739068746567
-1,215.789260327816,217.8547926545143,216.69880187511444,216.98835641145706,215.14705181121826,217.06104391813278,216.75276470184326,215.00497615337372,218.69993495941162,215.35723167657852,215.8324927687645,216.3280982375145,215.82669907808304,217.073883831501,215.73629468679428
0,215.78021728992462,217.85141450166702,216.67865079641342,216.97000551223755,215.14423668384552,217.03508305549622,216.73164415359497,214.9959353208542,218.68225556612015,215.34556889533997,215.82785713672638,216.3232537508011,215.80848741531372,217.08049935102463,215.72587263584137
1,215.78048759698868,217.856742978096,216.6711830496788,216.97832030057907,215.16047585010529,217.030191719532,216.72870290279388,215.0114221572876,218.6742526292801,215.3466168642044,215.8436564207077,216.34136229753494,215.7990339398384,217.10328578948975,215.74072134494781
2,215.7806066274643,217.86097037792206,216.66219586133957,216.98663395643234,215.17500042915344,217.02310979366302,216.72590535879135,215.02837926149368,218.66636282205582,215.34611690044403,215.85741877555847,216.36097341775894,215.7892535328865,217.1256160736084,215.75532507896423
3,215.78096079826355,217.86408549547195,216.65330171585083,216.99510449171066,215.18770438432693,217.01427733898163,216.7237578034401,215.04732477664948,218.65933644771576,215.34509468078613,215.86936634778976,216.38213789463043,215.78039240837097,217.1479349732399,215.76916068792343
4,215.78180956840515,217.8661687374115,216.64606076478958,217.0039108991623,215.1984440088272,217.00436627864838,216.72274559736252,215.06879657506943,218.65371191501617,215.34486079216003,215.87967628240585,216.40484422445297,215.77331161499023,217.17086744308472,215.78206485509872
5,215.78317481279373,217.86724507808685,216.64161723852158,217.01336634159088,215.20739448070526,216.99395328760147,216.72315555810928,215.09320068359375,218.6498548388481,215.34649276733398,215.88861864805222,216.42862218618393,215.76848655939102,217.19469970464706,215.79379093647003
6,215.78501570224762,217.8671009540558,216.64078032970428,217.02377676963806,215.2149024605751,216.9837196469307,216.7251300215721,215.1208211183548,218.6480063199997,215.35054260492325,215.8968689441681,216.45290887355804,215.76621502637863,217.21973717212677,215.8038975596428
7,215.78706312179565,217.86564302444458,216.64412200450897,217.03521353006363,215.2213259935379,216.9742968082428,216.72860825061798,215.1517299413681,218.64810019731522,215.35741257667542,215.90488976240158,216.4771203994751,215.76617139577866,217.24584698677063,215.81221103668213
8,215.7890140414238,217.86304199695587,216.65156370401382,217.04780793190002,215.22730201482773,216.96630883216858,216.73364055156708,215.1854791045189,218.64960533380508,215.3670756816864,215.91329061985016,216.50079387426376,215.76829838752747,217.27269554138184,215.81861352920532
9,215.79069650173187,217.85946291685104,216.663168489933,217.06174969673157,215.2332153916359,216.9604128599167,216.73991453647614,215.22113543748856,218.6515736579895,215.37938952445984,215.9223363995552,216.5235654115677,215.77238684892654,217.30006062984467,215.82333207130432
10,215.7918152809143,217.85505145788193,216.67857366800308,217.07727497816086,215.23927682638168,216.9570477604866,216.74740135669708,215.25767940282822,218.65300744771957,215.39397287368774,215.93209731578827,216.5447536110878,215.77854573726654,217.32743400335312,215.82683718204498
11,215.7920748591423,217.85001403093338,216.69704335927963,217.0944169163704,215.24550366401672,216.95644754171371,216.7562535405159,215.29379415512085,218.65302580595016,215.410300552845,215.94241231679916,216.5637144446373,215.78699761629105,217.35418474674225,215.82962626218796
12,215.79138374328613,217.8445270061493,216.71787697076797,217.11303865909576,215.25178438425064,216.95869725942612,216.76670253276825,215.32783979177475,218.65079414844513,215.427339553833,215.95304238796234,216.5801221728325,215.79766458272934,217.37960129976273,215.83209604024887
13,215.78975462913513,217.83862841129303,216.7404826283455,217.1326916217804,215.25771176815033,216.9640811085701,216.77883172035217,215.35831952095032,218.64574217796326,215.44402676820755,215.96384102106094,216.59373551607132,215.81032347679138,217.40273797512054,215.83482098579407
14,215.78744530677795,217.8323574066162,216.76430636644363,217.15268284082413,215.26293259859085,216.97287595272064,216.79276782274246,215.38356906175613,218.63759005069733,215.45914804935455,215.97501921653748,216.6042869091034,215.82421857118607,217.422691822052,215.83809155225754
15,215.78492122888565,217.82565838098526,216.7889850139618,217.17211151123047,215.2670902609825,216.9853157401085,216.80873769521713,215.40233355760574,218.62619215250015,215.47161906957626,215.9869737625122,216.611343562603,215.83880817890167,217.4385234117508,215.84229183197021
16,215.7828899025917,217.81888151168823,216.81407964229584,217.19014966487885,215.26971143484116,217.00156807899475,216.82698553800583,215.4136028289795,218.61183780431747,215.48041474819183,216.00026071071625,216.61429625749588,215.85342514514923,217.44946217536926,215.84759545326233
17,215.7820274233818,217.812493622303,216.8391877412796,217.20624738931656,215.27065575122833,217.02126264572144,216.84803396463394,215.41723150014877,218.59513634443283,215.48462438583374,216.0153386592865,216.6128247976303,215.86739087104797,217.4552636742592,215.8539121747017
18,215.78313076496124,217.80698430538177,216.8638836145401,217.2202346920967,215.26994735002518,217.04417729377747,216.87248539924622,215.41355621814728,218.57688707113266,215.48394012451172,216.0323401093483,216.60693287849426,215.87993454933167,217.45591300725937,215.86118054389954
19,215.78689670562744,217.80303555727005,216.88781946897507,217.23232692480087,215.26752042770386,217.06978797912598,216.9006336927414,215.4032821059227,218.55799341201782,215.47830146551132,216.05091965198517,216.59710240364075,215.89044100046158,217.45174533128738,215.86964094638824
20,215.79382061958313,217.80124425888062,216.91074496507645,217.24285316467285,215.26320087909698,217.09703522920609,216.93252968788147,215.3875696659088,218.53937631845474,215.4682812690735,216.0703114271164,216.58420211076736,215.89835804700851,217.443255007267,215.8796226978302
21,215.804208278656,217.80202370882034,216.9325106739998,217.25263637304306,215.25719499588013,217.1248790025711,216.96782743930817,215.36787647008896,218.52186048030853,215.4545053243637,216.089541554451,216.56918209791183,215.90359616279602,217.4313155412674,215.89156764745712
22,215.81773579120636,217.80555951595306,216.9531071782112,217.26238518953323,215.24974244832993,217.15238231420517,217.00569981336594,215.34561097621918,218.5060675740242,215.43784219026566,216.10763585567474,216.55316245555878,215.90639197826385,217.4169527888298,215.90581446886063
23,215.83403432369232,217.81184095144272,216.97281700372696,217.2726809978485,215.24119073152542,217.1785216331482,217.0451271533966,215.32231497764587,218.4925999045372,215.41954684257507,216.12353551387787,216.53719645738602,215.9075049161911,217.40147149562836,215.9225218296051
24,215.8526213169098,217.8208902478218,216.9918958544731,217.28377854824066,215.23228937387466,217.2022389769554,217.0847465991974,215.29962992668152,218.4819700717926,215.4006804227829,216.13663017749786,216.5219230055809,215.90804797410965,217.38612562417984,215.94159084558487
25,215.87296724319458,217.83271420001984,217.01063299179077,217.2960078716278,215.2240413427353,217.2229682803154,217.1228859424591,215.2788050174713,218.47442889213562,215.38219302892685,216.14667516946793,216.50774252414703,215.90918415784836,217.37199878692627,215.9626349210739
26,215.89441204071045,217.84695887565613,217.0291612148285,217.30957782268524,215.21777963638306,217.24039006233215,217.15805780887604,215.26065051555634,218.470024228096,215.36465775966644,216.1536521911621,216.49499440193176,215.91187530755997,217.36018306016922,215.98517382144928
27,215.91622859239578,217.8632214665413,217.04737079143524,217.32421457767487,215.2143441438675,217.2542587518692,217.18904161453247,215.24596309661865,218.46872049570084,215.34807634353638,216.15791028738022,216.4839539527893,215.91705799102783,217.3514124751091,216.008540391922
28,215.93792307376862,217.880977332592,217.06484735012054,217.33949023485184,215.2140869498253,217.26452088356018,217.21477687358856,215.23537439107895,218.47041755914688,215.33233016729355,216.1598618030548,216.47507870197296,215.92555063962936,217.34632194042206,216.03248935937881
29,215.958821952343,217.8996474146843,217.08083045482635,217.35478848218918,215.21670693159103,217.27132803201675,217.23414200544357,215.22899186611176,218.47486412525177,215.31735616922379,216.15996795892715,216.46868914365768,215.93765449523926,217.34505075216293,216.05690217018127
30,215.97833627462387,217.91863358020782,217.09445625543594,217.3695587515831,215.22127467393875,217.2750365138054,217.2462112903595,215.22622460126877,218.48186475038528,215.30340284109116,216.15890860557556,216.46507567167282,215.95316517353058,217.34736144542694,216.0813394188881
31,215.9957486987114,217.93748897314072,217.10467094182968,217.3834331035614,215.22705608606339,217.27598357200623,217.25073367357254,215.22597932815552,218.49110490083694,215.29104435443878,216.15691757202148,216.4646053314209,215.9715096950531,217.3527747988701,216.10527420043945
32,216.01022571325302,217.95574742555618,217.1107417345047,217.39603000879288,215.2332785129547,217.27419251203537,217.2479413151741,215.2269131541252,218.50233381986618,215.28100711107254,216.1545217037201,216.4674716591835,215.99203646183014,217.36065131425858,216.12844759225845
33,216.0213177204132,217.97287338972092,217.11194545030594,217.40701615810394,215.23876506090164,217.26991337537766,217.23871630430222,215.2273309826851,218.51525574922562,215.27429395914078,216.1519148349762,216.47314935922623,216.01401787996292,217.37028223276138,216.15072512626648
34,216.02883970737457,217.9885276556015,217.10781264305115,217.416055560112,215.24238848686218,217.26322835683823,217.22441786527634,215.22550791502,218.52923899888992,215.27189123630524,216.1492589712143,216.4810005426407,216.0368046760559,217.38096225261688,216.17214393615723
35,216.0330445766449,218.0024772286415,217.0985763669014,217.42280811071396,215.243623316288,217.25406789779663,217.20667624473572,215.22004878520966,218.54334634542465,215.27490466833115,216.14656966924667,216.4903621673584,216.05967783927917,217.39192283153534,216.1931324005127
36,216.03459876775742,218.01468282938004,217.08492988348007,217.4272627234459,215.24236822128296,217.24265974760056,217.18723672628403,215.21005302667618,218.5565122961998,215.28339445590973,216.14392244815826,216.50052171945572,216.0819182395935,217.4027979373932,216.2137207388878
37,216.0341550707817,218.02522957324982,217.06768232584,217.42939805984497,215.238949239254,217.22969019412994,217.16768378019333,215.19514954090118,218.5678390264511,215.29707407951355,216.1415296792984,216.51101994514465,216.10308408737183,217.41334372758865,216.23373007774353
38,216.03241097927094,218.03420859575272,217.04792881011963,217.42919731140137,215.2339872121811,217.2160215973854,217.1493513584137,215.17530810832977,218.57663601636887,215.31560963392258,216.13941997289658,216.52172702550888,216.12307506799698,217.42335158586502,216.2530762553215
39,216.03009337186813,218.04194861650467,217.02654206752777,217.42665070295334,215.22805070877075,217.20258218050003,217.13299864530563,215.15121293067932,218.5825662612915,215.33832603693008,216.13745576143265,216.5324922800064,216.14196306467056,217.43254399299622,216.27139174938202
40,216.0279490351677,218.04881823062897,217.00448817014694,217.4218487739563,215.22112464904785,217.19072103500366,217.11916214227676,215.12403517961502,218.58581113815308,215.3645263314247,216.13578981161118,216.54336607456207,216.16011482477188,217.4407634139061,216.2883849143982
41,216.0264224410057,218.05543392896652,216.98265200853348,217.4151822924614,215.21335011720657,217.18177503347397,217.1077784895897,215.09520161151886,218.58685851097107,215.39332795143127,216.13456231355667,216.55407792329788,216.17818921804428,217.44770205020905,216.30394434928894
42,216.02546006441116,218.06226205825806,216.96180766820908,217.40659415721893,215.20490211248398,217.17668771743774,217.09903889894485,215.06612813472748,218.58637565374374,215.42374634742737,216.1339539885521,216.56386733055115,216.196835398674,217.45260620117188,216.3180603981018
43,216.02494305372238,218.06979089975357,216.94251191616058,217.39612191915512,215.1959708929062,217.1759915947914,217.09315758943558,215.03814309835434,218.58488380908966,215.45479744672775,216.13420432806015,216.57183700799942,216.21669512987137,217.45488512516022,216.33066821098328
44,216.024347782135,218.0784326195717,216.92477399110794,217.38383728265762,215.1869387626648,217.1795762181282,217.09032624959946,215.01260650157928,218.58256340026855,215.4852495789528,216.1354323029518,216.57789480686188,216.2382572889328,217.45394790172577,216.34138476848602
45,216.02289873361588,218.08828794956207,216.90844690799713,217.36976474523544,215.17799001932144,217.1869311928749,217.09036380052567,214.99112617969513,218.5793823003769,215.51394963264465,216.1376731991768,216.58215671777725,216.26127171516418,217.4495552778244,216.35003006458282
46,216.02021479606628,218.09906965494156,216.89347118139267,217.3542274236679,215.16872745752335,217.19704800844193,217.09290152788162,214.97479224205017,218.57533407211304,215.54049503803253,216.14126825332642,216.5843085050583,216.2850906252861,217.44172966480255,216.35694283246994
47,216.01632070541382,218.11040806770325,216.8796448111534,217.33758437633514,215.1587200164795,217.20931231975555,217.09726017713547,214.96403670310974,218.5702689886093,215.56483632326126,216.14630842208862,216.58414202928543,216.3083999156952,217.43073588609695,216.36271232366562
48,216.01133543252945,218.1219694018364,216.86684840917587,217.32028633356094,215.147875726223,217.22315055131912,217.10240823030472,214.95861548185349,218.5638718008995,215.58716332912445,216.1519712805748,216.58152437210083,216.32959294319153,217.41726356744766,216.36782121658325
49,216.00526732206345,218.13312429189682,216.85507583618164,217.30307269096375,215.1368327140808,217.23791617155075,217.1069576740265,214.95781975984573,218.55599910020828,215.60796612501144,216.15678870677948,216.57662773132324,216.34743571281433,217.40202993154526,216.37279373407364
50,215.9984061717987,218.14322191476822,216.84431719779968,217.2869604229927,215.1260690689087,217.25299751758575,217.10953998565674,214.9610213637352,218.5465006828308,215.62756484746933,216.15918016433716,216.5698545575142,216.36048078536987,217.38548773527145,216.37772792577744
51,215.99134480953217,218.1515125632286,216.8345463871956,217.27278685569763,215.11593282222748,217.2681968808174,217.1093111038208,214.96774357557297,218.53549951314926,215.64583015441895,216.15796422958374,216.56095588207245,216.3673015832901,217.36829435825348,216.38242530822754
52,215.9848164319992,218.1573510169983,216.8260908126831,217.2615904211998,215.10692638158798,217.28323817253113,217.10595679283142,214.9777535200119,218.52336126565933,215.66306793689728,216.15270614624023,216.5498564839363,216.36755883693695,217.35104274749756,216.38647520542145
53,215.9794299006462,218.1601060628891,216.81898987293243,217.25426369905472,215.09911042451859,217.29760444164276,217.09983026981354,214.99022334814072,218.51046293973923,215.67955261468887,216.143470287323,216.53642112016678,216.36146748065948,217.33468025922775,216.38928228616714
54,215.97567903995514,218.15902298688889,216.81322169303894,217.2511733174324,215.09225475788116,217.31069099903107,217.09153205156326,215.00449514389038,218.4975603222847,215.69531500339508,216.13050305843353,216.5205683708191,216.34969341754913,217.32013362646103,216.39030957221985
55,215.97415125370026,218.1532455086708,216.8086383342743,217.2524954676628,215.08591729402542,217.32194024324417,217.0820220708847,215.02000606060028,218.4856019616127,215.71001780033112,216.11435186862946,216.50253492593765,216.33335661888123,217.3077889084816,216.38909792900085
56,215.9750657081604,218.1422679424286,216.80514800548553,217.25830101966858,215.07907259464264,217.3310690522194,217.0724195241928,215.03625440597534,218.4756550192833,215.72301173210144,216.09559404850006,216.48306465148926,216.31343227624893,217.29778534173965,216.38546949625015
57,215.97817051410675,218.12637376785278,216.8029825091362,217.2685268521309,215.0705019235611,217.33784866333008,217.06365978717804,215.05270141363144,218.46837383508682,215.73385733366013,216.0748747587204,216.46322464942932,216.29104071855545,217.28991949558258,216.3789648413658
58,215.98305106163025,218.1067207455635,216.8025679588318,217.28254741430283,215.05902194976807,217.34208685159683,217.05657649040222,215.06872594356537,218.46399182081223,215.74243479967117,216.05268758535385,216.44405567646027,216.26687860488892,217.28401517868042,216.3696419596672
59,215.98916733264923,218.0845771431923,216.804421544075,217.2993519306183,215.04381960630417,217.34340280294418,217.05176037549973,215.0836797952652,218.46269339323044,215.7486366033554,216.02952325344086,216.42633479833603,216.24147272109985,217.2802288532257,216.3581978082657
60,215.99548548460007,218.06127417087555,216.80909752845764,217.3178158402443,215.02411824464798,217.3413844704628,217.04967767000198,215.0966175198555,218.46442192792892,215.7520745396614,216.0057893395424,216.4106433391571,216.21544539928436,217.278504550457,216.34567826986313
61,216.00085526704788,218.03825521469116,216.8167331814766,217.33657312393188,214.99993032217026,217.33578902482986,217.05052161216736,215.10650420188904,218.4688349366188,215.7526159286499,215.98199892044067,216.39744877815247,216.18969643115997,217.2782497406006,216.3336364030838
62,216.00451946258545,218.01640862226486,216.8270030617714,217.35462683439255,214.9717264175415,217.3266778588295,217.05404317378998,215.11223661899567,218.47543263435364,215.74971944093704,215.9585256576538,216.3869675397873,216.1655051112175,217.2790088057518,216.32358533143997
63,216.00587463378906,217.99613630771637,216.8393011689186,217.37108612060547,214.94085586071014,217.31408834457397,217.05960822105408,215.11245638132095,218.48350477218628,215.7433671951294,215.93579649925232,216.37897723913193,216.1439164876938,217.28033703565598,216.31685429811478
64,216.00490552186966,217.9775920510292,216.85327142477036,217.38495349884033,214.90935212373734,217.2988157272339,217.06654393672943,215.10580319166183,218.4919871687889,215.73310482501984,215.9140955209732,216.37293022871017,216.12579864263535,217.2818883061409,216.31419783830643
65,216.00185495615005,217.96074229478836,216.8687777519226,217.39552402496338,214.87964421510696,217.28200501203537,217.0740881562233,215.091530919075,218.4995733499527,215.71835964918137,215.89325040578842,216.36802399158478,216.11190235614777,217.28327679634094,216.3159403204918
66,215.99696069955826,217.945356965065,216.88567274808884,217.4023113846779,214.85421335697174,217.2647824883461,217.08118098974228,215.06930875778198,218.50487977266312,215.69872242212296,215.87316048145294,216.36342310905457,216.1024906039238,217.28422236442566,216.32200974225998
67,215.9902350306511,217.9311950802803,216.90347623825073,217.404987514019,214.83490681648254,217.24816900491714,217.08672976493835,215.0393362045288,218.5069054365158,215.67428290843964,215.8537745475769,216.35809689760208,216.09758991003036,217.28465884923935,216.33181589841843
68,215.98181384801865,217.91780471801758,216.92161267995834,217.40324491262436,214.82358938455582,217.23292243480682,217.08978551626205,215.0022350549698,218.50532585382462,215.64573055505753,215.8347551226616,216.35122603178024,216.09706246852875,217.28483206033707,216.3442883491516
69,215.97180652618408,217.90474289655685,216.93941348791122,217.39703184366226,214.821679353714,217.2197454571724,217.08945202827454,214.9590589404106,218.50052964687347,215.61403703689575,215.81590569019318,216.34228456020355,216.10024631023407,217.28526866436005,216.35839211940765
70,215.95978218317032,217.89162093400955,216.95641881227493,217.38661777973175,214.8301351070404,217.20836001634598,217.08513820171356,214.9116495847702,218.49299907684326,215.58050745725632,215.79709553718567,216.33090364933014,216.10583013296127,217.28654515743256,216.3729282617569
71,215.9455571770668,217.8780100941658,216.9723749756813,217.37222373485565,214.84894108772278,217.19813287258148,217.07637280225754,214.86209589242935,218.48321920633316,215.5462618470192,215.77830582857132,216.317184984684,216.1122407913208,217.28885000944138,216.38722777366638
72,215.9291286468506,217.8631273508072,216.986698448658,217.354168176651,214.87700635194778,217.18818324804306,217.06287151575089,214.81259340047836,218.47189855575562,215.51219636201859,215.75938457250595,216.30163490772247,216.11791515350342,217.29208022356033,216.4005469083786
73,215.910482108593,217.84641152620316,216.9990661740303,217.3329707980156,214.91252028942108,217.177876830101,217.04432272911072,214.76565390825272,218.45977693796158,215.47929430007935,215.73953074216843,216.28516554832458,216.1216105222702,217.29586946964264,216.411754488945
74,215.88988363742828,217.82784360647202,217.0094832777977,217.30922722816467,214.9532214999199,217.1669398546219,217.02102011442184,214.72367894649506,218.4475777745247,215.44820880889893,215.7179696559906,216.26883798837662,216.12234699726105,217.29930639266968,216.41989678144455
75,215.86744886636734,217.80783998966217,217.01795291900635,217.28354269266129,214.9967657327652,217.15487337112427,216.99367886781693,214.6886270046234,218.43588322401047,215.41938215494156,215.69420158863068,216.2535582780838,216.11945986747742,217.30155301094055,216.42430317401886
76,215.84300458431244,217.78718042373657,217.0245800614357,217.25654089450836,215.04055738449097,217.14151418209076,216.96315121650696,214.66197389364243,218.4251658320427,215.39277052879333,215.6681700348854,216.2401396036148,216.11237448453903,217.30213993787766,216.4245067834854
77,215.81642919778824,217.76676255464554,217.02928322553635,217.22854351997375,215.08296197652817,217.12732565402985,216.93074917793274,214.64482480287552,218.4153174161911,215.36834847927094,215.6404241323471,216.22876054048538,216.1007535457611,217.30114549398422,216.42023640871048
78,215.78822165727615,217.74744182825089,217.031860768795,217.19957333803177,215.12320655584335,217.11316740512848,216.89813095331192,214.63753843307495,218.40572690963745,215.34603714942932,215.61200934648514,216.2196288704872,216.0848822593689,217.29950833320618,216.41151136159897
79,215.7593348622322,217.72992438077927,217.03230011463165,217.1693418622017,215.1610598564148,217.10032719373703,216.86634600162506,214.63981127738953,218.39567720890045,215.32563084363937,215.5842552781105,216.2133385539055,216.06534934043884,217.29835659265518,216.39866596460342
80,215.73104310035706,217.71438205242157,217.03110563755035,217.137826025486,215.19694566726685,217.09007662534714,216.83606016635895,214.6509051322937,218.38469111919403,215.30684423446655,215.55828422307968,216.21045923233032,216.04328644275665,217.2986211180687,216.3824393749237
81,215.70470267534256,217.7012906074524,217.02931517362595,217.1053929924965,215.23152405023575,217.0832571387291,216.80770695209503,214.6698738336563,218.37250417470932,215.28965121507645,215.53494441509247,216.21118825674057,216.02003586292267,217.30082112550735,216.36423856019974
82,215.68171042203903,217.69128507375717,217.02816557884216,217.07270044088364,215.26524698734283,217.07989209890366,216.781465113163,214.69542914628983,218.3590978384018,215.2745486497879,215.51542103290558,216.21533131599426,215.99688202142715,217.3049619793892,216.34545576572418
83,215.66326189041138,217.68474513292313,217.02850472927094,217.04082775115967,215.29798913002014,217.07960134744644,216.7577430009842,214.72570085525513,218.34474807977676,215.2627277970314,215.50083935260773,216.22277092933655,215.9751085639,217.31105607748032,216.32785391807556
84,215.6504526734352,217.68205082416534,217.03110176324844,217.01095855236053,215.32932782173157,217.08207458257675,216.73682802915573,214.75884956121445,218.32969975471497,215.25539815425873,215.49196696281433,216.23336344957352,215.9554022550583,217.31923007965088,216.3133317232132
85,215.64415431022644,217.6830399632454,217.03695714473724,216.98449385166168,215.3586030602455,217.0866475701332,216.71882116794586,214.79297065734863,218.3140493631363,215.2528174519539,215.48961514234543,216.24758410453796,215.93799674510956,217.32910919189453,216.30315327644348
86,215.6453059911728,217.68759047985077,217.0469885468483,216.9627159833908,215.38530713319778,217.09241139888763,216.70392453670502,214.82623952627182,218.2981579899788,215.25453639030457,215.49481612443924,216.26612985134125,215.92283433675766,217.33998721837997,216.29766154289246
87,215.654694378376,217.69572228193283,217.06193661689758,216.94679462909698,215.40955018997192,217.09854674339294,216.69272655248642,214.85744732618332,218.28292602300644,215.26012247800827,215.50843971967697,216.28868180513382,215.91017109155655,217.351722240448,216.2962955236435
88,215.67259973287582,217.7075468301773,217.08197033405304,216.9380021095276,215.43125975131989,217.10470706224442,216.68568801879883,214.88607668876648,218.26966041326523,215.26915681362152,215.53074204921722,216.3151279091835,215.90041214227676,217.36439675092697,216.2989382147789
89,215.69887673854828,217.7229335308075,217.10712790489197,216.93740236759186,215.4501507282257,217.1109727025032,216.68324273824692,214.91149985790253,218.25961804389954,215.281555891037,215.56155627965927,216.34548848867416,215.89431619644165,217.37871104478836,216.30610954761505
90,215.73272103071213,217.74146568775177,217.13803231716156,216.94597804546356,215.4659994840622,217.1174887418747,216.6864503622055,214.93391799926758,218.25428575277328,215.29778063297272,215.60000562667847,216.38022059202194,215.8928741812706,217.39600497484207,216.31861048936844
91,215.77364706993103,217.7630516886711,217.17483896017075,216.9646880030632,215.47892552614212,217.12452638149261,216.69620394706726,214.95487934350967,218.25520825386047,215.31871008872986,215.64488005638123,216.41988545656204,215.89688378572464,217.417446911335,216.3366954922676
92,215.8216472864151,217.78797870874405,217.2179577946663,216.99422770738602,215.48952060937881,217.13247853517532,216.71331667900085,214.97651767730713,218.2637273669243,215.34564435482025,215.6954971551895,216.4645591378212,215.90729749202728,217.44395625591278,216.36073458194733
93,215.87661868333817,217.81688064336777,217.26793944835663,217.03408855199814,215.49831229448318,217.14137017726898,216.73893874883652,215.00061637163162,218.281305372715,215.3798832297325,215.75105530023575,216.51411718130112,215.9252352118492,217.4757524728775,216.39089238643646
94,215.93795382976532,217.85046488046646,217.32457798719406,217.08331435918808,215.50565195083618,217.15204441547394,216.7738657593727,215.02860057353973,218.3090488910675,215.422117292881,215.8109871149063,216.56827104091644,215.95214635133743,217.5125263929367,216.4270755648613
95,216.0049939751625,217.8890700340271,217.38656151294708,217.1408373117447,215.51183927059174,217.16607958078384,216.81871491670609,215.06195294857025,218.34733337163925,215.4723403453827,215.87483036518097,216.62669932842255,215.98896020650864,217.55405032634735,216.4694836139679
96,216.07775747776031,217.9326155781746,217.45299047231674,217.20535707473755,215.51648199558258,217.18607461452484,216.87417197227478,215.1019440293312,218.395722925663,215.53069871664047,215.94274532794952,216.68915444612503,216.0357884168625,217.60010039806366,216.5188525915146
97,216.1564684510231,217.9809312224388,217.52393555641174,217.2757384777069,215.52053928375244,217.21474093198776,216.94048410654068,215.1491643190384,218.45329320430756,215.59653687477112,216.01547229290009,216.75524711608887,216.09263622760773,217.65081161260605,216.57611560821533
98,216.24090898036957,218.03326338529587,217.59960001707077,217.35111129283905,215.5250779390335,217.2545144557953,217.01666003465652,215.20329308509827,218.51846891641617,215.66931653022766,216.09351122379303,216.82450026273727,216.15940392017365,217.70641565322876,216.6417217850685
99,216.33006584644318,218.08863538503647,217.6802213191986,217.4308979511261,215.5317056775093,217.30640643835068,217.10045248270035,215.26323491334915,218.58895415067673,215.74769920110703,216.17665523290634,216.89550548791885,216.23550349473953,217.76647609472275,216.715089738369
100,216.42307430505753,218.14631021022797,217.76546627283096,217.51436752080917,215.5423350930214,217.36909860372543,217.18870067596436,215.3276733160019,218.66228407621384,215.82917195558548,216.26376873254776,216.9664255976677,216.32034093141556,217.83001375198364,216.7942585349083
101,216.51795494556427,218.20627784729004,217.85407954454422,217.59998112916946,215.55897080898285,217.43995469808578,217.27785432338715,215.39459657669067,218.73633295297623,215.91093319654465,216.3528247475624,217.0350637435913,216.41273403167725,217.89642053842545,216.8765481710434
102,216.61132860183716,218.26839292049408,217.94259482622147,217.68553340435028,215.58264565467834,217.51591676473618,217.36455732584,215.46089231967926,218.80949211120605,215.9892371892929,216.44125145673752,217.09939581155777,216.51127815246582,217.96360325813293,216.95872169733047
103,216.69976687431335,218.33206224441528,218.02617728710175,217.7673934698105,215.61316013336182,217.59354692697525,217.4455025792122,215.52381455898285,218.87963020801544,216.06049954891205,216.52521234750748,217.15728622674942,216.6140666604042,218.02971065044403,217.037723839283
104,216.77891147136688,218.3963194489479,218.1005493402481,217.84170842170715,215.64919078350067,217.66914093494415,217.5174350142479,215.58082872629166,218.94516724348068,216.1224501132965,216.60001009702682,217.20660191774368,216.71795672178268,218.09277015924454,217.10955429077148
105,216.8458634018898,218.45979189872742,218.16139763593674,217.90420871973038,215.6889734864235,217.73908466100693,217.57704693078995,215.62904810905457,219.0041739344597,216.17328137159348,216.65995705127716,217.24537408351898,216.81821912527084,218.14952838420868,217.1708441376686
106,216.89858829975128,218.52019208669662,218.20519936084747,217.94971001148224,215.72847431898117,217.80037212371826,217.62119925022125,215.66484653949738,219.0541775226593,216.21236151456833,216.7003362774849,217.27171820402145,216.90985733270645,218.1963939666748,217.2192059159279
107,216.9354212284088,218.57431662082672,218.2292451262474,217.9749282002449,215.76319056749344,217.85069847106934,217.64730125665665,215.68550157546997,219.09332102537155,216.23953944444656,216.7182184457779,217.28440791368484,216.98820573091507,218.2295576930046,217.25311690568924
108,216.9548414349556,218.61876583099365,218.23209941387177,217.97823077440262,215.7899171113968,217.8873552083969,217.65338575839996,215.68960517644882,219.12038099765778,216.25410795211792,216.71321749687195,217.2836686372757,217.0494756102562,218.24592858552933,217.27322000265121
109,216.95606577396393,218.65114498138428,218.21367460489273,217.95866042375565,215.80565643310547,217.90871530771255,217.63853013515472,215.6766386628151,219.13471114635468,216.2553637623787,216.68643355369568,217.2707381248474,217.0912308692932,218.24300652742386,217.2805243730545
110,216.93972784280777,218.67008596658707,218.17412966489792,217.91633039712906,215.80926150083542,217.9148822426796,217.60341918468475,215.64733546972275,219.13606011867523,216.24294751882553,216.64007079601288,217.24810814857483,217.1125911474228,218.21905809640884,217.2755125761032
111,216.90738159418106,218.6750591993332,218.11345028877258,217.8527426123619,215.79985171556473,217.90686804056168,217.55030262470245,215.60330790281296,219.12427067756653,216.2167187333107,216.5774041414261,217.21860432624817,217.1141338944435,218.17410343885422,217.25874084234238
112,216.86139553785324,218.66558945178986,218.0339378118515,217.77044886350632,215.7761687040329,217.88506919145584,217.48197185993195,215.54642498493195,219.0994765162468,216.17832243442535,216.5022234916687,217.18446350097656,217.09698629379272,218.1095802783966,217.23046839237213
113,216.80435001850128,218.6413033604622,217.93898701667786,217.67276340723038,215.73722851276398,217.84970080852509,217.40202635526657,215.47862827777863,219.06210178136826,216.12964797019958,216.4179659485817,217.14690905809402,217.06248289346695,218.02790129184723,217.1915881037712
114,216.7380649447441,218.60285812616348,217.8326935172081,217.5635581612587,215.68313837051392,217.80205589532852,217.3141341805458,215.403313934803,219.01362717151642,216.07206231355667,216.3270446062088,217.10666185617447,217.01180279254913,217.93202418088913,217.14416015148163
115,216.66455549001694,218.55174553394318,217.71956306695938,217.4464367032051,215.61499893665314,217.74395775794983,217.22203540802002,215.32372736930847,218.95571273565292,216.00728398561478,216.2307066321373,217.06404215097427,216.94579350948334,217.82561945915222,217.0901841521263
116,216.5862756371498,218.49015563726425,217.60363447666168,217.32398825883865,215.5348845720291,217.67722862958908,217.12986314296722,215.2435058951378,218.89046907424927,215.93734335899353,216.13035428524017,217.0182888507843,216.86593621969223,217.71199786663055,217.0313622355461
117,216.50549364089966,218.42075419425964,217.4883998632431,217.19881397485733,215.4462628364563,217.60480505228043,217.0418244600296,215.16605842113495,218.82020169496536,215.86444586515427,216.02731901407242,216.96870905160904,216.77525889873505,217.5936865210533,216.96937936544418
118,216.4239873290062,218.3465645313263,217.37746173143387,217.07342100143433,215.35379725694656,217.52946627140045,216.9617334008217,215.09487742185593,218.7472934126854,215.79126447439194,215.92342817783356,216.9149518609047,216.67816096544266,217.474003136158,216.90545481443405
119,216.343419611454,218.2703748345375,217.27397274971008,216.95054119825363,215.26121360063553,217.45353531837463,216.89218378067017,215.03398871421814,218.6737060546875,215.72057163715363,215.82177370786667,216.85749620199203,216.57958203554153,217.3559286594391,216.84050691127777
120,216.265291929245,218.19463962316513,217.18004709482193,216.83357006311417,215.17148286104202,217.378744661808,216.83439069986343,214.98605132102966,218.60072576999664,215.65452378988266,215.72554355859756,216.79661989212036,216.48462444543839,217.24257290363312,216.77483308315277
121,216.19079208374023,218.12093728780746,217.09657555818558,216.72564393281937,215.08657532930374,217.30618458986282,216.78821790218353,214.95116591453552,218.5288119316101,215.59413933753967,215.63771224021912,216.73317950963974,216.39753103256226,217.136552631855,216.70825558900833
122,216.12041544914246,218.05018508434296,217.02458024024963,216.62928473949432,215.00818943977356,217.2361837029457,216.75225222110748,214.9282938838005,218.45837432146072,215.54030334949493,215.5617192387581,216.66782814264297,216.32122313976288,217.03947299718857,216.64076787233353
123,216.05433988571167,217.9834691286087,216.9646583199501,216.54604572057724,214.93760877847672,217.16832864284515,216.72485321760178,214.91603285074234,218.3901810646057,215.49322831630707,215.50088596343994,216.6013142466545,216.25761884450912,216.95208770036697,216.57230758666992
124,215.9919934272766,217.92197674512863,216.91735726594925,216.47629237174988,214.87578409910202,217.10224264860153,216.7035617828369,214.91280043125153,218.32517385482788,215.45306372642517,215.4578059911728,216.53427428007126,216.2076249718666,216.87475472688675,216.5040762424469
125,215.93281197547913,217.8664464354515,216.88278770446777,216.42052161693573,214.82368779182434,217.0379991531372,216.68596768379211,214.9167224764824,218.26392704248428,215.4195697903633,215.43309462070465,216.46730029582977,216.1709691286087,216.8076856136322,216.4376723766327
126,215.87640178203583,217.816997051239,216.8610965013504,216.37888097763062,214.7813029885292,216.97635078430176,216.6705818772316,214.92623269557953,218.20679491758347,215.39294254779816,215.42622232437134,216.40070396661758,216.1462664604187,216.75136870145798,216.3750238418579
127,215.8226347565651,217.77337592840195,216.85168820619583,216.35084736347198,214.74767017364502,216.91709852218628,216.6563994884491,214.93947499990463,218.15435987710953,215.37348759174347,215.43601471185684,216.3351599574089,216.13077801465988,216.70657968521118,216.31775319576263
128,215.77152067422867,217.7352718114853,216.85337680578232,216.33519685268402,214.72083586454391,216.86013156175613,216.64275246858597,214.95434391498566,218.1070618033409,215.36118537187576,215.45934528112411,216.27125191688538,216.12153244018555,216.67400962114334,216.26666033267975
129,215.72361087799072,217.70305860042572,216.8643227815628,216.3303318619728,214.69794243574142,216.8055740594864,216.62955904006958,214.96905434131622,218.06505405902863,215.35596370697021,215.49273073673248,216.2104783654213,216.11565643548965,216.653775036335,216.22207379341125
130,215.67966079711914,217.67731177806854,216.8822016119957,216.33460873365402,214.67685437202454,216.75379353761673,216.61716878414154,214.9828273653984,218.02864277362823,215.3564322590828,215.5323330760002,216.15516632795334,216.11015874147415,216.64518654346466,216.1845818758011
131,215.64104467630386,217.65885013341904,216.9043851494789,216.34625375270844,214.65571135282516,216.7051887512207,216.60643029212952,214.99423152208328,217.99812132120132,215.36110907793045,215.5740024447441,216.1082907319069,216.1027032136917,216.64684879779816,216.1543441414833
132,215.60975509881973,217.64784115552902,216.92750012874603,216.36351025104523,214.63235968351364,216.66059118509293,216.59785771369934,215.00201159715652,217.97375905513763,215.3682211637497,215.61466282606125,216.07233303785324,216.0915731191635,216.65818005800247,216.13028252124786
133,215.58739697933197,217.6442785859108,216.94898557662964,216.38536316156387,214.60492658615112,216.62163758277893,216.59125381708145,215.0055029988289,217.95537662506104,215.3762617111206,215.65272510051727,216.04872983694077,216.07558047771454,216.67864578962326,216.11100643873215
134,215.5746886730194,217.64802664518356,216.96691638231277,216.41095823049545,214.57239472866058,216.59003561735153,216.5855164527893,215.00469118356705,217.94250363111496,215.3839561343193,215.6867914199829,216.03778779506683,216.0546190738678,216.70772939920425,216.0949022769928
135,215.57219469547272,217.65884137153625,216.9795417189598,216.4395695924759,214.53445452451706,216.56687915325165,216.57952731847763,215.00052791833878,217.93492394685745,215.3901453614235,215.7158638238907,216.03881216049194,216.02894872426987,216.74476724863052,216.08048325777054
136,215.57980966567993,217.67621839046478,216.98530566692352,216.4710517525673,214.49172222614288,216.55226492881775,216.57210904359818,214.99355298280716,217.93148964643478,215.3941032886505,215.7392252087593,216.05026572942734,215.9986830353737,216.7888307571411,216.06659144163132
137,215.59637200832367,217.699265062809,216.98371297121048,216.50533360242844,214.4444960951805,216.54618340730667,216.56184196472168,214.98497140407562,217.9311306476593,215.39595705270767,215.75599706172943,216.06922090053558,215.96432256698608,216.8385073542595,216.05240333080292
138,215.62088853120804,217.72611778974533,216.97386115789413,216.54239320755005,214.39284706115723,216.54848104715347,216.54824376106262,214.97645074129105,217.93339431285858,215.396533370018,215.7654902935028,216.09300631284714,215.92633306980133,216.89147675037384,216.03700590133667
139,215.6521519422531,217.75520503520966,216.95543444156647,216.5826723575592,214.33707797527313,216.55738973617554,216.53256303071976,214.9695810675621,217.93792819976807,215.39706778526306,215.76734453439713,216.11904919147491,215.88515079021454,216.94516158103943,216.01986414194107
140,215.68817615509033,217.78461945056915,216.92882752418518,216.62621915340424,214.27818644046783,216.5714579820633,216.51640957593918,214.9649418592453,217.94489473104477,215.3984996676445,215.76084566116333,216.14445632696152,215.8419150710106,216.99711406230927,216.00085014104843
141,215.72708320617676,217.81220149993896,216.89447528123856,216.67260986566544,214.2173377275467,216.58928084373474,216.5008965730667,214.96320658922195,217.9538176059723,215.40160101652145,215.74521857500076,216.16716772317886,215.79819250106812,217.0452020764351,215.97953355312347
142,215.76702666282654,217.83627384901047,216.85347443819046,216.72002160549164,214.1557354927063,216.6092073917389,216.4865972995758,214.96447110176086,217.96448522806168,215.40732568502426,215.72088307142258,216.18565690517426,215.75589722394943,217.08791041374207,215.956052839756
143,215.80611675977707,217.85636514425278,216.80765402317047,216.7664269208908,214.094391644001,216.6294343471527,216.47401934862137,214.96999269723892,217.97600096464157,215.41667795181274,215.68905889987946,216.19822019338608,215.71777588129044,217.1238043308258,215.9313416481018
144,215.84254997968674,217.87271809577942,216.75925743579865,216.8096467256546,214.03448796272278,216.64772081375122,216.46324920654297,214.98078227043152,217.9878672361374,215.42999881505966,215.65137511491776,216.20306211709976,215.68592846393585,217.15175586938858,215.90694737434387
145,215.87498885393143,217.88544565439224,216.71071594953537,216.84825551509857,213.9772953391075,216.66156435012817,216.45440655946732,214.9962421655655,217.9995894432068,215.4473516345024,215.60932403802872,216.2000591158867,215.6620807647705,217.17138576507568,215.88513374328613
146,215.90255159139633,217.89488196372986,216.66435146331787,216.8816801905632,213.92324703931808,216.66908824443817,216.44730812311172,215.0158982872963,218.0100952386856,215.46850556135178,215.56410384178162,216.1905972957611,215.64796048402786,217.1823971271515,215.86757200956345
147,215.92534816265106,217.9017488360405,216.62203007936478,216.91064643859863,213.87405014038086,216.66899812221527,216.44107925891876,215.0394434928894,218.01848369836807,215.49172043800354,215.51605969667435,216.17647063732147,215.64363706111908,217.18462204933167,215.85618048906326
148,215.9440787434578,217.907086789608,216.58603131771088,216.93579930067062,213.8308373093605,216.66034942865372,216.43527817726135,215.06592178344727,218.02404260635376,215.51575762033463,215.46528381109238,216.1594718694687,215.64866662025452,217.17864674329758,215.85262608528137
149,215.95977276563644,217.91134560108185,216.558733522892,216.95763492584229,213.7948237657547,216.64264011383057,216.43047243356705,215.09303134679794,218.02619862556458,215.53905737400055,215.41187298297882,216.1418964266777,215.66328448057175,217.16536968946457,215.8589084148407
150,215.97420930862427,217.91511571407318,216.5411395430565,216.97611552476883,213.76738327741623,216.61636763811111,216.42698699235916,215.11828649044037,218.02489513158798,215.55921959877014,215.35681647062302,216.12558883428574,215.68751472234726,217.14644116163254,215.87606072425842
151,215.98838871717453,217.9184845685959,216.53395760059357,216.99063163995743,213.74970942735672,216.58272790908813,216.42420774698257,215.14056223630905,218.02085238695145,215.5779243707657,215.30047684907913,216.11180329322815,215.7205931544304,217.1237364411354,215.90388560295105
152,216.00425273180008,217.92097276449203,216.5373970270157,217.0000246167183,213.74158143997192,216.5429049730301,216.42131090164185,215.1587040424347,218.01491582393646,215.5972016453743,215.24362951517105,216.1005219221115,215.76088392734528,217.0978130698204,215.9416179060936
153,216.02371203899384,217.92252945899963,216.54988968372345,217.00296980142593,213.74310916662216,216.49840879440308,216.41769188642502,215.17164850234985,218.00800549983978,215.6180960536003,215.18665897846222,216.09172385931015,215.80580759048462,217.0688288807869,215.98871433734894
154,216.0479029417038,217.92235797643661,216.5698013305664,216.99792248010635,213.75367265939713,216.45147502422333,216.41352516412735,215.1792235970497,218.0007280111313,215.63979291915894,215.13020306825638,216.0852021574974,215.8532359600067,217.0366980433464,216.04395925998688
155,216.07725024223328,217.91973334550858,216.5947625041008,216.982816696167,213.77259689569473,216.4043338894844,216.4102514386177,215.18203568458557,217.99265956878662,215.66215133666992,215.0754210948944,216.08013808727264,215.90157443284988,217.00111609697342,216.1053847670555
156,216.11165350675583,217.91416996717453,216.6228346824646,216.9577466249466,213.7994762659073,216.35855025053024,216.40970200300217,215.18145376443863,217.98348033428192,215.68484848737717,215.02327251434326,216.07620364427567,215.94925260543823,216.96187049150467,216.16975730657578
157,216.15065479278564,217.9059077501297,216.65263658761978,216.92390096187592,213.83412390947342,216.31613546609879,216.41362810134888,215.17858350276947,217.97336328029633,215.7075799703598,214.97461885213852,216.07330757379532,215.99455511569977,216.91871935129166,216.23399811983109
158,216.19452553987503,217.89450466632843,216.6833899617195,216.88278073072433,213.87780916690826,216.27816194295883,216.42360132932663,215.17387008666992,217.9613790512085,215.72827488183975,214.92999094724655,216.0713365674019,216.03655952215195,216.87242817878723,216.29545110464096
159,216.24378615617752,217.87903082370758,216.7147542834282,216.83691161870956,213.93182390928268,216.24548840522766,216.44067919254303,215.1664675474167,217.94732481241226,215.74408787488937,214.89054834842682,216.07067853212357,216.07436108589172,216.82382279634476,216.3523485660553
160,216.2969291806221,217.85953891277313,216.74538588523865,216.78790044784546,213.9959659576416,216.2189861536026,216.46484118700027,215.15541511774063,217.9313027858734,215.7528732419014,214.85796320438385,216.07206308841705,216.1081115603447,216.77377289533615,216.40286266803741
161,216.35266530513763,217.8365340232849,216.77471435070038,216.7370486855507,214.07019197940826,216.1987268924713,216.49557030200958,215.1397207379341,217.91352033615112,215.7541308403015,214.8346790075302,216.07731103897095,216.13810002803802,216.72381341457367,216.44608730077744
162,216.4101678133011,217.81085342168808,216.80296313762665,216.6859626173973,214.15343809127808,216.1847002506256,216.5321524143219,215.11989557743073,217.89385616779327,215.7483565211296,214.8226243853569,216.08793848752975,216.16518461704254,216.67516857385635,216.48239570856094
163,216.46916735172272,217.7844288945198,216.83066993951797,216.63647258281708,214.2416793704033,216.17583751678467,216.5748107433319,215.09693777561188,217.87253314256668,215.7368609905243,214.82281851768494,216.10547649860382,216.19045543670654,216.62882775068283,216.5130986571312
164,216.52936643362045,217.76017993688583,216.85875761508942,216.5895848274231,214.33189219236374,216.17288476228714,216.62226164340973,215.07171231508255,217.85013610124588,215.7215690612793,214.83543473482132,216.13106203079224,216.21392160654068,216.58677792549133,216.54000109434128
165,216.5904414653778,217.74114418029785,216.88845217227936,216.54763221740723,214.4220359325409,216.17668187618256,216.67186057567596,215.04412180185318,217.82818245887756,215.70419657230377,214.86040741205215,216.1671919822693,216.23615264892578,216.5511212348938,216.56308794021606
166,216.6518623828888,217.72931706905365,216.9206347465515,216.51259684562683,214.51175278425217,216.18760293722153,216.7228098511696,215.01545375585556,217.80788880586624,215.68722188472748,214.89729249477386,216.21522277593613,216.2579448223114,216.52396339178085,216.58237755298615
167,216.71282649040222,217.72688454389572,216.95582914352417,216.48645794391632,214.6004986166954,216.20719438791275,216.77467596530914,214.98704129457474,217.79088282585144,215.6724066734314,214.94543594121933,216.2740678191185,216.27810925245285,216.5063714981079,216.59881526231766
168,216.77325320243835,217.73653250932693,216.9946966767311,216.47052544355392,214.68677920103073,216.2371927499771,216.82815963029861,214.9600703716278,217.77899760007858,215.65934944152832,215.00479233264923,216.34211713075638,216.2969008088112,216.49825167655945,216.61392772197723
169,216.8337318301201,217.7607939839363,217.03683233261108,216.46576458215714,214.76975178718567,216.27855610847473,216.88360846042633,214.937085211277,217.77227646112442,215.64952111244202,215.0771006345749,216.41573917865753,216.31515842676163,216.4981078505516,216.62927269935608
170,216.8926317691803,217.8002946972847,217.0808876156807,216.4715723991394,214.84867811203003,216.3337869644165,216.9421670436859,214.92134416103363,217.7715010046959,215.6455136537552,215.16324573755264,216.4922295808792,216.33255672454834,216.50534808635712,216.64694422483444
171,216.9475970864296,217.854918718338,217.12571930885315,216.49002987146378,214.9245644211769,216.40414184331894,217.00560420751572,214.9143437743187,217.77619779109955,215.65088748931885,215.26257997751236,216.5704938173294,216.3507937192917,216.52006006240845,216.66895198822021
172,216.99772477149963,217.9230990409851,217.16948699951172,216.52335411310196,214.99947559833527,216.48797792196274,217.07407653331757,214.9179349541664,217.78539127111435,215.6692260503769,215.37676680088043,216.64720690250397,216.3713709115982,216.54189330339432,216.69724601507187
173,217.04060953855515,218.00280755758286,217.2116704583168,216.57216846942902,215.0755271911621,216.58275473117828,217.1465340256691,214.9326450228691,217.79839527606964,215.70162695646286,215.50744539499283,216.721038043499,216.39646744728088,216.5708355307579,216.73434233665466
174,217.07524263858795,218.09196799993515,217.25204360485077,216.63642400503159,215.15344911813736,216.68647700548172,217.22253268957138,214.95961916446686,217.8158442378044,215.74752682447433,215.6566726565361,216.79086273908615,216.42760568857193,216.60709822177887,216.78105050325394
175,217.1007343530655,218.18846440315247,217.28983145952225,216.71449637413025,215.23176389932632,216.79629588127136,217.30194586515427,215.0001369714737,217.83921068906784,215.80509275197983,215.8225600719452,216.85633409023285,216.46524739265442,216.65233278274536,216.83605790138245
176,217.11689293384552,218.2909276485443,217.32453644275665,216.8060519695282,215.3082051873207,216.9088180065155,217.38732731342316,215.05544120073318,217.86948436498642,215.87190210819244,216.00139218568802,216.91837722063065,216.5073400735855,216.70642340183258,216.89579021930695
177,217.1227889060974,218.39744740724564,217.35688745975494,216.90849405527115,215.38369208574295,217.01946932077408,217.47913885116577,215.12467628717422,217.90714251995087,215.9440274834633,216.18695837259293,216.9770826101303,216.5511276125908,216.76997816562653,216.95569759607315
178,217.11871546506882,218.5072866678238,217.38643342256546,217.0176533460617,215.4592206478119,217.12406039237976,217.57505023479462,215.20656949281693,217.95177829265594,216.01310753822327,216.3710949420929,217.0342197418213,216.59240144491196,216.8413707613945,217.01251649856567
179,217.10613590478897,218.61964321136475,217.41370636224747,217.12897753715515,215.53415536880493,217.21757233142853,217.67176258563995,215.3007214665413,218.00383615493774,216.07466757297516,216.54504424333572,217.0909126996994,216.62832933664322,216.91911816596985,217.0630893111229
180,217.08732587099075,218.73283344507217,217.43933540582657,217.23724216222763,215.60575568675995,217.2968121767044,217.76615023612976,215.40849232673645,218.06527131795883,216.12970501184464,216.70180189609528,217.14800083637238,216.65600019693375,217.0024968981743,217.1069939136505
